# Pathway	a100	a101	a102	a103	a104	a105	a106	a107	a108	a109	a10	a110	a111	a112	a113	a114	a115	a116	a117	a118	a119	a11	a120	a12	a13	a14	a15	a16	a17	a18	a19	a1	a20	a21	a22	a23	a24	a25	a26	a27	a28	a29	a2	a30	a31	a32	a33	a34	a35	a36	a37	a38	a39	a3	a40	a41	a42	a43	a44	a45	a46	a47	a48	a49	a4	a50	a51	a52	a53	a54	a55	a56	a57	a58	a59	a5	a60	a61	a62	a63	a64	a65	a66	a67	a68	a69	a6	a70	a71	a72	a73	a74	a75	a76	a77	a78	a79	a7	a80	a81	a82	a83	a84	a85	a86	a87	a88	a89	a8	a90	a91	a92	a93	a94	a95	a96	a97	a98	a99	a9
UNMAPPED	0.773869	0.781733	0.797874	0.793056	0.81093	0.761542	0.80978	0.787321	0.791037	0.786248	0.809936	0.776475	0.7885	0.760033	0.769803	0.811765	0.767989	0.776628	0.778608	0.782774	0.813583	0.787857	0.780983	0.767717	0.755727	0.776054	0.683815	0.760602	0.802308	0.790191	0.752446	0.706769	0.7221	0.748539	0.733462	0.749905	0.755819	0.774596	0.726391	0.74809	0.736673	0.789173	0.677306	0.708876	0.802698	0.725932	0.814641	0.710428	0.738831	0.763191	0.80093	0.771219	0.749307	0.419813	0.817485	0.792353	0.789364	0.76521	0.8093	0.776627	0.762675	0.788746	0.773144	0.82056	0.713495	0.770751	0.786452	0.786561	0.752426	0.808276	0.768442	0.785302	0.729707	0.802681	0.801861	0.72882	0.777031	0.799273	0.707665	0.804154	0.793651	0.773926	0.769501	0.797966	0.761011	0.737274	0.656512	0.796655	0.775619	0.786001	0.808167	0.745107	0.75362	0.783406	0.840772	0.808468	0.783623	0.728169	0.795739	0.816292	0.759323	0.795783	0.767212	0.785354	0.780226	0.768028	0.77377	0.81465	0.746874	0.769372	0.793381	0.781192	0.798446	0.782684	0.781051	0.768484	0.775076	0.713389	0.769432	0.770158
UNINTEGRATED	0.199405	0.19349	0.177804	0.182836	0.166415	0.211264	0.168487	0.186929	0.183543	0.188896	0.169083	0.19776	0.186563	0.213262	0.203572	0.16722	0.206255	0.197605	0.196154	0.191934	0.163862	0.188132	0.194414	0.206448	0.216579	0.198821	0.282057	0.212361	0.176329	0.185245	0.219899	0.262151	0.248776	0.223772	0.238593	0.220841	0.215866	0.202721	0.243744	0.225328	0.234253	0.185429	0.289243	0.261282	0.173133	0.24515	0.163664	0.256938	0.233132	0.209624	0.174895	0.202346	0.223545	0.517855	0.160099	0.183508	0.185313	0.20853	0.168346	0.199714	0.211065	0.187022	0.200449	0.157783	0.255744	0.202762	0.188797	0.188679	0.219652	0.168423	0.204957	0.191339	0.241671	0.174035	0.176139	0.240118	0.197291	0.175679	0.259878	0.172077	0.181407	0.201373	0.202375	0.177395	0.211813	0.234007	0.306074	0.179547	0.197603	0.188126	0.168109	0.225886	0.217714	0.190499	0.139332	0.169185	0.191081	0.242916	0.17879	0.162041	0.214085	0.179262	0.206702	0.190141	0.194521	0.206493	0.199471	0.164639	0.22703	0.204322	0.181363	0.193429	0.17649	0.190345	0.192602	0.204721	0.199209	0.256396	0.202412	0.20295
1CMET2-PWY: folate transformations III (E. coli)	9.36676e-05	6.71064e-05	0.000105896	9.36909e-05	0.000122707	0.000120075	0.000102907	0.00014166	9.16366e-05	8.39103e-05	0.00010067	0.000103102	0.0001107	0.000102823	0.000125995	8.17819e-05	9.21753e-05	0.000140978	0.000145555	0.000152555	0.000118886	8.52203e-05	9.25288e-05	5.21176e-05	0.000119379	8.06773e-05	0.000110003	0.000110408	9.75859e-05	9.74873e-05	8.5656e-05	9.67609e-05	8.54486e-05	7.52065e-05	8.22402e-05	0.000132661	8.25216e-05	4.61979e-05	0.000114939	0.000110249	7.45364e-05	9.76938e-05	9.66742e-05	0.000119292	9.77104e-05	7.15982e-05	9.03893e-05	9.81716e-05	0.000109711	9.86697e-05	0.000115146	9.27656e-05	9.30668e-05	5.68168e-05	0.000104001	7.1137e-05	0.000154456	8.87035e-05	9.4535e-05	9.27265e-05	9.036e-05	7.54151e-05	0.000132532	9.03903e-05	8.22247e-05	0.000103802	0.000101076	9.85181e-05	0.000162707	9.59705e-05	0.000112852	7.64461e-05	0.000121961	7.72292e-05	7.23455e-05	7.54853e-05	0.000117694	0.000108372	0.000100939	8.93288e-05	9.9696e-05	6.29211e-05	0.000114151	9.26537e-05	9.50688e-05	0.00010674	8.45793e-05	7.86976e-05	6.63752e-05	0.000123877	0.000111085	0.000115852	0.000113401	0.000101645	0.00010254	7.7141e-05	8.45497e-05	7.63299e-05	0.000113636	8.5446e-05	8.75717e-05	9.04831e-05	0.000108135	4.53714e-05	0.000111617	9.46499e-05	0.000149987	6.13213e-05	9.62766e-05	8.27644e-05	9.04607e-05	8.97121e-05	0.000128682	0.000127778	9.87639e-05	0.000109463	0.000104622	8.97956e-05	0.000106419	8.74567e-05
3-HYDROXYPHENYLACETATE-DEGRADATION-PWY: 4-hydroxyphenylacetate degradation	0	0	0	0	0	0	0	0	0	2.6405e-07	0	0	0	0	1.95728e-07	0	0	0	0	0	0	0	0	0	3.66373e-06	0	2.40031e-06	1.91829e-06	0	8.77668e-07	0	0	0	0	4.17067e-07	3.52557e-06	3.213e-07	0	0	0	8.42674e-07	0	1.37838e-06	0	0	0	0	1.06515e-06	0	0	0	3.94434e-07	0	1.26616e-06	0	0	0	0	0	1.78857e-07	0	0	5.44593e-07	0	8.13313e-07	0	0	0	0	0	0	0	3.72353e-07	0	0	4.51711e-07	0	0	0	0	3.58288e-07	0	0	0	0	0	5.37096e-06	0	0	0	0	0	0	0	0	0	0	0	0	0	0	0	0	0	0	0	0	0	0	0	0	2.12297e-07	0	8.7332e-07	5.24016e-07	0	0	0	0	4.58806e-07
ALLANTOINDEG-PWY: superpathway of allantoin degradation in yeast	2.21992e-06	1.55155e-06	1.70408e-06	3.91732e-06	3.27107e-06	0	2.89266e-06	2.68286e-06	1.54487e-06	3.08158e-07	2.89147e-06	8.63923e-06	0	1.03374e-06	2.26868e-06	8.73774e-06	3.00126e-06	3.21055e-06	0	1.19331e-06	3.92113e-06	2.26733e-06	1.65174e-06	2.12356e-06	9.60268e-06	2.94828e-06	6.93997e-06	6.27281e-06	1.62154e-06	2.37566e-06	2.76715e-06	2.22085e-06	7.26466e-06	2.88168e-06	2.18513e-06	1.67705e-05	4.0749e-06	5.08636e-07	2.92831e-06	1.29167e-06	4.43652e-06	2.38054e-06	1.22801e-05	1.99531e-06	3.73864e-07	4.01038e-06	1.7318e-06	9.22795e-06	2.09107e-06	3.68406e-06	6.51722e-07	2.05943e-06	5.25214e-06	2.96302e-06	7.36288e-07	0	1.36629e-06	9.58639e-07	1.31101e-06	2.19439e-06	1.64464e-06	4.77258e-06	6.09125e-06	0	8.24068e-06	2.93485e-06	1.67357e-06	1.74309e-06	3.79079e-06	1.64876e-06	3.02317e-06	1.1963e-06	5.24898e-06	1.37797e-06	2.98054e-07	9.87641e-06	1.41273e-06	6.04741e-07	1.90549e-06	1.87558e-06	1.17884e-06	1.32392e-06	2.077e-06	1.9905e-06	3.11579e-06	4.10131e-06	1.22283e-05	0	1.41167e-06	2.76468e-06	2.50677e-06	1.20815e-05	8.04289e-06	2.32087e-06	6.46153e-06	8.8197e-06	6.32507e-06	9.48307e-06	2.55868e-06	3.80847e-06	1.08018e-06	1.00371e-06	3.39522e-06	8.59952e-06	1.46675e-06	3.03642e-06	1.75034e-06	0	2.14771e-06	1.67248e-06	1.02607e-06	2.97017e-06	2.88011e-06	4.41176e-06	2.57475e-06	4.88524e-06	4.40895e-06	1.00013e-05	6.23276e-06	3.52997e-06
ANAEROFRUCAT-PWY: homolactic fermentation	0.000204206	5.78988e-05	8.12265e-05	6.48199e-05	0.000108048	0.000144667	0.000122387	6.1145e-05	0.000116067	8.75385e-05	9.90777e-05	0.000173711	0.000127305	0.000110491	7.51598e-05	8.45152e-05	7.742e-05	7.78034e-05	7.87722e-05	5.4549e-05	5.55626e-05	0.000113452	8.24326e-05	0.000221698	0.000135016	5.57405e-05	0.000143868	0.000155603	0.000178411	0.000158144	0.000260181	0.00024437	0.000279446	0.000199641	0.000257186	0.000125884	8.55669e-05	0.000214074	0.000111475	0.000174027	0.000123012	7.94204e-05	0.000101178	0.000214992	0.000101673	0.000238863	0.000132466	0.000271783	0.000111074	0.000207707	0.000121546	0.000181966	0.000119118	9.20133e-05	7.83661e-05	0.00011042	6.98348e-05	0.000199154	0.000123226	9.47392e-05	0.000146474	0.000140437	0.000138784	9.86477e-05	0.000267507	0.000145718	0.000145474	0.00010359	0.00012664	9.26601e-05	9.80422e-05	8.61059e-05	0.000126535	4.39289e-05	7.43991e-05	0.000112536	7.6045e-05	0.000118985	0.000237418	0.00015146	0.000141615	9.32993e-05	0.000205585	8.89557e-05	0.000203245	0.000159336	0.000137883	0.000137723	0.000201204	0.000103679	9.90285e-05	0.000181428	0.000204207	8.4299e-05	7.69561e-05	7.89936e-05	8.93612e-05	0.00023698	4.4423e-05	9.41372e-05	9.46207e-05	6.09174e-05	6.99278e-05	9.69361e-05	0.000146722	6.18227e-05	0.000113727	0.000101259	0.00014472	8.48837e-05	0.000134428	0.000146743	0.000120328	7.36366e-05	7.04015e-05	0.000195531	0.000130113	0.000256044	0.000200085	8.51448e-05
ANAGLYCOLYSIS-PWY: glycolysis III (from glucose)	0.000311405	0.00037782	0.000125954	9.81936e-05	0.000214443	0.000221865	0.000232764	9.6518e-05	0.000176206	0.000130617	0.000158115	0.000269948	0.000201073	0.000165503	0.000114343	0.000129038	0.000118741	0.000123258	0.000125911	8.75334e-05	0.00013933	0.00017348	0.000129531	0.000325168	0.000195954	0.000381071	0.000471034	0.000236251	0.000325364	0.000230071	0.000365864	0.000437256	0.000390102	0.000305193	0.000363548	0.000272621	0.000402127	0.000305603	0.000386075	0.000274527	0.000389819	0.00031555	0.000498431	0.000412044	0.000167166	0.000416426	0.000273473	0.000447515	0.000170284	0.000341152	0.000228052	0.000281938	0.000364297	0.000546108	0.000128421	0.000383924	0.000115757	0.000338438	0.000195904	0.000258495	0.000380793	0.000205843	0.000218958	0.000158956	0.000419473	0.000377968	0.000220188	0.000158929	0.000198638	0.000145251	0.000150116	0.000233412	0.000196051	7.01024e-05	0.000116819	0.000448831	0.000118132	0.000190156	0.000453626	0.000253504	0.000241534	0.00014166	0.000334092	0.000141738	0.000313573	0.000243791	0.000517905	0.000211893	0.000326646	0.00016069	0.000159768	0.000371836	0.000335194	0.00012632	0.000132585	0.000370367	0.000354318	0.000387479	6.93713e-05	0.000147586	0.000255249	9.40201e-05	0.00010975	0.000468297	0.000259878	9.46225e-05	0.000188336	0.000170773	0.000372719	0.000127463	0.000236991	0.00022778	0.000274227	0.000125725	0.000106446	0.000301594	0.000195918	0.000369835	0.000326267	0.000292228
ARG+POLYAMINE-SYN: superpathway of arginine and polyamine biosynthesis	6.51237e-06	1.21246e-06	6.00848e-06	1.22947e-05	7.76273e-06	2.7548e-06	9.62805e-06	6.90255e-06	1.20295e-05	1.23544e-05	4.79543e-06	8.97491e-06	5.73114e-06	7.75925e-06	1.03966e-05	4.55007e-06	9.12042e-06	4.26928e-06	1.65462e-06	9.24446e-07	3.85738e-06	5.70473e-06	3.52418e-06	4.12887e-06	3.61778e-05	2.00665e-06	1.49698e-05	2.72273e-05	9.34537e-06	1.373e-05	6.67292e-06	9.69841e-06	5.58673e-06	8.75282e-06	9.66389e-06	2.63126e-05	5.20404e-06	4.55351e-06	1.29965e-05	1.4244e-05	4.53937e-06	5.30137e-06	5.90563e-06	1.00376e-05	4.44464e-06	9.99011e-06	3.35285e-06	1.08241e-05	1.48325e-05	8.95857e-06	8.53048e-06	9.56574e-06	2.23074e-06	5.4489e-06	3.01959e-06	2.1761e-06	5.44901e-06	3.63014e-06	8.77245e-06	7.6459e-06	6.437e-06	5.54329e-06	1.39287e-05	9.34195e-06	1.14426e-05	5.78403e-06	5.62907e-06	4.27457e-06	9.55513e-06	7.51783e-06	8.88096e-06	1.94496e-06	1.48211e-05	6.24927e-06	2.88248e-06	7.86934e-06	8.18916e-06	1.18907e-05	6.9276e-06	9.04858e-06	1.43277e-05	5.95076e-06	8.93414e-06	1.34856e-05	6.50202e-06	1.54006e-05	1.6167e-05	3.87126e-06	7.57272e-06	6.43267e-06	1.07557e-05	4.21782e-06	2.97258e-06	4.90807e-06	6.23411e-06	3.5822e-06	2.59802e-06	5.52219e-06	6.04647e-06	4.3752e-06	4.72897e-06	4.68027e-06	8.69363e-06	2.85461e-06	6.41691e-06	8.41387e-06	7.01849e-06	2.4285e-06	7.54713e-06	8.03932e-06	7.52153e-06	8.48553e-06	8.66206e-06	1.49175e-05	1.76458e-05	8.56838e-06	6.56633e-06	6.57598e-06	9.41682e-06	4.71183e-06
"ARGDEG-PWY: superpathway of L-arginine, putrescine, and 4-aminobutanoate degradation"	0	0	0	0	0	0	0	0	0	0	0	0	0	0	0	0	6.6749e-07	0	0	0	0	0	0	0	4.81915e-06	0	3.7779e-06	2.27603e-06	0	0	0	0	0	7.56215e-07	0	7.66416e-06	0	0	2.2343e-06	0	0	0	7.72642e-07	0	0	0	0	1.56181e-06	0	0	0	1.79007e-06	0	1.36816e-06	0	0	0	0	0	0	0	0	4.42597e-07	0	1.07155e-06	0	0	0	0	0	0	0	5.22751e-07	0	0	6.46553e-07	0	0	0	0	0	0	0	0	0	0	3.30815e-06	0	0	0	0	0	0	0	0	0	0	0	0	0	0	0	0	0	0	0	0	0	0	0	0	3.14619e-07	0	0	0	0	0	0	3.43823e-07	0
ARGININE-SYN4-PWY: L-ornithine biosynthesis II	4.82699e-06	6.55533e-06	1.1091e-05	6.83825e-06	1.44044e-05	5.12033e-06	9.90823e-06	1.72561e-05	7.17921e-06	2.90469e-06	4.05731e-06	7.20544e-06	6.81366e-06	1.30212e-05	1.37719e-05	9.49798e-06	6.33557e-06	1.53481e-05	2.71729e-05	3.03481e-05	7.36596e-06	1.84621e-06	7.47311e-06	3.64271e-06	1.1725e-05	6.66207e-06	9.48591e-06	8.68947e-06	3.94773e-06	8.40235e-06	3.85323e-06	4.08305e-06	6.48344e-06	3.68096e-06	3.87467e-06	2.18342e-05	7.89232e-06	1.51929e-06	3.57706e-06	2.99989e-06	2.62435e-06	6.40562e-06	2.75513e-06	2.46298e-06	7.03977e-06	2.22469e-06	6.9865e-06	9.7826e-06	3.73395e-06	4.84563e-06	9.83389e-06	6.73156e-06	7.29452e-06	2.77711e-06	5.43091e-06	1.14569e-05	2.03749e-05	9.91705e-06	5.49913e-06	6.13854e-06	6.04897e-06	5.22628e-06	9.4246e-06	1.06059e-05	4.64818e-06	8.17107e-06	7.46372e-06	7.15686e-06	1.72583e-05	1.14418e-05	1.61295e-05	4.19317e-06	7.0518e-06	6.62033e-06	7.26906e-06	3.38498e-06	8.73115e-06	9.84044e-06	1.12743e-05	1.0833e-05	1.01575e-05	7.42653e-06	1.01338e-05	2.89743e-06	1.65752e-05	4.40241e-06	1.01645e-05	5.17765e-06	5.46455e-06	7.95351e-06	5.84928e-06	1.63739e-05	1.62708e-05	8.69521e-06	1.16391e-05	6.87384e-06	5.69962e-06	3.14271e-06	1.36436e-05	6.03147e-06	1.13782e-05	1.35579e-05	1.40985e-05	5.65969e-06	7.60138e-06	1.28123e-05	1.5427e-05	4.5484e-06	4.38631e-06	9.41436e-06	8.64643e-06	1.10048e-05	1.27458e-05	1.88861e-05	7.41988e-06	6.34547e-06	1.12071e-05	7.68749e-06	7.73233e-06	4.60937e-06
ARGSYN-PWY: L-arginine biosynthesis I (via L-ornithine)	0.000402613	0.000426439	0.000400137	0.000392108	0.000380589	0.000483856	0.000374655	0.000400853	0.000406037	0.000417123	0.000341619	0.000404509	0.000390006	0.000442709	0.000430467	0.00035784	0.000443174	0.000414618	0.000377864	0.000362301	0.00034917	0.000397901	0.000419712	0.000427195	0.000388914	0.000408628	0.00056448	0.000422418	0.000330916	0.000366497	0.000421821	0.00047653	0.000435657	0.000421678	0.000420856	0.000374441	0.000452415	0.000371636	0.000496235	0.000379523	0.000451045	0.000407743	0.000534872	0.000449692	0.000399649	0.000428511	0.000354513	0.000465155	0.000469583	0.000407058	0.000393992	0.000401736	0.000399332	0.00154408	0.000371268	0.000373821	0.000368367	0.000408941	0.000346617	0.0004131	0.000421743	0.000397873	0.000414796	0.000351815	0.000450363	0.00040861	0.000390764	0.000416099	0.000462727	0.000386458	0.000432271	0.000394546	0.000469635	0.00042507	0.000367128	0.000493277	0.000435726	0.000388724	0.000506726	0.000402332	0.000380602	0.000440695	0.000431821	0.000440243	0.000364204	0.000446218	0.000612371	0.00041279	0.000418738	0.000432521	0.000356137	0.000431039	0.000417728	0.000420573	0.00032258	0.000359995	0.000409585	0.000444428	0.000424999	0.000393818	0.00046609	0.000437358	0.00040071	0.000391363	0.000385296	0.000400938	0.000375315	0.000381928	0.000404971	0.000458223	0.000384211	0.000389632	0.000386331	0.000457036	0.000462393	0.000402202	0.000404379	0.000433787	0.00039406	0.00040904
ARGSYNBSUB-PWY: L-arginine biosynthesis II (acetyl cycle)	0.000411093	0.000479289	0.000427981	0.000411509	0.00042264	0.000482946	0.000402651	0.000419529	0.000422553	0.000441664	0.000364364	0.00041544	0.000409109	0.000445673	0.000444156	0.000363088	0.000451756	0.000421667	0.00036947	0.000365149	0.000412119	0.000405788	0.000437376	0.000432206	0.000380533	0.000445035	0.000574622	0.000431534	0.000342672	0.000351981	0.000420089	0.000492141	0.000428636	0.000434529	0.000426127	0.000409015	0.000485321	0.00036434	0.00053183	0.00038807	0.000515132	0.000502821	0.000560936	0.000453651	0.000446175	0.000431	0.000387941	0.00047048	0.000482922	0.000428227	0.00043221	0.000409381	0.000412302	0.0015921	0.000409767	0.000420781	0.000391717	0.000417888	0.000379979	0.000423015	0.000442683	0.000404815	0.00042126	0.000383347	0.0004515	0.000432449	0.000400875	0.000429551	0.0004675	0.000412565	0.000451999	0.000457996	0.000481888	0.000479399	0.000380984	0.000544735	0.000453969	0.000413361	0.000523076	0.000439832	0.000409569	0.000445264	0.000460005	0.000486645	0.000366884	0.000451099	0.000640994	0.000437108	0.000446767	0.000450286	0.000401257	0.000434377	0.000419677	0.000444391	0.000409282	0.000433422	0.00045898	0.000452619	0.00046414	0.000412655	0.00053111	0.000477099	0.00041783	0.000513747	0.00041007	0.000404572	0.000391212	0.000415197	0.0004171	0.000463377	0.000416273	0.000396837	0.000410543	0.000487477	0.000472385	0.000420008	0.000406194	0.000435096	0.000402367	0.000498424
ARO-PWY: chorismate biosynthesis I	0.000180268	0.000168221	0.000150755	0.000151756	0.000128473	0.00019574	0.000122628	0.000145006	0.00015232	0.000161261	0.000139411	0.000178899	0.000152763	0.000177554	0.000171456	0.000132474	0.000185106	0.00016335	0.000169369	0.000162804	0.000141421	0.000156045	0.000164611	0.000181861	0.00017139	0.000206033	0.000346107	0.000167116	0.000134113	0.00014497	0.000190516	0.000278238	0.000223609	0.000191023	0.000210203	0.000154268	0.000232496	0.000169102	0.000220904	0.000190848	0.00022927	0.000164881	0.000339434	0.000253323	0.000146873	0.000259381	0.000126827	0.000279527	0.000209979	0.000202385	0.00014135	0.000178819	0.000200711	0.00127016	0.000127045	0.000124473	0.000152011	0.00018948	0.000136055	0.000165763	0.00021449	0.000160708	0.000161153	0.000134572	0.000272316	0.000201004	0.000152096	0.000162525	0.000189282	0.000134263	0.000180117	0.000182039	0.000212189	0.000144222	0.000146843	0.000269685	0.000160173	0.00014593	0.000297542	0.000151291	0.000161384	0.000172166	0.000195553	0.000140538	0.00018731	0.000193414	0.000399941	0.000150998	0.000188474	0.000152006	0.00013166	0.000225887	0.000211924	0.000152799	8.71225e-05	0.000137267	0.000193863	0.000245835	0.000147935	0.000132908	0.000200331	0.000159316	0.000167723	0.000160166	0.000167755	0.000172767	0.000175393	0.000120348	0.000201048	0.00017674	0.000161508	0.000163131	0.000155839	0.000162219	0.000168381	0.000194663	0.00017058	0.000234651	0.000179808	0.000170606
ASPASN-PWY: superpathway of L-aspartate and L-asparagine biosynthesis	8.18408e-05	7.93087e-05	6.60351e-05	5.3115e-05	7.36377e-05	6.22571e-05	6.4817e-05	9.58075e-05	6.7351e-05	3.91818e-05	6.67496e-05	8.89713e-05	7.93563e-05	5.86217e-05	7.84995e-05	5.07846e-05	5.93165e-05	9.32317e-05	0.000118063	0.000127549	7.45229e-05	5.17046e-05	6.09053e-05	7.97869e-05	6.37769e-05	0.000121761	0.000110242	7.47033e-05	4.67118e-05	8.77317e-05	9.50381e-05	0.000103736	9.12398e-05	6.7646e-05	6.5684e-05	8.64197e-05	0.00015338	4.54152e-05	9.80268e-05	9.22309e-05	7.40143e-05	6.14145e-05	0.000106965	8.32684e-05	7.39463e-05	8.65568e-05	7.88414e-05	0.000115776	6.9191e-05	9.05948e-05	7.29012e-05	7.68148e-05	0.000101689	8.07403e-05	7.58785e-05	7.53753e-05	0.000104337	0.000109022	6.63234e-05	7.38126e-05	9.6224e-05	5.31906e-05	7.3496e-05	7.01535e-05	8.94188e-05	0.000110303	7.45132e-05	6.82382e-05	9.97388e-05	8.16272e-05	7.82794e-05	3.93337e-05	8.75799e-05	6.14955e-05	6.49901e-05	0.000102586	7.4616e-05	8.78828e-05	0.000140943	6.24334e-05	9.78473e-05	4.96715e-05	0.000128334	5.59093e-05	0.000118447	8.65288e-05	0.000112598	6.83931e-05	0.000101233	7.24889e-05	7.15588e-05	0.000138135	0.000128353	6.88105e-05	6.79647e-05	7.22198e-05	0.000101272	9.32893e-05	8.97056e-05	5.16605e-05	5.09632e-05	8.27573e-05	6.74114e-05	3.90797e-05	8.20079e-05	6.54447e-05	0.000109813	4.97649e-05	9.08194e-05	5.54683e-05	9.96579e-05	8.45856e-05	0.000112172	9.65663e-05	6.22496e-05	0.000106023	7.36822e-05	7.50472e-05	0.000103871	7.41878e-05
AST-PWY: L-arginine degradation II (AST pathway)	0	0	0	0	3.62139e-07	0	6.06402e-07	5.84404e-07	0	4.94904e-07	0	0	0	2.73783e-07	2.39408e-07	0	0	0	0	0	0	0	0	0	5.59081e-06	0	3.44866e-06	2.42767e-06	0	1.13855e-06	4.20635e-07	0	0	7.73631e-07	3.6869e-07	8.08401e-06	0	0	1.26884e-06	0	1.1642e-06	0	7.30731e-07	0	0	0	0	1.21721e-06	0	0	4.72386e-07	4.60787e-07	0	2.15541e-06	0	0	0	0	0	5.33312e-07	0	0	1.11375e-06	0	6.50882e-07	0	0	0	0	0	0	0	8.87566e-07	0	0	5.75595e-07	0	7.05277e-07	0	0	0	1.95376e-07	0	3.4256e-07	0	0	3.54828e-06	0	0	0	0	0	0	0	0	0	0	4.91607e-07	0	0	3.69754e-07	0	0	0	0	0	0	0	0	0	0	5.46884e-07	0	1.84538e-06	9.46571e-07	0	0	4.48642e-07	3.23041e-07	0
BIOTIN-BIOSYNTHESIS-PWY: biotin biosynthesis I	2.45052e-06	0	0	4.73432e-06	3.42086e-06	0	2.42038e-06	2.43901e-06	2.44258e-06	2.23339e-06	0	0	0	0	1.21212e-06	0	3.02195e-06	0	0	0	0	2.22289e-06	0	0	2.23098e-05	0	1.66052e-05	1.7537e-05	1.41392e-06	4.95702e-06	1.70781e-06	0	1.10046e-06	2.30914e-06	1.71764e-06	2.69988e-05	2.70845e-06	0	5.28232e-06	1.05975e-06	5.1144e-06	1.7874e-06	5.50589e-06	0	8.69548e-07	0	0	4.59452e-06	1.51273e-06	1.8834e-06	2.35766e-06	3.69262e-06	0	6.98181e-06	0	0	0	0	1.07845e-06	3.39722e-06	2.51417e-06	0	7.06352e-06	0	5.0508e-06	0	0	0	1.40033e-06	0	7.37793e-07	0	7.02546e-06	0	0	5.27895e-06	0	1.59365e-06	0	0	1.84966e-06	0	1.42117e-06	0	0	3.07792e-06	1.5971e-05	0	0	1.51281e-06	0	0	0	0	0	0	0	3.53785e-06	2.41723e-06	0	1.71615e-06	2.15171e-06	2.96366e-06	2.5656e-06	1.24505e-06	1.66854e-06	3.19561e-06	0	0	0	0	1.95494e-06	3.20517e-06	2.83874e-06	4.60763e-06	2.14169e-06	1.61298e-06	3.53536e-06	1.78037e-06	2.82316e-06
BRANCHED-CHAIN-AA-SYN-PWY: superpathway of branched chain amino acid biosynthesis	0.000358202	0.000310959	0.000371089	0.000335829	0.00031919	0.000364743	0.000314737	0.000348332	0.000374355	0.000367411	0.000270481	0.000347888	0.00034705	0.000374384	0.000384203	0.000277747	0.00034364	0.000333646	0.000297191	0.000291251	0.000304673	0.000333676	0.000347057	0.000345356	0.000347968	0.000348371	0.000490302	0.000340287	0.000296322	0.000310202	0.000383422	0.000452618	0.000395133	0.000348354	0.000377959	0.000341111	0.000367816	0.000308251	0.000364052	0.000332044	0.00036904	0.000340287	0.000495053	0.000377833	0.000328171	0.000416087	0.000310689	0.000440318	0.000362068	0.000375718	0.000340074	0.000340632	0.00034559	0.00142247	0.000332673	0.000322085	0.000324018	0.000343881	0.000311994	0.000326535	0.000370912	0.000352815	0.00036243	0.000318165	0.00043069	0.000374811	0.000335071	0.000366581	0.000357146	0.000328627	0.000363529	0.00028569	0.000346724	0.000370777	0.000288203	0.000439938	0.000339059	0.000355307	0.00046009	0.000357457	0.000337713	0.000330077	0.000394345	0.000373117	0.000332742	0.000352218	0.000566388	0.000343685	0.000386763	0.000362538	0.000329345	0.000384919	0.000368955	0.000380463	0.00029417	0.000290216	0.000338683	0.00039224	0.000384538	0.000318679	0.000368831	0.000380516	0.000331633	0.000307994	0.00032766	0.000318249	0.000341803	0.000317541	0.000365417	0.000361345	0.000351646	0.000348695	0.000331805	0.000384346	0.000400809	0.000358968	0.000348861	0.000386089	0.000359496	0.000362869
CALVIN-PWY: Calvin-Benson-Bassham cycle	0.00028537	0.000291865	0.000304959	0.000279442	0.000302338	0.00032892	0.000285791	0.000294006	0.000295209	0.000279333	0.000239249	0.000270223	0.000280062	0.000295932	0.00029902	0.00025321	0.000296994	0.000324695	0.000298098	0.000301849	0.000303968	0.000274834	0.000293497	0.000239277	0.00028504	0.000237314	0.000234166	0.000295845	0.000282912	0.000235332	0.000245563	0.000244805	0.000235271	0.000277141	0.000243554	0.000371501	0.000261183	0.000226743	0.000364836	0.000261954	0.000288369	0.000312102	0.000269896	0.00026073	0.000316861	0.000210732	0.000243435	0.000236573	0.000313645	0.000246772	0.000289315	0.000270849	0.000296082	0.000156364	0.00027097	0.000331552	0.000297205	0.000253994	0.000253394	0.000292405	0.000262534	0.000262238	0.000317734	0.000272253	0.000212002	0.000247647	0.000276912	0.000277405	0.00033501	0.000286429	0.00029131	0.000325246	0.00033162	0.000322293	0.000287433	0.000288246	0.00031381	0.000275918	0.00022131	0.000289758	0.000271077	0.000287804	0.000273394	0.00032361	0.000251366	0.000294981	0.000250852	0.000274194	0.000260253	0.000300272	0.000282622	0.000268774	0.000269689	0.000328339	0.000250804	0.000244849	0.000250407	0.000222007	0.000318396	0.000266904	0.00034372	0.000295569	0.000315051	0.000328699	0.000287678	0.000301726	0.000294228	0.000265473	0.000268717	0.000302947	0.000284982	0.000279798	0.000299638	0.000350227	0.000338346	0.000267401	0.000290021	0.000278458	0.000305229	0.000312403
CARNMET-PWY: L-carnitine degradation I	0	0	0	0	0	0	0	0	0	0	0	0	0	0	0	0	0	0	0	0	0	0	0	0	6.8257e-07	0	9.47797e-07	6.35166e-07	0	2.42013e-07	0	0	0	0	1.17709e-07	1.79596e-06	0	0	1.01929e-07	0	0	0	2.67875e-07	0	0	0	0	0	0	0	0	0	0	5.14983e-07	0	0	0	0	0	0	0	0	0	0	8.99062e-08	0	0	0	0	0	0	0	0	0	0	0	0	0	0	0	0	0	0	0	0	0	6.19894e-07	0	0	0	0	0	0	0	0	0	0	0	0	0	0	0	0	0	0	0	0	0	0	0	0	0	0	1.94727e-07	0	0	0	0	0	0
CATECHOL-ORTHO-CLEAVAGE-PWY: catechol degradation to &beta;-ketoadipate	0	0	0	0	0	0	0	0	0	0	0	0	0	0	0	0	0	0	0	0	0	0	0	0	0	0	0	0	0	0	0	0	0	0	0	0	0	0	0	0	0	0	0	0	0	0	0	0	0	0	0	0	0	0	0	0	0	0	0	0	0	0	0	0	0	0	0	0	0	0	0	0	0	0	0	0	0	0	0	0	0	0	0	0	0	3.2698e-07	0	0	0	0	0	0	0	0	0	0	0	0	0	0	0	0	0	0	0	0	0	0	0	0	0	0	0	0	0	0	0	0	0	0
CENTFERM-PWY: pyruvate fermentation to butanoate	1.0972e-05	0	1.02564e-05	1.32782e-05	1.07229e-05	1.01554e-05	5.77731e-06	8.60386e-06	1.00704e-05	1.66448e-05	6.65263e-06	1.07535e-05	8.9087e-06	1.2837e-05	1.83662e-05	7.87811e-06	1.17587e-05	1.02923e-05	3.4338e-06	4.75024e-06	6.82784e-06	1.21816e-05	7.19617e-06	1.12902e-05	2.17334e-05	4.94529e-06	1.18824e-05	1.53493e-05	1.52629e-05	1.45764e-05	1.5352e-05	8.56122e-06	9.6814e-06	1.43456e-05	1.30552e-05	1.62126e-05	9.84484e-06	4.66082e-06	1.43723e-05	9.46381e-06	1.667e-05	8.48457e-06	1.40647e-05	1.00722e-05	6.70502e-06	1.47883e-05	1.08855e-05	1.40167e-05	1.54048e-05	1.23868e-05	1.03503e-05	1.46215e-05	4.70042e-06	4.39122e-06	4.97615e-06	1.28781e-05	8.16516e-06	7.85055e-06	1.18689e-05	6.96006e-06	1.11103e-05	9.26804e-06	1.36381e-05	5.45223e-06	1.47389e-05	7.69864e-06	8.34349e-06	8.89074e-06	1.04014e-05	1.02883e-05	1.47797e-05	6.09978e-06	1.38029e-05	8.67066e-06	2.22659e-06	1.16307e-05	1.2694e-05	1.31804e-05	1.20474e-05	1.00934e-05	1.36333e-05	8.35446e-06	1.00338e-05	9.2739e-06	1.32245e-05	1.59655e-05	1.04791e-05	8.01902e-06	8.67726e-06	1.31621e-05	1.25239e-05	9.70114e-06	1.01899e-05	1.19406e-05	3.58251e-06	4.98891e-06	4.4277e-06	8.36801e-06	1.17503e-05	5.84022e-06	7.40468e-06	9.48582e-06	6.72672e-06	4.61429e-06	1.09142e-05	6.72024e-06	1.06716e-05	3.73518e-06	9.76522e-06	6.8389e-06	1.1535e-05	1.91641e-05	6.33913e-06	1.23383e-05	1.79693e-05	1.14808e-05	1.29846e-05	1.56059e-05	1.41491e-05	1.52648e-05
"CHLOROPHYLL-SYN: 3,8-divinyl-chlorophyllide a biosynthesis I (aerobic, light-dependent)"	0	0	0	0	0	0	0	0	0	0	0	0	0	0	0	0	0	0	0	0	0	0	0	0	0	0	0	0	0	0	0	0	0	0	0	0	0	0	0	0	0	0	0	0	0	0	0	0	0	0	0	4.47245e-07	0	0	0	0	0	0	0	0	0	0	0	0	0	0	0	0	0	0	0	0	0	0	0	0	0	0	0	0	0	0	0	0	0	0	0	0	0	0	0	0	0	0	0	0	0	0	0	0	0	0	0	0	0	0	0	0	0	0	0	0	0	0	0	0	0	0	0	0
CITRULBIO-PWY: L-citrulline biosynthesis	2.61095e-05	8.76733e-07	2.67118e-05	2.49824e-05	1.9557e-05	8.02897e-06	2.09775e-05	1.31552e-05	4.49108e-05	2.67839e-05	1.33894e-05	2.6342e-05	2.57622e-05	1.64126e-05	1.76204e-05	1.14994e-05	6.49815e-06	6.58743e-06	7.7355e-06	5.33607e-06	1.24949e-05	9.24586e-06	7.19054e-06	4.42136e-06	1.93092e-05	3.98316e-06	1.41287e-05	1.06109e-05	4.01035e-05	1.66154e-05	1.69744e-05	3.17657e-06	9.91838e-06	1.17423e-05	1.9233e-05	3.18805e-05	8.18608e-06	7.63164e-06	1.13667e-05	1.78009e-05	8.79035e-06	1.37529e-05	2.29725e-06	1.82113e-05	7.12659e-05	1.72263e-05	1.72302e-05	1.12241e-05	1.43253e-05	2.4086e-05	1.80531e-05	1.84349e-05	3.06677e-06	4.01351e-06	2.61758e-05	7.70549e-06	1.67152e-05	1.00861e-05	2.5906e-05	1.9289e-05	1.07015e-05	1.18182e-05	1.50509e-05	3.8128e-05	9.33362e-06	1.77961e-05	2.59431e-05	1.7283e-05	1.69584e-05	2.88921e-05	2.10239e-05	5.75372e-06	1.06464e-05	1.59614e-05	1.27517e-05	5.06348e-06	8.75031e-06	3.3955e-05	9.32359e-06	2.67957e-05	2.71114e-05	1.45095e-05	2.76546e-05	2.38588e-05	1.12878e-05	1.52492e-05	1.51392e-05	1.82192e-05	2.15497e-05	2.88091e-05	4.12918e-05	2.80202e-06	1.10613e-05	3.00162e-05	1.70984e-05	4.16909e-06	6.8788e-06	4.70139e-06	2.40612e-05	1.71274e-05	4.83295e-06	1.73484e-05	7.1764e-06	6.60873e-06	2.39807e-05	9.11154e-06	8.05332e-06	1.23117e-05	6.48721e-06	1.08337e-05	1.42878e-05	2.67469e-05	2.09428e-05	7.65722e-06	1.72066e-05	2.08678e-05	1.86175e-05	1.58808e-05	2.56991e-05	2.14568e-06
COA-PWY-1: superpathway of coenzyme A biosynthesis III (mammals)	0.000159633	0.000204078	0.000120631	0.000144162	0.000114117	0.000169328	0.000102768	0.00014603	0.000119789	0.00011732	0.000121779	0.000152024	0.000144403	0.000128181	0.000144254	0.000105809	0.000161291	0.000161956	0.000153837	0.000160995	0.00018692	0.000127434	0.000161366	0.000169428	0.000107378	0.000190478	0.00019726	0.000138663	9.58211e-05	0.000102065	0.000154433	0.000206908	0.000171779	0.000196678	0.00018085	0.000208642	0.000220358	0.000124665	0.000256875	0.00017093	0.000279829	0.000227324	0.000249461	0.000231141	0.000145283	0.000180071	0.00011977	0.000200616	0.0001788	0.000172915	0.000153788	0.000165881	0.000229494	0.00024095	0.00012478	0.000169949	0.000153542	0.000174308	0.000115783	0.000164946	0.000202355	0.00011436	0.000153228	0.000102985	0.000195466	0.000196558	0.000132773	0.000143589	0.000155028	0.000109885	0.000157371	0.000215927	0.000192994	0.000146551	0.000145017	0.000257114	0.000176423	0.000131992	0.00021599	0.000125198	0.000155795	0.000151947	0.000175641	0.000140678	0.000186662	0.000187416	0.000266214	0.000134314	0.000169337	0.000164343	0.000121803	0.000196466	0.000181784	0.000149967	0.000100718	0.000168854	0.000201808	0.000180387	0.000136741	0.000106702	0.000243173	0.000121673	0.00019342	0.000181671	0.000176604	0.000170795	0.000176202	0.000114998	0.000187952	0.000154862	0.000173227	0.000141023	0.000142876	0.000163631	0.000127424	0.000165451	0.00014649	0.000207021	0.000167764	0.000216237
COA-PWY: coenzyme A biosynthesis I (prokaryotic)	0.000163823	0.00020791	0.000183261	0.000187985	0.000181641	0.000228698	0.000164688	0.000208326	0.00018205	0.000150582	0.000163743	0.000171177	0.000184545	0.000187222	0.000197954	0.000146687	0.000209969	0.000238566	0.000236411	0.000248497	0.000217063	0.000162467	0.000213266	0.000168182	0.000159791	0.000178845	0.000174311	0.00016992	0.000139341	0.000140786	0.000143936	0.000190349	0.000158893	0.000194461	0.000168948	0.00019736	0.000208859	0.000149191	0.000262293	0.000177507	0.000269047	0.000266929	0.000227849	0.000217069	0.000225584	0.000162988	0.000151018	0.000185554	0.000232135	0.000161438	0.000202544	0.000194673	0.000219956	0.000199962	0.000173031	0.000212829	0.000225081	0.000172648	0.000136793	0.000182643	0.000192479	0.000148156	0.000190788	0.000165292	0.000180328	0.000188094	0.000161198	0.00017327	0.000234508	0.000165904	0.000211537	0.000217201	0.000229009	0.000177065	0.000184379	0.000246256	0.0002246	0.000165784	0.000198429	0.000170474	0.000177619	0.000196863	0.000185894	0.000172466	0.000198982	0.000206418	0.000240841	0.000157211	0.000160286	0.000200819	0.000160375	0.000206252	0.000201355	0.000180733	0.000148683	0.000170611	0.000197451	0.000168141	0.000197868	0.000138949	0.000264468	0.0001796	0.000239112	0.000202555	0.000205672	0.00022326	0.000207362	0.000145816	0.000175464	0.00019774	0.000195057	0.000178039	0.000185053	0.000219928	0.000188047	0.000171972	0.000180657	0.000198533	0.000226866	0.000208372
COBALSYN-PWY: superpathway of adenosylcobalamin salvage from cobinamide I	4.15112e-06	7.29102e-07	4.62294e-06	4.29708e-06	2.28514e-06	8.48106e-06	3.79106e-06	4.28776e-06	6.83292e-06	5.14553e-06	1.53848e-06	5.24245e-06	2.988e-06	7.9421e-06	6.33509e-06	3.50191e-06	6.59716e-06	3.18444e-06	3.91949e-06	3.13445e-06	7.21039e-07	2.65529e-06	1.42909e-06	3.91608e-06	1.14397e-05	0	5.07374e-06	5.92754e-06	3.71862e-06	4.59722e-06	2.84533e-06	2.47823e-06	5.00146e-06	9.52905e-06	6.4752e-06	8.41014e-06	1.52236e-06	1.56136e-06	7.57186e-06	7.76973e-06	2.76797e-06	0	2.48761e-06	8.76488e-06	4.68794e-06	8.56592e-06	2.62019e-06	5.85233e-06	1.08346e-05	6.16419e-06	3.07675e-06	2.46123e-06	2.37778e-06	0	7.99257e-07	1.17736e-06	2.67059e-06	3.13319e-06	2.81396e-06	2.89075e-06	2.43649e-06	4.89386e-06	4.90042e-06	5.56433e-06	3.66863e-06	2.85058e-06	1.68837e-06	2.57607e-06	8.60487e-06	3.10591e-06	7.40422e-06	1.53087e-06	1.38449e-05	2.19493e-06	1.43396e-06	5.82397e-07	2.81007e-06	4.90236e-06	6.43992e-06	3.28191e-06	3.07891e-06	2.45242e-06	4.1651e-06	3.686e-06	3.11458e-06	1.16619e-05	7.51697e-06	0	3.15181e-06	4.91194e-06	4.24069e-06	1.71941e-06	4.02535e-06	3.55275e-06	3.36665e-06	9.28494e-07	1.18673e-06	2.86228e-06	2.24792e-06	2.05028e-06	2.02273e-06	7.49711e-07	7.512e-06	1.18367e-06	2.36608e-06	5.93495e-06	3.39002e-06	1.27092e-06	2.61537e-06	3.14695e-06	9.61211e-07	5.31459e-06	3.82637e-06	4.06169e-06	5.64154e-06	4.66011e-06	4.31831e-07	9.47199e-06	4.22379e-06	1.01205e-06
COLANSYN-PWY: colanic acid building blocks biosynthesis	3.75696e-05	1.2879e-05	3.46998e-05	3.64979e-05	3.31775e-05	2.41266e-05	3.55256e-05	3.61354e-05	4.60402e-05	3.13396e-05	1.53299e-05	3.1391e-05	2.49827e-05	3.0641e-05	3.38872e-05	2.20371e-05	3.49274e-05	2.79169e-05	3.73151e-05	4.29988e-05	2.26572e-05	2.73703e-05	2.26962e-05	1.33272e-05	4.28934e-05	1.53515e-05	2.30866e-05	2.89166e-05	2.02539e-05	2.09147e-05	2.54523e-05	1.81558e-05	2.0764e-05	2.13209e-05	1.69954e-05	3.89203e-05	2.15765e-05	1.95749e-05	3.36414e-05	3.41361e-05	2.63989e-05	1.9987e-05	1.65178e-05	2.84314e-05	2.72144e-05	3.14884e-05	2.6262e-05	2.52869e-05	3.05082e-05	3.36489e-05	2.40205e-05	2.6943e-05	1.74193e-05	9.19198e-06	2.83211e-05	2.3086e-05	4.33233e-05	2.08416e-05	3.83814e-05	1.58106e-05	1.81433e-05	1.89965e-05	3.60005e-05	3.8574e-05	2.43983e-05	2.60574e-05	2.47892e-05	2.31266e-05	4.03669e-05	4.15641e-05	3.40783e-05	7.27691e-06	3.44198e-05	2.63368e-05	1.33832e-05	1.67446e-05	2.73456e-05	4.1576e-05	2.55044e-05	4.07357e-05	3.79577e-05	1.75464e-05	3.13572e-05	3.41344e-05	3.62036e-05	3.70521e-05	3.33941e-05	2.23323e-05	2.84411e-05	3.03703e-05	4.1206e-05	2.59799e-05	2.64429e-05	2.65592e-05	4.03883e-05	2.19742e-05	2.17058e-05	1.7946e-05	3.80941e-05	3.05349e-05	1.87617e-05	3.81416e-05	2.87596e-05	1.38122e-05	2.60302e-05	2.91804e-05	2.73302e-05	1.62279e-05	2.40048e-05	2.21509e-05	3.0346e-05	2.70686e-05	3.69416e-05	4.26306e-05	2.79576e-05	2.80153e-05	2.49831e-05	3.3027e-05	7.28587e-05	2.47887e-05
COMPLETE-ARO-PWY: superpathway of aromatic amino acid biosynthesis	0.00016638	0.000167957	0.000140463	0.000147154	0.00010856	0.000200253	0.000113172	0.000135777	0.000147887	0.000153553	0.000124734	0.000163132	0.000144045	0.000179283	0.000170185	0.000126906	0.000183606	0.000158928	0.000157237	0.000147552	9.06902e-05	0.000151617	0.000156538	0.000172399	0.000167598	0.00015447	0.000248363	0.000164218	0.000124112	0.000149957	0.000186766	0.000230987	0.000217369	0.000186893	0.000206292	0.000147855	0.000141714	0.000169591	0.000212315	0.000175994	0.000194084	0.000150142	0.000260612	0.000227527	0.00012792	0.000212528	0.000111327	0.000234124	0.000210004	0.000169569	0.000126059	0.000169287	0.000175325	0.000247264	0.000114018	0.00012413	0.000139872	0.000167848	0.000124961	0.000168196	0.000169426	0.000154291	0.000158722	0.000123584	0.000234865	0.000158936	0.000147986	0.000161251	0.00018941	0.000121707	0.000172598	0.000173998	0.000208252	0.00014601	0.000145074	0.000198821	0.000157375	0.000134113	0.000225308	0.00013103	0.000137931	0.000170682	0.000160331	0.000143654	0.000173225	0.000197747	0.000236421	0.000145221	0.000163005	0.000150142	0.000118146	0.000196636	0.0001884	0.00015324	7.77709e-05	0.000131202	0.00015813	0.000208138	0.000140196	0.000129742	0.00019587	0.000149121	0.000167375	0.000156081	0.000153224	0.000174687	0.000153706	0.000118167	0.000179439	0.000180546	0.00013436	0.000153988	0.00012192	0.000149163	0.000163834	0.000169216	0.000168252	0.000232075	0.000167891	0.000151836
CRNFORCAT-PWY: creatinine degradation I	2.65607e-06	4.17206e-06	4.10546e-06	3.86258e-06	5.43774e-06	5.07737e-07	5.21448e-06	3.82298e-06	3.58039e-06	3.27069e-06	3.17465e-06	3.50963e-06	3.67626e-06	2.69184e-06	3.94078e-06	3.13674e-06	2.18736e-06	3.1807e-06	2.19928e-06	1.34458e-06	2.46875e-06	3.72294e-06	3.50244e-06	0	2.35877e-06	3.04615e-06	3.34428e-06	2.57638e-06	3.55733e-06	1.23638e-06	2.16691e-06	2.51517e-06	2.10095e-06	3.05719e-06	2.02689e-06	4.78209e-06	2.83963e-06	2.29154e-06	3.43211e-06	2.19477e-06	2.93723e-06	5.0415e-06	2.62047e-06	1.8843e-06	2.78289e-06	2.64144e-06	3.39608e-06	2.1341e-06	1.89826e-06	3.22054e-06	4.67578e-06	4.18438e-06	2.15331e-06	2.12913e-06	3.4543e-06	4.39707e-06	3.26624e-06	2.64592e-06	3.18742e-06	3.85926e-06	3.46793e-06	2.73561e-06	3.89188e-06	4.04171e-06	0	4.11779e-06	2.7441e-06	4.07861e-06	2.53947e-06	5.36869e-06	3.52868e-06	0	2.116e-06	4.78639e-06	1.8054e-06	3.08738e-06	3.57734e-06	3.70968e-06	2.8681e-06	3.31765e-06	4.28665e-06	3.96632e-06	3.82722e-06	3.25309e-06	2.09519e-06	1.55473e-06	2.83774e-06	3.88254e-06	4.62999e-06	1.13432e-06	4.42141e-06	4.56451e-06	4.25611e-06	3.12213e-06	3.17313e-06	3.5724e-06	3.06849e-06	1.77638e-06	3.65532e-06	4.99464e-06	3.6909e-06	4.38239e-06	3.25761e-06	5.37424e-06	3.94691e-06	2.14074e-06	3.85496e-06	4.8309e-06	2.39406e-06	2.44444e-06	4.32712e-06	4.16931e-06	4.24559e-06	4.05567e-06	3.11925e-06	3.64547e-06	3.4911e-06	2.91189e-06	3.35459e-06	4.19896e-06
DAPLYSINESYN-PWY: L-lysine biosynthesis I	3.9647e-05	5.84529e-05	1.11678e-05	1.85706e-05	1.06627e-05	1.95041e-05	1.11553e-05	1.74457e-05	1.75927e-05	1.34902e-05	1.77163e-05	2.37155e-05	2.37719e-05	1.88777e-05	1.41325e-05	1.49977e-05	1.0802e-05	2.23819e-05	2.16441e-05	1.8136e-05	2.60357e-05	2.12012e-05	1.57345e-05	2.64705e-05	4.49215e-05	1.87328e-05	8.07881e-05	3.73395e-05	1.21843e-05	3.74264e-05	2.19765e-05	3.94443e-05	3.76569e-05	2.653e-05	2.87029e-05	6.66505e-05	4.9544e-05	2.03551e-05	4.45016e-05	2.67417e-05	6.02054e-05	1.36701e-05	6.09973e-05	2.71514e-05	2.10051e-05	2.23578e-05	1.65598e-05	4.32802e-05	2.57563e-05	2.31138e-05	2.49231e-05	4.90124e-05	3.8101e-05	0.000121513	1.96338e-05	1.37772e-05	1.84802e-05	2.66454e-05	1.86598e-05	2.54251e-05	2.14135e-05	1.11806e-05	2.60602e-05	1.55342e-05	3.283e-05	3.32377e-05	2.51494e-05	2.04313e-05	2.65347e-05	1.78641e-05	2.15002e-05	1.85694e-05	2.36922e-05	1.18714e-05	1.09586e-05	6.72082e-05	1.54828e-05	2.11483e-05	4.14937e-05	2.55744e-05	3.27288e-05	1.84633e-05	3.17666e-05	1.73763e-05	3.75696e-05	4.06269e-05	9.26467e-05	2.04919e-05	2.6939e-05	1.72746e-05	2.20058e-05	5.39246e-05	4.71957e-05	2.12573e-05	1.45395e-05	3.14377e-05	4.84474e-05	3.54275e-05	2.29356e-05	9.92502e-06	1.35781e-05	1.52656e-05	1.00651e-05	1.23232e-05	3.31287e-05	1.31917e-05	3.32006e-05	9.16474e-06	2.88256e-05	1.09268e-05	3.93556e-05	3.15378e-05	3.35108e-05	1.9467e-05	1.48547e-05	3.63407e-05	3.20738e-05	5.76983e-05	0.000101976	2.96095e-05
DARABCATK12-PWY: D-arabinose degradation I	0	0	0	0	0	0	3.30529e-07	0	0	0	0	0	0	0	7.67026e-08	0	0	0	0	0	0	0	0	0	2.01619e-06	0	1.8486e-07	3.48804e-07	0	0	0	0	0	0	3.14654e-07	2.74523e-06	0	0	6.16656e-07	0	0	0	2.91977e-07	0	0	0	0	2.29687e-07	0	2.98185e-07	0	3.8661e-07	0	0	0	0	0	0	0	6.24399e-07	0	0	0	0	4.60803e-07	0	0	0	0	0	0	0	0	0	0	1.64953e-07	0	0	0	0	0	0	0	0	0	0	1.56792e-06	0	0	0	1.46212e-07	1.15439e-07	0	0	0	0	0	0	0	0	0	0	0	0	0	0	0	0	6.22405e-08	0	0	0	0	0	0	0	0	1.03491e-07	0	0
DENOVOPURINE2-PWY: superpathway of purine nucleotides de novo biosynthesis II	0	0	0	0	0	0	0	0	0	2.78118e-06	0	0	0	0	0	0	0	0	0	0	0	0	0	0	2.27433e-05	0	1.35387e-05	1.18442e-05	0	2.86076e-06	0	0	0	3.23855e-06	0	2.38885e-05	0	0	6.12507e-06	0	0	0	5.45914e-06	0	0	0	0	5.18917e-06	0	0	0	0	0	1.26464e-05	0	0	0	0	0	0	0	0	0	0	2.26706e-06	0	0	0	0	0	0	0	0	0	0	8.38103e-06	0	0	0	0	0	0	0	0	0	0	1.91562e-05	0	0	0	0	0	0	0	0	0	0	0	0	0	0	0	0	0	0	0	0	0	0	0	0	0	0	5.30352e-06	0	0	0	0	0	0
DTDPRHAMSYN-PWY: dTDP-&beta;-L-rhamnose biosynthesis	0.000469492	0.000352087	0.000497458	0.000483659	0.00048556	0.000543626	0.000474643	0.000534219	0.000492218	0.000473493	0.000444698	0.000480773	0.000497974	0.000510519	0.000490545	0.000421595	0.000508892	0.000516239	0.000525942	0.000519014	0.000444677	0.00048749	0.000509043	0.000423258	0.000447637	0.000351413	0.000498702	0.000451442	0.000464597	0.000445112	0.000449881	0.000478319	0.000465922	0.000475427	0.000432758	0.000341919	0.000378989	0.000428266	0.000464323	0.000459833	0.000357349	0.000448987	0.000457143	0.000483969	0.000494924	0.000405136	0.000429294	0.000444392	0.000528572	0.00043598	0.000486961	0.000467766	0.000419945	0.00145361	0.000476401	0.0004868	0.000516068	0.00046164	0.000429824	0.000426754	0.000403114	0.000452257	0.000475604	0.000449965	0.000442913	0.000468043	0.000461584	0.000465096	0.000519033	0.000445542	0.000491523	0.000395518	0.000561735	0.000507823	0.000482495	0.00034227	0.000520611	0.000455519	0.000475937	0.000448214	0.00044997	0.000509265	0.000482524	0.000543855	0.000464483	0.000514337	0.000515255	0.000470787	0.000442314	0.000516909	0.000455228	0.000468662	0.000483193	0.000510218	0.000422719	0.000362877	0.000346527	0.000406819	0.000510185	0.000426807	0.000387592	0.000457666	0.000499461	0.000476069	0.000470074	0.000497129	0.00050423	0.00044525	0.000418332	0.000514515	0.000427537	0.000467045	0.000493488	0.000489456	0.000512941	0.00045064	0.000483875	0.000455389	0.000457968	0.000386345
ECASYN-PWY: enterobacterial common antigen biosynthesis	0	0	0	0	0	0	0	0	0	0	0	0	0	0	0	0	0	0	0	0	0	0	0	0	4.12658e-06	0	4.81066e-06	3.85767e-06	0	1.11939e-06	6.11353e-07	0	0	5.34907e-07	0	7.30431e-06	1.15192e-06	0	1.19126e-06	0	1.61814e-06	0	1.24511e-06	0	0	0	0	1.03561e-06	0	0	7.92995e-07	0	0	1.89086e-06	0	0	0	0	0	0	0	0	9.73379e-07	0	8.11276e-07	0	0	0	0	0	0	0	9.36781e-07	0	0	2.17305e-06	0	0	0	0	7.58404e-07	0	0	0	0	0	5.65075e-06	0	0	0	0	0	0	0	0	0	0	0	0	0	0	0	0	0	0	0	0	0	0	0	0	8.06029e-07	0	1.72886e-06	0	0	0	0	0	0
FAO-PWY: fatty acid &beta;-oxidation I (generic)	0	0	0	7.25973e-07	1.13333e-06	0	6.03939e-07	0	1.0687e-06	7.67358e-07	0	0	0	7.50023e-07	2.70643e-06	0	1.34779e-06	0	0	0	0	0	0	0	1.12105e-05	0	1.12813e-05	9.90766e-06	3.52279e-07	2.9055e-06	0	3.87199e-07	0	7.81568e-07	1.64715e-06	2.47994e-05	2.37584e-06	0	3.34493e-06	0	2.83152e-06	1.47264e-06	2.25496e-06	0	0	5.447e-07	0	3.142e-06	0	0	0	2.0796e-06	1.0115e-06	7.47529e-06	0	0	0	0	0	0	1.76156e-06	0	2.01556e-06	0	1.84771e-06	0	0	0	0	0	0	0	1.61153e-06	0	0	1.335e-06	0	7.67787e-07	0	4.69097e-07	1.79266e-06	0	0	6.94763e-07	6.71836e-07	8.60208e-07	1.24618e-05	0	0	0	0	0	0	0	0	4.02091e-06	0	2.09341e-06	6.71416e-07	0	6.14202e-07	0	0	0	0	0	0	0	7.0417e-07	0	1.22222e-06	1.44875e-06	0	4.84492e-06	2.34597e-06	0	0	6.70037e-07	1.15876e-06	1.40658e-06
FASYN-ELONG-PWY: fatty acid elongation -- saturated	5.5048e-06	1.76731e-05	7.072e-06	8.066e-06	7.68613e-06	4.40142e-06	9.78366e-06	1.62507e-05	3.10969e-06	1.0416e-05	1.05856e-06	5.13727e-06	0	0	1.44361e-05	2.3681e-06	3.41384e-06	4.31337e-06	0	0	4.55968e-06	1.11132e-05	1.41647e-06	1.51872e-06	3.77184e-05	1.0668e-06	2.87123e-05	3.27725e-05	2.46459e-06	1.88929e-05	3.42911e-06	8.08751e-06	3.48403e-06	4.56157e-06	1.45319e-06	4.98579e-05	1.21574e-05	0	1.85245e-05	4.68064e-06	1.94205e-05	7.04931e-06	2.27779e-05	3.29565e-06	9.59769e-07	1.54473e-06	0	1.18432e-05	9.01053e-06	4.25382e-06	3.83588e-06	1.09272e-05	1.00094e-05	2.44887e-05	2.03193e-06	4.8828e-06	7.02632e-06	6.06713e-06	6.71709e-06	6.93408e-06	7.25421e-06	1.4858e-06	1.21882e-05	0	1.09684e-05	6.92145e-06	3.20893e-06	0	1.67007e-05	6.87303e-06	1.24804e-05	0	1.45176e-05	4.53204e-06	0	9.67129e-06	2.12519e-06	5.53647e-06	1.62259e-06	2.36317e-06	3.65651e-06	3.43929e-06	2.36962e-06	6.38763e-06	7.95607e-06	4.93902e-06	3.90151e-05	3.46185e-06	2.0311e-06	1.89508e-06	1.60037e-05	4.63624e-06	2.46024e-06	0	1.21506e-06	1.02373e-05	4.77442e-06	1.77e-05	2.91778e-06	0	4.78992e-06	7.94487e-06	8.53906e-06	5.09774e-06	2.00472e-06	2.40684e-06	6.66456e-06	1.46641e-06	1.76447e-05	0	8.18078e-06	7.36116e-06	1.04291e-05	1.60262e-05	7.8406e-06	3.29331e-06	1.87924e-06	6.85879e-06	2.203e-05	1.18792e-05
FASYN-INITIAL-PWY: superpathway of fatty acid biosynthesis initiation (E. coli)	0	0	0	0	0	0	0	0	0	0	0	0	0	0	0	0	0	0	0	0	0	0	0	0	0	0	0	0	0	0	0	0	0	0	0	0	0	0	0	0	0	0	0	0	0	0	0	0	0	0	0	0	0	0	0	0	0	0	0	0	0	0	0	0	0	0	0	0	0	0	0	0	0	0	0	0	0	0	0	0	0	0	0	0	0	0	0	0	0	0	0	0	0	0	0	0	0	0	0	0	0	0	0	9.43667e-07	0	0	0	0	0	0	0	0	0	0	0	0	0	0	0	0
FERMENTATION-PWY: mixed acid fermentation	9.20698e-05	0.000131422	9.71402e-05	8.45089e-05	0.000105768	0.000128542	0.000112086	9.55612e-05	8.63234e-05	0.000116998	8.25141e-05	8.86661e-05	0.000104517	0.000123472	0.000113512	0.00010871	0.000125157	0.000104768	0.000102033	8.61584e-05	5.40061e-05	0.000109664	0.000118356	0.000108859	0.000101471	9.33567e-05	0.000130859	0.000110088	0.000134814	8.20071e-05	9.26338e-05	0.000115581	0.000129237	0.000121669	0.000115738	0.000134386	9.48522e-05	0.00012228	0.000134036	9.79501e-05	0.000123139	0.000103439	0.00015704	0.000127094	7.80881e-05	0.000102577	8.93936e-05	8.30349e-05	0.00011184	9.95675e-05	7.32525e-05	8.96083e-05	0.000131745	8.71168e-05	7.73718e-05	9.11183e-05	8.77664e-05	9.90471e-05	8.75834e-05	0.000118437	9.29463e-05	0.000101178	9.00523e-05	8.0073e-05	0.000103529	7.04686e-05	0.00010208	9.82667e-05	0.000101079	8.85693e-05	0.00011939	0.000123063	0.000127919	9.24898e-05	9.16138e-05	0.000119556	0.000105068	8.19763e-05	9.26072e-05	9.47057e-05	8.09642e-05	0.000124688	9.14768e-05	0.000101705	8.10873e-05	0.000120937	0.00013275	8.24939e-05	8.11643e-05	9.64021e-05	7.94097e-05	0.000112343	0.000109488	9.04025e-05	9.07097e-05	0.000123711	9.62422e-05	0.000114034	8.63322e-05	0.000110036	0.000139173	0.000105262	0.000122961	0.000156467	0.000109202	0.000123115	7.09026e-05	0.000116147	0.00013804	0.000107449	9.21912e-05	0.000104686	7.18392e-05	9.8245e-05	8.95404e-05	0.000101846	0.000103512	0.000130863	9.08176e-05	0.000125637
FOLSYN-PWY: superpathway of tetrahydrofolate biosynthesis and salvage	0	0	0	1.6594e-06	0	0	6.72625e-07	0	0	0	0	0	0	0	3.2922e-07	0	1.62771e-06	0	0	0	0	0	0	0	4.48186e-06	0	6.25009e-06	4.19365e-06	0	2.13508e-06	0	0	0	0	0	1.13234e-05	0	0	2.73559e-06	0	1.64953e-06	0	3.08745e-06	0	0	5.57381e-07	0	3.73198e-06	1.07949e-06	0	0	2.93346e-06	1.80703e-06	3.90094e-06	0	0	0	0	0	2.02742e-06	2.25692e-06	0	0	0	2.02872e-06	0	0	0	0	0	1.25988e-06	0	0	0	0	0	0	0	0	0	1.2268e-06	0	0	0	0	2.89814e-06	7.66528e-06	0	0	0	0	0	0	0	0	0	0	1.45373e-06	0	0	1.2801e-06	0	0	0	0	0	0	0	0	0	0	0	0	1.39661e-06	0	0	0	0	0	0
FUC-RHAMCAT-PWY: superpathway of fucose and rhamnose degradation	9.71833e-06	3.52047e-06	1.49625e-05	1.27191e-05	5.14044e-06	7.04883e-06	9.28966e-06	1.45963e-05	1.05057e-05	1.14247e-05	5.64224e-06	4.64199e-06	1.07596e-05	9.08428e-06	1.45854e-05	5.38285e-06	1.22576e-05	8.96639e-06	6.52617e-06	2.22579e-06	5.00331e-06	5.68615e-06	1.19471e-05	5.84051e-06	1.89069e-05	0	1.70966e-05	1.61365e-05	6.41057e-06	7.82261e-06	5.35618e-06	5.52901e-06	8.63996e-06	1.104e-05	9.16606e-06	3.25278e-05	8.56726e-06	3.53413e-06	1.19386e-05	5.48618e-06	7.85253e-06	7.54879e-06	8.7378e-06	4.28321e-06	1.18318e-05	4.62062e-06	6.19699e-06	9.16001e-06	7.41974e-06	5.70415e-06	1.18963e-05	1.15685e-05	8.65107e-06	4.45124e-06	1.38703e-05	7.04038e-06	6.58242e-06	1.28065e-05	8.76988e-06	7.97512e-06	8.46814e-06	1.17617e-05	1.236e-05	7.78761e-06	8.56497e-06	6.86329e-06	1.14961e-05	7.32528e-06	7.04695e-06	6.049e-06	5.2999e-06	2.89722e-06	1.41537e-05	7.90904e-06	4.91567e-06	1.11115e-05	8.47343e-06	1.30081e-05	6.42726e-06	1.24219e-05	1.30485e-05	1.35602e-05	7.32822e-06	1.1732e-05	1.151e-05	5.5854e-06	1.22572e-05	1.22708e-05	1.11676e-05	1.5087e-05	1.04172e-05	1.04747e-05	3.61174e-06	1.05646e-05	1.10836e-05	0	6.08376e-06	6.22882e-06	1.42283e-05	8.15445e-06	0	1.2768e-05	6.38977e-06	5.35985e-06	1.01689e-05	3.65429e-06	1.15093e-05	5.80258e-06	2.41334e-06	7.8261e-06	1.05188e-05	6.87885e-06	9.72846e-06	1.11523e-05	9.43378e-06	1.10731e-05	6.91301e-06	9.78408e-06	1.26289e-05	8.20764e-06
FUCCAT-PWY: fucose degradation	5.44098e-06	2.36671e-06	1.01255e-05	7.06572e-06	3.10242e-06	3.60498e-06	4.64316e-06	8.09028e-06	5.78163e-06	6.45466e-06	2.80874e-06	2.21178e-06	5.73531e-06	4.6534e-06	8.11258e-06	2.67998e-06	6.56016e-06	4.60072e-06	3.17676e-06	1.01765e-06	2.98128e-06	2.93114e-06	6.75675e-06	3.24561e-06	1.25114e-05	2.3104e-06	1.05549e-05	9.52397e-06	3.33131e-06	4.31582e-06	2.68498e-06	2.75259e-06	4.72713e-06	6.34648e-06	6.68929e-06	2.10007e-05	5.39891e-06	1.74885e-06	7.61054e-06	2.70814e-06	4.38737e-06	5.11365e-06	5.17745e-06	2.16056e-06	9.46247e-06	2.25968e-06	5.88156e-06	4.99779e-06	3.82806e-06	2.87525e-06	9.09807e-06	6.51683e-06	5.21139e-06	2.1838e-06	9.88751e-06	3.99172e-06	3.20968e-06	7.25844e-06	6.08319e-06	4.22419e-06	7.0268e-06	6.97223e-06	6.90656e-06	3.95127e-06	4.88775e-06	9.16533e-06	6.41836e-06	3.74488e-06	3.49744e-06	2.92325e-06	2.55748e-06	1.38925e-06	8.08211e-06	4.09109e-06	2.5134e-06	8.91435e-06	4.49916e-06	7.07932e-06	3.15634e-06	6.54236e-06	8.06005e-06	7.8232e-06	3.68384e-06	7.48951e-06	6.31844e-06	2.8031e-06	6.64418e-06	6.80178e-06	6.82147e-06	9.7795e-06	7.76092e-06	5.40148e-06	1.69176e-06	5.92894e-06	8.22107e-06	5.95314e-06	4.18862e-06	3.4442e-06	7.73916e-06	4.09605e-06	8.45693e-06	6.62168e-06	3.12325e-06	4.05768e-06	5.53083e-06	1.72947e-06	5.9695e-06	2.80125e-06	1.12738e-06	4.05105e-06	6.76239e-06	3.41531e-06	5.5666e-06	5.765e-06	4.87844e-06	6.41583e-06	3.45691e-06	5.1746e-06	7.16829e-06	5.02423e-06
GALACT-GLUCUROCAT-PWY: superpathway of hexuronide and hexuronate degradation	8.74988e-06	0	1.19139e-05	1.28227e-05	1.20797e-05	8.49492e-06	1.2177e-05	1.47436e-05	1.09605e-05	1.11974e-05	7.13954e-06	8.59842e-06	7.7434e-06	8.26346e-06	1.40532e-05	7.52393e-06	1.03141e-05	1.06951e-05	7.2887e-06	7.7472e-06	1.44363e-05	6.68814e-06	1.27797e-05	4.76595e-06	2.33723e-05	7.5971e-06	2.25903e-05	1.24338e-05	8.2767e-06	8.53015e-06	7.23572e-06	3.91489e-06	7.13898e-06	8.79559e-06	8.55897e-06	2.54569e-05	5.39793e-06	5.11319e-06	1.59022e-05	1.21134e-05	1.01816e-05	1.69719e-05	1.4023e-05	9.28841e-06	1.14316e-05	7.757e-06	1.21196e-05	1.04657e-05	7.06164e-06	9.38611e-06	1.25396e-05	1.39577e-05	1.176e-05	4.8032e-06	5.39489e-06	9.79294e-06	1.13337e-05	9.44616e-06	4.25076e-06	9.14753e-06	9.96768e-06	8.33556e-06	1.10139e-05	7.36766e-06	8.01011e-06	1.1275e-05	7.41111e-06	9.98802e-06	1.41645e-05	1.37325e-05	1.17691e-05	6.77706e-06	8.68698e-06	9.24651e-06	6.57044e-06	9.69638e-06	1.03308e-05	1.30663e-05	7.7359e-06	1.08201e-05	1.10171e-05	9.84363e-06	8.28468e-06	1.01593e-05	8.08506e-06	9.68981e-06	1.93273e-05	8.28491e-06	1.45894e-05	9.0035e-06	1.2937e-05	1.02052e-05	9.32799e-06	1.17629e-05	3.3602e-06	8.07477e-06	8.05924e-06	8.43223e-06	1.42625e-05	8.70646e-06	6.79736e-06	1.46076e-05	9.88794e-06	9.33732e-06	1.25048e-05	1.30357e-05	1.12632e-05	1.17408e-05	1.03203e-05	8.72298e-06	1.13776e-05	9.94228e-06	9.78518e-06	2.00275e-05	1.33897e-05	9.94072e-06	8.08482e-06	1.03134e-05	1.03554e-05	1.07973e-05
GALACTARDEG-PWY: D-galactarate degradation I	1.3161e-06	4.62946e-07	0	4.55089e-06	2.86775e-06	0	1.18985e-06	2.00524e-06	0	6.74983e-07	0	0	0	2.14663e-06	1.29232e-06	0	1.20852e-06	0	0	0	0	4.52377e-07	0	0	1.18969e-05	0	1.1072e-05	1.5789e-05	3.81018e-06	2.26768e-06	1.40164e-06	1.74153e-06	8.19204e-07	3.97335e-06	2.32695e-06	2.10952e-05	1.21987e-06	0	2.54417e-06	0	3.55076e-06	7.50559e-06	3.30261e-06	0	6.39739e-07	6.37818e-07	0	7.44088e-06	0	0	2.31221e-06	6.48539e-06	0	6.27237e-06	0	5.92842e-06	0	0	0	1.01056e-06	2.06828e-06	0	1.78199e-06	0	2.24372e-06	0	0	0	0	0	0	4.49616e-07	7.10568e-06	0	5.8849e-07	9.31463e-06	0	4.19467e-06	0	4.16973e-06	1.21191e-06	8.35223e-07	7.15562e-07	1.19596e-06	1.27637e-06	6.52924e-07	1.72106e-05	0	6.50801e-07	6.95211e-07	9.87516e-07	3.97997e-07	0	0	0	1.9003e-06	0	9.9261e-07	4.27386e-06	5.14083e-07	2.24368e-06	3.65923e-07	1.65951e-06	0	8.76967e-07	1.92703e-06	9.60768e-07	0	1.7634e-07	5.79947e-07	0	1.08266e-06	3.9176e-07	4.75667e-06	1.85473e-06	1.34712e-06	2.65111e-07	1.5977e-06	6.59564e-06	3.54624e-06
GALACTITOLCAT-PWY: galactitol degradation	8.49963e-07	0	7.74592e-07	1.22909e-07	9.28167e-07	8.01452e-07	5.75977e-07	7.66321e-07	5.85352e-07	1.10289e-06	6.40856e-07	1.10171e-06	0	9.22165e-07	1.01829e-06	1.38171e-06	1.41395e-06	1.33261e-06	9.5855e-07	5.64119e-07	0	6.096e-07	1.75862e-06	1.95261e-06	4.33751e-06	0	2.44023e-06	3.37589e-06	1.4525e-06	2.08903e-06	1.04706e-06	1.62089e-06	9.82974e-07	2.59418e-06	6.76752e-07	1.43426e-05	0	0	3.33725e-06	9.36182e-07	2.72181e-06	3.71262e-06	1.05357e-06	4.48821e-07	0	8.56085e-07	1.11045e-06	1.51068e-06	8.87836e-07	1.0124e-06	6.45946e-07	5.38025e-07	1.26169e-06	1.09586e-06	0	2.68795e-06	9.46447e-07	4.99922e-07	9.33265e-07	3.10839e-06	0	0	2.32028e-06	0	1.02746e-06	8.91303e-07	1.41565e-06	7.59671e-07	8.26027e-07	0	1.55102e-06	4.16667e-06	1.70804e-06	0	2.14129e-06	1.82732e-06	1.13975e-06	2.93154e-06	3.49854e-07	1.80483e-06	4.90888e-07	8.42365e-07	0	8.13654e-07	1.06494e-06	1.3679e-06	1.24559e-05	7.25377e-07	0	8.19331e-07	5.18184e-07	1.48921e-06	5.33715e-07	1.37879e-06	0	0	0	1.73579e-06	1.03915e-06	1.87198e-06	0	1.52117e-06	9.53703e-07	1.01072e-06	1.00447e-06	0	5.77635e-07	9.18251e-07	3.98486e-07	6.47488e-07	2.2164e-07	8.14449e-07	9.83657e-07	2.50363e-06	3.8883e-06	8.05029e-07	1.08658e-06	1.8883e-06	1.28952e-06	1.3453e-06
GALACTUROCAT-PWY: D-galacturonate degradation I	3.59551e-05	2.66183e-05	4.27141e-05	3.53553e-05	3.74862e-05	2.85944e-05	3.59784e-05	4.65662e-05	4.09957e-05	3.68018e-05	3.36286e-05	3.68694e-05	4.46419e-05	3.05036e-05	4.24063e-05	3.3826e-05	1.94934e-05	3.55793e-05	3.35284e-05	3.74688e-05	3.86636e-05	2.68936e-05	3.68305e-05	2.64913e-05	3.60718e-05	3.55321e-05	2.98335e-05	3.06536e-05	3.14155e-05	2.56592e-05	2.62098e-05	2.79555e-05	2.46841e-05	2.75065e-05	2.34496e-05	4.04063e-05	4.18679e-05	2.29129e-05	2.49974e-05	3.30966e-05	2.69769e-05	4.27031e-05	2.4647e-05	2.86144e-05	3.65349e-05	2.83761e-05	3.8938e-05	2.80195e-05	2.84262e-05	3.48796e-05	3.91614e-05	3.24702e-05	2.28886e-05	2.03127e-05	4.14883e-05	4.0125e-05	4.78459e-05	2.66355e-05	4.09663e-05	3.15312e-05	2.88126e-05	2.85028e-05	4.14584e-05	4.1132e-05	2.56193e-05	3.60318e-05	3.86397e-05	3.42401e-05	3.74181e-05	4.63586e-05	3.05813e-05	2.60601e-05	2.32788e-05	3.65271e-05	2.52065e-05	3.49847e-05	3.19488e-05	3.85398e-05	3.3361e-05	4.5633e-05	3.27746e-05	1.95829e-05	4.11525e-05	3.20441e-05	2.56424e-05	3.10266e-05	3.3574e-05	3.1235e-05	3.70575e-05	4.14685e-05	4.88814e-05	3.81811e-05	3.70466e-05	4.11459e-05	4.50613e-05	3.8044e-05	3.95001e-05	2.15304e-05	5.08727e-05	3.19765e-05	3.73263e-05	4.39708e-05	2.70942e-05	3.57812e-05	3.80901e-05	2.56883e-05	4.40912e-05	3.60927e-05	2.37983e-05	2.59907e-05	4.10347e-05	3.82329e-05	5.18679e-05	4.63538e-05	3.14687e-05	3.74728e-05	3.02037e-05	2.3052e-05	3.3281e-05	4.06234e-05
"GLCMANNANAUT-PWY: superpathway of N-acetylglucosamine, N-acetylmannosamine and N-acetylneuraminate degradation"	1.01159e-05	1.8225e-05	1.54652e-05	1.22332e-05	2.18703e-05	2.11614e-05	1.6633e-05	2.01214e-05	5.85732e-06	9.56368e-06	1.53316e-05	1.12462e-05	1.19671e-05	2.00666e-05	2.09422e-05	9.65751e-06	2.10759e-05	2.6755e-05	2.9687e-05	2.87861e-05	2.2539e-05	8.59056e-06	2.07801e-05	1.21308e-05	1.8792e-05	1.29787e-05	2.68153e-05	2.33464e-05	1.13754e-05	1.51954e-05	8.78372e-06	1.01676e-05	8.36022e-06	1.51219e-05	1.05229e-05	3.49266e-05	1.95092e-05	5.84859e-06	2.03855e-05	1.61798e-05	2.44665e-05	2.44764e-05	1.95363e-05	1.01827e-05	1.31684e-05	9.00532e-06	8.88213e-06	1.7288e-05	1.88779e-05	8.22799e-06	1.58634e-05	1.27955e-05	1.98995e-05	1.70884e-05	1.31691e-05	2.22672e-05	2.40925e-05	1.43556e-05	1.04049e-05	1.02545e-05	1.21178e-05	1.184e-05	1.5466e-05	1.33503e-05	1.14369e-05	1.46313e-05	1.60995e-05	1.31395e-05	3.55537e-05	1.19077e-05	1.7168e-05	2.08489e-05	2.75774e-05	1.64617e-05	1.69732e-05	2.2589e-05	1.94472e-05	1.00015e-05	1.45856e-05	1.40053e-05	1.46062e-05	1.80654e-05	1.04182e-05	1.34256e-05	1.86324e-05	1.94672e-05	2.35795e-05	9.1651e-06	1.08351e-05	1.3107e-05	1.04048e-05	1.61794e-05	2.12872e-05	1.19727e-05	1.65329e-05	1.21651e-05	1.44397e-05	1.32532e-05	1.91365e-05	1.20639e-05	2.38362e-05	2.03329e-05	2.64553e-05	1.28003e-05	1.69894e-05	2.72121e-05	1.90191e-05	8.95499e-06	1.10351e-05	1.87066e-05	1.62533e-05	1.25302e-05	1.04677e-05	1.88784e-05	1.67242e-05	1.0751e-05	1.38074e-05	1.82729e-05	1.70495e-05	2.31969e-05
GLUCARDEG-PWY: D-glucarate degradation I	1.28021e-06	4.62094e-07	0	4.13951e-06	2.79203e-06	0	1.18365e-06	1.95571e-06	0	6.72184e-07	0	0	0	2.14644e-06	1.27233e-06	0	1.20659e-06	0	0	0	0	4.5086e-07	0	0	1.1296e-05	0	1.01182e-05	1.50311e-05	3.79088e-06	2.2433e-06	1.33676e-06	1.69618e-06	8.20696e-07	3.8907e-06	2.30828e-06	1.85574e-05	1.18867e-06	0	2.53372e-06	0	3.48419e-06	7.31577e-06	3.23058e-06	0	6.20329e-07	6.29996e-07	0	6.26251e-06	0	0	2.23308e-06	5.91366e-06	0	5.81674e-06	0	5.85139e-06	0	0	0	1.00666e-06	2.01115e-06	0	1.707e-06	0	2.22497e-06	0	0	0	0	0	0	4.48959e-07	6.97655e-06	0	5.85923e-07	8.11774e-06	0	3.83733e-06	0	3.92008e-06	1.17568e-06	8.35243e-07	6.9752e-07	1.16319e-06	1.25631e-06	6.51308e-07	1.5288e-05	0	6.45831e-07	6.84081e-07	9.40443e-07	3.97561e-07	0	0	0	1.87367e-06	0	9.84446e-07	3.84929e-06	5.12794e-07	2.23424e-06	3.64198e-07	1.64925e-06	0	8.7172e-07	1.91875e-06	9.38177e-07	0	1.7567e-07	5.78754e-07	0	1.06265e-06	3.84703e-07	4.35197e-06	1.7793e-06	1.29922e-06	2.64531e-07	1.59393e-06	6.22609e-06	3.4021e-06
GLUCARGALACTSUPER-PWY: superpathway of D-glucarate and D-galactarate degradation	1.3161e-06	4.62946e-07	0	4.55089e-06	2.86775e-06	0	1.18985e-06	2.00524e-06	0	6.74983e-07	0	0	0	2.14663e-06	1.29232e-06	0	1.20852e-06	0	0	0	0	4.52377e-07	0	0	1.18969e-05	0	1.1072e-05	1.5789e-05	3.81018e-06	2.26768e-06	1.40164e-06	1.74153e-06	8.19204e-07	3.97335e-06	2.32695e-06	2.10952e-05	1.21987e-06	0	2.54417e-06	0	3.55076e-06	7.50559e-06	3.30261e-06	0	6.39739e-07	6.37818e-07	0	7.44088e-06	0	0	2.31221e-06	6.48539e-06	0	6.27237e-06	0	5.92842e-06	0	0	0	1.01056e-06	2.06828e-06	0	1.78199e-06	0	2.24372e-06	0	0	0	0	0	0	4.49616e-07	7.10568e-06	0	5.8849e-07	9.31463e-06	0	4.19467e-06	0	4.16973e-06	1.21191e-06	8.35223e-07	7.15562e-07	1.19596e-06	1.27637e-06	6.52924e-07	1.72106e-05	0	6.50801e-07	6.95211e-07	9.87516e-07	3.97997e-07	0	0	0	1.9003e-06	0	9.9261e-07	4.27386e-06	5.14083e-07	2.24368e-06	3.65923e-07	1.65951e-06	0	8.76967e-07	1.92703e-06	9.60768e-07	0	1.7634e-07	5.79947e-07	0	1.08266e-06	3.9176e-07	4.75667e-06	1.85473e-06	1.34712e-06	2.65111e-07	1.5977e-06	6.59564e-06	3.54624e-06
GLUCONEO-PWY: gluconeogenesis I	0.000174257	0.00017654	0.000209259	0.000168971	0.000205588	0.00021247	0.000177721	0.000231625	0.000176556	0.000167277	0.000177607	0.000167703	0.000186327	0.000184635	0.000216944	0.00016112	0.000189461	0.000207372	0.00023217	0.000231898	0.000197989	0.000194714	0.000188115	0.000174996	0.000184228	0.000192334	0.000159417	0.000187534	0.000181553	0.000179155	0.000174262	0.000183061	0.000155851	0.00017629	0.000171706	0.000235822	0.000195322	0.000152876	0.000231784	0.000217996	0.00020974	0.000237199	0.000203289	0.000191122	0.000185368	0.000167227	0.000169193	0.000170637	0.000220527	0.000164038	0.000195699	0.000175869	0.000189387	0.000120651	0.000184097	0.000212352	0.000237676	0.000171794	0.000167545	0.000180862	0.000169743	0.000184967	0.000226989	0.000177593	0.000169504	0.000168846	0.000169769	0.000187252	0.000225728	0.000193701	0.000174527	0.000194251	0.000214913	0.00018168	0.000196978	0.000196322	0.000201654	0.000181815	0.000179989	0.000170884	0.00017723	0.000168254	0.000180933	0.000167125	0.000179526	0.000205183	0.000209308	0.000177836	0.00016722	0.000203995	0.00018989	0.000198901	0.000187856	0.000210951	0.000186294	0.000179585	0.000162911	0.000187966	0.000216972	0.000165626	0.000195489	0.000201814	0.000194988	0.000188075	0.000199324	0.000169728	0.00025669	0.00015773	0.000193144	0.000172626	0.000186115	0.000178742	0.00020727	0.000227712	0.000177956	0.000170484	0.000166164	0.000175914	0.00018047	0.000244638
GLUCOSE1PMETAB-PWY: glucose and glucose-1-phosphate degradation	9.36177e-05	9.71204e-05	0	9.81951e-05	9.04066e-05	0	8.25712e-05	0.000113135	0.000109746	8.54726e-05	0	0	0	8.91095e-05	0.000103491	0	0.00012615	0.00011821	0	0	0.000157358	9.23992e-05	0.000103424	0	8.70907e-05	7.73217e-05	7.91703e-05	8.0445e-05	9.80799e-05	7.58471e-05	0	8.44455e-05	7.48409e-05	9.46695e-05	7.85451e-05	0.000116379	7.29053e-05	0	0.000127582	9.89497e-05	0.000111968	0.000104235	0.000116683	9.69648e-05	0.000114965	8.28735e-05	0	0.000108516	0.000145995	8.99713e-05	0.000113277	0.000106063	0.000107732	5.14555e-05	0	0.000160246	0	0	0	7.38815e-05	9.63595e-05	0	0.000115643	0	8.05255e-05	0	0	8.83219e-05	0.000149847	0	0.000109374	0	0.000175499	0.000111982	0	9.83775e-05	0.000128657	8.11873e-05	9.01987e-05	0	9.17677e-05	0.000110198	8.86616e-05	0.000107693	0.000100988	0.000151322	9.12027e-05	0	7.92476e-05	0	8.63834e-05	0	0	0.000103419	0	0	8.52027e-05	7.2062e-05	9.90294e-05	6.43075e-05	0.000104303	0	0	7.2306e-05	9.47478e-05	0.000116189	0.000107857	0	8.21388e-05	9.50586e-05	9.14936e-05	9.22616e-05	0.000103922	0.000116364	0.000105509	8.92897e-05	9.5067e-05	0.000102605	0.000139112	0.000106454
GLUCUROCAT-PWY: superpathway of &beta;-D-glucuronosides degradation	3.63374e-05	2.77369e-05	3.81325e-05	3.62452e-05	3.54531e-05	3.46159e-05	3.44453e-05	4.94853e-05	3.91458e-05	3.2752e-05	3.49278e-05	3.41631e-05	4.36589e-05	3.28142e-05	4.46227e-05	2.67283e-05	2.387e-05	3.99652e-05	3.75508e-05	4.22104e-05	4.61073e-05	2.98229e-05	4.06325e-05	2.79631e-05	3.78687e-05	3.70194e-05	3.02343e-05	3.13895e-05	2.9652e-05	2.17646e-05	2.04743e-05	3.27177e-05	2.16918e-05	3.07848e-05	2.58426e-05	4.8163e-05	4.03233e-05	1.90842e-05	3.2792e-05	4.0338e-05	3.39446e-05	4.38469e-05	3.18757e-05	3.27648e-05	3.68532e-05	2.70236e-05	2.59149e-05	3.181e-05	4.37732e-05	3.03039e-05	4.18386e-05	3.47787e-05	2.71564e-05	2.12458e-05	3.73524e-05	4.35409e-05	5.3342e-05	2.90556e-05	3.04633e-05	3.2383e-05	3.14314e-05	3.07259e-05	4.38817e-05	3.35016e-05	2.87461e-05	3.78388e-05	3.58794e-05	3.38264e-05	4.32949e-05	3.24182e-05	3.33085e-05	3.11983e-05	6.43258e-05	4.25529e-05	2.95856e-05	4.15152e-05	3.83859e-05	3.57349e-05	3.15202e-05	3.86517e-05	3.43955e-05	2.21063e-05	3.58265e-05	3.47689e-05	2.92596e-05	3.88051e-05	3.80253e-05	3.2702e-05	3.65514e-05	4.52622e-05	4.03934e-05	3.88331e-05	3.90487e-05	4.3045e-05	3.19191e-05	3.53924e-05	3.59508e-05	2.46254e-05	4.73034e-05	2.88123e-05	4.14621e-05	3.88861e-05	3.36877e-05	3.13813e-05	4.03879e-05	3.21281e-05	5.14206e-05	3.47952e-05	2.81121e-05	2.96983e-05	4.02257e-05	3.53462e-05	3.56361e-05	4.89344e-05	3.48358e-05	3.38458e-05	3.15803e-05	2.56751e-05	3.48192e-05	4.62111e-05
GLUDEG-I-PWY: GABA shunt	4.40134e-06	6.07239e-06	8.75058e-06	5.7768e-06	1.09616e-05	4.42044e-06	7.67794e-06	9.56213e-06	5.9309e-06	2.68678e-06	3.59105e-06	5.30979e-06	5.77685e-06	1.01911e-05	1.07828e-05	7.66789e-06	5.30408e-06	8.77357e-06	1.0348e-05	6.70123e-06	1.40839e-06	1.76429e-06	6.38957e-06	3.38443e-06	4.71156e-06	5.3036e-06	2.18072e-06	7.71938e-06	3.63299e-06	7.27348e-06	3.54451e-06	3.62172e-06	5.73015e-06	3.39054e-06	9.52025e-07	7.63579e-06	6.21375e-06	1.48324e-06	3.36962e-06	2.67944e-06	1.60198e-06	5.34131e-06	2.60464e-06	2.35713e-06	5.58867e-06	2.08909e-06	5.94582e-06	8.31782e-06	3.45473e-06	4.1736e-06	7.62831e-06	5.91249e-06	6.06339e-06	2.69372e-06	4.38533e-06	7.26544e-06	7.21059e-06	7.60824e-06	4.64124e-06	5.63958e-06	4.75886e-06	4.33277e-06	7.75335e-06	7.79844e-06	4.1189e-06	6.13584e-06	6.18021e-06	6.21626e-06	1.15708e-05	8.94768e-06	1.08232e-05	3.68709e-06	6.11976e-06	5.68366e-06	6.08047e-06	3.16967e-06	6.86058e-06	7.08433e-06	7.71685e-06	8.21797e-06	6.00295e-06	5.87121e-06	6.98735e-06	2.66003e-06	9.99033e-06	3.9785e-06	3.3214e-06	4.32021e-06	4.70746e-06	6.30978e-06	4.90389e-06	1.18483e-05	1.1479e-05	6.64576e-06	7.75885e-06	5.95213e-06	5.30268e-06	2.42852e-06	1.00502e-05	4.8851e-06	9.4305e-06	1.02009e-05	9.4412e-06	5.13781e-06	6.06519e-06	8.47189e-06	8.86461e-06	4.00242e-06	3.72954e-06	7.22357e-06	7.52525e-06	8.71311e-06	7.89623e-06	1.22936e-05	5.95683e-06	5.37821e-06	9.09644e-06	6.42314e-06	7.31617e-06	4.06806e-06
GLUTORN-PWY: L-ornithine biosynthesis I	0.000243746	0.000236817	0.000216141	0.000220279	0.000180981	0.0003268	0.000185943	0.000212817	0.000232393	0.000235382	0.000185633	0.000240585	0.000211899	0.000275532	0.000249516	0.000198313	0.000287913	0.000242246	0.00021846	0.000200579	0.000169214	0.000235648	0.0002424	0.000272137	0.000254741	0.000231187	0.000429401	0.000260659	0.000177015	0.000247278	0.00029437	0.000339311	0.000312627	0.000262673	0.000291161	0.000191958	0.000245988	0.000236481	0.00030223	0.000247847	0.000263992	0.000187684	0.00038136	0.000319079	0.000211264	0.000310204	0.000175369	0.000336801	0.000321754	0.000247346	0.000201687	0.000250523	0.000246842	0.00136712	0.000185009	0.000182586	0.000195464	0.000257068	0.000178875	0.000231259	0.000259423	0.000246027	0.000248027	0.00018513	0.000330597	0.000240848	0.000238542	0.000242206	0.000310702	0.000191094	0.00025145	0.000204156	0.000331927	0.00023473	0.000202323	0.000296187	0.000254456	0.000210584	0.000352597	0.00020845	0.000209039	0.000277057	0.000251965	0.000249902	0.000227792	0.000306237	0.000462633	0.000235962	0.000232763	0.000245076	0.000173976	0.000273477	0.000263632	0.000240456	0.000132662	0.000166439	0.000227761	0.000308764	0.000217917	0.00020429	0.000253909	0.000221835	0.000236284	0.000163734	0.000205555	0.000253171	0.000206996	0.000186778	0.000254618	0.000294912	0.000198619	0.000232348	0.00020086	0.000250152	0.00027986	0.000242148	0.000245154	0.000315827	0.000234218	0.000197365
GLYCOCAT-PWY: glycogen degradation I	3.76761e-05	1.92938e-05	2.5128e-06	9.5747e-07	5.05622e-06	0	9.43256e-06	2.46908e-06	0	4.93502e-07	1.05318e-05	5.64314e-06	3.01601e-06	2.91436e-06	2.17844e-07	3.44259e-06	0	7.01569e-06	0	1.82519e-06	0	7.38738e-06	2.50514e-06	7.39069e-06	6.10481e-06	3.01582e-06	1.55714e-05	4.20679e-06	8.2315e-06	9.88754e-06	7.78065e-06	8.95202e-06	1.06019e-05	3.17162e-06	4.74851e-06	2.1003e-05	5.71024e-06	1.04996e-05	6.64288e-06	8.38239e-06	9.37297e-06	8.91435e-06	1.31195e-05	8.87401e-06	0	5.31882e-06	4.12946e-06	9.44587e-06	0	8.99421e-06	7.55013e-06	1.23446e-05	5.09277e-06	3.45997e-05	9.83052e-06	6.71917e-06	5.00038e-06	7.1575e-06	3.61104e-06	7.40937e-06	3.13027e-07	0	7.75566e-06	5.89545e-06	4.29355e-06	9.82915e-06	6.72465e-06	0	0	0	2.775e-06	0	5.14909e-06	2.90869e-06	0	1.99489e-05	1.50614e-06	0	1.53077e-06	5.25594e-06	7.33965e-06	6.73403e-06	8.2515e-06	5.62355e-07	2.19249e-06	1.74712e-07	1.66947e-05	4.76542e-06	5.83212e-06	0	4.08194e-06	1.70261e-05	9.50761e-06	0	6.02521e-06	1.8119e-05	2.3329e-05	3.69683e-06	6.00426e-06	4.8549e-06	0	4.55458e-06	5.34841e-07	5.88407e-06	1.12147e-05	0	1.05548e-06	9.4946e-07	1.27718e-06	4.41278e-07	1.17646e-05	9.22177e-06	9.46057e-06	3.36889e-06	2.34032e-06	1.52523e-05	1.04539e-05	1.64767e-05	0.000132873	3.30778e-07
GLYCOGENSYNTH-PWY: glycogen biosynthesis I (from ADP-D-Glucose)	0.000316791	0.00039249	0.000311731	0.000352683	0.00034661	0.000446444	0.000326695	0.000366992	0.000325254	0.000334282	0.000273736	0.000317101	0.000337446	0.00037684	0.000364788	0.000294015	0.000428049	0.000421565	0.000378829	0.000373935	0.00041497	0.000298746	0.000386005	0.000296687	0.000294509	0.00027778	0.000245683	0.000305006	0.000295484	0.00022893	0.000230102	0.000293851	0.00027771	0.000396287	0.000319426	0.000392808	0.000305833	0.000282384	0.000449301	0.00032516	0.000379157	0.000426649	0.000348399	0.000365669	0.000318205	0.000255617	0.00027866	0.000271022	0.000429375	0.000305156	0.000367477	0.000350406	0.000415924	0.000199973	0.000310013	0.000388993	0.000361137	0.000302688	0.000286478	0.000378336	0.000312697	0.000287848	0.000336767	0.000274046	0.000264292	0.000339587	0.000314094	0.000346919	0.000451013	0.000290951	0.000387968	0.000438573	0.00044433	0.000344074	0.000369928	0.000363096	0.000404899	0.000305522	0.000288234	0.000335982	0.000308524	0.000397552	0.000293507	0.000352859	0.000322717	0.000397836	0.000279305	0.000319398	0.000314104	0.00037389	0.000306822	0.000347012	0.00030994	0.000338535	0.00029637	0.000351804	0.000309981	0.00026463	0.000327047	0.000310303	0.000487421	0.000341918	0.0004226	0.000447029	0.000375229	0.000401701	0.000365414	0.000337795	0.000323368	0.000370784	0.000334294	0.000307965	0.000301953	0.000358474	0.00034705	0.000295967	0.000333172	0.000378895	0.000332447	0.000385818
GLYCOL-GLYOXDEG-PWY: superpathway of glycol metabolism and degradation	0	0	0	0	0	0	2.95703e-07	0	0	0	0	0	0	0	3.76417e-07	0	2.45357e-07	0	0	0	0	0	0	0	2.13803e-06	0	1.86499e-07	5.05663e-07	1.755e-07	0	0	0	0	1.71453e-07	3.18921e-07	2.91956e-06	0	0	6.24942e-07	0	0	0	2.99675e-07	0	0	0	0	2.33193e-07	0	2.71465e-07	4.84222e-07	3.8996e-07	0	0	0	0	0	0	0	6.53907e-07	0	0	0	0	4.66796e-07	0	0	0	0	0	0	0	1.20671e-07	0	0	1.66424e-07	0	0	0	0	0	0	0	3.9809e-07	3.59468e-07	0	1.78368e-06	0	0	0	1.98076e-07	1.04765e-07	0	0	0	0	0	2.56029e-07	0	0	0	0	0	0	6.65938e-07	0	0	0	4.45627e-07	0	0	1.55769e-07	0	3.79359e-07	0	3.53553e-07	0	1.03479e-07	0	0
GLYCOLYSIS-E-D: superpathway of glycolysis and the Entner-Doudoroff pathway	3.50028e-05	2.4356e-05	0	8.7853e-06	2.60924e-06	1.13416e-05	5.64181e-06	8.70805e-06	0	4.43243e-06	4.99607e-06	3.17991e-05	5.49986e-06	3.62159e-06	8.00439e-06	1.67845e-06	3.36376e-06	7.30143e-06	2.525e-06	3.16195e-06	3.98002e-06	6.43873e-06	2.1055e-06	2.72507e-05	3.73746e-05	9.58753e-06	5.02973e-05	2.29986e-05	4.09115e-06	2.89015e-05	6.71206e-06	2.50724e-05	2.79569e-05	3.08629e-05	4.45736e-06	4.54849e-05	1.80005e-05	7.1451e-06	2.26238e-05	2.44624e-06	2.40006e-05	5.36116e-06	3.64176e-05	4.00954e-06	7.15329e-06	1.46795e-05	0	4.73025e-05	6.05879e-06	1.72943e-05	1.15283e-05	2.51108e-05	1.83224e-05	3.14118e-05	0	3.99834e-06	0	8.65168e-06	4.87053e-06	1.12658e-05	5.78296e-06	1.77715e-06	2.34853e-05	3.98864e-06	3.30575e-05	1.57793e-05	1.33458e-05	8.13722e-06	1.60295e-06	0	8.11695e-06	3.27709e-06	1.1069e-05	1.65152e-06	9.25189e-07	4.14594e-05	6.43272e-06	6.18135e-06	1.26866e-05	2.02248e-06	1.46754e-05	1.28936e-05	1.44671e-05	9.93465e-06	2.26738e-05	1.69945e-05	5.6211e-05	2.12114e-06	1.38661e-05	4.28333e-06	8.47016e-06	5.42471e-05	4.18193e-05	2.4752e-06	0	1.79313e-05	4.35024e-05	1.73907e-05	5.0723e-06	1.39615e-06	4.66056e-06	1.25438e-06	4.99262e-06	1.47257e-06	1.1368e-05	6.41558e-06	1.07216e-05	2.25899e-06	1.11834e-05	2.88404e-06	8.16013e-06	2.00508e-05	1.45956e-05	1.39951e-05	9.92879e-06	1.6313e-05	1.93697e-05	4.35679e-05	6.7956e-05	5.47043e-06
"GLYCOLYSIS-TCA-GLYOX-BYPASS: superpathway of glycolysis, pyruvate dehydrogenase, TCA, and glyoxylate bypass"	0	0	0	6.77206e-07	0	0	0	0	0	0	0	0	0	0	3.20326e-07	0	0	0	0	0	0	0	0	0	9.43408e-07	0	5.39351e-07	7.62662e-07	0	9.32624e-07	0	0	0	3.31936e-07	0	1.4624e-06	0	0	6.73181e-07	0	5.94658e-07	0	1.70197e-06	0	0	0	0	5.61154e-07	0	0	0	8.7194e-07	0	1.87524e-06	0	0	0	0	0	7.52771e-07	0	0	6.70471e-07	0	4.54339e-07	0	0	0	0	0	0	0	7.51755e-07	0	0	1.06277e-06	0	4.54807e-07	0	0	0	0	0	0	0	0	1.06918e-06	0	0	0	0	0	0	0	0	0	0	0	0	0	0	0	0	0	0	0	0	0	0	0	0	0	0	6.52654e-07	5.357e-07	0	0	0	0	0
GLYCOLYSIS: glycolysis I (from glucose 6-phosphate)	0.000313851	0.000368628	0.000301407	0.000326058	0.000210393	0.000357281	0.000227031	0.000271614	0.000342518	0.000372834	0.000256182	0.000298376	0.000296659	0.000371689	0.000345541	0.000305396	0.00031856	0.000281939	0.000272982	0.000243534	0.000139226	0.000317264	0.00029379	0.000326323	0.000344645	0.00037758	0.000394472	0.000329545	0.000309841	0.000310138	0.000344521	0.00043276	0.000373286	0.000338133	0.000356092	0.000268573	0.000397307	0.000327725	0.000376994	0.000304499	0.000382946	0.00031196	0.000474145	0.000397665	0.000240536	0.000399843	0.000267036	0.000436411	0.000330636	0.000333054	0.00022491	0.000317594	0.000362283	0.000440179	0.000232569	0.000381114	0.000228148	0.000329889	0.00026873	0.000251931	0.000379971	0.000365794	0.000309547	0.000240728	0.000411131	0.000377176	0.000319612	0.000329602	0.000317141	0.000301138	0.00033885	0.000230387	0.000334325	0.000206524	0.000271165	0.000446183	0.00029972	0.000278929	0.000444227	0.000265073	0.000237685	0.000338354	0.000329993	0.000264993	0.000315445	0.000323802	0.000474005	0.000313243	0.000322374	0.00032809	0.000268061	0.000366674	0.000328483	0.000371755	0.00019876	0.000361101	0.000346936	0.000379013	0.000262347	0.000299851	0.000250924	0.000315596	0.00029959	0.000442543	0.000256044	0.000326089	0.000265745	0.000234724	0.000362879	0.000366628	0.000234244	0.000295137	0.000269159	0.000203815	0.00032875	0.000299148	0.000342604	0.000356962	0.000317779	0.000287122
GLYOXYLATE-BYPASS: glyoxylate cycle	2.86445e-06	7.83869e-07	0	1.85174e-06	1.26853e-06	0	1.01326e-06	1.60245e-06	0	4.25967e-06	0	0	0	1.03572e-06	3.62625e-06	0	2.49262e-06	0	5.52913e-07	0	6.34338e-07	1.14689e-06	1.05671e-06	0	3.63681e-05	1.41849e-06	3.12719e-05	2.65445e-05	2.47063e-06	1.20396e-05	3.37184e-06	4.18004e-06	2.44249e-06	8.02787e-06	3.78861e-06	4.77503e-05	3.14162e-06	0	7.64533e-06	0	8.40739e-06	8.28608e-06	1.44632e-05	9.01147e-07	1.57073e-06	2.27824e-06	1.27629e-06	1.07708e-05	1.85944e-06	1.29166e-06	3.77978e-06	5.31833e-06	4.02652e-06	9.42648e-06	0	1.26832e-06	0	0	0	6.50048e-06	5.42068e-06	0	9.12286e-06	0	5.97808e-06	0	1.01246e-06	4.03514e-07	5.68665e-07	7.17957e-07	2.25913e-06	8.22601e-07	6.39323e-06	0	0	9.26856e-06	0	7.90941e-06	2.49782e-06	3.49233e-07	4.98503e-06	0	1.29725e-06	5.21666e-06	1.99678e-06	1.63869e-06	2.8269e-05	0	1.12605e-06	0	2.12833e-06	4.55432e-07	2.25524e-06	0	3.77674e-07	3.13056e-06	0	7.74943e-06	1.06068e-06	0	5.96361e-06	1.60651e-06	1.99015e-06	2.0757e-06	2.44063e-06	2.54166e-06	3.99133e-07	0	1.38828e-06	1.51269e-06	2.07471e-06	7.11882e-07	2.3499e-06	1.15968e-05	6.05106e-06	2.72021e-06	7.57643e-07	4.21145e-06	1.77486e-06	2.60881e-06
"GOLPDLCAT-PWY: superpathway of glycerol degradation to 1,3-propanediol"	1.73134e-06	1.52343e-06	0	6.1428e-07	2.64709e-06	5.07312e-06	4.40027e-06	0	0	2.313e-07	9.90703e-07	7.62963e-07	8.06012e-07	8.13865e-07	2.39606e-06	1.66943e-06	4.10555e-06	5.39983e-07	7.39997e-07	4.71509e-07	0	1.0509e-06	1.16425e-06	1.65578e-06	1.07498e-06	9.24585e-07	1.48974e-06	1.25726e-06	2.6765e-06	3.27385e-07	9.03086e-07	1.09883e-06	4.78168e-06	2.67177e-06	3.76644e-06	1.2322e-06	1.40191e-06	6.36169e-06	6.44262e-06	2.70678e-06	5.92296e-06	4.32252e-06	3.77795e-06	6.17355e-06	7.08198e-07	2.02625e-06	2.49266e-07	2.38824e-06	4.24941e-06	1.22269e-06	7.77157e-07	1.34197e-06	2.53992e-06	1.43637e-06	2.73381e-07	0	8.74395e-07	8.44565e-07	1.852e-06	0	4.63497e-07	8.21355e-07	3.28851e-06	4.02195e-07	2.27904e-06	9.18487e-07	8.81973e-07	1.72168e-06	6.0534e-06	6.16035e-07	1.66642e-06	1.46204e-06	3.55231e-06	1.73223e-06	0	1.77883e-06	1.16897e-06	1.2581e-06	2.2253e-07	4.80336e-06	1.56872e-06	2.22629e-06	4.66238e-07	2.69473e-07	4.9935e-07	6.30552e-06	8.42351e-07	0	1.6703e-06	1.48488e-06	4.86459e-07	3.48085e-06	2.01025e-06	2.0774e-06	3.95644e-06	5.31806e-06	0	1.0021e-06	5.94146e-07	1.48506e-06	0	9.48074e-07	2.7325e-06	5.62511e-06	2.76069e-06	2.40506e-06	4.90715e-07	2.6249e-06	9.397e-07	1.11932e-06	5.96364e-06	1.42188e-06	1.85842e-06	9.57443e-07	0	6.20974e-07	9.62873e-07	3.51353e-06	3.58566e-06	1.9814e-06
HCAMHPDEG-PWY: 3-phenylpropanoate and 3-(3-hydroxyphenyl)propanoate degradation to 2-hydroxypentadienoate	3.10283e-07	0	0	0	3.33855e-07	0	4.62927e-07	4.9781e-07	0	3.45528e-07	0	0	0	0	8.67575e-07	0	0	0	0	0	0	0	0	0	5.68582e-06	0	5.61659e-06	2.53009e-06	2.29339e-07	1.09505e-06	3.21467e-07	0	2.94022e-07	3.19796e-07	8.40029e-07	9.78773e-06	0	0	1.49135e-06	0	2.09924e-06	0	4.95679e-07	0	0	0	0	8.78646e-07	0	1.8856e-07	4.83846e-07	5.91054e-07	0	4.71413e-06	0	0	0	0	0	1.28048e-06	3.03689e-07	0	7.04994e-07	0	1.34549e-06	0	0	0	0	0	5.00717e-07	0	9.42657e-07	0	0	2.06627e-06	0	3.86716e-07	0	0	5.64878e-07	5.4909e-07	0	6.29875e-07	2.75931e-07	2.25046e-07	6.76488e-06	0	1.31406e-07	0	6.34434e-07	7.96985e-07	0	0	0	0	0	1.69316e-06	4.46486e-07	0	0	1.78377e-07	0	0	0	2.22629e-07	0	0	4.40309e-07	0	0	0	0	2.19963e-06	6.75227e-07	1.94968e-07	0	6.97777e-07	5.18402e-07	0
HEME-BIOSYNTHESIS-II-1: heme b biosynthesis V (aerobic)	7.64986e-07	0	0	7.11803e-07	6.47296e-07	0	5.92604e-07	1.01848e-06	0	5.932e-07	0	0	2.91133e-07	5.0349e-07	5.81277e-07	0	1.05851e-06	0	0	0	0	3.34631e-07	4.53978e-07	0	9.50112e-06	0	8.14472e-06	3.79894e-06	6.38135e-07	3.08521e-06	8.05338e-07	1.27266e-06	8.905e-07	1.15908e-06	2.20755e-06	1.07238e-05	1.22634e-06	0	1.42853e-06	0	2.64955e-06	1.83503e-06	1.95324e-06	4.85916e-07	6.43083e-07	0	0	2.57042e-06	0	5.8718e-07	0	4.59769e-07	0	3.14694e-06	0	6.09005e-07	0	0	0	1.83317e-06	3.99658e-07	0	9.94862e-07	0	5.35853e-07	0	0	0	0	0	5.65113e-07	0	1.34758e-06	0	0	6.59306e-07	0	1.77605e-06	5.77722e-07	0	4.09609e-07	6.13463e-07	0	7.84048e-07	1.59881e-06	5.48278e-07	9.03301e-06	0	3.93781e-07	0	4.03685e-07	0	0	6.42126e-07	0	1.55117e-06	0	1.09577e-06	6.89851e-07	0	9.8365e-07	0	0	0	0	0	5.20344e-07	0	0	0	5.53514e-07	0	3.8283e-07	1.78396e-06	2.06361e-06	5.8759e-07	4.02381e-07	1.90175e-06	1.11362e-06	0
HEME-BIOSYNTHESIS-II: heme b biosynthesis I (aerobic)	7.64986e-07	6.36536e-07	0	7.11803e-07	6.47296e-07	0	5.05743e-07	1.01848e-06	0	5.932e-07	0	0	0	5.0349e-07	5.81277e-07	0	1.05851e-06	0	0	0	0	3.34631e-07	4.53978e-07	0	9.50112e-06	0	8.14472e-06	3.79894e-06	6.38135e-07	3.08521e-06	8.05338e-07	1.27266e-06	8.09596e-07	1.15908e-06	2.03364e-06	9.82537e-06	1.1217e-06	0	1.42853e-06	0	2.37135e-06	1.83503e-06	1.95324e-06	1.95114e-07	6.43083e-07	0	0	2.8351e-06	4.32648e-07	9.64002e-07	0	1.13875e-06	1.16079e-06	3.14694e-06	0	6.09005e-07	0	0	0	1.83317e-06	0	0	9.94862e-07	0	5.73674e-07	0	0	0	0	0	5.65113e-07	0	1.34758e-06	0	0	6.59306e-07	0	3.4249e-06	1.83445e-06	0	1.48986e-06	6.13463e-07	0	7.84048e-07	1.59881e-06	5.48278e-07	9.03301e-06	0	3.93781e-07	0	2.439e-06	0	0	6.42126e-07	0	1.55117e-06	0	1.09577e-06	6.89851e-07	0	9.8365e-07	0	0	0	0	0	5.20344e-07	0	0	0	5.53514e-07	0	3.8283e-07	1.78396e-06	1.66889e-06	5.8759e-07	4.02381e-07	1.90175e-06	4.66696e-07	0
HEMESYN2-PWY: heme b biosynthesis II (oxygen-independent)	2.43322e-06	2.17744e-06	6.97903e-07	1.45777e-06	1.08446e-06	1.94549e-06	2.2324e-06	1.74505e-06	2.78585e-06	1.23591e-06	0	0	1.91067e-06	2.18031e-06	4.47172e-06	1.95357e-06	1.4055e-06	1.3565e-06	0	7.38285e-07	0	1.8548e-06	1.68907e-06	0	1.17304e-05	0	1.30647e-05	8.969e-06	2.61147e-06	4.93114e-06	1.46681e-06	1.63616e-06	2.49176e-06	1.89357e-06	2.88119e-06	1.64881e-05	1.81505e-06	5.71514e-07	2.49049e-06	3.91603e-07	3.57007e-06	2.26771e-06	2.72625e-06	2.56842e-06	9.90758e-07	2.16264e-06	1.63129e-06	3.66248e-06	5.52154e-07	2.27992e-06	2.58071e-06	4.07731e-06	1.20666e-06	6.9027e-06	0	1.079e-06	1.83131e-06	1.03915e-06	1.22489e-06	2.95382e-06	1.09201e-06	1.5273e-06	3.66552e-06	2.0872e-06	3.73313e-06	2.39605e-06	4.44011e-07	1.21223e-06	1.20099e-06	2.20881e-06	1.263e-06	1.09609e-06	4.3949e-06	0	4.74902e-07	1.64612e-06	1.36129e-06	3.90333e-06	2.70352e-06	1.38217e-06	2.7755e-06	1.1156e-06	3.18198e-06	3.31283e-06	2.4048e-06	2.52054e-06	1.14992e-05	6.87982e-07	1.48384e-06	2.46459e-06	4.65834e-06	1.70964e-06	0	1.15346e-06	1.06818e-06	2.44431e-06	3.47069e-07	2.14029e-06	2.01228e-06	2.09656e-06	3.9259e-06	7.20055e-07	2.09481e-06	1.35457e-06	5.68938e-07	5.84143e-07	2.31088e-06	0	5.45887e-07	2.14123e-06	1.99694e-06	1.55399e-06	1.5619e-06	2.63801e-06	4.00694e-06	3.11625e-06	1.92564e-06	3.43085e-06	1.99275e-06	3.32514e-06
HEXITOLDEGSUPER-PWY: superpathway of hexitol degradation (bacteria)	2.85468e-06	0	2.56852e-06	4.27016e-07	3.04208e-06	2.5656e-06	1.9631e-06	2.51512e-06	1.93659e-06	3.30821e-06	2.14996e-06	3.63682e-06	0	3.06499e-06	3.40429e-06	4.58923e-06	4.20342e-06	4.40648e-06	3.22591e-06	1.91676e-06	0	1.78609e-06	5.58245e-06	2.83803e-06	1.37809e-05	0	8.0716e-06	1.06467e-05	4.78974e-06	6.89782e-06	3.41539e-06	4.92258e-06	3.26759e-06	8.16686e-06	2.2786e-06	3.66464e-05	0	0	9.58554e-06	3.16519e-06	7.25291e-06	1.07699e-05	3.42395e-06	1.50488e-06	0	2.52486e-06	3.53579e-06	4.97436e-06	2.74517e-06	3.30534e-06	2.19728e-06	1.84493e-06	4.24398e-06	3.56788e-06	0	8.16163e-06	3.10432e-06	1.68202e-06	3.09419e-06	8.32906e-06	0	0	7.50953e-06	0	3.38229e-06	2.32703e-06	4.62344e-06	2.55499e-06	2.08315e-06	0	4.42665e-06	1.22124e-05	5.15408e-06	0	5.98607e-06	5.69489e-06	3.72866e-06	8.27955e-06	1.19728e-06	5.01407e-06	1.41036e-06	2.76909e-06	0	2.66249e-06	3.49755e-06	4.40025e-06	3.15453e-05	2.44046e-06	0	2.65963e-06	1.75201e-06	4.93529e-06	1.83207e-06	4.48842e-06	0	0	0	5.58279e-06	3.407e-06	5.83038e-06	0	4.71787e-06	3.18134e-06	3.43211e-06	3.25124e-06	0	1.97462e-06	3.06703e-06	1.37133e-06	2.16901e-06	7.6441e-07	2.72836e-06	3.22402e-06	7.66042e-06	1.031e-05	2.66715e-06	3.65285e-06	5.63774e-06	4.22726e-06	4.40232e-06
HISDEG-PWY: L-histidine degradation I	9.109e-05	8.86628e-05	9.84345e-05	9.82265e-05	0.000100367	6.9436e-05	7.94423e-05	0.000111143	0.000116327	7.7722e-05	0.000104365	9.89408e-05	0.000111669	8.29712e-05	9.81996e-05	8.97784e-05	6.51216e-05	0.000102302	0.000118227	0.000128935	8.25215e-05	7.68786e-05	9.21661e-05	7.03763e-05	8.74271e-05	0.000111958	8.97146e-05	8.18978e-05	9.01322e-05	9.99681e-05	9.09231e-05	7.25022e-05	6.45635e-05	6.72155e-05	5.39392e-05	7.97082e-05	0.000120254	7.1565e-05	7.22099e-05	7.65703e-05	5.50594e-05	0.00012922	4.78305e-05	7.02225e-05	0.000107635	5.62565e-05	8.62879e-05	8.01314e-05	5.18893e-05	8.98073e-05	9.23417e-05	8.00016e-05	8.4192e-05	5.14962e-05	0.000128824	0.000127768	0.000117626	8.13279e-05	0.000101259	9.33894e-05	8.20563e-05	8.44851e-05	0.000107404	0.000103011	5.67793e-05	9.45714e-05	9.05374e-05	0.000108474	8.38372e-05	0.000115188	8.59049e-05	8.0038e-05	5.09625e-05	7.64982e-05	8.98247e-05	6.48885e-05	8.62149e-05	0.00010506	8.34596e-05	7.87918e-05	8.9031e-05	5.50979e-05	0.000117978	7.71658e-05	0.000107233	5.58497e-05	5.72578e-05	9.53128e-05	9.77878e-05	9.4338e-05	0.00011542	9.90345e-05	9.66872e-05	0.000125395	0.000118119	9.23236e-05	8.80441e-05	7.46892e-05	0.000129547	8.90609e-05	8.51109e-05	0.000118695	7.40663e-05	9.91489e-05	0.000103962	6.57258e-05	0.000129804	7.13e-05	6.13758e-05	8.28574e-05	0.000120917	9.73398e-05	0.000117475	0.000123191	8.00616e-05	9.87055e-05	8.19293e-05	4.70421e-05	9.63886e-05	9.73614e-05
HISTSYN-PWY: L-histidine biosynthesis	0.000259714	0.000221352	0.000221741	0.000224009	0.000186132	0.000271507	0.000182269	0.000214092	0.000228265	0.000247589	0.000191319	0.000237043	0.000225389	0.000286891	0.000247543	0.000198392	0.000256406	0.000229681	0.000220101	0.000198072	0.000162022	0.000233482	0.000224601	0.000273051	0.000251022	0.000260533	0.000461449	0.000246882	0.000177086	0.000253695	0.000310467	0.000361503	0.000344896	0.000265251	0.000296393	0.000174688	0.000293936	0.000278785	0.000258725	0.000251148	0.000256526	0.000183875	0.000415901	0.000328578	0.000206822	0.000342339	0.000182062	0.000372858	0.000279489	0.000256978	0.000209171	0.000251655	0.000237233	0.00148921	0.000185726	0.000178466	0.0001954	0.000275869	0.000191168	0.00020057	0.000257553	0.000259712	0.000222426	0.00019153	0.000382748	0.000257666	0.000240402	0.000235818	0.000259741	0.000214776	0.000251946	0.000178393	0.000261911	0.000204875	0.000206392	0.000327994	0.000236011	0.000219402	0.000384031	0.000212909	0.000218909	0.00026307	0.000276479	0.000222734	0.000246417	0.000266368	0.000490312	0.000232456	0.000260866	0.00023125	0.000195855	0.000277237	0.000283941	0.000237013	0.000155269	0.00019445	0.000240028	0.000332987	0.000220867	0.000207181	0.000224029	0.000241191	0.000218714	0.000207248	0.000206218	0.000237674	0.000208934	0.000187572	0.000268351	0.000290233	0.000208053	0.000231576	0.000217952	0.000215866	0.000268205	0.000253475	0.000250532	0.000315615	0.000257506	0.000193161
HOMOSER-METSYN-PWY: L-methionine biosynthesis I	4.38553e-07	0	0	1.79831e-06	1.17451e-06	1.03393e-06	4.58425e-07	1.40593e-06	1.56404e-06	2.3628e-06	0	0	1.79571e-06	2.502e-06	4.23417e-06	0	2.13363e-06	1.73544e-06	2.27068e-06	2.76182e-06	1.19398e-06	0	1.79488e-06	0	1.80211e-05	5.45429e-07	1.20515e-05	6.96152e-06	3.42217e-06	4.19476e-06	4.67754e-07	2.9041e-06	1.69044e-06	1.5396e-06	1.09409e-06	1.58354e-05	1.7235e-06	1.29478e-06	5.66914e-06	0	3.35808e-06	1.16546e-06	2.98585e-06	0	1.91225e-06	5.00899e-07	4.4955e-07	5.18848e-06	5.08047e-07	4.81647e-07	2.06883e-06	2.98199e-06	1.04802e-06	7.49559e-06	0	0	1.24892e-06	0	0	1.52616e-06	1.159e-06	6.94839e-07	3.82234e-06	4.34366e-07	3.61025e-06	0	5.3739e-07	0	0	5.88813e-07	2.80328e-06	0	3.85672e-06	0	0	1.82647e-06	1.46437e-06	3.26246e-06	1.16559e-06	1.00308e-06	1.93507e-06	1.77567e-06	2.01725e-07	3.35351e-06	1.76358e-06	1.919e-06	1.38563e-05	0	0	0	8.0197e-07	1.82979e-06	0	6.16625e-07	0	1.205e-06	0	4.4092e-06	2.06425e-06	7.5407e-07	3.0053e-06	1.57097e-06	1.57463e-06	0	0	1.65604e-06	3.50528e-06	0	1.60228e-06	1.59768e-06	6.36703e-07	1.49824e-06	4.28196e-07	3.55762e-06	3.35767e-06	1.37353e-06	0	9.75039e-07	8.12961e-07	0
HSERMETANA-PWY: L-methionine biosynthesis III	0.000107549	8.50869e-05	9.81577e-05	8.87155e-05	0.000116171	0.000105481	9.5491e-05	0.000144679	8.592e-05	8.14538e-05	9.98262e-05	9.86813e-05	0.000116671	0.000103738	0.000133485	8.09744e-05	8.06873e-05	0.000138375	0.000159285	0.000160552	0.000108358	7.50545e-05	8.43579e-05	0.000133781	0.000118932	0.000179214	0.000369609	0.000109059	0.000105046	0.00010328	0.000174242	0.000243725	0.000190837	0.000111341	0.000148678	0.000130457	0.000184676	8.20122e-05	0.000111287	0.000106435	0.000141295	0.000127884	0.000313872	0.000163983	9.70014e-05	0.000225864	9.06625e-05	0.000250455	9.59839e-05	0.000143582	0.000108887	9.045e-05	0.000143667	0.00128683	0.000108699	0.000115498	0.000159644	0.000127714	9.78186e-05	0.000104606	0.000165431	7.65505e-05	0.000125258	8.27381e-05	0.000236551	0.000150455	9.86213e-05	9.89265e-05	0.000142971	9.53672e-05	0.000111778	7.61439e-05	0.000105989	6.6806e-05	6.47293e-05	0.000237257	0.000111561	0.000107699	0.000268954	8.1802e-05	9.38518e-05	5.40116e-05	0.000148166	8.34187e-05	0.000114845	9.57343e-05	0.000416338	7.8467e-05	0.000130611	0.000110303	0.000109847	0.000156944	0.00013642	9.82441e-05	0.000117448	8.48598e-05	0.000144034	0.000224034	0.000133659	8.51436e-05	0.000100407	0.000122838	0.000105961	4.04676e-05	0.000114643	8.6085e-05	0.000145599	5.45104e-05	0.000158892	7.83421e-05	0.000107106	8.46271e-05	0.000139236	0.000159436	8.85861e-05	0.000125651	9.79319e-05	0.000165019	0.000105812	9.02217e-05
ILEUSYN-PWY: L-isoleucine biosynthesis I (from threonine)	0.000387633	0.000347906	0.000401835	0.000368058	0.000348914	0.00040146	0.000346306	0.000377441	0.000406231	0.000411248	0.000298539	0.000378703	0.00038105	0.000412018	0.00041786	0.000315167	0.000379034	0.000365182	0.000324821	0.000316068	0.000324036	0.000368184	0.000383248	0.000382589	0.000385017	0.000377613	0.000525327	0.000375006	0.000328588	0.000338884	0.000415462	0.000486458	0.000430484	0.000384273	0.00041653	0.000374623	0.000393394	0.000350615	0.000403734	0.000362666	0.000412679	0.000376039	0.000533415	0.000410915	0.000363074	0.000439932	0.000338842	0.000473853	0.000395702	0.000403025	0.000371862	0.000374457	0.000374964	0.00146015	0.000362174	0.000356465	0.000349413	0.000373706	0.000338882	0.000363148	0.000398825	0.000393097	0.000398766	0.000347021	0.000462475	0.000399067	0.000366948	0.000406163	0.00038681	0.000356636	0.000396831	0.000324031	0.000380864	0.00040679	0.00032316	0.000481541	0.000370912	0.000386796	0.000486412	0.000387065	0.000366686	0.000367723	0.000422445	0.000409931	0.000358314	0.000384249	0.00059931	0.000377976	0.000419492	0.000394973	0.000357414	0.000415615	0.000396374	0.000423148	0.000324011	0.000322613	0.000371259	0.000424544	0.000422139	0.000354748	0.000410351	0.000417577	0.00036501	0.000339754	0.0003587	0.00035221	0.00036868	0.000353137	0.000395643	0.000401928	0.000386327	0.000379224	0.00035752	0.000421564	0.000441727	0.000387306	0.000386567	0.000421973	0.000390583	0.000406445
KDO-NAGLIPASYN-PWY: superpathway of (Kdo)2-lipid A biosynthesis	0	0	0	0	0	0	0	0	0	0	0	0	0	0	0	0	0	0	0	0	0	0	0	0	3.08788e-06	0	2.36962e-06	1.26311e-06	0	8.51558e-07	0	0	0	5.9929e-07	3.21228e-07	4.12618e-06	0	0	1.14477e-06	0	0	0	5.55135e-07	0	0	0	0	4.44953e-07	0	0	0	0	0	3.10432e-07	0	0	0	0	0	0	0	0	0	0	0	0	0	0	0	0	0	0	8.6292e-07	0	0	0	0	0	0	0	0	0	0	0	0	0	1.57796e-06	0	0	0	0	0	0	0	0	0	0	0	0	0	0	0	0	0	0	0	0	0	0	0	0	0	0	0	4.97278e-07	0	0	0	0	0
KETOGLUCONMET-PWY: ketogluconate metabolism	7.67169e-07	0	0	0	1.93713e-07	0	1.01955e-06	1.93417e-07	3.29822e-07	2.36718e-07	0	1.14801e-06	0	1.41382e-07	2.10572e-06	0	0	1.27806e-06	0	0	0	7.12098e-08	1.15039e-06	0	6.40266e-06	0	4.78647e-07	3.77339e-06	1.4829e-07	4.16706e-06	1.70071e-06	4.12435e-06	9.90609e-07	2.94012e-06	1.60958e-06	1.05102e-05	0	0	3.91656e-06	1.41514e-06	0	1.20761e-07	1.41077e-06	0	9.94972e-07	2.17609e-06	0	1.58564e-06	1.87948e-06	3.0326e-06	1.64574e-06	2.61187e-06	0	1.65625e-06	0	0	0	0	8.89066e-07	1.72235e-06	1.45912e-06	0	1.07504e-06	1.64134e-06	1.85289e-06	0	0	0	1.72404e-06	0	0	0	2.29041e-06	8.57539e-07	0	1.09506e-06	1.28221e-07	6.08209e-07	0	0	0	1.08386e-06	1.40063e-07	1.65155e-06	1.45191e-07	0	4.04175e-06	0	2.32763e-06	0	5.93851e-07	0	0	0	0	0	0	4.36514e-06	0	0	0	2.0602e-06	0	6.85886e-07	0	0	2.02176e-06	0	0	1.4241e-06	1.1591e-06	2.96651e-06	0	5.63906e-06	2.83791e-06	1.35798e-06	1.77075e-06	0	9.44196e-07	0
LACTOSECAT-PWY: lactose and galactose degradation I	5.54328e-06	1.41069e-06	7.6869e-06	4.50863e-06	2.15424e-06	5.30845e-06	3.52394e-06	2.47093e-06	8.74157e-06	7.19985e-06	1.72851e-06	5.34339e-06	6.58829e-06	7.86588e-06	5.67428e-06	5.14261e-06	6.74792e-06	4.35655e-06	2.00611e-06	2.51394e-06	2.8387e-06	9.68901e-06	5.7965e-06	6.09952e-06	9.68963e-06	3.0945e-06	5.13422e-06	9.96791e-06	4.59484e-06	5.73575e-06	8.34407e-06	5.75986e-06	8.28604e-06	1.07064e-05	7.62965e-06	4.69944e-06	8.15161e-07	5.38907e-06	1.5032e-05	9.13108e-06	3.85425e-06	1.11629e-05	2.9599e-06	1.0091e-05	7.06863e-06	1.17973e-05	3.83707e-06	5.86036e-06	9.49072e-06	8.90614e-06	4.5399e-06	8.28256e-06	1.26572e-05	1.44367e-06	2.06827e-06	3.0171e-06	3.48817e-06	5.54319e-06	4.02496e-06	1.11783e-06	2.05311e-06	3.58584e-06	3.2613e-06	7.67337e-06	9.12094e-06	7.60928e-06	4.96505e-06	2.49955e-06	1.07539e-05	3.91609e-06	6.69362e-06	4.07529e-06	7.93601e-06	3.20042e-06	2.26656e-06	2.95242e-06	4.80162e-06	6.50925e-06	7.06975e-06	3.20923e-06	3.00923e-06	3.43464e-06	5.45454e-06	7.3139e-06	5.17123e-06	8.1197e-06	1.89008e-06	2.48565e-06	4.07575e-06	5.51513e-06	4.48345e-06	1.06904e-06	2.34626e-06	2.74593e-06	2.43812e-06	5.38208e-06	2.40196e-06	4.63837e-06	2.03332e-06	4.14625e-06	9.29874e-07	1.71972e-06	3.02239e-06	8.10992e-06	4.36075e-06	4.08088e-06	7.48978e-06	2.17345e-06	5.78008e-06	3.95448e-06	2.90375e-06	5.34891e-06	3.92804e-06	1.51128e-06	5.30802e-06	9.92379e-06	3.04943e-06	1.00366e-05	4.72712e-06	3.89927e-06
LIPA-CORESYN-PWY: lipid A-core biosynthesis (E. coli K-12)	0	0	0	0	0	0	0	0	0	0	0	0	0	0	0	0	0	0	0	0	0	0	0	0	2.31884e-06	0	0	1.99661e-06	3.12289e-07	0	0	0	0	0	0	1.81429e-07	0	0	0	0	0	0	0	0	0	0	0	0	0	0	0	0	0	0	0	0	0	0	0	0	0	0	2.37701e-07	0	0	0	0	0	0	0	0	0	0	0	0	0	0	0	0	0	0	0	0	0	0	0	2.06377e-07	0	0	0	0	0	0	0	0	0	0	0	0	0	0	0	0	0	0	0	0	0	0	0	0	3.7622e-07	0	4.79452e-07	0	0	0	0	0	0
LIPASYN-PWY: phospholipases	3.87792e-06	0	3.46878e-06	3.7739e-06	5.72967e-06	1.3449e-06	1.30843e-06	1.70411e-06	4.69648e-06	0	9.93556e-07	3.30664e-06	0	1.63613e-06	2.97345e-06	3.47362e-06	0	1.09595e-06	0	0	0	4.50714e-06	1.33482e-06	2.03196e-06	2.05574e-05	3.12957e-07	0	0	4.7071e-06	7.49821e-06	5.73303e-06	0	4.42665e-06	3.89376e-06	0	0	6.98632e-07	6.38541e-07	0	6.44342e-06	0	2.04705e-06	0	7.52074e-06	0	0	3.54373e-06	6.79605e-06	3.11929e-06	5.98674e-06	2.37651e-06	1.87443e-06	0	5.57636e-06	1.32273e-06	1.64789e-06	1.49997e-06	2.08284e-06	2.67373e-06	1.39561e-06	0	3.1212e-06	2.68313e-06	4.48794e-06	5.96168e-06	1.89557e-06	2.64099e-06	6.28551e-07	3.71275e-06	2.21644e-06	3.10902e-06	0	0	9.60492e-07	6.96757e-07	0	1.02458e-06	3.40377e-06	4.67915e-06	2.15903e-06	0	1.19512e-06	3.71372e-06	3.04382e-06	2.1858e-06	4.18134e-06	2.44738e-05	6.4389e-07	2.27365e-06	2.86004e-06	0	7.21162e-07	1.96889e-06	6.24556e-07	7.38383e-07	0	0	2.13605e-06	1.31804e-06	2.56087e-06	2.80048e-06	1.51809e-06	1.26231e-06	0	2.13445e-06	2.20087e-06	2.26338e-06	0	0	1.05378e-06	0	4.23768e-06	3.52403e-06	0	0	3.16218e-06	1.34508e-06	0	2.18686e-06	1.24313e-06
LPSSYN-PWY: superpathway of lipopolysaccharide biosynthesis	0	0	0	0	0	0	0	0	0	0	0	0	0	0	0	0	0	0	0	0	0	0	0	0	4.38509e-06	0	0	2.12921e-06	0	0	0	0	0	0	0	7.62821e-07	0	0	0	0	0	0	0	0	0	0	0	0	0	0	0	0	0	0	0	0	0	0	0	0	0	0	0	0	0	0	0	0	0	0	0	0	0	0	0	0	0	0	0	0	0	0	0	0	0	0	7.47e-07	0	0	0	0	0	0	0	0	0	0	0	0	0	0	0	0	0	0	0	0	0	0	0	0	0	0	7.68102e-07	0	0	0	0	0	0
MET-SAM-PWY: superpathway of S-adenosyl-L-methionine biosynthesis	8.7583e-07	0	0	3.55058e-06	2.25111e-06	2.05063e-06	9.07978e-07	2.76861e-06	3.10161e-06	4.67222e-06	0	0	3.55946e-06	4.95655e-06	8.25397e-06	0	4.22345e-06	3.40381e-06	4.4095e-06	5.24797e-06	2.36392e-06	0	3.54362e-06	0	3.35601e-05	1.08884e-06	2.31475e-05	1.36382e-05	6.62355e-06	8.2748e-06	9.3349e-07	5.73518e-06	3.35355e-06	3.05769e-06	2.17713e-06	2.98895e-05	3.42122e-06	2.56372e-06	1.11721e-05	0	6.61837e-06	2.22363e-06	5.91307e-06	0	3.72521e-06	9.98764e-07	8.97307e-07	1.01612e-05	1.01332e-06	9.61548e-07	4.06786e-06	5.91879e-06	2.08794e-06	1.42656e-05	0	0	2.42751e-06	0	0	3.02927e-06	2.30747e-06	1.38527e-06	7.43863e-06	8.63589e-07	7.09151e-06	0	1.07194e-06	0	0	1.1709e-06	5.5221e-06	0	7.49573e-06	0	0	3.62167e-06	2.88028e-06	6.39938e-06	2.32176e-06	1.9917e-06	3.84251e-06	3.52813e-06	4.032e-07	6.40939e-06	3.50795e-06	3.81981e-06	2.62902e-05	0	0	0	1.59295e-06	3.6411e-06	0	1.22954e-06	0	2.39642e-06	0	8.61716e-06	4.03348e-06	1.49343e-06	5.59392e-06	3.10037e-06	3.10714e-06	0	0	3.27041e-06	6.82791e-06	0	3.18389e-06	3.17628e-06	1.26944e-06	2.98195e-06	8.54567e-07	6.61797e-06	6.57939e-06	2.73576e-06	0	1.94157e-06	1.62238e-06	0
METH-ACETATE-PWY: methanogenesis from acetate	4.16329e-05	3.42389e-05	4.86631e-05	4.27024e-05	3.93092e-05	8.00709e-05	3.48712e-05	6.28929e-05	4.83976e-05	3.70317e-05	3.51341e-05	3.40229e-05	3.4978e-05	5.28552e-05	5.84228e-05	2.25571e-05	7.42538e-05	6.20877e-05	4.78176e-05	5.23178e-05	8.25343e-05	4.77511e-05	5.71198e-05	3.88311e-05	3.22585e-05	3.2991e-05	1.23373e-05	3.89905e-05	3.46592e-05	3.20408e-05	3.06603e-05	3.92343e-05	2.98934e-05	5.11512e-05	3.39659e-05	4.88044e-05	3.44558e-05	1.73438e-05	5.61083e-05	4.85297e-05	4.37421e-05	4.72061e-05	3.84751e-05	4.84198e-05	5.21126e-05	4.2041e-05	3.65995e-05	4.25048e-05	9.938e-05	4.22016e-05	5.09314e-05	4.31399e-05	4.82518e-05	7.95951e-06	4.26175e-05	4.47311e-05	5.72021e-05	4.20204e-05	3.3947e-05	3.82513e-05	3.74981e-05	3.87065e-05	3.92984e-05	4.09168e-05	3.13127e-05	4.83906e-05	4.98138e-05	4.29812e-05	0.000104168	3.72499e-05	6.64664e-05	4.79084e-05	0.000128463	8.27763e-05	4.26869e-05	3.66845e-05	7.15824e-05	3.50558e-05	4.08535e-05	4.17881e-05	4.02579e-05	5.89197e-05	4.23215e-05	6.37719e-05	4.40818e-05	9.34039e-05	2.619e-05	4.37789e-05	4.45076e-05	6.97356e-05	3.12951e-05	4.26424e-05	4.73785e-05	4.34663e-05	2.50605e-05	2.94733e-05	2.66303e-05	2.87305e-05	5.08039e-05	3.50685e-05	5.5483e-05	4.24222e-05	6.548e-05	2.81652e-05	3.83446e-05	6.26951e-05	5.54611e-05	3.13058e-05	4.23456e-05	4.38969e-05	2.98637e-05	4.75491e-05	3.31938e-05	5.21537e-05	5.69073e-05	3.70071e-05	3.88747e-05	4.95378e-05	4.48188e-05	4.67015e-05
METHANOGENESIS-PWY: methanogenesis from H2 and CO2	1.63861e-05	0	5.89298e-06	9.49075e-06	4.61884e-06	8.61922e-06	3.78647e-06	6.4149e-06	1.36144e-05	1.31863e-05	7.52966e-06	1.61446e-05	8.64241e-06	1.73476e-05	7.25765e-06	3.01628e-05	7.4234e-06	4.81971e-06	3.98678e-06	2.90231e-06	0	1.01688e-05	6.64467e-06	1.04851e-05	2.89939e-05	2.27487e-06	3.7818e-06	1.24933e-05	7.31483e-06	2.08702e-05	2.72366e-05	5.14196e-06	2.96027e-05	1.64109e-05	2.59344e-05	0	0	2.32956e-05	4.62935e-06	9.24744e-06	1.28365e-06	0	3.31879e-06	1.03387e-05	6.97217e-06	2.57959e-05	5.83782e-06	3.7678e-06	1.21248e-05	1.18246e-05	9.06718e-06	1.47525e-05	0	0	1.41846e-06	2.77098e-06	1.9929e-06	9.89272e-06	9.39579e-06	2.91359e-06	5.21005e-06	1.69219e-05	1.72014e-05	8.18628e-06	1.99637e-05	7.03583e-06	1.06571e-05	1.6289e-05	1.38967e-05	1.01884e-05	1.50769e-05	8.70385e-07	1.31343e-05	4.19867e-06	8.17998e-06	0	1.30656e-05	1.20025e-05	1.13288e-05	9.55895e-06	1.1812e-05	1.27347e-05	5.51476e-06	1.74275e-06	1.42558e-05	6.08614e-06	0	9.3017e-06	1.47657e-05	9.00312e-06	6.87042e-06	4.84762e-06	2.00658e-05	1.337e-05	8.50585e-06	8.17627e-06	4.41515e-06	1.69239e-05	4.22728e-06	8.1244e-06	0	1.34075e-05	9.2998e-06	0	5.72197e-06	1.72386e-05	1.20358e-05	2.91917e-06	5.08307e-06	1.41433e-05	3.26963e-06	1.73746e-05	2.10411e-06	1.89105e-06	5.71526e-06	1.78159e-05	1.35104e-05	1.50894e-05	1.33952e-05	2.6376e-06
METHGLYUT-PWY: superpathway of methylglyoxal degradation	0	5.48833e-07	0	1.3473e-07	0	0	0	0	0	0	0	0	0	0	1.71884e-07	0	0	0	0	0	0	0	0	0	1.3657e-06	0	3.77058e-06	6.6337e-07	0	2.45682e-07	5.54386e-07	1.49903e-07	0	2.06049e-07	2.23948e-07	3.94681e-06	0	0	2.35025e-07	0	2.98746e-07	0	3.03099e-07	0	0	0	0	7.11768e-07	1.17049e-06	6.77619e-07	0	1.35803e-06	0	3.365e-07	0	0	0	0	0	1.7691e-07	1.53468e-07	0	3.04476e-07	0	8.33012e-07	0	0	0	0	0	0	7.63861e-07	1.65772e-07	0	0	0	0	1.95404e-07	0	0	2.78339e-07	9.8535e-08	0	3.03346e-07	0	0	1.84208e-06	0	0	0	0	0	0	0	0	0	0	0	0	0	0	0	0	0	0	0	0	0	0	0	0	0	0	2.61085e-07	1.90708e-07	0	0	1.89635e-07	0	0
METSYN-PWY: superpathway of L-homoserine and L-methionine biosynthesis	7.66783e-07	0	0	3.1341e-06	2.05003e-06	1.80584e-06	8.01372e-07	2.45323e-06	2.72689e-06	4.1118e-06	0	0	3.13029e-06	4.35543e-06	7.34111e-06	0	3.71783e-06	3.02656e-06	3.9547e-06	4.80567e-06	2.08413e-06	0	3.12931e-06	0	3.0181e-05	9.53639e-07	2.08165e-05	1.20015e-05	5.93459e-06	7.26676e-06	8.17808e-07	5.05986e-06	2.94898e-06	2.68661e-06	1.91062e-06	2.69128e-05	3.00821e-06	2.25887e-06	9.83584e-06	0	5.84824e-06	2.03538e-06	5.20621e-06	0	3.33273e-06	8.75809e-07	7.85889e-07	9.00913e-06	8.88244e-07	8.42063e-07	3.60491e-06	5.18593e-06	1.83078e-06	1.30825e-05	0	0	2.17983e-06	0	0	2.66217e-06	2.024e-06	1.21394e-06	6.63468e-06	7.59281e-07	6.28168e-06	0	9.39268e-07	0	0	1.02899e-06	4.87639e-06	0	6.70302e-06	0	0	3.1885e-06	2.55518e-06	5.6699e-06	2.0364e-06	1.75148e-06	3.3723e-06	3.09578e-06	3.52882e-07	5.82685e-06	3.07523e-06	3.34623e-06	2.39303e-05	0	0	0	1.40072e-06	3.19129e-06	0	1.0776e-06	0	2.10343e-06	0	7.66095e-06	3.59606e-06	1.31728e-06	5.23241e-06	2.74032e-06	2.74714e-06	0	0	2.88802e-06	6.08933e-06	0	2.79565e-06	2.78689e-06	1.11276e-06	2.61253e-06	7.48672e-07	6.18076e-06	5.83281e-06	2.39667e-06	0	1.7032e-06	1.42033e-06	0
NAD-BIOSYNTHESIS-II: NAD salvage pathway III (to nicotinamide riboside)	4.73287e-06	1.32882e-06	1.11976e-05	5.90609e-06	7.23696e-06	5.56337e-06	6.7113e-06	1.3676e-05	6.95727e-06	1.16552e-06	5.26564e-06	8.20418e-06	7.41147e-06	1.36486e-05	1.33837e-05	3.20207e-06	6.66635e-06	1.29264e-05	1.68005e-05	1.21202e-05	4.94277e-07	1.72568e-06	7.4256e-06	4.88095e-06	8.84926e-06	2.11797e-06	2.35528e-06	1.01492e-05	2.54703e-06	1.09722e-05	3.26582e-06	6.97229e-06	5.27691e-06	1.98044e-06	1.89371e-06	4.79362e-06	2.35986e-06	1.54059e-06	1.13441e-06	1.90499e-06	1.72081e-06	1.27509e-06	1.87444e-06	1.95262e-06	5.8947e-06	1.77788e-06	4.29534e-06	9.17036e-06	3.83566e-06	1.79875e-06	7.10965e-06	6.16382e-06	4.4099e-06	1.6348e-06	4.24055e-06	4.84917e-06	1.45516e-05	1.01352e-05	3.70234e-06	2.79266e-06	3.3134e-06	5.13406e-06	9.72399e-06	8.59034e-06	4.21227e-06	6.06615e-06	9.90994e-06	7.10905e-06	1.66467e-05	1.17115e-05	1.34869e-05	1.34036e-06	5.24327e-06	3.63903e-06	5.62027e-06	1.68341e-06	1.04888e-05	7.82053e-06	1.06475e-05	8.17049e-06	7.55324e-06	6.25695e-06	8.51847e-06	2.34962e-06	1.53952e-05	5.25882e-06	4.32171e-06	3.39228e-06	5.6427e-06	8.11423e-06	4.78254e-06	1.55708e-05	1.65941e-05	5.59436e-06	4.16129e-06	3.60099e-06	2.00337e-06	2.51937e-06	1.09219e-05	5.62391e-06	3.90208e-06	1.23186e-05	1.34112e-05	1.27335e-06	7.6863e-06	1.3879e-05	1.0878e-05	3.37223e-06	3.43089e-06	9.31035e-06	6.19307e-06	8.78738e-06	8.98536e-06	1.19786e-05	8.08303e-06	6.17522e-06	9.59989e-06	5.17457e-06	6.62272e-06	9.8549e-07
NADSYN-PWY: NAD de novo biosynthesis II (from tryptophan)	0	0	0	0	0	0	0	0	0	0	0	0	0	0	0	0	0	0	0	0	0	0	0	0	0	0	0	0	0	0	0	0	0	0	0	0	0	0	0	0	0	0	0	0	0	0	0	0	0	0	0	0	0	0	0	0	0	0	0	0	0	0	0	0	0	0	0	0	0	0	0	0	0	0	0	0	0	7.54906e-07	0	0	0	0	0	0	0	0	0	0	0	0	0	0	0	0	0	0	0	0	0	0	0	0	0	0	0	0	0	0	0	0	0	0	0	0	0	0	0	0	0	0
NAGLIPASYN-PWY: lipid IVA biosynthesis (E. coli)	2.15272e-06	3.4323e-06	4.98087e-06	4.44646e-06	6.96432e-06	3.70623e-06	5.69793e-06	8.20885e-06	3.14134e-06	1.40046e-06	1.06259e-06	4.44335e-06	5.51237e-06	5.92516e-06	7.04486e-06	3.02269e-06	1.1034e-06	9.34799e-06	1.8201e-05	1.78605e-05	4.95081e-06	1.32047e-06	3.64315e-06	1.71689e-06	1.63111e-05	1.52073e-06	1.55396e-05	1.36807e-05	1.98425e-06	5.56512e-06	2.11407e-06	7.34064e-06	3.0693e-06	6.37318e-06	2.37074e-06	2.87469e-05	8.28496e-06	1.25176e-06	8.3606e-06	9.83396e-07	4.80631e-06	2.45066e-06	7.03915e-06	2.27155e-06	6.21581e-06	1.89759e-06	3.12424e-06	6.77553e-06	1.89393e-06	1.83943e-06	5.17942e-06	9.98411e-06	3.74957e-06	9.88653e-06	1.71302e-06	6.21089e-06	1.14713e-05	6.37279e-06	2.45301e-06	5.00449e-06	4.46774e-06	1.95833e-06	7.92727e-06	4.68304e-06	7.68617e-06	3.85172e-06	4.11308e-06	5.32183e-06	6.69489e-06	8.10218e-06	8.78338e-06	6.48732e-07	9.90017e-06	2.58244e-06	5.29297e-06	3.8115e-06	5.23847e-06	3.31447e-06	6.3138e-06	4.88529e-06	7.60076e-06	3.27386e-06	6.26522e-06	5.02478e-06	8.9422e-06	2.46693e-06	1.75746e-05	1.37679e-06	2.15108e-06	4.72461e-06	3.32171e-06	7.33355e-06	1.01387e-05	4.08991e-06	6.19523e-06	4.43409e-06	2.60914e-06	4.13907e-06	7.3617e-06	2.18889e-06	5.63126e-06	7.38844e-06	9.50117e-06	1.90556e-06	2.96856e-06	7.84144e-06	7.05267e-06	3.21231e-06	2.48846e-06	4.39867e-06	4.91774e-06	5.90179e-06	6.72889e-06	1.10446e-05	4.35522e-06	5.31951e-06	5.36357e-06	7.85751e-06	5.84894e-06	6.54089e-06
NONMEVIPP-PWY: methylerythritol phosphate pathway I	0.000224858	0.000268389	0.000193393	0.000207238	0.000188366	0.000244455	0.000171568	0.000226424	0.000195982	0.000173461	0.000177303	0.00022455	0.000207615	0.000209001	0.000222894	0.000152313	0.000231209	0.000248828	0.000246208	0.000266179	0.000273077	0.000173022	0.000218223	0.000224201	0.00017372	0.000302416	0.000422586	0.000205067	0.00015437	0.000166002	0.000210412	0.000315014	0.000232953	0.000250924	0.000241129	0.000263853	0.000337354	0.000158915	0.000322772	0.000237126	0.000340186	0.000280047	0.000439697	0.000300367	0.000212563	0.000291899	0.000184292	0.000314918	0.000239913	0.000243546	0.000218251	0.000227728	0.000306872	0.00144891	0.000189909	0.000241428	0.00024534	0.000242357	0.000172907	0.000228471	0.000289911	0.000175301	0.000213666	0.000172614	0.000297219	0.000280312	0.000192447	0.000202604	0.000253425	0.000179601	0.000227066	0.000275651	0.000256124	0.000203717	0.000210441	0.000380808	0.000245632	0.000203653	0.000355998	0.000197182	0.000222437	0.000214822	0.000264205	0.000202268	0.000251943	0.000247505	0.000530319	0.000197279	0.000246384	0.000231605	0.000195562	0.000275757	0.000265025	0.000215169	0.000171649	0.000225636	0.000274118	0.000290332	0.00021538	0.000157113	0.000311261	0.000202963	0.00027067	0.000236496	0.000243618	0.000238723	0.00026484	0.000163211	0.00028249	0.000213343	0.000235845	0.000207608	0.000222055	0.000242822	0.000204787	0.000237578	0.000216973	0.000271989	0.000235221	0.000290373
NONOXIPENT-PWY: pentose phosphate pathway (non-oxidative branch) I	0.000126687	0.000128433	0.000119463	0.000101903	0.000116057	0.000134716	0.000110471	0.000112433	0.000112479	0.000103024	9.20618e-05	0.000112847	0.000108502	0.000114511	0.000117963	9.80198e-05	0.000119624	0.000126514	0.000112312	0.000109424	0.000107202	0.000110258	0.000113588	0.000101017	0.000114175	0.000114942	0.000141386	0.000122166	0.000131383	9.71803e-05	0.000115422	0.000116196	0.000110865	0.000118181	0.000107333	0.000168202	0.000119898	9.73932e-05	0.000167014	0.000108754	0.000121934	0.000124814	0.000139514	0.000123797	0.000140277	0.0001049	0.000106246	0.000116317	0.000136003	0.0001117	0.000119388	0.000109303	0.000129898	9.22795e-05	0.00010456	0.000147753	0.000113223	0.000112364	0.000101032	0.000126962	0.000123809	9.71003e-05	0.00012171	0.000118342	0.000101561	0.000112567	0.000107879	0.000100485	0.00014514	0.000109988	0.000107605	0.000138363	0.000148995	0.000134421	0.000109577	0.000135461	0.000119247	0.000109039	0.000105513	0.000121068	0.000110787	0.000115617	0.000117466	0.000145866	0.000105632	0.000129447	0.000132426	0.000102938	0.000110281	0.000114539	0.000113837	0.000117745	0.000114909	0.000128527	8.87595e-05	0.000105693	0.000107952	0.000100517	0.000129791	9.8636e-05	0.000144927	0.00011008	0.000122745	0.000151421	0.000119793	0.00011743	0.000112138	0.000105016	0.000132349	0.000109525	0.000110552	0.000114295	0.000137636	0.000140491	0.000144199	0.000117172	0.000111862	0.000128434	0.000135075	0.000130966
OANTIGEN-PWY: O-antigen building blocks biosynthesis (E. coli)	0.000203923	0.000125051	0.000106818	0.000103074	8.98808e-05	0.000139948	9.86453e-05	8.1523e-05	0.000143284	0.000154889	8.33556e-05	0.000181966	0.000124107	0.000141078	0.000124109	0.000107918	0.000126468	7.62183e-05	7.33282e-05	5.88487e-05	8.99821e-05	0.000123173	6.798e-05	0.000192551	0.00016276	0.000204229	0.000366379	0.000145398	0.000139084	0.000162678	0.000230613	0.000286976	0.000261547	0.000205096	0.000225098	0.000129122	0.000215266	0.000147108	0.000199059	0.000191222	0.000198399	0.000119682	0.000347052	0.000269694	0.000126006	0.000332415	0.000143928	0.000316034	0.000170115	0.000238131	0.000105537	0.000167532	0.000183765	0.000489596	7.53436e-05	5.11281e-05	8.05719e-05	0.000194875	0.000138876	0.000105499	0.000198235	0.000123394	8.81697e-05	0.000121573	0.00032331	0.000208408	0.00013184	7.32115e-05	0.00013918	0.000105623	0.000136868	7.42002e-05	0.000158521	5.19062e-05	6.57683e-05	0.000240502	8.47034e-05	0.00014717	0.000340298	0.00012605	0.0001481	0.000106243	0.000193032	0.000136071	0.000193818	0.000196151	0.000390235	9.66489e-05	0.000183189	0.00012551	0.000119816	0.00019335	0.000189222	8.25678e-05	6.69327e-05	0.00012508	0.000158499	0.000255925	7.09009e-05	9.75588e-05	6.58952e-05	4.72742e-05	8.4468e-05	0.000189641	0.000141411	0.000120853	0.000127495	7.59467e-05	0.000209473	9.19387e-05	0.000123885	0.000152709	0.000148904	5.2761e-05	0.000116005	0.000189654	0.000136108	0.000250335	0.000188085	0.000111706
ORNARGDEG-PWY: superpathway of L-arginine and L-ornithine degradation	0	0	0	0	0	0	0	0	0	0	0	0	0	0	0	0	6.6749e-07	0	0	0	0	0	0	0	4.81915e-06	0	3.7779e-06	2.27603e-06	0	0	0	0	0	7.56215e-07	0	7.66416e-06	0	0	2.2343e-06	0	0	0	7.72642e-07	0	0	0	0	1.56181e-06	0	0	0	1.79007e-06	0	1.36816e-06	0	0	0	0	0	0	0	0	4.42597e-07	0	1.07155e-06	0	0	0	0	0	0	0	5.22751e-07	0	0	6.46553e-07	0	0	0	0	0	0	0	0	0	0	3.30815e-06	0	0	0	0	0	0	0	0	0	0	0	0	0	0	0	0	0	0	0	0	0	0	0	0	3.14619e-07	0	0	0	0	0	0	3.43823e-07	0
ORNDEG-PWY: superpathway of ornithine degradation	1.65938e-06	0	9.37238e-07	8.59057e-06	1.5893e-06	6.49758e-07	1.32048e-06	2.24599e-06	1.43818e-06	4.39889e-06	0	1.77223e-06	0	6.56676e-07	3.2059e-06	0	8.24188e-07	3.50981e-07	0	6.98853e-07	0	1.0501e-06	6.08547e-07	6.684e-07	2.21948e-05	0	8.4641e-06	7.64326e-06	2.24138e-06	2.70015e-06	2.09412e-06	8.54626e-07	1.06677e-06	2.52924e-06	3.03473e-06	2.08119e-05	7.9873e-07	0	3.95428e-06	4.05082e-07	3.73436e-06	1.08575e-06	3.11614e-06	2.03415e-06	3.58604e-06	2.55844e-06	1.02302e-06	3.93001e-06	3.1392e-06	3.19469e-06	7.55023e-07	3.17282e-06	0	6.26672e-06	0	1.00567e-06	1.54277e-06	0	2.01189e-06	2.91653e-06	1.92428e-06	9.49617e-07	3.86289e-06	2.27141e-06	2.60477e-06	6.55019e-07	0	6.50521e-07	0	1.39869e-06	1.61823e-06	5.16174e-07	4.79651e-06	0	0	2.46678e-06	6.21453e-07	1.92637e-06	1.36329e-06	2.82212e-06	2.17993e-06	1.51676e-06	1.86169e-06	4.45024e-06	1.21876e-06	2.53192e-06	9.69901e-06	0	8.28093e-07	1.40341e-06	1.37061e-06	9.22245e-07	1.17227e-06	9.09079e-07	0	0	7.27069e-07	9.24075e-06	8.59249e-07	0	6.68373e-07	8.79312e-07	1.35215e-06	7.64495e-07	1.95677e-06	1.52988e-06	1.25075e-06	0	4.79668e-07	2.37194e-06	4.28383e-06	1.12172e-06	1.39219e-06	5.70241e-06	3.42793e-06	1.30404e-06	9.11303e-07	2.24196e-06	1.66381e-06	1.2134e-06
P101-PWY: ectoine biosynthesis	0	0	0	0	0	0	0	0	0	0	0	0	0	0	0	0	0	0	0	0	0	0	0	0	0	0	0	0	0	0	0	0	5.56395e-07	0	0	0	0	0	0	0	0	7.16897e-07	0	0	0	0	0	0	0	0	8.06884e-07	1.78369e-06	7.73509e-07	0	0	0	0	0	0	0	0	0	0	0	0	0	0	0	0	0	0	0	0	0	5.89487e-07	0	0	2.29916e-06	0	0	0	4.97004e-07	0	0	0	0	0	0	0	0	0	0	0	0	0	1.58306e-06	0	0	0	0	0	7.73338e-07	0	0	0	0	0	0	0	0	0	0	0	0	0	0	0	0	0	0
P105-PWY: TCA cycle IV (2-oxoglutarate decarboxylase)	0	0	0	1.04841e-06	1.74573e-06	0	4.0529e-06	1.5617e-06	0	7.28192e-06	0	0	9.3723e-07	7.12772e-06	1.22817e-06	0	6.70858e-06	0	4.42687e-07	0	0	0	6.86072e-07	9.4677e-07	3.08744e-05	1.8811e-06	1.44852e-05	2.18295e-05	1.5438e-06	5.01531e-06	2.85102e-06	9.32261e-07	0	1.75057e-06	8.64645e-06	4.57421e-05	1.91928e-06	0	1.45813e-05	0	1.6387e-05	7.7118e-07	5.80091e-06	1.23295e-06	2.58808e-06	2.48303e-06	1.72238e-06	6.94183e-06	2.48999e-06	1.32295e-06	1.09967e-06	6.38e-06	2.26034e-06	1.47343e-05	0	1.23796e-06	0	0	0	3.48162e-06	9.66717e-07	0	3.31749e-06	9.8772e-07	2.82745e-06	0	0	0	0	0	8.86289e-07	6.44566e-06	4.38185e-06	0	9.98343e-07	5.89381e-06	0	0	0	0	1.76461e-06	2.81081e-06	0	0	0	2.63317e-06	2.69371e-05	0	9.39985e-07	0	4.97083e-06	0	0	1.72876e-06	1.078e-06	3.92428e-06	1.01213e-06	2.18611e-06	2.78553e-06	0	1.08471e-05	1.02086e-06	2.85754e-06	1.03147e-06	0	1.41683e-06	1.56659e-06	0	1.57185e-06	0	3.64527e-06	1.05406e-06	0	6.78263e-06	1.51396e-06	3.32734e-06	1.77939e-06	2.45018e-06	1.87969e-06	2.45387e-06
P108-PWY: pyruvate fermentation to propanoate I	2.6271e-05	2.77294e-05	3.48727e-05	3.30089e-05	2.71306e-05	1.90341e-05	2.38795e-05	3.61423e-05	4.15129e-05	2.78594e-05	2.52052e-05	3.21147e-05	2.4514e-05	2.61917e-05	2.53767e-05	3.60839e-05	2.03246e-05	2.01508e-05	2.09189e-05	2.12474e-05	1.73415e-05	2.61494e-05	2.56107e-05	1.68945e-05	2.45908e-05	2.09576e-05	2.18007e-05	2.71486e-05	2.05588e-05	2.67483e-05	2.35425e-05	2.33147e-05	2.20017e-05	1.69901e-05	1.92147e-05	2.8911e-05	3.35724e-05	1.62594e-05	2.69999e-05	2.41997e-05	1.83183e-05	2.43724e-05	2.30603e-05	1.84409e-05	2.2731e-05	2.27164e-05	3.0759e-05	2.28717e-05	3.07018e-05	3.40166e-05	2.61034e-05	2.04561e-05	1.33199e-05	1.56359e-05	4.33196e-05	3.1469e-05	3.13842e-05	2.7995e-05	4.2084e-05	2.78914e-05	2.74532e-05	3.16138e-05	4.29173e-05	3.0847e-05	1.94441e-05	3.1619e-05	3.32208e-05	3.4054e-05	3.39873e-05	4.30922e-05	2.79782e-05	1.56122e-05	2.72696e-05	3.18355e-05	2.44274e-05	2.33481e-05	2.70877e-05	3.30938e-05	3.04644e-05	2.00237e-05	3.39743e-05	1.79517e-05	3.64496e-05	2.37594e-05	2.11474e-05	2.37058e-05	2.26377e-05	3.62191e-05	3.8257e-05	2.96934e-05	3.55713e-05	3.54372e-05	3.32876e-05	3.75318e-05	2.44679e-05	1.73945e-05	2.97477e-05	1.86164e-05	3.12992e-05	3.48401e-05	2.80384e-05	4.45665e-05	1.64865e-05	2.398e-05	2.93732e-05	1.72767e-05	2.74844e-05	3.19746e-05	2.57002e-05	2.69297e-05	3.06353e-05	2.67151e-05	4.4624e-05	3.53597e-05	2.82873e-05	3.10422e-05	2.49119e-05	1.86622e-05	2.47329e-05	2.45613e-05
P122-PWY: heterolactic fermentation	1.95728e-05	7.62958e-06	0	2.80796e-06	1.48651e-06	0	2.98385e-06	2.34177e-06	0	1.05894e-06	2.85057e-06	1.53696e-05	3.19517e-06	2.05514e-06	1.26243e-06	9.66371e-07	1.68377e-06	2.21905e-06	1.26709e-06	1.53527e-06	2.53957e-06	3.58557e-06	9.26437e-07	1.45951e-05	9.88883e-06	5.9743e-06	3.64488e-05	1.22406e-05	1.76711e-06	1.52464e-05	3.97755e-06	1.43402e-05	1.62356e-05	1.7565e-05	2.68228e-06	7.85229e-06	1.12928e-05	4.14495e-06	1.52842e-05	1.48595e-06	1.73168e-05	0	2.14962e-05	2.4537e-06	3.97648e-06	8.36837e-06	0	2.35417e-05	3.45057e-06	1.00964e-05	5.70156e-06	1.44604e-05	1.17876e-05	2.11981e-05	0	1.18095e-06	0	5.27439e-06	2.83649e-06	6.6282e-06	3.59033e-06	0	1.12145e-05	2.22895e-06	1.88245e-05	9.56406e-06	7.40707e-06	4.35516e-06	8.84799e-07	0	4.29479e-06	9.98485e-07	1.56681e-06	0	0	2.70617e-05	2.95285e-06	3.62084e-06	7.6443e-06	1.21892e-06	8.62964e-06	2.46313e-06	8.36421e-06	3.40194e-06	1.41338e-05	9.86003e-06	4.2089e-05	1.26816e-06	6.50444e-06	1.79641e-06	4.40706e-06	1.93647e-05	1.65671e-05	1.44525e-06	0	1.05915e-05	1.4405e-05	1.06146e-05	1.54472e-06	6.29991e-07	2.1776e-06	0	1.39684e-06	0	6.5484e-06	7.87801e-07	6.06084e-06	1.16292e-06	6.89975e-06	0	4.90944e-06	1.07505e-05	8.57051e-06	2.62687e-06	3.432e-06	9.64373e-06	1.03675e-05	2.6043e-05	2.14535e-05	3.28543e-06
P124-PWY: Bifidobacterium shunt	6.5937e-05	4.09813e-05	0	5.93065e-06	9.48838e-06	9.2199e-07	1.30926e-05	3.13133e-06	4.94909e-06	5.95373e-06	1.5927e-05	6.49312e-05	2.32357e-05	1.50232e-05	1.49066e-06	7.99359e-06	4.14204e-06	3.1748e-06	4.18766e-06	3.3851e-06	2.38009e-05	1.6213e-05	3.08969e-06	6.5413e-05	1.31065e-05	0.000133991	0.000202786	2.46957e-05	2.54998e-05	4.11033e-05	0.000127647	0.000165259	0.000135048	5.7365e-05	0.000114075	1.46723e-05	0.000140439	2.30261e-05	5.4331e-05	5.58886e-05	9.07113e-05	6.04416e-06	0.000191997	0.000134727	1.95247e-05	0.000152233	5.05079e-05	0.000167892	1.93881e-05	0.000105738	1.6335e-05	4.3996e-05	0.00011343	0.000171289	1.30933e-05	2.6409e-05	1.02302e-06	9.92147e-05	2.84732e-05	3.89276e-05	0.000144198	1.70758e-05	2.28145e-05	1.32877e-05	0.000148122	0.000124097	2.78444e-05	1.61578e-05	6.93618e-06	1.02218e-05	1.44815e-05	1.36993e-06	1.78336e-06	1.15077e-06	0	0.000143485	7.56723e-06	3.23007e-05	0.000163153	2.74489e-05	4.97206e-05	4.48886e-06	0.000110559	5.13527e-06	7.70961e-05	4.6665e-05	0.000206869	2.40088e-05	9.22444e-05	3.02219e-06	1.47844e-05	0.000110655	8.82524e-05	1.35139e-05	2.00959e-06	3.34832e-05	7.45526e-05	0.000139764	2.18351e-06	2.35604e-06	6.03976e-06	0	1.86559e-06	2.20828e-05	3.38958e-05	2.26733e-06	2.62014e-05	6.27993e-06	0.000124242	2.29396e-06	4.36336e-05	3.95513e-05	4.83727e-05	3.08479e-06	5.06686e-06	8.4071e-05	2.77379e-05	0.000113039	7.88873e-05	2.69055e-05
"P125-PWY: superpathway of (R,R)-butanediol biosynthesis"	0	0	0	0	0	0	0	0	0	5.13139e-07	0	0	1.70569e-06	1.36061e-06	0	0	1.13435e-06	5.55703e-07	0	8.44266e-07	0	1.67546e-06	1.56962e-06	6.25216e-07	8.66024e-07	0	6.54845e-07	1.47554e-06	0	0	1.63305e-06	3.82269e-07	0	7.30792e-07	4.19354e-07	0	0	0	3.27223e-06	0	0	2.15482e-06	5.74558e-07	5.27035e-07	0	5.5176e-07	0	0	0	0	0	4.96599e-07	0	0	0	0	0	0	0	0	3.04541e-07	0	0	0	8.00748e-07	0	0	0	8.24604e-07	0	5.28037e-07	0	0	0	0	0	0	0	0	0	0	0	0	0	0	0	0	0	0	0	0	0	0	0	0	0	0	0	0	0	0	0	6.5134e-07	0	0	9.75658e-07	0	0	3.54232e-07	0	0	3.52378e-07	0	0	3.97204e-07	1.42885e-06	0	0	0	0
P161-PWY: acetylene degradation (anaerobic)	5.82784e-05	3.78442e-05	5.12735e-06	6.11963e-06	6.82077e-06	7.71604e-06	6.13019e-06	5.21987e-06	6.64114e-06	5.35172e-06	1.89593e-05	5.78186e-05	2.4157e-05	1.24529e-05	5.96761e-06	7.62736e-06	1.00354e-05	8.29814e-06	7.50826e-06	5.3107e-06	2.69457e-05	1.35501e-05	7.11231e-06	7.15958e-05	2.52547e-05	9.41002e-05	0.000122151	3.68976e-05	8.62799e-06	4.2779e-05	9.18071e-05	0.000102373	9.87595e-05	5.84982e-05	8.85024e-05	3.86156e-05	0.000106049	1.57591e-05	6.60341e-05	5.49669e-05	9.09848e-05	1.20158e-05	0.000129298	0.000102451	8.42933e-06	0.000113743	3.87118e-05	0.000118506	1.82841e-05	9.46647e-05	7.98762e-06	3.92032e-05	9.63144e-05	0.00011077	1.34565e-05	6.83171e-06	4.4795e-06	8.59544e-05	2.474e-05	4.29099e-05	9.91965e-05	1.18385e-05	1.73283e-05	6.51297e-06	0.00011665	0.000104249	3.02168e-05	1.43996e-05	1.61941e-05	7.25731e-06	1.54873e-05	7.41568e-06	1.4152e-05	4.45159e-06	3.51648e-06	0.000114481	8.15464e-06	2.99247e-05	0.000115086	1.60045e-05	4.76965e-05	8.40521e-06	9.23279e-05	5.91941e-06	7.25881e-05	4.5831e-05	0.000123741	2.3372e-05	8.29995e-05	5.11981e-06	1.44787e-05	9.38461e-05	7.80971e-05	1.26295e-05	0	2.88631e-05	7.35227e-05	9.8073e-05	8.63868e-06	4.62782e-06	7.30987e-06	3.23441e-06	6.14567e-06	1.28536e-05	3.4787e-05	9.95124e-06	2.80422e-05	3.90102e-06	0.000102331	5.75587e-06	3.98097e-05	4.0145e-05	4.02135e-05	1.24394e-05	1.01793e-05	7.67777e-05	2.77046e-05	0.000104367	1.69185e-05	3.21676e-05
P163-PWY: L-lysine fermentation to acetate and butanoate	2.45052e-07	0	9.32025e-07	0	1.48988e-06	0	7.2729e-07	0	0	0	1.36551e-06	5.73256e-07	0	4.04861e-07	0	3.76717e-06	0	0	0	0	0	0	0	0	0	0	0	0	0	4.18646e-07	0	0	0	0	0	0	0	0	0	0	2.17488e-06	0	0	0	0	0	0	0	0	1.06704e-06	0	0	0	0	0	0	0	3.85881e-07	7.46562e-07	0	0	0	0	0	0	0	0	0	0	0	0	0	0	0	0	0	0	0	0	0	0	0	0	0	0	0	0	7.5949e-07	0	0	5.62272e-07	0	0	0	3.61543e-06	3.66203e-06	1.69566e-06	0	0	0	0	0	0	6.62072e-07	0	0	0	0	0	0	0	0	0	0	0	0	0	0	0	0
P164-PWY: purine nucleobases degradation I (anaerobic)	7.78191e-06	4.4839e-06	3.22378e-06	6.97048e-06	6.18371e-06	5.76928e-06	1.32513e-05	3.20014e-06	7.63412e-06	6.51809e-06	6.21994e-06	1.17495e-05	5.02735e-06	5.67894e-06	1.05448e-05	1.0034e-05	7.12214e-06	3.67686e-06	3.79703e-06	3.36067e-07	3.57433e-06	7.46999e-06	2.5177e-06	6.02691e-06	2.11278e-05	4.4105e-06	1.07087e-05	7.96747e-06	5.03018e-06	1.07729e-05	8.90523e-06	6.6335e-06	1.62347e-05	6.77951e-06	6.21241e-06	2.86988e-05	8.44749e-06	3.2128e-06	8.04132e-06	1.24621e-05	8.09533e-06	9.34927e-06	2.25949e-05	8.76217e-06	8.91887e-06	1.27072e-05	8.9255e-06	1.54034e-05	1.21348e-05	1.70776e-05	5.24055e-06	5.4664e-06	4.93056e-06	4.93086e-06	2.25461e-06	2.97006e-06	4.57603e-06	3.83939e-06	4.41367e-06	3.52355e-06	6.21318e-06	5.68263e-06	8.82315e-06	8.42768e-06	2.00622e-05	5.79866e-06	8.21065e-06	6.42346e-06	1.02948e-05	2.78663e-06	6.80176e-06	2.92528e-06	1.18243e-05	6.28433e-06	7.58245e-07	1.42732e-05	6.53704e-06	1.27114e-05	6.2685e-06	5.83465e-06	8.96969e-06	3.98067e-06	9.76407e-06	8.97676e-06	6.50959e-06	7.36003e-06	1.87563e-05	6.78644e-06	4.83554e-06	6.49381e-06	6.06303e-06	1.94624e-05	1.31362e-05	6.45192e-06	7.57214e-06	5.99053e-06	6.6285e-06	1.25824e-05	7.53357e-06	5.7282e-06	3.30812e-06	1.77374e-05	4.69323e-06	6.26645e-06	3.01288e-06	5.11132e-06	5.58443e-06	0	5.47295e-06	4.1958e-06	6.48215e-06	5.69668e-06	9.63693e-06	1.96606e-05	7.45698e-06	9.76939e-06	1.72339e-05	2.13462e-05	8.23491e-06	5.5809e-06
P185-PWY: formaldehyde assimilation III (dihydroxyacetone cycle)	1.95753e-06	1.60716e-06	0	5.51108e-07	2.91911e-06	1.35957e-06	5.17094e-06	9.0213e-07	0	2.34592e-07	1.86652e-07	7.90213e-07	0	8.54189e-07	8.31288e-07	1.88713e-06	1.58454e-06	0	0	4.91174e-07	0	3.6821e-07	1.1107e-06	1.79514e-06	3.52061e-07	9.6772e-07	1.54835e-06	1.31325e-06	3.08828e-06	0	0	1.21296e-06	7.1155e-06	3.15774e-06	3.72982e-06	1.26843e-06	1.45686e-06	8.94325e-06	8.29359e-06	3.94945e-07	0	5.09727e-06	1.45276e-06	4.60754e-06	7.29593e-07	2.32293e-06	5.05461e-07	2.77884e-06	9.76071e-07	1.28845e-06	8.02706e-07	2.35906e-07	5.51745e-07	1.57273e-06	2.76752e-07	0	1.11917e-06	2.62857e-07	2.05035e-06	0	4.73482e-07	4.66621e-07	7.00149e-07	4.1069e-07	2.77738e-06	9.62368e-07	9.24529e-07	7.45742e-07	0	6.35365e-07	1.76074e-06	1.66471e-06	1.07564e-06	0	0	1.94496e-06	0	1.32854e-06	2.25153e-07	6.17053e-06	1.69124e-06	1.18785e-06	4.79746e-07	2.73492e-07	9.8001e-07	2.69489e-06	7.08129e-07	4.26775e-07	5.29233e-07	0	5.59946e-07	3.59566e-06	1.82157e-06	2.35233e-06	4.83477e-06	6.69863e-06	0	1.06179e-06	5.92171e-07	1.6043e-06	0	1.21295e-06	1.33681e-06	6.9567e-06	3.31566e-06	0	5.10508e-07	2.98673e-06	8.40077e-07	1.21606e-06	7.26372e-06	1.5528e-06	2.02939e-06	1.0027e-06	0	0	8.45652e-07	4.56371e-06	4.13984e-06	1.0206e-06
P221-PWY: octane oxidation	0	2.35796e-08	0	0	0	0	1.21502e-07	0	0	0	0	0	0	0	0	0	0	0	0	0	0	0	0	0	3.53933e-06	0	2.09595e-06	1.19315e-06	0	0	0	0	0	0	1.00819e-07	2.78487e-07	0	0	6.00828e-07	0	1.16997e-07	0	7.92381e-08	0	2.45929e-07	0	0	1.02606e-06	0	4.11542e-07	0	8.34479e-07	1.44739e-06	1.43675e-06	0	0	0	0	0	0	0	0	0	0	4.17398e-07	0	0	0	0	0	0	0	1.08256e-07	0	0	4.93767e-07	0	8.21108e-08	0	0	0	0	0	0	0	0	2.81664e-06	0	0	0	0	0	0	0	0	0	0	5.41496e-08	0	0	0	0	0	0	0	0	0	0	0	0	0	0	0	6.51951e-07	0	0	0	0	0	0
P23-PWY: reductive TCA cycle I	2.19584e-05	2.01108e-05	1.98412e-05	1.84058e-05	2.16627e-05	1.22366e-05	1.87056e-05	1.68625e-05	3.06341e-05	2.32236e-05	2.12556e-05	2.9842e-05	2.02471e-05	2.42452e-05	1.92282e-05	2.80314e-05	1.283e-05	1.49179e-05	1.65773e-05	1.09783e-05	1.22137e-05	2.20188e-05	1.68299e-05	9.84032e-06	3.04243e-05	1.96816e-05	2.06331e-05	9.25379e-06	1.64625e-05	2.67332e-05	2.34341e-05	2.39805e-05	2.45058e-05	1.7441e-05	2.06056e-05	2.7003e-05	2.8469e-05	1.66714e-05	2.56887e-05	2.1946e-05	1.46506e-05	1.60037e-05	2.04656e-05	1.95919e-05	1.80332e-05	2.48787e-05	2.34623e-05	2.36859e-05	2.31736e-05	3.23397e-05	2.06285e-05	1.68424e-05	9.66823e-06	4.41719e-06	2.56046e-05	2.60263e-05	8.1005e-06	2.59987e-05	3.54762e-05	2.24281e-05	2.54006e-05	2.72152e-05	3.62406e-05	2.45031e-05	1.94287e-05	2.80428e-05	2.68191e-05	2.64172e-05	2.02766e-05	1.93964e-05	2.52028e-05	1.0881e-05	1.64478e-05	6.81935e-06	0	2.08814e-05	1.55969e-05	2.72365e-05	9.99072e-06	1.51887e-05	2.72644e-05	6.85924e-06	3.14718e-05	1.66835e-05	2.12248e-05	1.84472e-05	2.24072e-05	3.10747e-05	3.20682e-05	1.75146e-05	2.73822e-05	3.19399e-05	2.93627e-05	2.73427e-05	1.71434e-05	1.3206e-05	2.49129e-05	1.95688e-05	1.86452e-05	2.53274e-05	1.97564e-05	2.56978e-06	1.32085e-05	1.86617e-05	2.36807e-05	1.2175e-05	2.39419e-05	2.21745e-05	2.40079e-05	1.79162e-05	2.86975e-05	2.17872e-05	3.88831e-05	1.5611e-05	1.97471e-05	2.88003e-05	2.40019e-05	1.74995e-05	2.13805e-05	1.84847e-05
P241-PWY: coenzyme B biosynthesis	3.73839e-06	7.51965e-07	3.5452e-06	2.81501e-06	6.22104e-06	5.0795e-06	5.22219e-06	5.05413e-06	6.559e-06	5.66772e-06	4.00133e-06	2.05134e-06	4.23586e-06	8.1405e-06	7.01425e-06	3.58095e-06	5.2472e-06	2.79047e-06	3.51386e-06	3.32976e-06	2.53887e-06	3.41574e-06	4.82872e-06	2.84446e-06	6.53612e-06	1.72347e-06	7.51799e-07	5.90014e-06	2.72988e-06	2.47629e-06	2.88666e-06	1.79144e-06	1.32657e-06	1.90487e-06	1.19709e-07	1.94925e-06	2.12616e-06	1.00153e-06	1.9085e-06	3.53524e-06	1.76076e-06	1.32898e-06	0	1.41642e-06	2.5972e-06	2.38505e-06	4.39188e-06	2.04387e-06	2.17848e-06	3.00539e-06	3.02772e-06	2.96861e-07	1.85521e-06	1.34042e-06	6.18429e-06	1.54434e-06	4.43764e-06	3.0873e-06	6.02907e-06	3.10045e-06	2.11534e-06	4.15953e-06	2.89298e-06	5.10229e-06	6.23659e-07	1.90872e-06	4.23774e-06	5.15139e-06	5.23195e-06	5.48163e-06	4.80714e-06	1.58655e-06	2.4122e-07	4.44925e-06	2.4831e-06	2.62622e-06	2.17365e-06	5.8729e-06	2.91282e-06	6.41635e-06	4.81842e-06	1.66243e-06	2.42704e-06	6.19315e-06	5.47205e-06	1.18839e-06	0	3.48051e-06	3.51602e-06	5.08387e-06	4.47176e-06	4.02149e-06	2.42564e-06	2.58941e-06	4.87521e-06	1.71402e-06	2.88377e-06	1.2068e-06	5.85514e-06	4.34232e-06	3.10507e-06	8.36756e-06	2.1942e-06	5.08719e-06	2.28964e-06	2.3075e-06	4.66714e-06	6.86265e-06	2.0622e-06	3.88305e-06	5.73685e-06	3.2996e-06	5.05172e-06	4.56094e-06	4.34727e-06	4.20757e-06	2.20435e-06	2.7181e-06	2.23891e-06	1.71742e-06
P261-PWY: coenzyme M biosynthesis I	0	0	0	0	0	0	0	0	0	0	0	0	0	0	0	0	0	0	6.89358e-07	0	0	1.2344e-06	0	0	0	0	0	0	0	0	0	1.38457e-06	0	0	0	0	0	0	0	0	0	0	0	0	0	0	0	0	0	0	0	1.63931e-06	0	0	0	0	0	0	0	0	0	0	0	0	1.62234e-06	0	0	0	0	0	0	0	0	0	0	0	0	0	0	0	0	0	0	0	0	1.4676e-06	0	0	0	0	0	0	0	1.27408e-06	0	0	0	0	0	0	0	0	0	0	0	0	0	0	0	0	7.95276e-07	0	0	0	0	0	0	0	0	0
"P4-PWY: superpathway of L-lysine, L-threonine and L-methionine biosynthesis I"	1.6816e-06	0	0	2.59301e-06	3.14666e-06	3.79321e-06	1.72884e-06	3.26587e-06	0	2.64275e-06	0	0	3.92685e-06	4.49348e-06	4.88706e-06	0	5.89357e-06	2.81019e-06	3.02968e-06	0	3.0292e-06	0	3.57306e-06	0	1.78451e-05	1.88692e-06	1.61122e-05	9.40163e-06	4.25276e-06	7.19428e-06	1.72679e-06	4.75151e-06	2.88844e-06	3.77837e-06	3.35923e-06	3.22141e-05	4.65927e-06	3.71279e-06	9.53376e-06	0	8.05099e-06	0	5.50836e-06	0	2.31089e-06	1.6849e-06	1.44527e-06	5.70679e-06	1.79748e-06	1.35211e-06	5.21786e-06	4.89087e-06	3.2573e-06	9.28837e-06	0	0	3.61175e-06	0	0	4.73888e-06	3.55644e-06	0	7.16648e-06	1.50814e-06	3.6547e-06	0	1.75465e-06	0	0	0	3.56555e-06	0	7.01302e-06	0	0	5.49876e-06	4.37679e-06	0	2.08644e-06	1.7032e-06	3.54147e-06	4.70038e-06	0	4.51177e-06	5.34113e-06	5.3706e-06	1.76944e-05	0	0	0	2.08867e-06	4.34182e-06	0	1.77152e-06	0	4.44807e-06	0	4.81545e-06	1.42761e-06	2.39115e-06	1.06196e-06	0	4.71761e-06	0	0	4.97558e-06	5.31095e-06	0	5.54353e-06	4.40657e-06	1.89012e-06	3.57258e-06	1.47957e-06	6.81532e-06	5.12793e-06	2.84038e-06	0	3.11709e-06	3.19411e-06	0
P41-PWY: pyruvate fermentation to acetate and (S)-lactate I	0.000151551	0.000159743	0.000145606	0.000130457	0.000150535	0.000171939	0.000139697	0.000165565	0.00014191	0.00013059	0.000127206	0.000146879	0.000128181	0.000153719	0.000151938	0.000119233	0.000156195	0.000160395	0.000162121	0.000159411	0.00014238	0.000151872	0.000143794	0.000134549	0.00012948	0.000129782	0.000136078	0.000154913	0.000139303	0.000120689	0.000126153	0.000124762	0.000129126	0.000139846	0.000125928	0.000160985	0.000141972	0.000112434	0.0001582	0.000134091	0.000157415	0.000148699	0.000151244	0.000141877	0.000134774	0.000138554	0.000145636	0.000142699	0.000181106	0.000153611	0.000147092	0.000123307	0.000141356	0.000111952	0.000144504	0.0001459	0.000165444	0.00014269	0.000128098	0.000146099	0.000133723	0.000112155	0.000150467	0.000133225	0.000140707	0.000148183	0.000133304	0.000121733	0.000198203	0.000135055	0.000162758	0.00017024	0.000183624	0.000178547	0.00014033	0.000145994	0.000161886	0.000141449	0.000137	0.000142045	0.000141364	0.000146653	0.000156946	0.000196607	0.000151348	0.000173707	0.000133225	0.000127915	0.000139595	0.000169258	0.000132093	0.000159718	0.000156917	0.00014959	0.000111717	0.000143939	0.000132202	0.000121061	0.000173143	0.000133378	0.000172107	0.000141345	0.000158151	0.000173626	0.000152788	0.000144487	0.000143427	0.000147146	0.000149711	0.000135763	0.000132087	0.000148829	0.000161208	0.000170977	0.000167989	0.000139893	0.000145911	0.000160783	0.000169485	0.000159177
P42-PWY: incomplete reductive TCA cycle	4.21466e-05	3.70316e-05	4.20533e-05	4.45864e-05	4.12779e-05	3.59478e-05	3.86883e-05	4.88926e-05	4.85997e-05	3.75386e-05	4.80647e-05	4.6947e-05	5.13292e-05	3.53442e-05	5.12644e-05	8.92467e-05	2.76889e-05	4.61044e-05	4.86306e-05	5.34314e-05	2.64199e-05	3.94221e-05	4.0397e-05	1.46217e-05	4.30701e-05	5.36123e-05	5.36696e-05	2.58305e-05	5.29842e-05	5.55676e-05	4.74486e-05	3.19635e-05	3.81736e-05	3.53876e-05	2.56237e-05	4.44565e-05	5.47493e-05	3.42845e-05	4.14198e-05	4.24635e-05	4.30261e-05	2.48094e-05	2.76466e-05	3.42058e-05	4.36468e-05	3.13178e-05	4.20104e-05	3.80932e-05	3.36053e-05	4.69446e-05	4.15355e-05	3.706e-05	3.87914e-05	1.54597e-05	5.3808e-05	4.52064e-05	4.75346e-05	4.75771e-05	4.5174e-05	4.3486e-05	3.52518e-05	5.15821e-05	5.06845e-05	4.70611e-05	3.28423e-05	4.0799e-05	3.99275e-05	4.32723e-05	3.7978e-05	4.52072e-05	3.52322e-05	3.46103e-05	2.39217e-05	3.24454e-05	3.95049e-05	3.86639e-05	3.75457e-05	3.98128e-05	3.14677e-05	4.01863e-05	3.65821e-05	1.64827e-05	4.55162e-05	2.71435e-05	4.25813e-05	3.50094e-05	3.24546e-05	4.21039e-05	4.09549e-05	4.00956e-05	4.73179e-05	4.53727e-05	4.3165e-05	4.19543e-05	5.94575e-05	5.70357e-05	5.18047e-05	4.24539e-05	5.37772e-05	5.34498e-05	3.28131e-05	5.03593e-05	2.81166e-05	3.44111e-05	4.45232e-05	2.80414e-05	5.6053e-05	4.01897e-05	3.5553e-05	3.63106e-05	5.08603e-05	4.48391e-05	5.49432e-05	4.25375e-05	3.41772e-05	4.63865e-05	3.66878e-05	2.21716e-05	4.10693e-05	4.58403e-05
P441-PWY: superpathway of N-acetylneuraminate degradation	2.93209e-05	4.31484e-05	1.54698e-05	1.69503e-05	2.22419e-05	2.3775e-05	1.97368e-05	1.61874e-05	1.35831e-05	1.51474e-05	3.30821e-05	3.19072e-05	2.97272e-05	3.22783e-05	1.88749e-05	1.8929e-05	2.68965e-05	2.52932e-05	2.34329e-05	1.74432e-05	2.90209e-05	2.11645e-05	2.17245e-05	3.45583e-05	4.10967e-05	3.64136e-05	7.2331e-05	5.19675e-05	2.30936e-05	3.83529e-05	2.67697e-05	3.12369e-05	2.5845e-05	4.08024e-05	3.12453e-05	6.71656e-05	5.25047e-05	1.63321e-05	5.19037e-05	4.2126e-05	6.0018e-05	3.37836e-05	5.40398e-05	3.08737e-05	2.20235e-05	2.80302e-05	2.51902e-05	5.04286e-05	3.80923e-05	2.5187e-05	2.28848e-05	3.41765e-05	5.26411e-05	4.41773e-05	2.73987e-05	2.27889e-05	1.44075e-05	4.05205e-05	2.68732e-05	2.81372e-05	3.57421e-05	2.57198e-05	3.40102e-05	1.86653e-05	3.48778e-05	4.18505e-05	3.81647e-05	2.8326e-05	4.22097e-05	1.88651e-05	3.29062e-05	2.34161e-05	3.73147e-05	1.3855e-05	1.21959e-05	6.06594e-05	2.36707e-05	2.67821e-05	4.35598e-05	3.15872e-05	3.81131e-05	2.40551e-05	3.10333e-05	1.74575e-05	4.92085e-05	4.7623e-05	6.4782e-05	2.43066e-05	3.1792e-05	1.49445e-05	2.35814e-05	4.55172e-05	5.55853e-05	2.52228e-05	0	3.13329e-05	3.95381e-05	3.89948e-05	2.17682e-05	1.45282e-05	2.38807e-05	1.13852e-05	1.99177e-05	2.86003e-05	4.11988e-05	2.66565e-05	4.17282e-05	1.23227e-05	3.25788e-05	1.83806e-05	4.02525e-05	3.32688e-05	2.91189e-05	2.80376e-05	2.36092e-05	3.13323e-05	3.39215e-05	5.08475e-05	3.7245e-05	4.94785e-05
"P461-PWY: hexitol fermentation to lactate, formate, ethanol and acetate"	5.03804e-05	3.72631e-05	1.23375e-05	1.43554e-05	1.27131e-05	1.50083e-05	1.62325e-05	1.04112e-05	1.28148e-05	1.07283e-05	3.50166e-05	5.73536e-05	4.31992e-05	2.50272e-05	2.12137e-05	2.63233e-05	1.87946e-05	2.28818e-05	3.24857e-05	2.7412e-05	1.44907e-05	2.64646e-05	1.44201e-05	7.23628e-05	4.70822e-05	3.41207e-05	7.09361e-05	5.3196e-05	1.87472e-05	5.75156e-05	3.67018e-05	4.39949e-05	6.77287e-05	8.0485e-05	8.56481e-05	7.20446e-05	4.66165e-05	3.47419e-05	6.32206e-05	5.34261e-05	4.90829e-05	2.57968e-05	4.40949e-05	6.65656e-05	1.64174e-05	4.48037e-05	4.82854e-05	5.57572e-05	3.03432e-05	5.4578e-05	1.75335e-05	6.3346e-05	6.30831e-05	2.52439e-05	2.43482e-05	1.41403e-05	1.95704e-05	5.39161e-05	4.2289e-05	6.43169e-05	5.89551e-05	2.50551e-05	3.38676e-05	1.2679e-05	6.50246e-05	5.51539e-05	5.07317e-05	2.91317e-05	2.72682e-05	1.38674e-05	3.11642e-05	1.97522e-05	2.61001e-05	8.84134e-06	7.08458e-06	6.62724e-05	1.54064e-05	4.71558e-05	3.89801e-05	2.54898e-05	4.58727e-05	1.67583e-05	3.64222e-05	1.12506e-05	6.62004e-05	5.27908e-05	5.10394e-05	4.08461e-05	5.02768e-05	1.03983e-05	2.59009e-05	7.19859e-05	6.73227e-05	2.55533e-05	1.51515e-05	4.80022e-05	5.13967e-05	6.24494e-05	2.25439e-05	1.04451e-05	1.55887e-05	8.85916e-06	1.81215e-05	3.73081e-05	6.12383e-05	2.30068e-05	4.74926e-05	1.47735e-05	8.12728e-05	1.19058e-05	5.96286e-05	4.90456e-05	4.29274e-05	2.32005e-05	1.86378e-05	4.69203e-05	4.69583e-05	7.35857e-05	2.7687e-05	5.81137e-05
P562-PWY: myo-inositol degradation I	0	0	0	0	0	0	0	0	0	0	0	0	0	0	0	0	0	0	0	0	0	0	0	0	0	0	0	0	0	0	0	0	0	0	0	0	0	0	0	0	0	0	7.95e-07	0	0	0	0	0	0	0	0	0	1.65252e-06	0	0	0	0	0	0	0	0	0	0	0	0	0	0	0	0	0	0	0	0	0	0	0	0	0	0	0	0	0	0	0	0	0	0	0	0	0	0	0	0	0	0	0	0	0	0	0	0	0	0	0	0	0	0	0	0	0	0	0	0	0	0	0	0	0	0	0
PANTO-PWY: phosphopantothenate biosynthesis I	9.93284e-05	0.000105764	0.000114623	9.8312e-05	9.85136e-05	8.72903e-05	8.61762e-05	0.000111665	0.00010236	7.46582e-05	8.8824e-05	0.000109007	9.31191e-05	9.81373e-05	0.000104592	8.00458e-05	9.97038e-05	0.000118038	0.000132745	0.000133961	7.14855e-05	8.22197e-05	8.61927e-05	7.94591e-05	9.80219e-05	0.00012813	0.000105779	0.000103683	7.78458e-05	0.000110176	0.000103749	0.000113747	8.7296e-05	7.12132e-05	6.43411e-05	0.000101896	0.000134543	6.66742e-05	0.000104639	0.000110503	9.64004e-05	9.7246e-05	9.32661e-05	9.97056e-05	0.000128945	9.06716e-05	8.4645e-05	9.14621e-05	0.000109655	0.000107228	0.000120629	0.000100954	0.000106516	8.26482e-05	9.58904e-05	9.9723e-05	0.000133344	0.00010874	9.83347e-05	0.000110285	0.000100995	7.95389e-05	0.000107605	0.000105365	9.22971e-05	0.000103343	9.03657e-05	9.51789e-05	0.000107991	0.000111132	0.0001178	7.91665e-05	0.00010032	0.000129518	8.03272e-05	9.04189e-05	0.000109815	0.000101708	0.000127733	8.74841e-05	0.000112019	8.96402e-05	0.00012818	0.000146027	0.000119754	0.000105066	0.000127674	9.45336e-05	9.76e-05	8.8755e-05	9.48579e-05	0.000136011	0.00012888	0.000104793	9.06829e-05	8.91138e-05	9.50679e-05	9.59837e-05	0.000148663	7.50544e-05	0.000125034	0.000120851	9.71891e-05	8.74375e-05	9.48393e-05	0.000106912	0.00011476	6.89281e-05	9.46641e-05	0.00010905	0.000101757	0.00010011	0.000112791	0.000164768	0.000130939	0.000106303	0.000103268	8.91088e-05	9.17713e-05	9.7324e-05
PANTOSYN-PWY: superpathway of coenzyme A biosynthesis I (bacteria)	0.000120764	0.000128496	0.000123944	0.000123439	0.000112244	0.000119918	9.76493e-05	0.000134244	0.000119448	9.69759e-05	0.000106812	0.000127902	0.000118333	0.000119379	0.000127419	9.54703e-05	0.000127765	0.000143598	0.000150873	0.00015549	9.80944e-05	0.000103631	0.000115418	0.000105807	0.000114806	0.000125012	0.000114865	0.000119486	8.77961e-05	0.000111315	0.000120741	0.000137605	0.000113189	0.000102449	9.30446e-05	0.000116762	0.000154024	9.08078e-05	0.00013341	0.000132284	0.000117393	0.000122208	0.000105988	0.000129923	0.000145302	0.000112834	0.000101215	0.000118567	0.000138632	0.000125075	0.000138323	0.000128106	0.000129538	8.41931e-05	0.000114658	0.000124371	0.000151383	0.000129911	0.000110258	0.000120566	0.00012291	0.000101325	0.000130182	0.000109427	0.000118451	0.000128336	0.000110977	0.000117383	0.000134618	0.000120148	0.000141301	0.000101932	0.000131448	0.000142909	0.000104141	9.91595e-05	0.000138904	0.000121136	0.000148609	0.000106623	0.000131441	0.000118005	0.00014672	0.000146268	0.000144421	0.000133187	0.000127102	0.000113304	0.00012119	0.000119029	0.000114073	0.000153705	0.000149679	0.000128867	9.90852e-05	0.000101946	0.000117461	0.000117331	0.00014339	9.23197e-05	0.000158527	0.000126442	0.00013023	0.000104013	0.000122198	0.000135438	0.000141623	8.79741e-05	0.000115197	0.000135834	0.000128187	0.000119863	0.000131294	0.000161369	0.000130832	0.0001273	0.000126202	0.000121261	0.000121758	0.000127025
PENTOSE-P-PWY: pentose phosphate pathway	7.24024e-05	5.26305e-05	2.37986e-06	6.87443e-06	5.58952e-06	8.27323e-06	5.70248e-06	7.70707e-06	2.49408e-06	9.63011e-06	1.93499e-05	6.13424e-05	3.22998e-05	1.04962e-05	7.2324e-06	8.769e-06	5.91041e-06	5.64591e-06	2.89753e-06	4.12608e-06	3.00253e-05	1.69474e-05	4.6637e-06	7.42952e-05	2.65611e-05	0.000104137	0.000145721	3.95602e-05	1.0383e-05	4.73134e-05	9.60474e-05	0.000113132	9.77103e-05	6.5516e-05	8.79366e-05	5.02487e-05	0.000110794	3.02812e-05	7.41932e-05	5.43503e-05	9.27163e-05	4.11622e-06	0.000139409	0.000103442	1.28245e-05	0.00010444	5.14732e-05	0.000113518	1.66154e-05	9.13455e-05	1.59117e-05	5.07652e-05	9.70151e-05	0.000106128	1.78185e-05	5.29742e-06	2.99161e-06	8.40406e-05	3.38691e-05	4.65513e-05	0.000108445	1.15502e-05	1.70036e-05	8.48388e-06	0.000101187	9.44054e-05	3.35328e-05	1.59245e-05	6.48748e-06	5.92375e-06	1.3341e-05	3.87856e-06	1.22387e-05	1.13793e-06	8.94908e-07	0.000122669	6.957e-06	4.04447e-05	0.0001074	2.07756e-05	5.71834e-05	1.06315e-05	8.68125e-05	9.17368e-06	6.89608e-05	4.75162e-05	0.000141062	3.09941e-05	8.19767e-05	5.26545e-06	1.61695e-05	9.50075e-05	8.20211e-05	1.16801e-05	9.27245e-07	4.60684e-05	8.48517e-05	9.73338e-05	4.43221e-06	1.96382e-06	1.27147e-05	1.53544e-06	5.546e-06	3.30663e-06	4.18571e-05	5.09961e-06	2.86336e-05	2.12789e-06	0.000102975	3.35738e-06	4.99309e-05	4.76024e-05	5.76865e-05	2.00077e-05	9.15042e-06	7.81919e-05	3.32603e-05	9.60457e-05	7.05721e-05	4.70799e-05
PEPTIDOGLYCANSYN-PWY: peptidoglycan biosynthesis I (meso-diaminopimelate containing)	0.000240472	0.000296204	0.000194132	0.000208223	0.00021208	0.000264703	0.000195838	0.000246571	0.000203451	0.000200193	0.000205643	0.000224701	0.000224473	0.000235025	0.000244335	0.000170337	0.000244712	0.000264686	0.000249529	0.000261835	0.000264667	0.000219714	0.000238108	0.000248541	0.000211208	0.000310651	0.000485123	0.000237447	0.000184896	0.000186598	0.000231291	0.000350573	0.000254025	0.000270433	0.000266072	0.000289685	0.000340836	0.000173338	0.000353225	0.000275753	0.000406887	0.000309475	0.000464125	0.000339822	0.000232224	0.000326795	0.000206572	0.000336003	0.000302034	0.000257316	0.000241308	0.00023452	0.000303715	0.00154713	0.000194387	0.000240491	0.000267314	0.00024789	0.00018734	0.000247449	0.000297742	0.000188819	0.000253269	0.000175111	0.000330193	0.000281516	0.000213044	0.00021505	0.000273088	0.000210383	0.000248308	0.000301186	0.000295566	0.000238587	0.000214331	0.000402306	0.000260426	0.00021038	0.000368228	0.000206255	0.000227708	0.000239345	0.000265108	0.000233587	0.000255262	0.000280768	0.00056968	0.00021751	0.000237677	0.000252494	0.000193127	0.000268665	0.00025908	0.000214544	0.000154786	0.000218642	0.000290568	0.000323532	0.000229429	0.00016705	0.000332067	0.000196236	0.00026541	0.000250244	0.000249983	0.000246718	0.000257405	0.000178778	0.000287872	0.000232069	0.000228969	0.000231099	0.000237285	0.000239097	0.000230329	0.000249398	0.000228059	0.000292166	0.00024041	0.000325402
PHOSLIPSYN-PWY: superpathway of phospholipid biosynthesis I (bacteria)	3.61863e-06	1.9542e-06	0	9.27471e-06	3.42679e-06	5.02344e-06	9.7564e-06	7.63178e-06	1.65284e-06	5.98561e-06	3.03164e-06	0	0	7.80702e-06	9.97951e-06	0	6.52161e-06	2.89352e-06	0	0	3.55755e-06	7.54158e-06	3.78235e-06	0	4.54255e-05	4.81691e-06	3.03944e-05	3.68825e-05	2.62111e-06	1.54294e-05	9.75799e-06	7.36288e-06	8.3777e-06	1.77561e-05	4.96315e-06	5.91786e-05	2.95627e-06	0	2.05259e-05	1.25272e-05	2.20195e-05	8.47946e-06	2.62759e-05	1.26345e-05	6.0393e-06	7.05836e-06	1.05704e-06	1.34961e-05	1.50917e-05	3.49691e-06	1.24652e-05	4.30231e-06	3.38784e-06	1.62973e-05	0	3.86174e-06	1.79796e-06	4.46266e-06	0	1.07993e-05	5.54798e-06	8.88182e-07	2.10747e-05	1.17185e-06	1.67377e-05	4.15932e-06	3.68474e-06	4.82092e-06	1.31225e-05	4.17775e-06	6.86552e-06	5.83592e-06	1.99686e-05	3.58453e-06	1.10404e-06	1.52051e-05	6.16238e-06	1.04748e-05	2.24789e-06	0	1.08167e-05	3.10571e-06	1.02851e-06	4.61735e-06	6.50215e-06	1.23013e-05	2.94712e-05	0	4.0143e-06	2.72461e-06	6.37605e-06	1.26234e-06	2.38472e-06	3.73924e-06	0	7.79582e-06	0	9.53281e-06	5.293e-06	8.99605e-07	6.47093e-06	9.88941e-06	4.84533e-06	2.31788e-06	4.66807e-06	4.26482e-06	5.49136e-06	0	1.34391e-05	3.51248e-06	9.3422e-06	1.65045e-05	2.30671e-06	1.51653e-05	1.69072e-05	4.61505e-06	1.33177e-06	6.58031e-06	7.15998e-06	1.37411e-05
PHOTOALL-PWY: oxygenic photosynthesis	0	0	0	0	0	0	0	0	0	0	0	0	0	0	0	0	0	0	0	0	0	0	0	0	0	0	0	0	0	0	0	0	0	0	0	0	0	0	0	0	0	0	0	0	0	0	0	0	0	0	0	0	0	0	0	0	0	0	0	3.07393e-07	2.48428e-07	0	0	0	0	0	0	0	0	0	0	0	0	0	0	0	0	0	0	0	0	0	0	0	0	1.34239e-07	0	0	0	0	0	0	0	0	0	0	0	0	0	0	0	4.11401e-07	1.8293e-07	0	2.16642e-07	0	0	0	0	0	0	0	0	0	0	0	0	0	0	0
POLYAMINSYN3-PWY: superpathway of polyamine biosynthesis II	7.99329e-06	0	1.05187e-05	8.57807e-06	7.9153e-06	4.36408e-06	8.55377e-06	7.21437e-06	9.83077e-06	8.41124e-06	3.00249e-06	5.91398e-06	3.97592e-06	5.82744e-06	8.0103e-06	3.82916e-06	4.7119e-06	3.94855e-06	8.95543e-07	4.81912e-07	2.37233e-06	6.97764e-06	3.413e-06	3.20882e-06	1.14702e-05	1.05167e-06	9.11829e-07	6.44032e-06	8.36362e-06	6.82494e-06	6.27863e-06	2.84678e-06	5.60672e-06	7.57264e-06	4.99474e-06	4.9644e-06	2.69559e-06	2.549e-06	7.14044e-06	9.60943e-06	1.6865e-06	2.70163e-06	0	1.01611e-05	5.89777e-06	8.79314e-06	6.50103e-06	5.32833e-06	6.32613e-06	4.93152e-06	6.56016e-06	4.90911e-06	1.51422e-06	0	2.47961e-06	0	6.02179e-06	5.89533e-06	6.2854e-06	3.80781e-06	1.83743e-06	6.78306e-06	8.07525e-06	8.88582e-06	5.66691e-06	4.17623e-06	5.73602e-06	2.35276e-06	1.00853e-05	9.05837e-06	8.92244e-06	0	6.32696e-06	4.02174e-06	1.56195e-06	2.88984e-06	5.49487e-06	8.99994e-06	4.85796e-06	9.06607e-06	8.59763e-06	4.69751e-06	5.84824e-06	8.29942e-06	3.56591e-06	8.33e-06	0	2.9842e-06	7.26786e-06	4.44425e-06	5.68241e-06	2.12876e-06	5.38505e-06	5.80952e-06	3.67195e-06	1.67077e-06	1.0249e-06	1.24801e-06	4.48216e-06	3.86426e-06	0	2.50003e-06	4.47633e-06	2.31586e-06	4.25944e-06	5.0094e-06	4.94351e-06	2.29784e-06	4.45629e-06	4.31742e-06	4.5348e-06	7.04027e-06	1.01558e-05	5.13913e-06	9.86397e-06	9.54669e-06	4.20019e-06	9.25712e-06	9.56953e-06	1.47823e-06
POLYAMSYN-PWY: superpathway of polyamine biosynthesis I	7.90103e-06	6.1614e-07	1.14187e-05	8.6659e-06	8.04313e-06	4.16688e-06	8.19419e-06	6.82789e-06	1.05775e-05	8.45523e-06	2.9449e-06	5.94908e-06	3.9251e-06	5.72856e-06	7.96675e-06	3.697e-06	5.23156e-06	3.71488e-06	8.64892e-07	4.72115e-07	2.06641e-06	6.73047e-06	3.18735e-06	3.09151e-06	1.99959e-05	1.02978e-06	7.76336e-06	1.47241e-05	7.22179e-06	7.7899e-06	6.28047e-06	6.54954e-06	5.48511e-06	7.2176e-06	4.90309e-06	1.38653e-05	2.70632e-06	2.45057e-06	7.4514e-06	9.22144e-06	2.34412e-06	2.78538e-06	2.9751e-06	8.63564e-06	7.13088e-06	8.72929e-06	4.73285e-06	5.65314e-06	9.55984e-06	5.07708e-06	6.35626e-06	5.60442e-06	1.47694e-06	2.78249e-06	2.44972e-06	2.17407e-06	5.63636e-06	5.71697e-06	7.43174e-06	4.01518e-06	4.47624e-06	6.9202e-06	8.37361e-06	8.9676e-06	6.47376e-06	4.66746e-06	5.67818e-06	2.35313e-06	9.71955e-06	9.07001e-06	8.7249e-06	9.89231e-07	8.34318e-06	3.8736e-06	1.51636e-06	4.13936e-06	5.30907e-06	9.0984e-06	4.8044e-06	8.96947e-06	8.77195e-06	4.49162e-06	8.09897e-06	8.18161e-06	3.571e-06	7.92606e-06	8.38612e-06	2.96521e-06	7.39984e-06	4.39864e-06	6.96678e-06	2.41734e-06	5.29933e-06	6.05879e-06	3.58747e-06	1.85791e-06	1.38803e-06	3.13271e-06	4.45021e-06	3.69832e-06	2.43724e-06	2.51063e-06	4.89466e-06	1.53292e-06	4.04831e-06	4.77474e-06	4.7113e-06	2.17261e-06	4.07432e-06	4.26728e-06	4.45648e-06	7.05424e-06	7.30284e-06	8.02055e-06	1.00169e-05	1.03996e-05	4.19239e-06	9.11427e-06	9.12379e-06	2.4527e-06
POLYISOPRENSYN-PWY: polyisoprenoid biosynthesis (E. coli)	2.20951e-05	1.33328e-05	1.04244e-05	1.27235e-05	1.61589e-05	2.78855e-05	1.59432e-05	2.03274e-05	9.72635e-06	2.22679e-05	1.22965e-05	1.47036e-05	1.52504e-05	2.66088e-05	2.43416e-05	2.16265e-05	2.50981e-05	2.41023e-05	3.2031e-05	3.26466e-05	7.83866e-06	1.74886e-05	1.70113e-05	2.26733e-05	2.09745e-05	4.90353e-06	1.59965e-05	1.55963e-05	1.38062e-05	2.66922e-05	2.18986e-05	1.9262e-05	2.74771e-05	2.54242e-05	2.48778e-05	2.17499e-05	7.46866e-06	2.57637e-05	1.4793e-05	1.96909e-05	6.30942e-06	8.89133e-07	1.45846e-05	2.63398e-05	1.75563e-05	1.92784e-05	1.51691e-05	2.47901e-05	2.05445e-05	1.56363e-05	1.58327e-05	2.43886e-05	9.31848e-06	1.6469e-05	9.48122e-06	2.0544e-06	2.20204e-05	1.58305e-05	8.02262e-06	1.09827e-05	6.38999e-06	2.0197e-05	1.01029e-05	1.1951e-05	2.718e-05	9.48628e-06	2.40444e-05	1.79496e-05	2.3339e-05	2.41201e-05	2.75564e-05	5.99532e-06	2.60533e-05	1.09226e-05	1.36082e-05	1.67812e-05	1.31166e-05	1.84718e-05	2.18743e-05	1.53518e-05	1.3229e-05	2.10471e-05	1.55248e-05	1.48118e-05	2.46387e-05	2.82863e-05	1.39374e-05	1.13512e-05	1.37284e-05	1.8933e-05	5.97239e-06	2.13637e-05	2.59012e-05	1.09278e-05	1.52173e-05	6.04961e-06	1.74654e-05	1.79174e-05	2.06566e-05	1.59964e-05	3.18278e-06	7.81613e-06	2.42527e-05	1.4625e-06	1.44339e-05	2.48376e-05	1.93663e-05	1.48693e-05	1.30948e-05	1.7829e-05	1.4022e-05	2.12219e-05	1.5119e-05	1.92491e-05	1.5692e-05	1.897e-05	2.53885e-05	3.13864e-05	2.96516e-05	5.66778e-06
PPGPPMET-PWY: ppGpp metabolism	4.26391e-06	4.458e-06	6.0705e-06	4.84649e-06	5.34762e-06	4.71913e-06	4.04653e-06	7.62868e-06	9.22681e-06	3.37991e-06	7.7804e-06	4.39885e-06	4.50121e-06	3.85051e-06	5.79029e-06	5.90401e-06	6.76844e-06	4.61321e-06	4.90949e-06	8.32824e-06	5.34696e-06	5.22823e-06	4.51256e-06	3.95282e-06	5.03438e-06	3.38462e-06	5.48194e-06	4.55964e-06	2.57919e-06	6.13225e-06	3.38759e-06	4.71682e-06	4.84284e-06	5.48292e-06	3.13359e-06	5.24579e-06	7.81448e-06	2.90498e-06	4.75824e-06	7.75855e-06	3.1793e-06	4.66307e-06	4.11798e-07	6.39153e-06	6.6391e-06	3.97062e-06	6.67045e-06	3.54612e-06	7.00507e-06	3.41241e-06	6.81065e-06	5.12984e-06	3.1756e-06	5.65306e-06	7.12155e-06	4.94709e-06	8.04331e-06	4.53928e-06	6.48615e-06	3.23883e-06	3.0115e-06	4.81988e-06	4.65243e-06	7.17981e-06	3.85153e-06	3.72906e-06	4.78856e-06	4.45276e-06	6.71947e-06	6.05087e-06	2.65563e-06	2.49757e-06	3.95248e-06	2.23098e-06	5.09476e-06	1.98266e-06	5.75243e-06	6.38344e-06	4.96915e-06	3.77902e-06	4.35546e-06	3.55585e-06	7.62288e-06	6.83146e-06	5.32165e-06	4.6244e-06	5.27178e-06	4.23013e-06	4.09605e-06	3.45834e-06	6.01024e-06	5.61597e-06	5.33684e-06	4.94306e-06	3.85628e-06	3.32512e-06	4.45674e-06	2.73469e-06	5.9797e-06	6.61665e-06	3.71513e-06	9.00012e-06	5.83254e-06	7.8042e-06	4.75106e-06	6.05795e-06	5.96857e-06	2.98724e-06	3.8445e-06	3.34653e-06	5.99963e-06	4.11166e-06	6.72368e-06	6.59394e-06	4.92256e-06	4.41571e-06	3.99375e-06	1.89135e-06	4.35195e-06	4.45374e-06
PROPFERM-PWY: superpathway of L-alanine fermentation (Stickland reaction)	2.5898e-06	1.77566e-06	4.48723e-06	1.98917e-06	2.14367e-06	1.56529e-06	2.72975e-06	2.73699e-06	3.34393e-06	2.63877e-06	4.06229e-06	0	2.12149e-06	3.78828e-06	2.4735e-06	0	0	0	1.75253e-06	2.49968e-06	2.91188e-06	2.99697e-06	2.44106e-06	2.59321e-06	3.2653e-06	2.71854e-06	5.72999e-06	4.98112e-06	2.08947e-06	4.77292e-06	1.88348e-06	1.18217e-06	2.67598e-06	1.86407e-06	0	5.55543e-06	8.13924e-06	1.78617e-06	4.11331e-06	3.18404e-06	4.60577e-06	8.25224e-06	2.71454e-06	1.83598e-06	2.02119e-06	2.06018e-06	0	1.84413e-06	1.76152e-06	3.71285e-06	0	0	1.05334e-06	0	4.01326e-06	0	1.39686e-06	0	1.48282e-06	3.26341e-06	1.56366e-06	4.01943e-06	1.93334e-06	3.76704e-06	2.64573e-06	0	3.5453e-06	2.48834e-06	1.70846e-06	4.11868e-06	2.28069e-06	3.47744e-06	9.88242e-07	1.43855e-06	0	4.22991e-06	0	2.63071e-06	2.03662e-06	1.71906e-06	2.30184e-06	1.26381e-06	1.79582e-06	3.42868e-06	1.31734e-06	1.11522e-06	4.43877e-06	3.37497e-06	2.70887e-06	1.94761e-06	2.73177e-06	0	0	2.68281e-06	4.13414e-06	0	3.97201e-06	2.72272e-06	3.05738e-06	2.81903e-06	5.3142e-06	3.61029e-06	0	3.26262e-06	2.90905e-06	1.57833e-06	0	2.00467e-06	5.06562e-06	3.42376e-06	2.25346e-06	2.70031e-06	2.44043e-06	3.61033e-06	3.26566e-06	1.74131e-06	1.18205e-06	0	1.4014e-06	6.63623e-06
PROTOCATECHUATE-ORTHO-CLEAVAGE-PWY: protocatechuate degradation II (ortho-cleavage pathway)	0	0	0	0	0	0	0	0	0	0	0	0	0	0	0	0	0	0	0	0	0	0	0	0	0	0	6.184e-07	7.59401e-07	0	0	0	0	0	1.44561e-07	0	0	0	0	0	0	0	0	0	0	0	0	8.65918e-07	8.27572e-07	1.09288e-06	8.3606e-07	0	0	0	0	0	0	0	0	0	1.83163e-07	0	0	0	0	1.07502e-06	0	0	0	0	0	0	0	0	0	5.18954e-07	0	0	0	0	0	0	0	0	0	0	0	0	0	0	0	0	0	0	0	0	0	0	2.50535e-07	0	0	0	0	0	0	0	0	0	0	0	0	0	0	0	6.06398e-07	0	0	0	0	0	0
"PRPP-PWY: superpathway of histidine, purine, and pyrimidine biosynthesis"	0	0	0	0	0	0	0	0	0	2.97167e-06	0	0	0	0	0	0	0	0	0	0	0	0	0	0	2.33194e-05	0	1.35186e-05	1.26986e-05	0	4.04559e-06	0	0	0	3.28298e-06	0	2.53848e-05	0	0	6.30512e-06	0	0	0	6.10995e-06	0	0	0	0	6.32716e-06	0	0	0	0	0	1.2873e-05	0	0	0	0	0	0	0	0	0	0	2.52539e-06	0	0	0	0	0	0	0	0	0	0	8.60425e-06	0	0	0	0	0	0	0	0	0	0	2.12621e-05	0	0	0	0	0	0	0	0	0	0	0	0	0	0	0	0	0	0	0	0	0	0	0	0	0	0	7.79891e-06	0	0	0	0	0	0
PWY-101: photosynthesis light reactions	0	0	0	0	0	0	0	0	0	0	0	0	0	0	0	0	0	0	0	0	0	0	0	0	0	0	0	0	5.88841e-07	0	0	0	0	2.53358e-07	0	0	0	0	0	0	0	0	0	0	0	0	0	0	0	0	0	0	0	0	0	0	0	0	0	4.58395e-07	7.44862e-07	0	0	0	0	4.25927e-07	0	0	3.40646e-07	0	0	0	0	0	0	0	0	0	0	0	0	0	9.61504e-08	0	0	1.42875e-07	0	5.68496e-07	4.69196e-07	0	0	0	0	0	0	0	0	0	0	0	0	1.38157e-06	2.23805e-07	0	6.21386e-07	0	0	0	0	0	0	0	0	0	0	0	0	0	0	0
PWY-1042: glycolysis IV	0.000493977	0.000530488	0.000527006	0.000521497	0.000528663	0.000587238	0.000504953	0.000562573	0.000525153	0.000534574	0.000459566	0.000492587	0.000538375	0.000548106	0.000556153	0.000496727	0.000549789	0.000558714	0.000551965	0.000563368	0.00053475	0.000510607	0.000550275	0.000485264	0.000466506	0.000468674	0.00042355	0.000508652	0.000509192	0.000425837	0.000424907	0.00047799	0.000463514	0.000546185	0.000502434	0.000550957	0.000515377	0.00046435	0.000597149	0.000525537	0.000548441	0.000603981	0.000516325	0.000529825	0.000520849	0.000422669	0.000474337	0.000457455	0.000555229	0.000478731	0.000552886	0.000515855	0.000564144	0.000369795	0.000520383	0.00053517	0.000556664	0.00048176	0.000478849	0.000532533	0.000476959	0.000493731	0.000531713	0.000459487	0.000439572	0.000495757	0.000499979	0.000535843	0.000562415	0.00052321	0.000559689	0.000586723	0.000583075	0.0005256	0.000535497	0.00053103	0.000549656	0.000514154	0.000462039	0.000510513	0.000488629	0.000539225	0.00049627	0.000540644	0.000500869	0.000537557	0.000471643	0.000515537	0.000510513	0.00057174	0.000521851	0.000511038	0.000497603	0.000559747	0.000502239	0.000508882	0.000477271	0.000430866	0.000551566	0.000525503	0.000617304	0.000558012	0.00058171	0.00053232	0.00054883	0.00055802	0.000555039	0.000522265	0.000522289	0.000537347	0.000532486	0.000494206	0.000502632	0.000550648	0.000538974	0.000479319	0.000526704	0.000509413	0.00051046	0.000598234
PWY-1269: CMP-3-deoxy-D-manno-octulosonate biosynthesis	7.97862e-06	7.98659e-06	7.03503e-06	1.11878e-05	1.26007e-05	3.98341e-06	7.26685e-06	1.11285e-05	8.3934e-06	6.49553e-06	1.14843e-05	3.04448e-06	6.63411e-06	4.66977e-06	5.83891e-06	6.67505e-06	5.71876e-06	9.82631e-06	1.07592e-05	1.00869e-05	7.62857e-06	1.62271e-05	6.83829e-06	3.23855e-06	2.32627e-05	6.13565e-06	2.14029e-05	1.98269e-05	6.83694e-06	1.09401e-05	5.93981e-06	7.0407e-06	7.19538e-06	1.01407e-05	1.01039e-05	3.06313e-05	1.08433e-05	4.97517e-06	1.60151e-05	1.59383e-05	1.47364e-05	8.615e-06	1.75597e-05	9.7376e-06	7.36688e-06	3.24886e-06	6.9042e-06	1.27606e-05	7.63469e-06	5.96345e-06	8.36707e-06	8.38289e-06	7.93228e-06	1.76016e-05	8.49704e-06	6.80701e-06	1.50251e-05	7.41399e-06	8.84765e-06	9.00528e-06	5.40328e-06	7.76504e-06	9.22719e-06	8.75307e-06	5.23322e-06	4.45904e-06	4.18312e-06	7.36909e-06	6.52941e-06	1.24615e-05	7.37653e-06	6.47261e-06	1.3038e-05	5.85736e-06	2.85773e-06	1.02705e-05	8.55211e-06	1.06832e-05	6.35469e-06	6.14628e-06	9.48767e-06	6.55945e-06	2.23708e-05	1.09135e-05	3.26517e-06	5.73133e-06	2.46678e-05	7.28515e-06	7.38161e-06	2.16286e-06	1.54042e-05	8.69695e-06	9.30472e-06	1.01395e-05	9.6394e-06	9.23996e-06	6.53095e-06	7.75602e-06	8.91512e-06	8.29317e-06	7.08762e-06	9.81032e-06	6.93934e-06	7.31036e-06	1.21036e-05	5.30698e-06	5.44161e-06	8.02307e-06	1.02259e-05	1.27892e-05	9.90873e-06	6.67036e-06	1.30319e-05	1.91188e-05	1.14157e-05	1.61389e-05	5.94577e-06	4.2002e-06	9.48045e-06	6.98764e-06
PWY-1622: formaldehyde assimilation I (serine pathway)	0	0	0	0	0	0	0	0	0	0	0	0	0	0	0	0	0	0	0	0	0	0	0	0	0	0	2.87624e-06	0	0	0	0	0	0	0	0	0	0	0	0	0	0	0	0	0	0	0	0	0	0	0	0	0	0	0	0	0	0	0	0	0	0	0	0	0	1.23923e-06	0	0	0	0	0	0	0	0	0	0	0	0	0	0	0	0	0	0	0	0	0	0	0	0	0	0	0	0	0	0	0	0	0	0	0	0	0	0	0	0	0	0	0	0	0	0	0	0	0	0	0	0	0	0	0
PWY-181: photorespiration	0	0	0	0	0	0	0	0	0	0	0	0	0	0	0	0	0	0	0	0	0	0	0	0	0	0	4.88539e-06	0	0	0	0	0	0	0	0	0	0	0	0	0	0	0	0	0	0	0	2.33459e-06	0	3.18683e-06	2.07485e-06	0	0	0	0	0	0	0	0	0	0	0	0	0	0	3.12646e-06	0	0	0	0	0	0	1.71225e-06	0	0	0	0	0	0	0	0	0	0	0	0	0	0	0	0	0	0	0	0	0	0	0	0	0	0	0	0	0	0	0	2.0142e-06	0	0	0	0	0	0	0	0	0	0	0	0	0	0	0	0
PWY-1861: formaldehyde assimilation II (assimilatory RuMP Cycle)	0.000118185	3.09035e-05	0.000110243	0.000107461	6.38944e-05	0.000139773	7.5222e-05	9.46845e-05	0.000110764	0.000126776	8.68937e-05	0.000108655	0.000102057	0.000134909	0.000123908	0.000112587	0.000119008	9.94445e-05	9.80397e-05	8.11502e-05	1.24986e-05	0.000118817	0.000101526	0.000112386	0.000138178	2.9048e-05	3.52811e-05	0.000121699	0.000105105	0.000115961	0.000129547	0.000115905	0.000124266	0.000117794	0.000119629	1.99851e-05	2.3943e-05	0.000114502	4.66504e-05	0.00010352	3.83679e-05	1.30348e-05	2.94139e-05	0.000107062	8.2525e-05	0.000110203	7.34702e-05	0.000120867	0.00013298	0.000104673	6.8961e-05	0.000107846	5.89476e-05	3.39947e-05	7.49279e-05	5.29839e-05	7.78646e-05	0.000101789	9.77409e-05	5.23981e-05	7.03557e-05	0.000121324	0.000109393	8.88192e-05	0.000108948	6.83805e-05	0.00011345	0.000105249	0.000130717	9.77384e-05	0.00011729	3.66858e-05	0.000135482	8.41284e-05	9.55042e-05	4.22427e-05	0.000106065	9.76799e-05	0.000102141	9.59938e-05	8.85933e-05	0.000125336	0.000109053	9.55769e-05	0.000107108	0.00012455	1.39151e-05	0.000105322	0.00010665	0.000111476	9.16346e-05	9.05308e-05	0.00010677	0.000126779	6.10406e-05	4.997e-05	5.77527e-05	0.000102104	8.86483e-05	9.80422e-05	4.57183e-05	0.000107017	0.000106083	3.46899e-05	8.23838e-05	0.000113452	8.596e-05	7.85591e-05	7.19754e-05	0.000132549	8.66134e-05	0.000114663	6.5884e-05	7.11185e-05	0.00012577	0.0001079	0.000121924	0.000134775	0.000107674	4.05928e-05
"PWY-241: C4 photosynthetic carbon assimilation cycle, NADP-ME type"	5.5363e-05	3.44064e-05	1.30709e-05	1.05053e-05	1.8236e-05	9.02179e-06	2.45548e-05	8.79049e-06	2.217e-05	1.98467e-05	2.40651e-05	5.29137e-05	3.484e-05	2.55671e-05	1.40032e-05	1.79042e-05	9.64959e-06	1.27068e-05	1.3108e-05	5.81994e-06	4.44877e-06	2.5188e-05	1.1665e-05	6.36535e-05	4.34002e-05	2.06351e-05	5.20656e-05	5.55082e-05	3.63869e-05	5.37281e-05	6.65388e-05	7.71393e-05	5.84129e-05	5.85125e-05	6.24641e-05	6.03671e-05	4.26557e-05	4.59952e-05	3.67188e-05	5.00679e-05	3.70188e-05	8.45842e-06	5.2502e-05	5.32753e-05	1.85829e-05	7.12641e-05	2.93273e-05	6.8674e-05	2.82483e-05	5.76692e-05	1.79639e-05	4.73618e-05	4.91511e-05	4.47656e-05	1.44148e-05	1.72428e-05	3.5154e-06	5.51561e-05	3.86318e-05	3.30425e-05	4.82279e-05	1.97453e-05	2.95123e-05	1.85181e-05	6.75089e-05	3.85829e-05	4.21952e-05	2.00199e-05	1.34628e-05	1.01311e-05	2.53103e-05	2.74386e-05	1.46179e-05	2.98239e-06	0	6.33434e-05	9.49466e-06	4.0866e-05	6.37566e-05	2.77298e-05	4.13056e-05	1.84349e-05	5.9599e-05	2.14527e-05	6.14504e-05	5.47052e-05	6.46436e-05	3.12922e-05	5.50403e-05	1.11359e-05	2.10825e-05	6.95762e-05	6.50536e-05	2.18731e-05	1.0874e-05	2.4433e-05	4.1604e-05	6.80868e-05	1.09661e-05	1.67661e-05	2.05555e-05	9.55227e-07	1.13788e-05	1.69015e-05	3.49815e-05	9.4081e-06	3.45331e-05	1.33049e-05	3.8459e-05	1.21635e-05	4.42698e-05	4.73655e-05	3.16065e-05	8.32385e-06	1.55871e-05	5.74489e-05	4.22929e-05	6.97904e-05	6.21951e-05	3.56978e-05
PWY-2941: L-lysine biosynthesis II	0.000144396	0.000170903	0.000129552	0.000151937	0.000128169	0.000167387	0.00012544	0.000159793	0.000128622	0.000126348	0.000135122	0.000130948	0.000141183	0.000135649	0.000142653	0.000105522	0.000139996	0.000172795	0.000165985	0.000170962	0.000172207	0.000125609	0.000154168	0.000157982	0.000109309	0.000183442	0.000140933	0.000133813	0.000109988	9.00099e-05	0.00010026	0.000162512	0.000120682	0.000188768	0.000144828	0.000192474	0.000204172	0.00015616	0.00022476	0.000172375	0.00026041	0.000178958	0.000231391	0.000153703	0.000168977	0.000103446	0.000103728	0.000143357	0.000159965	0.000111057	0.000166822	0.000144929	0.000205032	0.000152152	0.000142783	0.000175917	0.000160555	0.000137612	0.000112524	0.000140438	0.000171712	0.000141883	0.000158007	0.000116066	0.000128621	0.000156125	0.000133437	0.000153403	0.000121062	0.000118928	0.000152431	0.000157094	0.000161339	0.000157919	0.000164532	0.000235603	0.000184424	0.00013642	0.00012661	0.000169257	0.000136439	0.000146138	0.000136313	0.000149351	0.00015644	0.000161585	0.000217525	0.000157136	0.000136325	0.000173317	0.000141646	0.00015161	0.000141884	0.000155766	0.000105412	0.000151579	0.000159456	0.000148955	0.000150753	0.00011614	0.000184633	0.000134615	0.000198911	0.000183845	0.000180554	0.000177584	0.000171309	0.00012789	0.000170505	0.00016259	0.000167803	0.000119229	0.000128854	0.000197591	0.00015067	0.000126001	0.000151224	0.000154901	0.000166501	0.000209957
PWY-2942: L-lysine biosynthesis III	0.00030996	0.000361497	0.000296233	0.000303338	0.00030268	0.000378351	0.000286002	0.000327742	0.000303333	0.000314708	0.000270657	0.000309696	0.000303507	0.000338938	0.000337004	0.000251298	0.000361026	0.000350785	0.000327924	0.000330727	0.000349169	0.000298827	0.000333864	0.000322782	0.000270633	0.000354572	0.000523644	0.000315157	0.000251773	0.000279717	0.000335406	0.000409406	0.000365914	0.000327416	0.000329631	0.000359694	0.000400461	0.000273907	0.000409607	0.000300951	0.000380551	0.000386011	0.000469816	0.000350828	0.000299592	0.000368761	0.000269637	0.000412639	0.000364175	0.000308475	0.000326086	0.000315285	0.000337075	0.00182625	0.000287734	0.00030895	0.000321146	0.000311311	0.000268422	0.000295304	0.000317762	0.000301766	0.000312995	0.000276709	0.00040733	0.000330213	0.000301697	0.000307892	0.000372486	0.000306665	0.00034251	0.000377666	0.000388701	0.000332537	0.000312625	0.000407697	0.000352049	0.000317528	0.000435829	0.00031718	0.000318155	0.000336167	0.00034605	0.000316727	0.000302326	0.000353454	0.00061235	0.00031661	0.000344305	0.0003417	0.000277537	0.000342096	0.000350902	0.000317111	0.000256799	0.000314933	0.000345617	0.00039559	0.000320108	0.000283361	0.000415312	0.000333864	0.000357539	0.000352286	0.0003149	0.000340055	0.000328503	0.000287257	0.000317542	0.00034636	0.000320161	0.000305832	0.000315588	0.000328178	0.000341852	0.000311036	0.000302617	0.00033943	0.000311396	0.000395648
PWY-3001: superpathway of L-isoleucine biosynthesis I	0.000208704	0.000211025	0.000222321	0.000208324	0.000209392	0.000227001	0.000196219	0.000245572	0.000213179	0.000185515	0.000186231	0.000215255	0.0002217	0.000237804	0.000246212	0.00019024	0.000210292	0.000254508	0.000251459	0.000254728	0.000178124	0.00019682	0.000225375	0.000212836	0.0002035	0.000210338	0.000254332	0.000227209	0.000179748	0.000199345	0.000223266	0.000239257	0.000227768	0.000199696	0.000194278	0.000238732	0.000243063	0.00018704	0.000242668	0.000214885	0.000210242	0.000227032	0.000233205	0.000208081	0.000203381	0.000206005	0.000189535	0.000255402	0.000223737	0.000202204	0.000211209	0.000220085	0.000214181	0.000208186	0.000202614	0.000220329	0.000246884	0.000227414	0.0001844	0.000210415	0.000197717	0.000202137	0.000234409	0.000182894	0.000229099	0.00020679	0.00021682	0.000226491	0.000246653	0.00021104	0.000233609	0.000208955	0.000249709	0.000206189	0.000216703	0.000231721	0.00024059	0.000220385	0.000272719	0.000204702	0.000217269	0.000214062	0.000232651	0.000202671	0.000239307	0.00022901	0.000234688	0.000207603	0.000217979	0.000232718	0.000204846	0.000257752	0.000258376	0.000234074	0.000191561	0.000198431	0.000214388	0.000221608	0.000232882	0.000191998	0.000247799	0.000236543	0.000249347	0.000203289	0.000216163	0.000235089	0.000244911	0.000192339	0.000200161	0.000234077	0.000220702	0.000217539	0.000223264	0.00024797	0.000226165	0.000224007	0.000230078	0.000211382	0.000243691	0.000231608
PWY-3781: aerobic respiration I (cytochrome c)	5.82187e-07	5.62399e-07	0	0	0	3.93386e-07	0	0	0	0	0	0	0	0	0	0	0	0	0	0	0	0	0	3.33588e-06	0	0	0	0	0	0	0	0	0	0	0	5.11007e-07	2.92301e-06	0	0	0	0	0	2.67853e-07	0	0	0	0	0	0	0	0	0	0	0	0	0	0	0	0	0	0	0	0	0	0	0	0	0	0	0	0	0	0	0	0	0	0	0	0	0	0	0	0	0	0	1.85014e-07	0	0	0	0	0	0	0	0	0	0	0	0	0	0	0	0	0	0	0	3.43628e-07	0	0	0	0	0	0	3.48634e-07	0	0	0	0	0	0	0
PWY-3801: sucrose degradation II (sucrose synthase)	0	9.30283e-06	0	0	0	0	0	0	0	0	0	0	0	0	0	0	0	0	0	0	0	0	0	8.50149e-06	0	0	0	5.86215e-06	0	0	0	0	0	0	0	0	0	0	0	0	0	0	0	0	0	0	0	0	0	0	0	0	0	0	0	0	0	0	0	0	0	0	0	0	0	0	0	0	0	0	0	4.57288e-06	0	0	0	0	0	0	0	0	0	0	0	0	0	0	0	0	0	0	0	0	0	0	0	8.16546e-06	6.72187e-06	4.53987e-06	0	0	5.99196e-06	0	0	6.87547e-06	0	0	0	0	5.09777e-06	0	0	0	0	0	0	0	0	0	0	0
PWY-3841: folate transformations II (plants)	0.000443457	0.000511693	0.000479274	0.000455741	0.000521817	0.000443607	0.000467755	0.000541774	0.000453324	0.000402526	0.000421674	0.000460103	0.00049509	0.000399208	0.000466309	0.000408387	0.000425335	0.000485475	0.000472831	0.00050532	0.000493631	0.00041764	0.000474644	0.000387131	0.000329572	0.000525771	0.000531896	0.000398565	0.000418656	0.000366717	0.000371804	0.000458404	0.000382411	0.000426386	0.000368934	0.00048099	0.000581127	0.000312742	0.000524224	0.000440089	0.000504122	0.000618039	0.000521068	0.000452934	0.000484116	0.000407157	0.000471782	0.000444458	0.000447083	0.000465174	0.000520015	0.000412993	0.0005009	0.000750985	0.000540776	0.000530866	0.000548411	0.000444317	0.000460255	0.000454728	0.000474047	0.000388554	0.000471831	0.000455921	0.000404975	0.00050677	0.000417663	0.00046441	0.000450851	0.000483148	0.000417337	0.00050404	0.0004323	0.000496292	0.000430486	0.000531435	0.000476357	0.000490003	0.00050254	0.000455092	0.000469895	0.000402263	0.00052319	0.000492802	0.000432455	0.000434415	0.000557038	0.000466582	0.000500358	0.000499311	0.000501702	0.000498565	0.000463372	0.000505604	0.000505107	0.000490074	0.000495289	0.000426656	0.000547478	0.000465021	0.000522389	0.000512899	0.000461879	0.000500845	0.000492654	0.000422161	0.000542199	0.000463649	0.000454917	0.000416179	0.000511982	0.000424419	0.000551624	0.000560655	0.000454713	0.000463832	0.00042621	0.000369033	0.00043766	0.000571095
PWY-4041: &gamma;-glutamyl cycle	3.24935e-05	1.49489e-05	2.47742e-05	2.36748e-05	1.16427e-05	1.5502e-05	1.47948e-05	2.44747e-05	2.81544e-05	2.24235e-05	1.34927e-05	3.58775e-05	2.47273e-05	2.86388e-05	2.81806e-05	1.95398e-05	1.94055e-05	2.60474e-05	3.32317e-05	3.30511e-05	1.47656e-05	1.35594e-05	1.88329e-05	1.28024e-05	3.21182e-05	1.74099e-05	2.84971e-05	2.64469e-05	1.86948e-05	2.8072e-05	2.33033e-05	1.93416e-05	2.84809e-05	1.76368e-05	1.55328e-05	3.4748e-05	2.85821e-05	1.23498e-05	1.75381e-05	2.00763e-05	2.06072e-05	1.61765e-05	2.18356e-05	1.81104e-05	1.92137e-05	3.17935e-05	2.14367e-05	4.06148e-05	2.01381e-05	3.33637e-05	1.83311e-05	2.46095e-05	2.10823e-05	1.79131e-05	1.75926e-05	2.13976e-05	2.16378e-05	2.97711e-05	2.2994e-05	2.20777e-05	2.35074e-05	1.74013e-05	2.80124e-05	2.11253e-05	3.51238e-05	2.61978e-05	2.32508e-05	2.08124e-05	3.00947e-05	2.6831e-05	3.0156e-05	9.75608e-06	2.30331e-05	1.5144e-05	1.62264e-05	2.20976e-05	2.19486e-05	2.85002e-05	4.32527e-05	1.78189e-05	2.89191e-05	1.78706e-05	3.69111e-05	1.72993e-05	4.14338e-05	2.67446e-05	4.25906e-05	1.23391e-05	2.56615e-05	1.99882e-05	2.49696e-05	4.94526e-05	4.8308e-05	2.16825e-05	1.05796e-05	2.04516e-05	2.26683e-05	2.12359e-05	2.78312e-05	1.87156e-05	2.10095e-05	2.66194e-05	3.05683e-05	1.61703e-05	2.57396e-05	2.72748e-05	3.05429e-05	9.69281e-06	1.74953e-05	2.13257e-05	2.51712e-05	2.93927e-05	3.18086e-05	2.75085e-05	2.35673e-05	2.98247e-05	2.5112e-05	3.89261e-05	4.26356e-05	1.43777e-05
PWY-4984: urea cycle	2.2335e-05	0	2.29776e-05	2.13779e-05	1.66935e-05	6.7455e-06	1.79725e-05	1.11319e-05	3.93381e-05	2.29631e-05	1.13729e-05	2.25461e-05	2.21247e-05	1.39142e-05	1.49702e-05	9.73723e-06	5.45047e-06	5.53057e-06	6.50727e-06	4.47775e-06	1.05529e-05	7.79095e-06	6.03893e-06	3.69945e-06	1.64864e-05	3.32913e-06	7.71951e-07	6.95251e-06	3.55446e-05	1.41968e-05	1.43982e-05	2.65258e-06	8.34065e-06	9.88726e-06	1.62958e-05	6.06073e-06	6.86005e-06	6.43014e-06	9.55578e-06	1.50985e-05	7.36473e-06	1.1615e-05	0	1.53881e-05	6.39944e-05	1.45149e-05	1.46706e-05	9.42753e-06	1.20883e-05	2.0492e-05	1.53221e-05	1.56539e-05	2.56226e-06	3.26735e-06	2.24957e-05	6.47876e-06	1.4207e-05	8.48769e-06	2.22289e-05	1.63869e-05	8.99297e-06	1.00039e-05	1.27505e-05	3.33916e-05	7.8301e-06	1.50491e-05	2.22691e-05	1.46643e-05	1.439e-05	2.49014e-05	1.78796e-05	4.82006e-06	8.95746e-06	1.34815e-05	1.0809e-05	4.01216e-06	7.35537e-06	2.92812e-05	7.81533e-06	2.29806e-05	2.32034e-05	1.22679e-05	2.36231e-05	2.02775e-05	9.52096e-06	1.28796e-05	0	1.54803e-05	1.8296e-05	2.46947e-05	3.61875e-05	2.34044e-06	9.31414e-06	2.58039e-05	1.45762e-05	3.49014e-06	5.76418e-06	1.19671e-06	2.05477e-05	1.45792e-05	4.04256e-06	1.47193e-05	6.02536e-06	5.54831e-06	2.04789e-05	7.66963e-06	6.77259e-06	1.04069e-05	5.43548e-06	9.1344e-06	1.20686e-05	2.29434e-05	1.78613e-05	6.4266e-06	1.45582e-05	1.77463e-05	1.58206e-05	1.34024e-05	2.19426e-05	1.79144e-06
PWY-5005: biotin biosynthesis II	4.23543e-06	0	6.48767e-06	9.34093e-06	8.22104e-07	1.2378e-05	0	4.38104e-06	7.9902e-06	8.78299e-06	1.38975e-06	4.14598e-06	4.98324e-06	1.26773e-05	7.9381e-06	3.91905e-06	1.24145e-05	5.27818e-06	4.72767e-06	4.15065e-06	0	5.24152e-06	1.03357e-05	1.60899e-06	7.55894e-06	0	5.22461e-07	5.04244e-06	0	6.13412e-06	3.66051e-06	1.92503e-06	3.96849e-06	4.31675e-06	2.76425e-06	0	0	3.77184e-06	0	3.52585e-06	1.46595e-06	0	0	0	0	1.86245e-06	0	5.70648e-07	9.36837e-06	2.5804e-06	2.33593e-06	2.12396e-06	7.15335e-07	0	3.01051e-06	0	4.57588e-06	2.41099e-06	0	0	1.14875e-06	3.58082e-06	3.47702e-06	0	1.48108e-06	0	2.21664e-06	3.2892e-06	6.52492e-06	5.32586e-06	8.85052e-06	0	6.98206e-06	3.41978e-06	2.15124e-06	0	7.04073e-06	8.18505e-07	3.08642e-06	0	9.6518e-07	5.82154e-06	1.80805e-06	3.75931e-06	2.50045e-06	7.61221e-06	0	3.22175e-06	1.77097e-06	4.10686e-06	9.54953e-07	3.24139e-06	5.99042e-06	3.31983e-06	0	0	0	2.04786e-06	4.39118e-06	4.14539e-06	2.28839e-06	7.11661e-06	7.984e-06	0	9.92308e-07	1.18273e-05	3.31707e-06	1.73322e-06	2.3408e-06	1.34828e-05	0	3.99846e-06	0	3.72304e-06	9.08927e-06	2.94596e-06	7.44025e-06	8.27351e-06	1.19273e-06	0
PWY-5022: 4-aminobutanoate degradation V	1.10029e-05	1.52112e-05	1.14597e-05	9.85526e-06	1.39407e-05	8.83805e-06	9.96762e-06	9.82719e-06	9.16521e-06	8.7249e-06	8.69993e-06	6.99102e-06	9.58287e-06	1.31489e-05	1.43192e-05	9.2822e-06	8.69145e-06	9.11729e-06	1.06661e-05	6.70119e-06	1.4848e-06	1.03201e-05	1.09309e-05	9.61961e-06	1.25461e-05	7.85712e-06	1.2541e-05	1.55881e-05	1.11699e-05	1.25578e-05	1.00756e-05	7.76896e-06	1.13246e-05	1.00519e-05	9.59041e-06	1.75418e-05	8.59675e-06	1.04309e-05	1.14715e-05	6.31227e-06	1.08868e-05	9.97138e-06	9.96169e-06	1.00878e-05	8.46362e-06	7.28201e-06	1.04865e-05	1.19724e-05	9.93422e-06	7.48474e-06	1.02932e-05	1.11452e-05	9.68146e-06	1.24384e-05	6.98164e-06	6.95693e-06	7.48474e-06	9.38274e-06	8.26839e-06	1.36832e-05	6.28453e-06	7.10707e-06	1.15121e-05	9.07753e-06	8.01037e-06	6.43299e-06	1.0413e-05	1.1887e-05	1.27786e-05	1.17546e-05	1.02429e-05	8.39576e-06	1.02032e-05	1.04927e-05	1.02191e-05	1.15475e-05	1.03936e-05	8.34123e-06	8.61577e-06	9.8643e-06	6.37969e-06	8.54573e-06	7.95856e-06	7.83013e-06	1.03716e-05	8.77732e-06	1.15813e-05	7.46621e-06	8.78033e-06	9.0572e-06	8.45684e-06	1.38831e-05	1.24117e-05	8.94388e-06	8.70005e-06	1.18536e-05	1.32511e-05	8.70127e-06	1.23433e-05	7.82711e-06	1.25924e-05	1.24634e-05	1.00576e-05	1.20451e-05	9.29106e-06	8.75534e-06	9.61098e-06	9.61505e-06	7.36992e-06	9.03421e-06	1.32813e-05	1.09363e-05	8.26382e-06	1.2616e-05	8.33075e-06	1.02483e-05	1.25403e-05	9.18509e-06	1.9845e-05	9.01069e-06
PWY-5028: L-histidine degradation II	0	0	0	0	0	0	0	0	0	0	0	0	0	0	0	0	0	0	0	0	0	0	0	0	0	0	0	0	0	0	0	0	0	0	0	0	0	0	0	0	0	0	0	0	0	0	0	5.70423e-07	0	0	0	0	0	0	0	0	0	0	0	0	0	0	0	0	0	0	0	0	0	0	0	0	0	0	0	0	0	0	0	0	0	0	0	0	0	0	0	0	0	0	0	0	0	0	0	0	0	0	0	0	0	0	0	0	0	0	0	0	0	0	0	0	0	0	0	0	0	0	0	0
PWY-5030: L-histidine degradation III	4.12821e-05	4.77898e-05	5.37838e-05	4.3983e-05	4.82657e-05	3.13169e-05	4.04323e-05	5.55932e-05	5.43986e-05	4.02074e-05	4.30257e-05	5.1459e-05	5.28437e-05	4.66893e-05	4.52968e-05	4.77174e-05	2.9176e-05	4.80328e-05	6.9131e-05	7.2648e-05	3.67456e-05	3.35984e-05	4.10758e-05	2.93769e-05	4.04936e-05	5.34721e-05	4.40288e-05	3.34675e-05	4.54448e-05	5.51312e-05	4.54578e-05	3.37445e-05	3.56906e-05	3.33859e-05	2.23979e-05	4.17735e-05	6.14218e-05	2.84127e-05	3.17491e-05	4.04936e-05	3.47557e-05	6.83522e-05	2.34824e-05	3.98778e-05	6.39028e-05	3.5722e-05	4.74772e-05	4.48798e-05	3.38837e-05	5.10658e-05	4.57716e-05	3.50002e-05	3.88835e-05	2.23006e-05	6.02066e-05	7.23878e-05	6.66063e-05	4.40098e-05	5.30998e-05	3.9596e-05	3.70628e-05	4.09422e-05	5.21182e-05	6.33732e-05	3.3227e-05	4.67784e-05	4.30208e-05	4.67939e-05	4.27896e-05	5.29577e-05	4.59157e-05	3.3918e-05	2.68019e-05	3.62442e-05	3.76145e-05	3.26669e-05	4.49205e-05	5.6494e-05	4.82554e-05	3.69774e-05	4.89894e-05	2.68651e-05	5.9715e-05	3.73387e-05	5.81911e-05	3.09712e-05	2.70159e-05	4.27268e-05	4.09684e-05	5.22522e-05	6.07236e-05	5.2617e-05	5.56623e-05	5.26312e-05	5.91551e-05	4.44763e-05	5.06169e-05	3.45713e-05	6.74868e-05	4.64782e-05	3.65213e-05	5.65805e-05	3.8917e-05	4.90321e-05	5.0747e-05	3.441e-05	7.30913e-05	2.92905e-05	2.97356e-05	4.4058e-05	6.21092e-05	5.25445e-05	6.17429e-05	6.99043e-05	4.38293e-05	4.96289e-05	3.80705e-05	2.72358e-05	4.90088e-05	4.48754e-05
PWY-5055: nicotinate degradation III	0	0	0	0	0	0	0	0	0	0	0	0	0	0	0	0	0	0	0	0	0	0	2.37803e-07	0	5.66162e-07	0	0	0	0	0	0	0	0	0	0	0	0	0	0	0	0	0	0	0	0	0	0	0	0	0	0	0	0	0	0	0	0	0	0	0	7.07017e-07	0	0	0	7.27379e-07	0	0	0	0	0	0	0	0	0	0	9.76591e-07	0	0	0	0	0	0	0	0	0	0	1.34727e-06	0	0	0	0	0	0	0	0	0	0	0	0	0	0	0	0	0	0	0	0	0	5.62367e-07	0	0	0	0	0	0	0	0	0	0	0
PWY-5088: L-glutamate degradation VIII (to propanoate)	0	0	0	0	0	0	0	0	0	5.00257e-07	0	0	0	0	2.45944e-07	0	0	0	0	0	0	0	3.40919e-07	0	4.06788e-06	0	3.37616e-06	3.58192e-06	0	4.02611e-07	5.49928e-07	1.93313e-06	0	4.45413e-07	0	7.68343e-06	0	0	7.56487e-07	0	0	0	6.7146e-07	0	0	0	0	5.46e-07	0	0	3.51748e-07	3.22268e-07	0	1.20757e-06	0	0	0	0	0	2.19163e-06	0	0	4.2874e-07	0	1.83594e-06	0	0	0	0	0	0	0	4.65407e-07	0	0	2.96463e-06	0	1.30328e-06	0	0	5.36668e-07	0	0	0	4.2938e-07	0	4.73542e-06	0	0	0	0	0	0	0	0	0	0	4.80831e-07	3.36878e-07	0	0	0	0	0	0	0	0	0	0	0	0	0	0	0	0	0	0	0	0	6.94552e-07
PWY-5097: L-lysine biosynthesis VI	0.000302461	0.000275472	0.000293052	0.000278464	0.000235822	0.000366644	0.000219912	0.000309477	0.000294754	0.000309314	0.000257698	0.000286067	0.000282351	0.000326231	0.000328676	0.000229394	0.000353981	0.000292302	0.000276378	0.000261236	0.0002698	0.000308969	0.000326816	0.00032208	0.000278841	0.000305286	0.000514315	0.000299324	0.000211828	0.000282038	0.000338462	0.000409469	0.000365783	0.000309811	0.000332512	0.000265329	0.000358652	0.000274216	0.000320657	0.000318444	0.000302028	0.000228425	0.00046019	0.000354522	0.000279317	0.000371343	0.000222795	0.000407787	0.00038987	0.000315705	0.000286022	0.00029118	0.000295104	0.00176206	0.000265082	0.000257339	0.000307874	0.000301632	0.000245139	0.000268817	0.000320587	0.000294611	0.000299153	0.000267289	0.000406845	0.0002977	0.000279973	0.000293091	0.000359355	0.000258198	0.000312969	0.000299223	0.000400356	0.000340665	0.000265823	0.000396426	0.000329773	0.000271023	0.000438002	0.000265855	0.000276821	0.000316412	0.000333672	0.000329693	0.00028598	0.000374223	0.000597346	0.000304519	0.00031043	0.000338261	0.000248275	0.000324584	0.000332573	0.000316608	0.00021208	0.000199904	0.000279063	0.000391214	0.000313216	0.00024214	0.000341992	0.000297938	0.000333798	0.000251685	0.000272513	0.00032691	0.00030658	0.000221244	0.000306419	0.000341779	0.000261192	0.000282588	0.000274059	0.000327441	0.000350338	0.000298155	0.00028738	0.000340655	0.000281589	0.00030382
PWY-5100: pyruvate fermentation to acetate and lactate II	0.000151551	0.000159743	0.000145606	0.000130457	0.000150535	0.000171939	0.000139697	0.000165565	0.000144081	0.0001652	0.00012834	0.000146879	0.000146028	0.000170682	0.000161639	0.000183623	0.000156195	0.000160395	0.000162121	0.000159411	0.00014238	0.00015532	0.000145755	0.000161789	0.00014576	0.000129782	0.000136078	0.000154913	0.000148867	0.000144524	0.000181698	0.000140662	0.000191358	0.000167516	0.000175341	0.000160985	0.000141972	0.000173783	0.0001582	0.000164883	0.000157415	0.000148699	0.000151244	0.000161793	0.000134774	0.000138554	0.000145636	0.000154459	0.000181106	0.000153611	0.000147092	0.000139932	0.000141356	0.000111952	0.000144504	0.0001459	0.000165444	0.00014269	0.000128098	0.000146099	0.000133723	0.000169853	0.000150467	0.000133225	0.00015954	0.000148183	0.000148729	0.000135832	0.000198203	0.000135055	0.000162758	0.00017024	0.000183624	0.000178547	0.000152248	0.000145994	0.000161886	0.000141449	0.000137	0.000142045	0.000141364	0.000149884	0.000156946	0.000196607	0.000151348	0.000173707	0.000133225	0.00013218	0.000139595	0.000169258	0.000132093	0.000159718	0.000156917	0.00014959	0.000122646	0.000143939	0.000132202	0.000144967	0.000173143	0.000144754	0.000172107	0.000141345	0.000158151	0.000173626	0.000152788	0.000146714	0.000143427	0.000147146	0.000149711	0.00016586	0.000132087	0.000148829	0.000161208	0.000170977	0.000167989	0.000139893	0.000148101	0.000167162	0.000169485	0.000159177
PWY-5103: L-isoleucine biosynthesis III	0.000345456	0.000286479	0.000356526	0.000326254	0.000296349	0.000343971	0.000295319	0.000330516	0.000365705	0.000363652	0.000257579	0.000336203	0.000335274	0.000359996	0.000365348	0.000270012	0.000322958	0.000315629	0.000276042	0.000270379	0.00029345	0.000316033	0.000333003	0.000334126	0.000339985	0.000333835	0.00046835	0.000324902	0.000280837	0.00029426	0.000370402	0.000435057	0.000385888	0.000337873	0.000369919	0.000328247	0.000348664	0.000300615	0.000333687	0.000313826	0.00034245	0.000315964	0.00047597	0.000354815	0.000308096	0.000405832	0.00029688	0.000428248	0.000332224	0.000365546	0.00032466	0.00032859	0.00033162	0.00137431	0.00032004	0.000308487	0.00030512	0.000329967	0.000303262	0.000307412	0.000362971	0.000347331	0.000348244	0.000303868	0.000416953	0.000366654	0.000324553	0.000355477	0.000330165	0.000318927	0.000350999	0.000267295	0.000320459	0.000350061	0.00028084	0.000418383	0.000319473	0.000342988	0.000443398	0.000337795	0.000323448	0.000318799	0.000381985	0.000351423	0.000322932	0.000329539	0.000540129	0.000333642	0.000379975	0.000350629	0.00031967	0.000370902	0.000354451	0.000371556	0.000276241	0.000268181	0.00032038	0.000378403	0.000364795	0.0003106	0.000345553	0.000368758	0.000317726	0.000277006	0.000313136	0.000301513	0.000321986	0.000302493	0.000353158	0.000348993	0.000339472	0.000339502	0.000314931	0.000360677	0.000386245	0.000346942	0.000339595	0.000371601	0.000349683	0.000338138
PWY-5104: L-isoleucine biosynthesis IV	6.12516e-07	7.6627e-07	0	1.00164e-06	3.80236e-06	0	2.44384e-06	1.20399e-06	0	8.35369e-07	0	0	0	0	2.04869e-06	0	1.29859e-06	0	0	0	6.44673e-07	0	0	0	1.48712e-05	0	1.68015e-05	1.11121e-05	2.14428e-06	1.63582e-06	8.64946e-07	1.62875e-06	6.46893e-07	2.31125e-06	2.25404e-06	2.8411e-05	1.52573e-06	0	6.82888e-06	0	7.82794e-06	1.35572e-06	3.74445e-06	0	2.90686e-06	1.57119e-06	0	4.2234e-06	0	0	1.21115e-06	2.98121e-06	0	5.15985e-06	0	1.02384e-06	0	0	0	2.79717e-06	1.13029e-06	0	5.27224e-06	8.11742e-07	2.76122e-06	0	9.04481e-07	1.35139e-06	0	1.18503e-06	1.04632e-06	0	2.1231e-06	0	0	5.39273e-06	3.08981e-06	1.60717e-06	9.23014e-07	0	1.262e-06	0	1.35873e-06	1.0832e-06	1.70205e-06	4.6284e-07	1.78575e-05	0	6.77075e-07	0	1.15188e-06	0	0	1.21531e-06	0	0	0	1.55765e-06	9.32117e-07	8.47861e-07	0	1.18853e-06	0	0	8.3203e-07	7.5988e-07	8.01796e-07	0	0	8.74478e-07	1.7229e-06	1.88469e-06	0	7.70531e-06	5.84291e-06	3.93519e-07	0	7.54544e-07	0	0
PWY-5121: superpathway of geranylgeranyl diphosphate biosynthesis II (via MEP)	3.48729e-05	2.35308e-05	2.07558e-05	1.95791e-05	2.65169e-05	4.65016e-05	2.69055e-05	3.27198e-05	2.39184e-05	3.34413e-05	2.07681e-05	2.8893e-05	2.59981e-05	4.22598e-05	3.73457e-05	3.38626e-05	4.00849e-05	4.1256e-05	5.37828e-05	5.56448e-05	1.33886e-05	2.67862e-05	2.95295e-05	3.8261e-05	3.07671e-05	7.88036e-06	2.59785e-05	2.40454e-05	2.05658e-05	4.17175e-05	3.42806e-05	3.27639e-05	4.55322e-05	4.11911e-05	4.18122e-05	3.73573e-05	1.60222e-05	3.81341e-05	2.43956e-05	3.18591e-05	2.38723e-05	8.38745e-06	3.03589e-05	4.28856e-05	2.77468e-05	3.51125e-05	2.41931e-05	4.43551e-05	3.12982e-05	3.00035e-05	2.56798e-05	4.10066e-05	1.6098e-05	2.87866e-05	1.65502e-05	6.08628e-06	3.6041e-05	2.77561e-05	1.73961e-05	1.80972e-05	1.08778e-05	3.19196e-05	1.59591e-05	1.78463e-05	4.46584e-05	1.51653e-05	3.93633e-05	3.05507e-05	3.5958e-05	3.8648e-05	4.3653e-05	9.25224e-06	4.15922e-05	1.77465e-05	2.38415e-05	3.00735e-05	2.12034e-05	2.90889e-05	3.55451e-05	2.46441e-05	2.13485e-05	3.5432e-05	2.52043e-05	2.27961e-05	4.12149e-05	4.53448e-05	2.75963e-05	1.97703e-05	2.16765e-05	3.04271e-05	1.86696e-05	3.79255e-05	4.39063e-05	1.70129e-05	2.65659e-05	1.20308e-05	3.05829e-05	3.16509e-05	3.37922e-05	2.46694e-05	1.18567e-05	1.31801e-05	4.15836e-05	5.69354e-06	2.43881e-05	4.16097e-05	3.21501e-05	2.48589e-05	2.15277e-05	3.01572e-05	2.45933e-05	3.38792e-05	2.48885e-05	3.29421e-05	2.54514e-05	3.02512e-05	4.24502e-05	4.83487e-05	6.02371e-05	8.95755e-06
PWY-5130: 2-oxobutanoate degradation I	2.0394e-05	1.212e-05	2.57968e-05	2.10988e-05	2.79317e-05	9.99623e-06	1.77409e-05	3.34471e-05	2.52178e-05	1.49138e-05	1.96004e-05	1.9974e-05	2.18943e-05	1.63714e-05	2.16531e-05	1.8818e-05	1.67601e-05	2.62654e-05	3.64262e-05	4.20265e-05	1.92397e-05	1.00365e-05	1.77128e-05	8.93572e-06	1.52353e-05	1.86868e-05	8.63923e-06	1.43493e-05	1.56196e-05	2.42912e-05	1.48018e-05	1.43977e-05	1.2994e-05	1.41528e-05	9.03712e-06	2.10103e-05	2.56615e-05	1.01309e-05	1.12051e-05	2.34472e-05	1.31042e-05	1.87438e-05	6.01183e-06	1.46617e-05	3.39617e-05	1.27601e-05	2.17921e-05	1.88963e-05	1.36429e-05	1.79265e-05	2.19768e-05	1.84934e-05	2.00112e-05	1.2094e-05	2.11974e-05	2.18245e-05	3.73287e-05	2.25739e-05	2.19271e-05	1.47483e-05	1.56969e-05	1.78168e-05	2.7602e-05	2.77125e-05	1.55476e-05	1.71724e-05	2.09241e-05	2.01118e-05	1.65164e-05	3.0977e-05	1.94531e-05	9.63589e-06	1.9511e-05	1.64394e-05	2.38392e-05	7.92346e-06	2.1031e-05	2.65194e-05	2.38894e-05	1.83718e-05	2.84354e-05	1.22775e-05	2.68589e-05	9.7495e-06	2.67809e-05	1.49125e-05	1.61364e-05	1.52714e-05	1.86312e-05	1.57672e-05	2.84786e-05	2.42385e-05	3.07702e-05	1.86828e-05	2.33819e-05	1.04884e-05	1.25424e-05	1.19755e-05	2.87847e-05	1.61613e-05	1.75363e-05	3.10763e-05	2.33156e-05	2.04419e-05	1.67758e-05	2.2674e-05	2.78079e-05	1.01684e-05	1.23056e-05	1.7824e-05	1.99644e-05	2.41933e-05	2.974e-05	2.86238e-05	1.77416e-05	2.26913e-05	1.47322e-05	1.06447e-05	1.96515e-05	1.11055e-05
PWY-5136: fatty acid &beta;-oxidation II (plant peroxisome)	1.43184e-06	1.84638e-06	1.75788e-06	3.42833e-06	2.63276e-06	2.39355e-06	3.12513e-06	3.27801e-06	2.59505e-06	4.4982e-06	2.02522e-06	1.99591e-06	7.99927e-07	1.99889e-06	6.84979e-06	2.12436e-06	2.91065e-06	1.75817e-06	2.40271e-06	1.85541e-06	9.45686e-07	7.16433e-07	4.15419e-06	1.27803e-06	2.18376e-05	2.44013e-06	1.87263e-05	1.57837e-05	3.91258e-06	6.28719e-06	3.35527e-06	2.16383e-06	2.03213e-06	4.69318e-06	7.71552e-06	4.36681e-05	6.86169e-06	1.1635e-06	9.5334e-06	1.65467e-06	9.36499e-06	3.69063e-06	8.93534e-06	0	2.66442e-06	1.40845e-06	5.67467e-07	5.36323e-06	1.78719e-06	1.5337e-06	4.35179e-06	7.36092e-06	2.41099e-06	1.09794e-05	1.48529e-06	2.93993e-06	1.4752e-06	6.06623e-07	2.70986e-06	6.86773e-06	2.3883e-06	5.63225e-07	6.21524e-06	6.69962e-07	4.05325e-06	7.16096e-07	1.01659e-06	1.45969e-06	1.61298e-06	1.53426e-06	4.33442e-06	1.79868e-06	3.22044e-06	1.34896e-06	0	5.72868e-06	2.55243e-06	6.70762e-06	2.32921e-06	1.80245e-06	2.99436e-06	2.0852e-06	0	2.94321e-06	3.19875e-06	3.43176e-06	2.02006e-05	1.04204e-06	2.87226e-06	1.72874e-06	2.59475e-06	2.31668e-06	1.21221e-06	1.65579e-06	5.23693e-07	6.09755e-06	9.58712e-07	6.07448e-06	2.26156e-06	2.46877e-06	5.54261e-06	2.57418e-06	3.10889e-06	2.29509e-06	2.25496e-06	1.67067e-06	2.26519e-06	9.92321e-07	2.25933e-06	3.81052e-06	1.29915e-06	5.11853e-06	1.14613e-06	1.10283e-05	7.62649e-06	1.66927e-06	5.86988e-07	3.67268e-06	3.71337e-06	4.07683e-06
"PWY-5138: fatty acid &beta;-oxidation IV (unsaturated, even number)"	0	0	0	3.50946e-07	5.28681e-07	0	2.30744e-07	0	5.76382e-07	4.92544e-07	0	0	0	3.35436e-07	1.32102e-06	0	6.82186e-07	0	0	0	0	0	0	0	3.83444e-06	0	4.72477e-06	4.5472e-06	1.25266e-07	1.2623e-06	0	1.45662e-07	0	2.93275e-07	4.11216e-07	1.11053e-05	3.32681e-07	0	9.83779e-07	0	8.27847e-07	7.13201e-07	2.74056e-07	0	0	3.2571e-07	0	1.59153e-06	0	0	0	3.6289e-07	4.67614e-07	3.37158e-06	0	0	0	0	0	0	6.52007e-07	0	8.54871e-07	0	7.87019e-07	0	0	0	0	0	0	0	9.64374e-07	0	0	5.24397e-07	0	2.81232e-07	0	3.23045e-07	8.93982e-07	0	0	4.77782e-07	2.6065e-07	4.00168e-07	5.66116e-06	0	0	0	0	0	0	0	0	2.32008e-06	0	4.77949e-07	2.80154e-07	0	3.51315e-07	0	0	0	0	0	0	0	4.49176e-07	0	5.66682e-07	8.42133e-07	0	2.03121e-06	9.84469e-07	0	0	2.52638e-07	3.27222e-07	6.06587e-07
PWY-5154: L-arginine biosynthesis III (via N-acetyl-L-citrulline)	4.93548e-05	3.59752e-05	8.14461e-05	5.59588e-05	8.89693e-05	4.23698e-05	6.87404e-05	0.000113493	5.90979e-05	2.89688e-05	5.95345e-05	6.66668e-05	6.75647e-05	6.80157e-05	9.25816e-05	5.16242e-05	4.81423e-05	0.000108313	0.000152053	0.00016778	5.71918e-05	2.66169e-05	5.81156e-05	2.2993e-05	4.27374e-05	6.38328e-05	3.61036e-05	5.48229e-05	4.01408e-05	7.36472e-05	4.87159e-05	5.10072e-05	4.16494e-05	3.16744e-05	0.000112758	6.22205e-05	8.62403e-05	2.00183e-05	5.92253e-05	5.11479e-05	2.45106e-05	6.57931e-05	0.000115595	4.20215e-05	6.19534e-05	3.28817e-05	5.39075e-05	6.01123e-05	3.72236e-05	4.42446e-05	5.48541e-05	4.5703e-05	4.64353e-05	1.95767e-05	7.64207e-05	6.9157e-05	0.000130171	6.71683e-05	5.46164e-05	4.40927e-05	4.78005e-05	3.88596e-05	7.4869e-05	7.64133e-05	3.85395e-05	4.77301e-05	5.96015e-05	6.84172e-05	9.00056e-05	0.000103433	8.49268e-05	2.63213e-05	6.74078e-05	4.67758e-05	5.36505e-05	3.65734e-05	7.61685e-05	7.94549e-05	7.52204e-05	6.57386e-05	7.38253e-05	3.65492e-05	8.49854e-05	2.99704e-05	9.00993e-05	5.98058e-05	3.57797e-05	4.68078e-05	5.85559e-05	5.95234e-05	6.93087e-05	9.68823e-05	0.000105243	7.6356e-05	8.70442e-05	4.44798e-05	6.1652e-05	3.93115e-05	9.79625e-05	6.19791e-05	5.53925e-05	0.000104484	8.38039e-05	5.84017e-05	6.88475e-05	7.94311e-05	0.000111194	3.61143e-05	3.77892e-05	6.03247e-05	7.08538e-05	6.63915e-05	0.000107702	0.000113367	5.48981e-05	6.47925e-05	6.8337e-05	4.89151e-05	5.86079e-05	5.04311e-05
PWY-5188: tetrapyrrole biosynthesis I (from glutamate)	6.51979e-05	7.29372e-06	5.92756e-05	6.46741e-05	2.5231e-05	8.70269e-05	3.34092e-05	4.63835e-05	8.23789e-05	9.28661e-05	4.25928e-05	5.97472e-05	5.12066e-05	8.60607e-05	7.24493e-05	5.70696e-05	7.61294e-05	4.73701e-05	4.65804e-05	3.43968e-05	4.14134e-06	7.12583e-05	5.05631e-05	7.39291e-05	0.000106741	7.38631e-06	2.95371e-05	7.30417e-05	4.72359e-05	9.06447e-05	9.31539e-05	4.96676e-05	9.39451e-05	7.685e-05	8.5598e-05	3.20571e-05	1.15197e-05	9.58347e-05	3.21441e-05	6.85089e-05	2.30752e-05	1.03746e-05	1.5605e-05	7.60064e-05	4.35557e-05	7.11423e-05	2.81917e-05	6.44134e-05	0.000100631	6.22036e-05	3.09071e-05	6.33503e-05	2.5325e-05	1.15144e-05	3.12949e-05	2.12689e-05	3.38287e-05	5.31252e-05	4.8724e-05	2.37741e-05	2.46356e-05	8.9413e-05	6.34862e-05	4.7478e-05	7.7075e-05	2.71025e-05	7.05712e-05	5.76241e-05	7.88456e-05	4.74339e-05	6.61563e-05	1.28473e-05	9.84148e-05	3.25623e-05	4.55021e-05	1.15951e-05	5.55327e-05	5.70775e-05	5.32342e-05	4.69966e-05	4.06534e-05	7.37165e-05	4.68644e-05	4.64949e-05	5.91745e-05	8.70854e-05	2.26342e-05	5.15488e-05	5.00662e-05	6.59201e-05	4.73729e-05	3.5254e-05	5.36491e-05	6.49918e-05	2.18072e-05	1.11238e-05	1.32623e-05	6.04393e-05	4.58805e-05	5.28578e-05	2.13264e-05	5.1648e-05	5.84892e-05	1.34642e-05	3.75581e-05	6.92483e-05	4.15502e-05	3.61192e-05	3.35716e-05	9.07743e-05	3.77872e-05	6.18442e-05	2.94211e-05	3.10562e-05	7.63692e-05	5.09696e-05	6.84274e-05	8.97293e-05	5.51811e-05	1.89136e-05
PWY-5189: tetrapyrrole biosynthesis II (from glycine)	6.92784e-06	1.21662e-06	5.21825e-06	4.73157e-06	4.62572e-07	3.62429e-06	5.83783e-07	1.8282e-06	8.4935e-06	8.78323e-06	9.40267e-07	6.92636e-06	2.85088e-06	2.18058e-06	7.01188e-06	2.95124e-06	1.45025e-06	8.48636e-07	5.27418e-07	7.23161e-07	0	5.53942e-06	1.46188e-06	2.62294e-06	1.77922e-05	2.37883e-06	8.78532e-06	8.73916e-06	5.73713e-06	7.04671e-06	8.6053e-06	1.68477e-06	6.7513e-06	8.04156e-06	5.73795e-06	1.91344e-05	3.9001e-06	2.92106e-06	4.05964e-06	8.63365e-06	5.23839e-06	2.41302e-06	3.59331e-06	8.74197e-06	7.48449e-06	1.59359e-05	4.54248e-06	8.72902e-06	1.02184e-05	6.60205e-06	3.04524e-06	3.4875e-06	1.81779e-06	9.00678e-06	1.5529e-06	1.51646e-06	1.73608e-06	2.05291e-06	3.97583e-06	1.06769e-06	4.33772e-06	3.72294e-06	6.44346e-06	7.7616e-06	8.57106e-06	1.45669e-06	3.03642e-06	2.47706e-06	6.08494e-06	2.9558e-06	3.3089e-06	9.41232e-07	5.6351e-06	2.92236e-06	0	6.25806e-06	3.39521e-06	6.62872e-06	8.34803e-06	3.11481e-06	3.57235e-06	1.63153e-06	6.00074e-06	4.76201e-06	3.41581e-06	4.11487e-06	1.58602e-05	1.32631e-06	3.78649e-06	6.75049e-06	2.34763e-06	1.76443e-06	4.13482e-06	2.82712e-06	0	0	0	2.73164e-06	3.64419e-06	1.43728e-06	3.00822e-06	8.43667e-07	6.61915e-07	1.50025e-06	2.82476e-06	2.68281e-06	3.23584e-06	0	3.57635e-06	2.73722e-06	4.87249e-06	8.83468e-06	3.52415e-06	4.78101e-06	6.99206e-06	5.37449e-06	2.00666e-06	8.85353e-06	3.35037e-06	2.81807e-06
PWY-5198: factor 420 biosynthesis II (mycobacteria)	5.60253e-05	3.06514e-06	5.54501e-05	6.01529e-05	2.09775e-05	7.38254e-05	2.96103e-05	3.78139e-05	7.24845e-05	8.89026e-05	4.45962e-05	5.05139e-05	5.04076e-05	9.0005e-05	6.24856e-05	5.79115e-05	5.86723e-05	4.31635e-05	4.4866e-05	3.39793e-05	3.12118e-06	6.83313e-05	4.70408e-05	6.81417e-05	9.46755e-05	5.17301e-06	1.3274e-05	5.87824e-05	3.95082e-05	9.21449e-05	9.23985e-05	5.82024e-05	9.24292e-05	5.90798e-05	7.78727e-05	4.57912e-06	8.45249e-06	9.95916e-05	1.40519e-05	5.2266e-05	8.28419e-06	2.57531e-06	5.60614e-06	4.81759e-05	3.97065e-05	5.7087e-05	2.61131e-05	6.22333e-05	6.46413e-05	4.98434e-05	2.5326e-05	5.39724e-05	1.65039e-05	3.57643e-06	3.23918e-05	1.61251e-05	2.85297e-05	4.91643e-05	4.45663e-05	1.65767e-05	2.2367e-05	9.94277e-05	4.81473e-05	3.87447e-05	7.36445e-05	2.19788e-05	6.82889e-05	6.14695e-05	5.56555e-05	4.74616e-05	6.20663e-05	1.03896e-05	6.21384e-05	2.83444e-05	4.44947e-05	1.21738e-05	4.78888e-05	4.83725e-05	5.07646e-05	4.14006e-05	3.56124e-05	6.88332e-05	5.12793e-05	3.63446e-05	5.1612e-05	6.7025e-05	3.21195e-06	5.87498e-05	4.99089e-05	5.58375e-05	3.83197e-05	3.55744e-05	5.25019e-05	6.47031e-05	2.02051e-05	6.92249e-06	1.09674e-05	5.11521e-05	4.16743e-05	5.16395e-05	1.11474e-05	5.62586e-05	4.53724e-05	8.02103e-06	3.51696e-05	5.95327e-05	3.82443e-05	3.74397e-05	2.6556e-05	9.21922e-05	3.054e-05	5.57878e-05	2.52659e-05	2.40119e-05	6.40443e-05	5.22079e-05	6.98299e-05	7.49276e-05	4.77856e-05	1.15382e-05
PWY-5209: methyl-coenzyme M oxidation to CO2	7.02418e-05	6.81235e-06	5.90362e-05	7.5917e-05	2.96172e-05	0.000103907	3.83705e-05	4.80649e-05	8.02016e-05	0.000109022	5.0797e-05	6.3692e-05	6.61137e-05	0.000108368	7.857e-05	9.2464e-05	7.62312e-05	6.34976e-05	6.1508e-05	4.60763e-05	5.12528e-06	8.69324e-05	6.13729e-05	0.000100244	0.000108595	8.78477e-06	1.74664e-05	6.87799e-05	5.22853e-05	0.000114345	0.000114782	6.81782e-05	0.000114784	8.46935e-05	9.5955e-05	5.38561e-06	1.07766e-05	0.000138136	1.44178e-05	7.33666e-05	1.18859e-05	4.47897e-06	9.15612e-06	7.24069e-05	4.86769e-05	7.14973e-05	3.60844e-05	7.96508e-05	8.6817e-05	5.68524e-05	3.56201e-05	7.82726e-05	1.92085e-05	4.75926e-06	4.34589e-05	2.02741e-05	3.72682e-05	6.87101e-05	5.11836e-05	1.75788e-05	2.9034e-05	0.000122182	5.47071e-05	4.80257e-05	9.32661e-05	2.86221e-05	8.83407e-05	7.81082e-05	6.58662e-05	6.27883e-05	7.96599e-05	1.27423e-05	8.43315e-05	3.58416e-05	6.489e-05	1.53911e-05	5.72874e-05	6.00036e-05	6.22226e-05	4.9739e-05	4.29229e-05	8.96648e-05	5.48482e-05	4.53704e-05	7.13709e-05	8.6167e-05	4.92416e-06	7.334e-05	5.71961e-05	7.24518e-05	4.8558e-05	4.63513e-05	7.05923e-05	8.106e-05	3.54509e-05	1.48901e-05	1.95291e-05	7.67381e-05	5.16285e-05	7.76613e-05	1.24741e-05	5.99478e-05	6.36902e-05	1.26444e-05	4.52042e-05	8.29135e-05	4.69376e-05	5.13614e-05	3.41697e-05	0.000117819	4.26019e-05	6.97524e-05	3.27934e-05	2.74461e-05	8.14846e-05	6.12345e-05	8.93282e-05	9.36661e-05	6.28959e-05	1.5104e-05
PWY-5265: peptidoglycan biosynthesis II (staphylococci)	1.33611e-05	0	1.59444e-05	8.74827e-06	5.60764e-06	9.71849e-06	4.4457e-06	4.48524e-06	1.55213e-05	1.85231e-05	0	1.52833e-05	1.16183e-05	1.46297e-05	1.03479e-05	1.03304e-05	6.92721e-06	3.53248e-06	0	4.80651e-06	0	1.40171e-05	1.15511e-05	0	1.60979e-05	3.69078e-06	6.67643e-06	7.35256e-06	9.3038e-06	1.20766e-05	1.35406e-05	6.3187e-06	1.42961e-05	1.01034e-05	1.35363e-05	6.53267e-06	6.33451e-06	0	3.04932e-05	1.68423e-05	1.33901e-05	9.94394e-06	0	1.9512e-05	2.19105e-05	3.66006e-05	4.75801e-06	2.10611e-05	2.61478e-05	2.47278e-05	1.10718e-05	1.12235e-05	6.44561e-06	5.47022e-06	5.71327e-06	3.66487e-06	9.52249e-06	1.11285e-05	1.0627e-05	3.55567e-06	8.99961e-06	1.10438e-05	6.28966e-06	1.30888e-05	2.05791e-05	1.07376e-05	1.16981e-05	6.80004e-06	2.05692e-05	6.59756e-06	1.11312e-05	0	5.69981e-06	0	0	0	7.65658e-06	1.32518e-05	1.63136e-05	6.72724e-06	1.24506e-05	8.82188e-06	1.1682e-05	1.47831e-05	1.4887e-05	2.46918e-05	3.71322e-06	0	7.16875e-06	1.46281e-05	1.4379e-05	7.42045e-06	9.84809e-06	1.28607e-05	3.94646e-06	0	0	2.79763e-06	9.87701e-06	3.85983e-06	5.97105e-06	0	5.7122e-06	0	1.24183e-05	6.09123e-06	1.18762e-05	0	1.15066e-05	4.62651e-06	6.53438e-06	1.23567e-05	9.06999e-06	0	6.69515e-06	1.16441e-05	4.89408e-06	2.64357e-05	1.30349e-05	3.02656e-06
PWY-5345: superpathway of L-methionine biosynthesis (by sulfhydrylation)	9.17445e-06	8.21015e-06	1.43182e-05	1.06059e-05	8.02815e-06	5.9568e-06	7.79852e-06	1.11948e-05	1.25095e-05	1.14529e-05	7.11427e-06	9.03231e-06	5.36087e-06	8.71688e-06	1.11596e-05	5.99691e-06	1.06309e-05	6.68065e-06	4.84818e-06	4.15461e-06	4.47214e-06	8.50795e-06	8.98881e-06	7.52413e-06	3.92457e-05	1.09525e-06	3.5562e-05	3.03245e-05	1.26653e-05	1.62159e-05	2.03292e-05	6.47691e-06	9.60006e-06	9.45393e-06	1.21897e-05	4.77346e-05	8.22151e-06	2.93849e-06	1.48885e-05	1.17611e-05	1.76273e-05	1.00041e-05	9.88841e-06	1.77345e-05	1.05521e-05	8.35197e-06	8.76338e-06	1.77765e-05	9.85194e-06	1.54135e-05	9.62388e-06	1.21147e-05	3.09382e-06	2.50132e-05	8.12232e-06	7.57167e-06	5.80659e-06	8.18731e-06	1.10018e-05	8.95377e-06	5.87379e-06	5.4496e-06	1.43226e-05	1.32017e-05	1.4439e-05	6.89586e-06	7.55058e-06	6.59883e-06	7.05629e-06	5.73112e-06	9.9777e-06	2.28456e-06	1.38183e-05	3.31451e-06	2.35485e-06	1.43665e-05	7.16288e-06	1.6289e-05	1.28291e-05	7.83167e-06	1.32866e-05	8.37911e-06	1.24253e-05	1.69244e-05	1.33822e-05	1.20783e-05	4.1197e-05	8.19473e-06	5.51939e-06	6.68637e-06	1.3141e-05	4.26565e-06	7.03357e-06	7.71084e-06	5.24653e-06	3.27752e-06	5.23348e-06	9.74649e-06	1.35896e-05	5.3283e-06	3.19987e-06	5.19435e-06	7.77473e-06	1.8258e-06	7.40243e-06	1.18629e-05	1.09114e-05	5.45853e-06	8.83822e-06	7.76976e-06	7.06676e-06	1.15173e-05	1.28866e-05	1.79527e-05	1.87802e-05	1.0518e-05	9.18911e-06	7.92423e-06	8.78028e-06	1.39778e-05
PWY-5347: superpathway of L-methionine biosynthesis (transsulfuration)	8.74939e-07	0	0	3.56354e-06	2.33694e-06	2.05615e-06	9.14701e-07	2.79718e-06	3.10419e-06	4.6494e-06	0	0	3.56225e-06	4.94793e-06	8.32531e-06	0	4.21575e-06	3.44704e-06	4.50496e-06	5.47161e-06	2.37244e-06	0	3.55835e-06	0	3.26592e-05	1.0882e-06	2.28197e-05	1.34596e-05	6.71299e-06	8.21996e-06	9.33137e-07	5.72337e-06	3.34882e-06	3.04785e-06	2.17034e-06	2.96247e-05	3.42613e-06	2.56662e-06	1.10505e-05	0	6.57784e-06	2.32062e-06	5.88476e-06	0	3.78706e-06	9.98718e-07	8.96923e-07	1.01333e-05	1.0133e-06	9.60583e-07	4.09585e-06	5.87222e-06	2.08512e-06	1.43634e-05	0	0	2.48669e-06	0	0	3.02782e-06	2.30341e-06	1.38397e-06	7.52035e-06	8.66803e-07	7.07225e-06	0	1.07179e-06	0	0	1.17461e-06	5.53441e-06	0	7.57935e-06	0	0	3.61965e-06	2.91013e-06	6.4266e-06	2.32053e-06	1.99587e-06	3.83444e-06	3.51396e-06	4.03098e-07	6.57715e-06	3.50041e-06	3.80054e-06	2.60417e-05	0	0	0	1.59752e-06	3.63292e-06	0	1.22959e-06	0	2.39531e-06	0	8.60181e-06	4.09397e-06	1.50169e-06	5.92827e-06	3.12219e-06	3.12758e-06	0	0	3.28665e-06	6.91905e-06	0	3.17524e-06	3.17001e-06	1.2697e-06	2.97423e-06	8.54935e-07	7.01606e-06	6.59951e-06	2.72867e-06	0	1.93762e-06	1.61993e-06	0
PWY-5367: petroselinate biosynthesis	6.58883e-07	9.06655e-07	0	0	0	0	3.46246e-07	1.82057e-06	0	0	0	0	0	0	6.70031e-07	0	1.49978e-06	0	1.27772e-06	0	0	1.46785e-06	0	0	7.25768e-06	0	7.43165e-06	3.38317e-06	0	6.61368e-07	3.09719e-06	5.47018e-07	0	1.20651e-06	0	8.35234e-06	0	0	2.78385e-06	0	1.40568e-06	9.73091e-07	5.451e-07	0	0	0	0	1.08822e-06	0	0	0	1.23826e-06	0	2.03925e-06	0	0	0	0	0	4.30987e-07	0	0	0	0	2.37476e-06	0	0	0	0	0	8.9065e-07	0	0	0	0	1.36655e-06	4.2631e-07	6.39606e-07	7.94463e-07	0	0	0	0	0	0	4.73729e-07	2.65333e-06	0	0	0	5.40232e-07	0	0	0	0	0	0	1.05341e-06	0	0	0	0	0	6.33738e-07	0	4.0334e-07	0	0	0	6.52716e-07	0	0	8.99429e-07	2.18881e-06	1.00441e-06	8.37813e-07	0	3.84194e-07	0	0
PWY-5384: sucrose degradation IV (sucrose phosphorylase)	6.3561e-05	7.2032e-05	1.6824e-05	1.47113e-05	2.38651e-05	2.45368e-05	1.80994e-05	2.14177e-05	1.36167e-05	1.04103e-05	2.1747e-05	5.62656e-05	2.74749e-05	1.52549e-05	1.81608e-05	1.85202e-05	1.82204e-05	2.53136e-05	3.39603e-05	3.72279e-05	3.11223e-05	2.60403e-05	2.43149e-05	8.27632e-05	2.80516e-05	9.47352e-05	0.000165021	3.88959e-05	1.8446e-05	3.89939e-05	8.92749e-05	0.000130238	0.000100817	6.02125e-05	7.97345e-05	5.34595e-05	9.88042e-05	3.81146e-05	8.04452e-05	5.14622e-05	9.76064e-05	2.57251e-05	0.000184215	9.81189e-05	1.84174e-05	0.000123468	3.7568e-05	0.000146097	2.07383e-05	8.32195e-05	1.97714e-05	4.96346e-05	9.13685e-05	0.000179825	1.64836e-05	2.52994e-05	3.1137e-05	7.55669e-05	2.73316e-05	4.39315e-05	9.66276e-05	1.33749e-05	2.50968e-05	1.42311e-05	0.000135002	8.63408e-05	3.41959e-05	1.9297e-05	2.41167e-05	1.40406e-05	2.12564e-05	4.51981e-05	2.36583e-05	2.01958e-05	2.00644e-05	0.000129391	2.11367e-05	3.12307e-05	0.000139732	1.76962e-05	4.47397e-05	2.37837e-05	7.13423e-05	1.34453e-05	6.89212e-05	5.109e-05	0.00019634	2.03463e-05	6.76319e-05	1.40035e-05	1.48822e-05	9.64947e-05	8.54791e-05	1.51475e-05	1.65615e-05	5.08185e-05	8.29486e-05	0.000121634	2.16423e-05	1.94535e-05	2.97063e-05	1.97159e-05	2.41521e-05	6.91777e-05	4.21122e-05	2.26962e-05	2.29687e-05	2.20023e-05	9.19757e-05	1.97537e-05	4.8495e-05	3.9433e-05	3.6691e-05	3.47239e-05	1.90356e-05	6.5411e-05	3.21129e-05	0.000104211	7.67738e-05	4.88311e-05
PWY-5392: reductive TCA cycle II	8.9623e-06	1.27447e-05	1.3505e-05	9.91292e-06	1.03284e-05	7.73139e-06	1.00844e-05	1.25075e-05	1.51418e-05	1.11044e-05	1.18105e-05	8.86082e-06	9.45836e-06	1.10782e-05	9.79263e-06	1.5682e-05	8.93239e-06	7.91078e-06	9.44303e-06	1.03097e-05	8.152e-06	1.13186e-05	1.26325e-05	7.57762e-06	9.47184e-06	1.34007e-05	1.24878e-05	7.71574e-06	9.33202e-06	1.13034e-05	9.93394e-06	8.54215e-06	7.69227e-06	6.39588e-06	9.9286e-06	1.88142e-05	1.88149e-05	1.14352e-05	1.09263e-05	8.97083e-06	1.1088e-05	1.20287e-05	1.30986e-05	6.71182e-06	1.13506e-05	1.02001e-05	1.38475e-05	9.06288e-06	6.96126e-06	1.52756e-05	1.15891e-05	9.99897e-06	6.533e-06	3.68939e-06	1.46019e-05	1.44201e-05	1.02843e-05	8.7438e-06	1.72835e-05	1.26899e-05	9.59218e-06	1.08848e-05	1.42646e-05	1.06308e-05	5.05372e-06	1.1425e-05	1.28705e-05	1.23713e-05	5.87819e-06	2.06817e-05	1.26179e-05	8.52017e-06	7.41306e-06	1.28237e-05	1.01723e-05	1.42478e-05	7.43822e-06	1.32716e-05	7.01924e-06	1.06614e-05	1.25234e-05	4.94354e-06	1.34714e-05	1.18146e-05	8.77796e-06	3.23163e-06	1.37932e-05	1.11776e-05	1.67526e-05	9.78305e-06	1.40096e-05	1.13559e-05	1.06382e-05	1.07105e-05	1.05806e-05	9.81549e-06	1.67186e-05	7.01398e-06	1.51032e-05	1.61649e-05	1.32495e-05	1.69268e-05	7.88115e-06	1.41353e-05	1.21193e-05	6.08349e-06	1.03815e-05	1.30397e-05	9.9687e-06	1.00947e-05	1.49312e-05	1.10122e-05	1.46719e-05	1.39422e-05	1.05412e-05	1.29293e-05	7.63943e-06	4.29063e-06	9.0673e-06	1.47685e-05
"PWY-5464: superpathway of cytosolic glycolysis (plants), pyruvate dehydrogenase and TCA cycle"	2.92489e-06	0	1.36037e-06	3.21999e-06	5.62876e-06	0	0	2.88821e-06	0	0	0	0	0	0	4.22438e-06	0	4.15709e-06	0	9.99154e-07	0	0	2.87647e-06	1.22144e-06	0	3.16618e-05	0	8.70406e-06	1.70105e-05	1.31133e-06	5.49733e-06	1.7678e-06	1.03653e-06	3.33283e-06	2.04499e-06	4.75851e-06	7.31408e-06	0	0	9.60853e-06	1.18041e-06	5.86113e-06	1.43718e-06	5.83833e-06	0	0	0	0	1.35043e-05	0	0	2.05419e-06	3.63866e-06	6.83555e-06	4.51283e-06	0	0	0	0	0	3.09067e-06	1.14868e-06	0	1.24334e-05	0	5.47812e-06	0	0	0	0	0	1.3959e-06	0	7.99145e-06	0	0	6.04764e-06	3.1942e-06	3.413e-06	1.20066e-06	0	0	1.95317e-06	0	4.01814e-06	4.39104e-06	2.54519e-06	0	0	0	0	4.91627e-06	2.78292e-06	0	0	0	0	0	3.29869e-06	8.39498e-07	0	4.13213e-06	2.27124e-06	8.26206e-07	1.53448e-06	0	0	1.77069e-06	0	0	0	1.01198e-06	2.82302e-06	0	5.69764e-06	3.74336e-06	9.20481e-07	2.16788e-06	1.19912e-06	1.9126e-06	1.96735e-06
PWY-5484: glycolysis II (from fructose 6-phosphate)	0.000228185	0.000274581	0.000213716	0.000239059	0.000130483	0.000266731	0.000145321	0.000179046	0.00026012	0.000292935	0.000177402	0.000212003	0.000205144	0.000291509	0.000255268	0.000226659	0.000230602	0.000189941	0.000183231	0.000155909	7.98125e-05	0.000235794	0.000201245	0.000247101	0.000286416	0.000298354	0.000368939	0.000249481	0.000227066	0.000253724	0.000285143	0.000361484	0.000306766	0.000244538	0.000278005	0.000176807	0.000304492	0.000271384	0.000271707	0.000216632	0.00028409	0.000206492	0.000413284	0.000311152	0.000157317	0.000346492	0.000182327	0.000378777	0.000244446	0.000246591	0.000140594	0.000228644	0.00026405	0.000386285	0.000150089	0.000285967	0.000143264	0.000245515	0.000186252	0.000166233	0.000299435	0.000296175	0.000219882	0.000163348	0.000353854	0.000286277	0.000238134	0.000238655	0.000226412	0.000214235	0.000246357	0.000142719	0.000243616	0.000129548	0.000183859	0.000357744	0.000206353	0.000191578	0.000382472	0.000177036	0.000155411	0.000250097	0.000238973	0.000175933	0.000226385	0.000238415	0.000439317	0.000224748	0.000227797	0.000229414	0.000179656	0.000277824	0.000241432	0.000278513	0.000123223	0.000272071	0.00026316	0.000314096	0.000171684	0.000211104	0.000156282	0.000222118	0.000201801	0.000373082	0.000165492	0.000232935	0.000174148	0.000151137	0.000274613	0.000284076	0.00014908	0.000210705	0.000180025	0.000124967	0.000241969	0.000212284	0.000256222	0.000274701	0.000231103	0.000187625
PWY-5494: pyruvate fermentation to propanoate II (acrylate pathway)	1.19056e-06	8.17909e-07	2.20836e-06	9.22926e-07	9.86501e-07	7.26347e-07	1.28005e-06	1.27036e-06	1.60881e-06	1.25385e-06	1.99714e-06	0	9.81668e-07	1.81078e-06	1.15646e-06	0	0	0	8.0394e-07	1.15771e-06	1.35931e-06	1.43423e-06	1.14704e-06	1.23763e-06	1.53812e-06	1.26816e-06	2.73157e-06	2.42596e-06	9.77326e-07	2.29359e-06	8.71642e-07	5.40057e-07	1.24891e-06	8.63951e-07	0	2.63299e-06	4.16637e-06	8.44395e-07	1.93665e-06	1.50484e-06	2.24671e-06	4.30449e-06	1.29944e-06	8.37138e-07	9.39416e-07	9.61779e-07	0	8.4276e-07	8.09043e-07	1.82074e-06	0	0	4.76268e-07	0	1.95719e-06	0	6.34842e-07	0	6.82059e-07	1.53006e-06	7.2076e-07	2.00131e-06	8.89652e-07	1.80819e-06	1.2411e-06	0	1.67472e-06	1.15711e-06	7.8208e-07	1.98466e-06	1.05556e-06	1.67661e-06	4.47383e-07	6.63159e-07	0	2.01697e-06	0	1.22189e-06	9.28063e-07	7.872e-07	1.05506e-06	5.76948e-07	8.1728e-07	1.63582e-06	5.94066e-07	5.03968e-07	2.09626e-06	1.62478e-06	1.27289e-06	9.03039e-07	1.29347e-06	0	0	1.25683e-06	1.97542e-06	0	1.93187e-06	1.27219e-06	1.44091e-06	1.33716e-06	2.69809e-06	1.70814e-06	0	1.57732e-06	1.35477e-06	7.25029e-07	0	9.2849e-07	2.5357e-06	1.66073e-06	1.03775e-06	1.25345e-06	1.12334e-06	1.70821e-06	1.58882e-06	7.9357e-07	5.35186e-07	0	6.29414e-07	3.37538e-06
PWY-5497: purine nucleobases degradation II (anaerobic)	7.13044e-06	3.58112e-06	5.47729e-06	5.84576e-06	5.20085e-06	5.0724e-06	7.27982e-06	4.10376e-06	8.35732e-06	7.3488e-06	5.40285e-06	7.11599e-06	5.17633e-06	6.7086e-06	7.51833e-06	6.0816e-06	5.78937e-06	3.46503e-06	3.10227e-06	8.51384e-07	2.86576e-06	5.33591e-06	3.792e-06	5.85619e-06	9.88176e-06	3.91037e-06	4.63723e-06	7.51226e-06	6.16225e-06	7.43423e-06	6.28008e-06	6.22126e-06	9.26319e-06	8.77441e-06	5.79148e-06	2.34104e-05	5.8447e-06	1.29762e-06	7.5317e-06	1.0399e-05	7.62957e-06	6.28016e-06	1.16428e-05	9.02857e-06	8.52661e-06	9.31062e-06	7.44247e-06	9.83051e-06	1.17026e-05	1.25776e-05	5.33743e-06	4.9528e-06	4.30382e-06	5.02199e-06	3.4401e-06	4.79879e-06	5.77469e-06	5.19271e-06	5.98899e-06	3.36392e-06	4.28764e-06	6.81535e-06	6.4153e-06	7.09269e-06	1.03254e-05	6.74663e-06	6.07505e-06	5.14469e-06	9.22228e-06	3.92231e-06	6.74598e-06	2.96124e-06	9.56538e-06	3.67381e-06	1.65285e-06	8.49072e-06	6.15497e-06	9.40521e-06	6.31493e-06	3.91803e-06	6.69043e-06	4.97703e-06	6.9245e-06	8.56854e-06	7.44632e-06	7.62703e-06	1.67507e-05	2.66428e-06	3.87444e-06	7.71242e-06	6.82672e-06	5.30522e-06	6.81487e-06	4.18227e-06	2.01984e-06	5.53604e-06	6.18763e-06	7.35261e-06	6.82084e-06	6.09105e-06	3.27781e-06	8.03686e-06	4.51856e-06	5.4902e-06	4.36323e-06	4.81766e-06	6.70175e-06	0	4.72871e-06	4.22655e-06	5.38693e-06	8.03317e-06	7.86723e-06	1.20762e-05	7.40809e-06	8.13432e-06	5.80693e-06	1.06615e-05	7.60428e-06	5.42087e-06
PWY-5505: L-glutamate and L-glutamine biosynthesis	2.29241e-05	1.61854e-05	2.42103e-05	2.05735e-05	2.06622e-05	3.08378e-05	1.82411e-05	2.8725e-05	2.28866e-05	1.55775e-05	1.92412e-05	2.07176e-05	2.00954e-05	1.68448e-05	2.10857e-05	1.21556e-05	2.44605e-05	2.21442e-05	2.7996e-05	3.03938e-05	2.73176e-05	3.04251e-05	2.60276e-05	1.42555e-05	2.0381e-05	1.70967e-05	1.72056e-05	1.68152e-05	1.75064e-05	1.82615e-05	1.67982e-05	2.28688e-05	1.25735e-05	1.63956e-05	1.16589e-05	1.66914e-05	1.56391e-05	8.09388e-06	2.56556e-05	2.42926e-05	1.21956e-05	2.34961e-05	1.56596e-05	1.98638e-05	1.92849e-05	1.38982e-05	1.28837e-05	1.48878e-05	2.88626e-05	2.0071e-05	2.62955e-05	1.77055e-05	2.19581e-05	3.81382e-06	2.37891e-05	2.45691e-05	3.29646e-05	1.92272e-05	1.67878e-05	1.61867e-05	2.10912e-05	1.46018e-05	3.21099e-05	2.51914e-05	1.5548e-05	1.93053e-05	1.81233e-05	1.89896e-05	3.04374e-05	1.51642e-05	1.98646e-05	1.59919e-05	2.68334e-05	3.52138e-05	1.50196e-05	1.86834e-05	2.32476e-05	1.73175e-05	1.92542e-05	2.22415e-05	2.05848e-05	1.42397e-05	2.42081e-05	3.48057e-05	2.07495e-05	3.02385e-05	1.22765e-05	2.34771e-05	1.62291e-05	2.51639e-05	1.68061e-05	2.14394e-05	2.00709e-05	2.98469e-05	1.76543e-05	1.79236e-05	1.84207e-05	5.42696e-06	4.18015e-05	1.47392e-05	1.82857e-05	2.18919e-05	2.21284e-05	2.32213e-05	1.87677e-05	2.19824e-05	3.06507e-05	1.59004e-05	1.64041e-05	1.93402e-05	1.74838e-05	1.84205e-05	2.02053e-05	4.4802e-05	3.3362e-05	1.88903e-05	2.25289e-05	1.33118e-05	2.08501e-05	1.99541e-05
PWY-5514: UDP-N-acetyl-D-galactosamine biosynthesis II	0	0	0	0	0	0	0	0	0	0	0	0	0	0	0	0	0	0	0	0	0	0	0	0	0	0	0	0	0	0	0	0	0	0	0	0	0	0	0	0	0	0	0	0	0	0	0	0	0	0	0	0	0	0	0	0	0	0	8.08764e-07	0	0	0	0	0	6.9268e-07	0	0	0	0	0	0	0	0	0	0	0	0	0	0	0	0	0	0	0	0	0	0	0	0	0	0	0	0	0	0	0	0	0	0	0	0	0	0	0	0	0	0	0	0	0	0	0	0	0	0	0	0	0	0	0
PWY-561: superpathway of glyoxylate cycle and fatty acid degradation	0	1.23931e-06	0	2.4999e-06	5.35837e-07	0	1.56621e-06	0	0	5.5086e-06	0	0	0	1.04576e-06	2.66465e-06	0	1.00162e-06	0	0	0	0	6.91103e-07	1.26519e-06	0	2.86503e-05	0	2.12935e-05	1.43289e-05	1.91228e-06	6.986e-06	1.96966e-06	3.71505e-06	1.6681e-06	1.87809e-06	1.81318e-06	4.22215e-05	0	0	7.36205e-06	0	5.58519e-06	0	7.92325e-06	0	1.44225e-06	2.1722e-06	7.7201e-07	7.74908e-06	2.17974e-06	1.54788e-06	3.85104e-06	5.60099e-06	3.86291e-06	1.08556e-05	0	0	0	0	0	4.79828e-06	4.00913e-06	0	6.42612e-06	0	4.01875e-06	0	0	0	0	0	2.3284e-06	1.22907e-06	5.643e-06	0	0	6.93037e-06	0	4.8996e-06	9.67631e-07	0	3.58431e-06	0	0	5.11474e-06	0	0	2.18336e-05	0	0	0	2.33644e-06	0	1.03475e-06	0	0	2.62998e-06	0	4.90928e-06	9.82547e-07	0	2.93581e-06	0	2.62474e-06	0	0	1.26695e-06	0	0	1.86292e-06	0	9.66725e-07	1.09027e-06	0	9.3542e-06	6.6306e-06	1.02255e-06	0	2.92304e-06	2.34311e-06	1.54e-06
PWY-5651: L-tryptophan degradation to 2-amino-3-carboxymuconate semialdehyde	0	0	0	0	0	0	0	0	0	0	0	0	0	0	0	0	0	0	0	0	0	0	0	0	0	0	0	0	0	0	0	0	0	0	0	0	0	0	0	0	0	0	0	0	0	0	0	0	0	0	0	0	0	0	0	0	0	0	0	0	0	0	0	0	0	0	0	0	0	0	0	0	0	0	0	0	0	4.73699e-07	0	0	0	0	0	0	0	0	0	0	0	0	0	0	0	0	0	0	0	0	0	0	0	0	0	0	0	0	0	0	0	0	0	0	0	0	0	0	0	0	0	0
PWY-5656: mannosylglycerate biosynthesis I	5.24741e-06	5.39193e-07	0	8.78489e-07	8.38363e-07	0	7.29403e-07	5.44972e-07	8.06837e-07	1.75177e-06	1.45787e-06	6.7584e-06	1.66447e-06	4.15646e-07	1.42042e-06	0	5.17368e-07	0	0	0	0	1.65262e-06	0	2.08265e-06	1.23777e-05	7.39965e-07	7.30531e-06	4.85303e-06	0	1.92571e-06	1.06385e-06	3.29022e-06	6.62559e-06	2.10699e-06	0	1.57447e-05	2.79272e-06	0	1.67648e-06	0	9.87923e-07	7.38923e-07	5.22127e-06	1.24271e-06	0	3.30334e-06	0	8.00412e-06	0	2.81947e-06	1.11431e-06	7.21152e-07	3.84781e-07	3.0575e-06	0	5.42632e-07	0	5.80463e-07	0	0	0	7.30167e-07	2.40889e-06	0	6.36048e-06	1.5576e-06	8.32987e-07	0	0	0	2.00752e-06	0	1.32623e-06	0	0	3.7826e-06	3.61723e-07	3.83267e-07	1.70873e-06	0	1.77829e-06	1.58299e-06	1.5378e-06	1.51576e-06	6.21687e-06	0	1.39697e-05	0	1.32846e-06	0	4.6256e-07	5.22503e-06	6.28907e-06	1.32973e-06	3.69724e-07	0	7.09235e-07	5.2512e-06	0	0	0	0	4.95105e-07	0	2.41192e-06	3.41852e-07	0	0	1.20878e-06	0	1.73662e-06	0	5.62107e-07	1.50147e-06	9.53829e-07	1.86815e-06	1.84822e-06	8.01823e-06	1.81032e-05	4.29707e-07
PWY-5659: GDP-mannose biosynthesis	2.23173e-05	6.94904e-06	1.99907e-05	2.11586e-05	2.03668e-05	1.3403e-05	2.18724e-05	2.10587e-05	2.71923e-05	1.8157e-05	8.33151e-06	1.79198e-05	1.40056e-05	1.72764e-05	1.93465e-05	1.2361e-05	2.02028e-05	1.57658e-05	2.19203e-05	2.6456e-05	1.41818e-05	1.5403e-05	1.26601e-05	7.12062e-06	2.5776e-05	8.76302e-06	1.35616e-05	1.6533e-05	1.10824e-05	1.14311e-05	1.42921e-05	9.86156e-06	1.14298e-05	1.18491e-05	9.28445e-06	2.46143e-05	1.25261e-05	1.08386e-05	2.01641e-05	1.96023e-05	1.53237e-05	1.16112e-05	9.10932e-06	1.60633e-05	1.53802e-05	1.82419e-05	1.52085e-05	1.41228e-05	1.67977e-05	1.97494e-05	1.33493e-05	1.51716e-05	9.64779e-06	5.0474e-06	1.64119e-05	1.2905e-05	2.63901e-05	1.15185e-05	2.32248e-05	8.57452e-06	1.00862e-05	1.03338e-05	2.05657e-05	2.30313e-05	1.37824e-05	1.49183e-05	1.37669e-05	1.28162e-05	2.3141e-05	2.49701e-05	1.94672e-05	3.81656e-06	1.97353e-05	1.49404e-05	7.12572e-06	9.21765e-06	1.52191e-05	2.49281e-05	1.43195e-05	2.49459e-05	2.2708e-05	9.46031e-06	1.80809e-05	1.98424e-05	2.14746e-05	2.12901e-05	2.1999e-05	1.24365e-05	1.64561e-05	1.70416e-05	2.49253e-05	1.46375e-05	1.48393e-05	1.48328e-05	2.61311e-05	1.29724e-05	1.25554e-05	9.91592e-06	2.24232e-05	1.80966e-05	1.02575e-05	2.25459e-05	1.64027e-05	7.58715e-06	1.47554e-05	1.68957e-05	1.53082e-05	8.94177e-06	1.37638e-05	1.20695e-05	1.78775e-05	1.52427e-05	2.20572e-05	2.56448e-05	1.56387e-05	1.5923e-05	1.39702e-05	1.91887e-05	5.03343e-05	1.42871e-05
PWY-5667: CDP-diacylglycerol biosynthesis I	4.13785e-05	2.18991e-05	4.17747e-05	3.87469e-05	2.98902e-05	7.50798e-05	3.16776e-05	4.62411e-05	5.0392e-05	4.26087e-05	3.05454e-05	3.84697e-05	2.8773e-05	4.58541e-05	6.27168e-05	2.85738e-05	7.82372e-05	4.64888e-05	3.5167e-05	3.26085e-05	2.07374e-05	5.58666e-05	4.33872e-05	2.92591e-05	4.95142e-05	1.575e-05	3.60107e-05	5.64856e-05	4.06862e-05	3.22592e-05	4.35424e-05	3.05545e-05	4.0006e-05	5.48352e-05	5.40051e-05	8.93945e-05	2.04691e-05	4.47913e-05	5.5872e-05	6.76042e-05	4.3493e-05	2.41365e-05	4.47462e-05	8.30607e-05	3.62474e-05	5.01546e-05	3.22975e-05	4.07612e-05	9.19517e-05	4.63993e-05	3.5285e-05	4.55003e-05	3.74529e-05	1.94732e-05	2.55625e-05	2.67677e-05	4.32806e-05	2.88388e-05	3.51077e-05	3.55098e-05	1.98203e-05	3.27457e-05	4.60962e-05	4.20911e-05	4.33467e-05	2.82468e-05	3.78543e-05	3.27519e-05	0.000103318	3.41131e-05	5.81691e-05	3.935e-05	0.000103644	3.66865e-05	3.34385e-05	3.28084e-05	4.31143e-05	4.152e-05	3.68119e-05	3.43977e-05	4.16919e-05	4.0144e-05	2.73228e-05	5.37663e-05	4.44694e-05	8.29771e-05	4.04049e-05	2.10393e-05	2.63546e-05	4.31858e-05	3.64226e-05	2.62467e-05	3.27377e-05	2.77143e-05	1.91027e-05	1.58358e-05	2.09631e-05	3.2128e-05	4.96345e-05	2.38362e-05	2.98659e-05	2.44585e-05	6.00098e-05	2.71915e-05	3.63702e-05	6.4239e-05	4.68386e-05	2.28802e-05	2.89452e-05	2.88884e-05	2.55831e-05	3.86798e-05	3.92333e-05	3.06924e-05	5.21735e-05	3.75776e-05	3.14163e-05	6.43003e-05	4.74889e-05	3.64958e-05
PWY-5675: nitrate reduction V (assimilatory)	2.33692e-06	3.98128e-06	0	2.39593e-06	3.90682e-06	1.18559e-06	2.0354e-06	3.84153e-06	7.24474e-07	2.49593e-06	0	4.06029e-07	0	1.58234e-06	2.35465e-06	0	2.08843e-06	0	7.80107e-07	0	1.39026e-06	2.07839e-06	2.38516e-06	0	3.24443e-05	5.35485e-07	2.51688e-05	1.67329e-05	2.35962e-06	6.99053e-06	1.93195e-06	4.03682e-06	1.61398e-06	3.81281e-06	3.99945e-06	5.2731e-05	5.58489e-06	0	1.02272e-05	0	3.953e-06	3.1759e-06	5.26147e-06	3.60037e-07	1.04564e-06	0	6.69781e-07	4.97345e-06	1.88236e-06	7.87798e-07	4.61602e-06	5.08504e-06	7.65123e-07	1.17533e-05	0	1.09264e-06	0	0	0	2.25978e-06	2.10474e-06	9.96738e-07	4.24471e-06	0	5.425e-06	0	3.88669e-07	3.73822e-07	0	2.54324e-07	1.56343e-06	2.14432e-06	4.46104e-06	6.93009e-07	6.0191e-07	4.49563e-06	2.73176e-07	4.57055e-06	0	0	1.10762e-06	2.91296e-06	6.46483e-07	2.18313e-06	1.07483e-06	2.86498e-06	3.69636e-05	0	3.05128e-07	7.46504e-07	9.22097e-07	5.87257e-07	4.54607e-07	1.79339e-06	0	1.77251e-06	5.26653e-07	2.56796e-06	0	1.3346e-06	1.26371e-06	3.57699e-06	1.20563e-06	6.54029e-07	0	2.01177e-06	8.71609e-07	0	3.20948e-06	1.00472e-06	3.22556e-06	7.32071e-07	0	6.9652e-06	5.20582e-06	3.11751e-07	1.24093e-06	2.57519e-06	1.45537e-06	2.46546e-06
PWY-5676: acetyl-CoA fermentation to butanoate II	1.56044e-05	1.2234e-05	1.61775e-05	1.4476e-05	1.52478e-05	1.78692e-05	1.70077e-05	1.55017e-05	1.63274e-05	1.42944e-05	1.38914e-05	1.49818e-05	1.23277e-05	1.86315e-05	1.88343e-05	1.09898e-05	1.93331e-05	1.66441e-05	1.18618e-05	1.23551e-05	1.30077e-05	1.48051e-05	1.21739e-05	1.39587e-05	2.18822e-05	1.41682e-05	1.5815e-05	1.79824e-05	1.70675e-05	1.38925e-05	1.43727e-05	8.30639e-06	1.23087e-05	1.91885e-05	1.25788e-05	2.55055e-05	1.06981e-05	1.16801e-05	2.50311e-05	1.41153e-05	1.7685e-05	1.53059e-05	1.4904e-05	1.67128e-05	1.29361e-05	1.08814e-05	1.55929e-05	1.09385e-05	1.79526e-05	1.50539e-05	1.4387e-05	1.94521e-05	1.61907e-05	6.4794e-06	6.23074e-06	1.33957e-05	1.60918e-05	1.38806e-05	1.52417e-05	1.67623e-05	1.08386e-05	1.11764e-05	1.67013e-05	1.42571e-05	1.02791e-05	1.25767e-05	1.23396e-05	1.45814e-05	2.38984e-05	1.68431e-05	1.71051e-05	9.11044e-06	1.56077e-05	9.54905e-06	6.81715e-06	1.70389e-05	1.48506e-05	1.52008e-05	1.38689e-05	1.25913e-05	1.17935e-05	1.33381e-05	1.3449e-05	1.43157e-05	1.55155e-05	1.42041e-05	7.23121e-06	9.41292e-06	1.25066e-05	1.57206e-05	1.71331e-05	1.22477e-05	1.4055e-05	1.59517e-05	1.48047e-05	1.34697e-05	9.89373e-06	1.22213e-05	1.43486e-05	1.22136e-05	1.5866e-05	1.08797e-05	1.51149e-05	2.39426e-05	1.20149e-05	1.57321e-05	1.78268e-05	6.55948e-06	1.35503e-05	1.03089e-05	1.02204e-05	1.45129e-05	1.42748e-05	1.3281e-05	1.37858e-05	1.29043e-05	1.40329e-05	1.56053e-05	1.46214e-05	1.57154e-05
PWY-5677: succinate fermentation to butanoate	5.27192e-06	4.39374e-06	0	0	7.63225e-07	0	1.23098e-06	0	0	0	0	4.27635e-06	2.83808e-06	0	0	1.6911e-06	0	0	0	0	0	0	0	4.20249e-06	0	8.89e-07	4.00978e-06	0	0	2.49194e-06	0	3.93754e-06	4.50565e-06	3.25252e-06	3.09016e-06	7.48992e-06	2.02757e-06	3.23462e-06	4.39831e-06	0	2.41187e-06	0	6.28803e-06	3.06344e-06	0	1.96066e-06	0	4.86741e-06	0	2.41805e-06	4.50539e-06	5.25485e-06	4.20323e-06	3.9167e-06	9.56816e-07	0	0	2.20281e-06	1.91022e-06	0	0	0	0	0	1.9846e-06	3.02201e-06	1.96583e-06	0	0	0	0	0	0	0	0	5.35688e-06	0	9.3816e-07	1.55977e-06	9.82761e-07	1.05096e-06	4.20349e-06	2.20099e-06	0	1.80355e-06	0	5.27464e-06	0	2.48778e-06	0	0	6.92064e-06	6.19549e-06	0	0	2.3887e-06	5.34732e-06	2.54594e-06	0	1.0196e-06	0	0	0	0	1.49815e-06	0	7.51043e-07	6.79809e-07	0	0	2.68838e-06	1.00305e-06	1.83385e-06	0	0	3.20598e-06	4.51461e-06	5.87407e-06	9.27658e-06	0
PWY-5686: UMP biosynthesis I	0.000488486	0.000564632	0.000496989	0.000493867	0.00049933	0.000516997	0.000460394	0.000522393	0.000480656	0.000495857	0.00039636	0.000476844	0.000499513	0.000507343	0.000513497	0.000433245	0.000515401	0.000528489	0.000494244	0.000511588	0.000552878	0.000420908	0.000520197	0.000444684	0.000408051	0.000512097	0.000575278	0.000451902	0.000358988	0.000361657	0.000430466	0.000542275	0.000474667	0.000496074	0.0004704	0.000517045	0.000572123	0.000371432	0.000567716	0.000468354	0.000561148	0.00058628	0.00061838	0.000497011	0.000457953	0.000498361	0.000460606	0.000541701	0.000482489	0.000502469	0.000518894	0.000495295	0.000544836	0.0015986	0.000486805	0.000532324	0.000514497	0.0004677	0.000466586	0.000478484	0.000513012	0.000468836	0.00049734	0.000426648	0.000491348	0.000520061	0.000461841	0.000516703	0.000502488	0.000499171	0.000521181	0.000586632	0.000501512	0.000486762	0.0004674	0.000625224	0.000516807	0.000509304	0.000601234	0.000523208	0.000482785	0.000491659	0.0005313	0.000493762	0.00047414	0.00048621	0.000658013	0.000481846	0.000555159	0.000554544	0.000514411	0.000521759	0.000507366	0.000521461	0.000499598	0.000517954	0.000526078	0.000495073	0.000529761	0.00051003	0.000661299	0.000577385	0.000546696	0.000617987	0.000514527	0.000501678	0.00052426	0.000508327	0.000492359	0.000528448	0.000537115	0.000462525	0.000482386	0.000530364	0.000493296	0.000474055	0.000466052	0.000489358	0.000461914	0.000604818
PWY-5690: TCA cycle II (plants and fungi)	4.33217e-05	5.24057e-06	3.82098e-05	3.75642e-05	2.23417e-05	4.62789e-05	2.44229e-05	3.27311e-05	4.41176e-05	5.45203e-05	3.02723e-05	3.46483e-05	3.36633e-05	4.4433e-05	4.2425e-05	4.52513e-05	3.84804e-05	3.6312e-05	3.53002e-05	2.92726e-05	5.384e-06	4.66195e-05	3.10098e-05	4.46721e-05	5.33858e-05	8.16145e-06	1.32353e-05	3.55879e-05	3.29366e-05	5.53736e-05	4.95599e-05	3.39648e-05	5.24657e-05	3.73825e-05	4.07046e-05	7.08252e-06	7.83237e-06	5.45044e-05	1.70077e-05	3.46603e-05	9.11597e-06	1.83227e-06	8.99797e-06	3.13855e-05	3.18607e-05	3.39184e-05	2.16845e-05	4.04314e-05	3.6383e-05	3.50195e-05	1.96198e-05	3.59011e-05	2.78914e-05	3.56195e-06	2.71446e-05	1.47642e-05	2.75854e-05	3.22517e-05	3.37983e-05	2.15761e-05	1.97732e-05	5.18921e-05	3.68242e-05	2.97013e-05	4.51063e-05	1.63999e-05	5.09865e-05	4.40411e-05	3.79738e-05	3.36361e-05	3.94263e-05	1.63295e-05	4.36224e-05	2.24403e-05	3.70976e-05	1.29278e-05	3.38876e-05	3.98783e-05	3.66422e-05	2.98789e-05	2.82506e-05	4.76209e-05	3.20263e-05	3.07937e-05	3.43189e-05	4.43139e-05	4.40491e-06	3.88941e-05	3.22494e-05	3.83837e-05	2.92168e-05	2.93066e-05	3.54129e-05	4.39556e-05	1.74947e-05	9.41518e-06	1.48224e-05	3.69685e-05	3.10816e-05	4.30263e-05	1.53379e-05	3.27475e-05	3.37375e-05	1.41728e-05	3.35305e-05	3.82703e-05	2.26921e-05	3.03628e-05	2.11293e-05	5.42143e-05	2.98081e-05	4.01043e-05	1.90303e-05	3.18037e-05	4.45697e-05	3.94167e-05	4.25334e-05	3.818e-05	3.55458e-05	1.83269e-05
PWY-5692: allantoin degradation to glyoxylate II	0	0	0	0	0	0	0	0	0	0	0	0	0	0	0	0	0	0	0	0	0	0	0	0	2.24063e-07	0	1.18253e-06	2.28592e-07	0	6.3473e-07	4.65718e-07	7.82319e-07	0	1.18592e-06	1.0002e-06	3.4603e-06	3.06343e-07	0	0	0	6.48967e-07	0	4.32129e-07	5.18573e-07	0	0	0	7.73563e-07	0	0	0	0	4.42878e-07	4.17476e-07	0	0	0	0	0	0	0	0	0	0	6.34326e-07	0	0	0	0	0	0	0	1.5918e-07	0	0	0	0	0	0	0	4.50854e-07	0	0	0	0	0	1.65136e-06	0	0	0	0	0	0	0	0	0	0	5.9205e-07	0	0	0	0	0	0	0	0	0	0	0	0	0	0	0	0	0	0	0	6.03278e-07	1.32772e-07	0
PWY-5695: inosine 5'-phosphate degradation	0.000186982	6.22288e-05	0.000200006	0.000223851	0.000118778	0.00019603	9.9271e-05	0.000175239	0.000271336	0.000254757	0.000151273	0.000199297	0.000182473	0.000239203	0.000226942	0.000159326	0.000180547	0.000156247	0.000153219	0.000137624	6.9239e-05	0.000199164	0.00016219	0.000173558	0.00027651	7.40711e-05	0.000118061	0.000207662	0.000147892	0.000217767	0.000237049	0.000191975	0.000216311	0.000190432	0.000202061	0.000136003	9.11844e-05	0.000214421	0.000114452	0.000178134	8.54972e-05	7.63035e-05	8.17062e-05	0.000162071	0.000150619	0.000186664	0.000120779	0.000210161	0.000195971	0.000201681	0.000136354	0.00017365	0.000109974	7.14644e-05	0.000163351	0.000124115	0.000176542	0.000161723	0.000186582	0.000106429	0.000129394	0.00027886	0.000214749	0.000178954	0.00019017	0.000137266	0.000192358	0.000221166	0.000182566	0.000201683	0.000204811	6.73426e-05	0.000191366	0.000120284	0.000123645	9.34573e-05	0.000181003	0.000182136	0.000194132	0.000154726	0.000151049	0.00018665	0.000198088	0.000147879	0.000201751	0.000192867	9.39299e-05	0.000176467	0.000204807	0.000188367	0.000196737	0.000180648	0.000195864	0.000261837	0.000100359	5.99933e-05	9.37724e-05	0.000182859	0.000179971	0.000144003	9.89254e-05	0.000199236	0.000156174	5.58515e-05	0.000137194	0.000176786	0.000175697	0.000101105	0.00010802	0.000240933	0.000150587	0.000200378	0.000147979	0.000151912	0.000205989	0.000200795	0.000213542	0.000222772	0.000202015	9.50306e-05
PWY-5705: allantoin degradation to glyoxylate III	4.86298e-07	8.3493e-07	0	0	3.7003e-07	0	0	0	0	0	1.60604e-06	5.86348e-06	0	0	0	0	1.92079e-07	0	0	0	0	0	0	1.61431e-06	2.77418e-06	0	3.24329e-06	6.41659e-07	0	1.16989e-06	6.22813e-07	1.61056e-06	4.63719e-06	1.69241e-06	1.27652e-06	4.7239e-06	1.38981e-06	0	8.48739e-07	0	8.01804e-07	0	9.98385e-06	5.4585e-07	0	2.28433e-06	0	7.1941e-06	0	2.1253e-06	1.21181e-07	1.3921e-06	1.15715e-06	1.29595e-06	0	0	0	7.90938e-07	0	3.05248e-07	0	0	3.31949e-07	0	6.02167e-06	1.0608e-06	4.38891e-07	0	0	5.61282e-07	0	0	1.675e-07	0	0	6.66169e-06	0	1.7615e-07	1.34164e-06	0	6.33784e-07	0	5.29085e-07	0	2.33348e-06	0	8.61562e-06	0	8.61075e-07	0	0	8.47062e-06	6.61466e-06	0	0	0	1.31693e-06	5.10195e-06	0	0	0	0	0	0	0	0	0	0	0	0	0	7.16146e-07	0	3.99271e-07	0	1.95064e-06	1.88901e-06	6.98582e-06	2.3869e-06	0
PWY-5723: Rubisco shunt	1.22615e-06	1.73855e-06	0	2.55338e-06	1.81878e-06	0	6.69458e-06	7.07277e-07	0	4.42857e-06	0	0	0	1.34805e-06	3.1345e-06	0	1.90321e-06	0	7.32796e-07	0	0	0	0	0	2.87788e-05	8.23897e-07	1.81795e-05	2.70757e-05	0	3.46456e-06	2.92533e-06	2.82907e-06	0	1.74737e-06	2.4568e-06	2.93695e-05	3.97091e-06	0	4.37103e-06	0	4.56124e-06	0	3.64234e-06	0	0	1.53944e-06	0	5.87843e-06	0	0	1.62331e-06	3.9086e-06	1.08094e-06	7.76978e-06	0	1.32885e-06	0	0	0	5.43251e-06	4.93166e-06	0	4.55111e-06	9.05478e-07	3.83833e-06	3.00959e-06	0	0	1.50092e-06	0	0	1.47409e-06	7.186e-06	0	0	8.89752e-06	0	1.33596e-06	0	7.95909e-07	2.44128e-06	1.83832e-06	1.8567e-06	1.39967e-06	9.99916e-07	2.10057e-06	1.48328e-05	1.8366e-06	1.54033e-06	0	1.78907e-06	1.61365e-06	0	0	0	0	0	6.07936e-07	8.95933e-07	0	8.43041e-07	3.30485e-06	4.39473e-06	0	3.13127e-06	5.05323e-06	5.45953e-06	0	0	0	2.11907e-06	2.3125e-06	4.5319e-06	7.90302e-06	4.4032e-06	9.01294e-07	0	2.06186e-06	3.71215e-06	7.01906e-06
PWY-5747: 2-methylcitrate cycle II	0	0	0	0	0	0	0	0	0	0	0	0	0	0	9.11339e-08	0	0	0	0	0	0	0	0	0	3.56675e-06	0	3.40544e-06	1.2818e-06	0	6.47655e-07	0	0	0	0	0	5.42085e-06	0	0	1.52976e-06	0	0	0	5.56672e-07	0	0	0	0	2.42681e-07	0	0	2.95533e-07	0	0	1.21011e-06	0	0	0	0	0	0	0	0	4.49687e-07	0	8.76399e-08	0	0	0	0	0	0	0	6.62626e-07	0	0	2.64825e-07	0	0	0	0	9.63367e-08	0	0	0	2.59578e-07	0	4.03764e-06	0	0	0	0	0	0	0	0	0	0	1.72057e-07	0	0	0	0	0	0	0	0	0	0	0	0	0	1.5563e-07	0	1.45602e-06	0	0	0	0	0	0
"PWY-5837: 2-carboxy-1,4-naphthoquinol biosynthesis"	0	5.16221e-07	0	1.91662e-06	0	0	1.17242e-06	0	0	0	0	0	0	0	1.08138e-06	0	6.3694e-07	0	0	0	0	4.18494e-07	0	0	9.25051e-06	0	8.05783e-06	4.84195e-06	6.99116e-07	2.57047e-06	6.42267e-07	0	0	1.49081e-06	0	1.37028e-05	9.59947e-07	0	1.48302e-06	0	1.28935e-06	1.2176e-06	1.71082e-06	0	1.08204e-06	4.71537e-07	6.40675e-07	1.62412e-06	0	0	0	2.42324e-06	1.10582e-06	3.76429e-06	0	0	0	0	0	1.1964e-06	0	0	3.31391e-06	0	1.64903e-06	0	0	0	0	0	6.01659e-07	0	1.89684e-06	0	0	3.00291e-06	0	1.07687e-06	9.04728e-07	0	3.10141e-06	0	0	1.27011e-06	1.23027e-06	0	1.0143e-05	0	0	0	9.94366e-07	0	0	0	0	0	0	1.8214e-06	7.2465e-07	0	0	0	9.53352e-07	0	0	2.55096e-06	3.26264e-07	0	1.01395e-06	0	8.45514e-07	6.49934e-07	5.57525e-07	3.46997e-06	1.60392e-06	4.55231e-07	0	1.758e-06	6.134e-07	0
PWY-5838: superpathway of menaquinol-8 biosynthesis I	0	0	0	3.33161e-06	0	0	3.08119e-06	0	0	0	0	0	0	0	3.15991e-06	0	1.75558e-06	0	0	0	0	9.71733e-07	0	0	1.51183e-05	0	1.5759e-05	1.01126e-05	1.41498e-06	6.48694e-06	1.84982e-06	0	0	3.63109e-06	0	2.15822e-05	2.8709e-06	0	4.11189e-06	0	3.51843e-06	1.61234e-06	5.09147e-06	0	2.92486e-06	1.41029e-06	1.91476e-06	4.53795e-06	0	0	0	5.43505e-06	0	9.14132e-06	0	0	0	0	0	3.24462e-06	0	0	7.31596e-06	0	4.31335e-06	0	0	0	0	0	1.89727e-06	0	3.94564e-06	0	0	4.9213e-06	0	3.01737e-06	2.83083e-06	0	6.06724e-06	0	0	2.07137e-06	3.7944e-06	0	2.06214e-05	0	0	0	1.9612e-06	0	0	0	0	0	0	4.45438e-06	2.19885e-06	0	0	0	2.79431e-06	0	0	5.744e-06	1.07259e-06	0	2.02398e-06	0	1.98248e-06	2.0149e-06	1.7605e-06	8.44146e-06	3.30768e-06	1.45901e-06	0	4.63929e-06	1.89745e-06	0
PWY-5840: superpathway of menaquinol-7 biosynthesis	0	1.60269e-06	0	3.85551e-06	0	0	2.96732e-06	0	0	0	0	0	0	0	3.15029e-06	0	1.73425e-06	0	0	0	0	1.258e-06	0	0	1.41517e-05	0	1.44638e-05	7.10816e-06	1.7153e-06	6.31054e-06	2.00311e-06	0	0	4.01841e-06	0	1.77662e-05	2.94933e-06	0	3.93127e-06	0	3.67035e-06	3.0751e-06	4.95668e-06	0	3.02087e-06	1.48971e-06	1.97374e-06	4.68026e-06	0	0	0	6.00753e-06	3.20449e-06	5.45801e-06	0	0	0	0	0	3.03515e-06	0	0	7.4877e-06	0	4.597e-06	0	0	0	0	0	1.87738e-06	0	4.21949e-06	0	0	5.41213e-06	0	3.2439e-06	2.87322e-06	0	7.36739e-06	0	0	2.97672e-06	3.80004e-06	0	8.70658e-06	0	0	0	2.77811e-06	0	0	0	0	0	0	3.75116e-06	2.16483e-06	0	0	0	2.66459e-06	0	0	4.53823e-06	1.07373e-06	0	2.98644e-06	0	2.53818e-06	2.02382e-06	1.78452e-06	7.55766e-06	3.91799e-06	1.4738e-06	0	4.91397e-06	1.92432e-06	0
PWY-5845: superpathway of menaquinol-9 biosynthesis	0	0	0	3.33161e-06	0	0	0	0	0	0	0	0	0	0	1.32566e-06	0	0	0	0	0	0	9.71733e-07	0	0	1.28496e-05	0	1.44638e-05	7.10816e-06	1.12025e-06	3.39872e-06	0	0	0	2.44254e-06	0	1.39295e-05	0	0	3.29003e-06	0	0	0	4.0107e-06	0	0	0	0	1.35738e-06	0	0	0	4.93241e-06	0	5.1669e-06	0	0	0	0	0	2.93023e-06	0	0	0	0	0	0	0	0	0	0	0	0	0	0	0	4.9213e-06	0	0	0	0	4.2216e-06	0	0	0	3.00745e-06	0	8.33599e-06	0	0	0	0	0	0	0	0	0	0	3.75116e-06	0	0	0	0	2.6296e-06	0	0	4.73125e-06	0	0	2.02398e-06	0	0	1.28263e-06	0	5.74765e-06	2.81844e-06	1.25402e-06	0	3.78716e-06	0	0
PWY-5850: superpathway of menaquinol-6 biosynthesis	0	0	0	3.33161e-06	0	0	0	0	0	0	0	0	0	0	1.32566e-06	0	0	0	0	0	0	9.71733e-07	0	0	1.28496e-05	0	1.44638e-05	7.10816e-06	0	3.39872e-06	0	0	0	1.69841e-06	0	1.39295e-05	0	0	3.29003e-06	0	0	0	4.0107e-06	0	0	0	0	1.35738e-06	0	0	0	4.93241e-06	0	5.1669e-06	0	0	0	0	0	0	0	0	0	0	0	0	0	0	0	0	0	0	0	0	0	4.9213e-06	0	0	0	0	4.2216e-06	0	0	0	3.00745e-06	0	8.33599e-06	0	0	0	0	0	0	0	0	0	0	3.75116e-06	0	0	0	0	0	0	0	2.15009e-06	0	0	2.02398e-06	0	0	1.28263e-06	0	5.74765e-06	2.81844e-06	0	0	3.78716e-06	0	0
PWY-5855: ubiquinol-7 biosynthesis (early decarboxylation)	0	0	0	0	2.19998e-07	0	0	0	0	0	0	0	0	0	1.53693e-07	0	0	0	0	0	0	0	0	0	9.97733e-07	0	5.66204e-07	3.59359e-07	0	4.0777e-07	0	0	0	0	0	8.84996e-07	1.98658e-07	0	2.78412e-07	0	4.47182e-07	0	3.76165e-07	0	0	0	0	2.48882e-07	0	0	0	0	0	5.27307e-07	0	0	0	0	0	2.68743e-07	0	0	2.22001e-07	0	0	0	0	0	0	0	0	0	3.56021e-07	0	0	0	0	0	0	0	1.41769e-07	0	0	0	1.0794e-07	0	2.66184e-07	0	0	0	0	0	0	0	0	0	0	1.99572e-07	0	0	0	0	0	0	0	0	0	0	0	0	0	0	0	3.50297e-07	2.48157e-07	0	0	0	0	0
PWY-5860: superpathway of demethylmenaquinol-6 biosynthesis I	0	0	0	2.47886e-06	0	0	0	0	0	0	0	0	0	0	9.01378e-07	0	0	0	0	0	0	6.78299e-07	0	0	1.061e-05	0	1.35094e-05	5.40668e-06	0	2.42455e-06	0	0	0	1.20467e-06	0	1.08653e-05	0	0	2.34244e-06	0	0	0	2.79627e-06	0	0	0	0	9.35527e-07	0	0	0	3.7199e-06	0	3.80836e-06	0	0	0	0	0	0	0	0	0	0	0	0	0	0	0	0	0	0	0	0	0	3.91868e-06	0	0	0	0	3.05364e-06	0	0	0	2.08289e-06	0	6.34029e-06	0	0	0	0	0	0	0	0	0	0	2.94455e-06	0	0	0	0	0	0	0	1.4908e-06	0	0	1.43377e-06	0	0	8.7987e-07	0	4.05893e-06	2.02123e-06	0	0	2.81633e-06	0	0
PWY-5861: superpathway of demethylmenaquinol-8 biosynthesis I	0	0	0	2.47886e-06	0	0	2.21684e-06	0	0	0	0	0	0	0	2.20949e-06	0	1.23284e-06	0	0	0	0	6.78299e-07	0	0	1.30322e-05	0	1.52675e-05	8.17919e-06	1.05997e-06	4.94221e-06	1.30882e-06	0	0	2.77759e-06	0	1.85693e-05	2.02673e-06	0	2.97817e-06	0	2.64902e-06	1.11604e-06	3.59415e-06	0	2.12822e-06	1.00454e-06	1.34933e-06	3.39681e-06	0	0	0	4.15456e-06	0	7.33348e-06	0	0	0	0	0	2.40993e-06	0	0	5.55583e-06	0	3.31327e-06	0	0	0	0	0	1.30095e-06	0	2.77819e-06	0	0	3.91868e-06	0	2.12754e-06	1.97683e-06	0	4.55806e-06	0	0	1.49391e-06	2.65492e-06	0	1.97945e-05	0	0	0	1.37337e-06	0	0	0	0	0	0	3.61688e-06	1.51497e-06	0	0	0	1.94161e-06	0	0	4.26847e-06	7.27137e-07	0	1.43377e-06	0	1.37732e-06	1.40546e-06	1.20691e-06	6.13162e-06	2.40367e-06	1.0062e-06	0	3.54205e-06	1.33452e-06	0
PWY-5862: superpathway of demethylmenaquinol-9 biosynthesis	0	0	0	2.47886e-06	0	0	0	0	0	0	0	0	0	0	9.01378e-07	0	0	0	0	0	0	6.78299e-07	0	0	1.061e-05	0	1.35094e-05	5.40668e-06	8.18115e-07	2.42455e-06	0	0	0	1.7824e-06	0	1.08653e-05	0	0	2.34244e-06	0	0	0	2.79627e-06	0	0	0	0	9.35527e-07	0	0	0	3.7199e-06	0	3.80836e-06	0	0	0	0	0	2.15261e-06	0	0	0	0	0	0	0	0	0	0	0	0	0	0	0	3.91868e-06	0	0	0	0	3.05364e-06	0	0	0	2.08289e-06	0	6.34029e-06	0	0	0	0	0	0	0	0	0	0	2.94455e-06	0	0	0	0	1.82261e-06	0	0	3.4462e-06	0	0	1.43377e-06	0	0	8.7987e-07	0	4.05893e-06	2.02123e-06	8.60657e-07	0	2.81633e-06	0	0
PWY-5896: superpathway of menaquinol-10 biosynthesis	0	0	0	3.33161e-06	0	0	0	0	0	0	0	0	0	0	1.32566e-06	0	0	0	0	0	0	9.71733e-07	0	0	1.28496e-05	0	1.44638e-05	7.10816e-06	0	3.39872e-06	0	0	0	1.69841e-06	0	1.39295e-05	0	0	3.29003e-06	0	0	0	4.0107e-06	0	0	0	0	1.35738e-06	0	0	0	4.93241e-06	0	5.1669e-06	0	0	0	0	0	0	0	0	0	0	0	0	0	0	0	0	0	0	0	0	0	4.9213e-06	0	0	0	0	4.2216e-06	0	0	0	3.00745e-06	0	8.33599e-06	0	0	0	0	0	0	0	0	0	0	3.75116e-06	0	0	0	0	0	0	0	2.15009e-06	0	0	2.02398e-06	0	0	1.28263e-06	0	5.74765e-06	2.81844e-06	0	0	3.78716e-06	0	0
PWY-5897: superpathway of menaquinol-11 biosynthesis	0	1.47512e-06	0	3.71243e-06	0	0	2.88727e-06	0	0	0	0	0	0	0	2.87072e-06	0	1.60941e-06	0	0	0	0	1.13057e-06	0	0	1.55333e-05	0	1.60446e-05	1.01613e-05	1.5782e-06	6.26678e-06	1.80226e-06	0	0	3.72196e-06	0	2.16578e-05	2.70673e-06	0	3.95949e-06	0	3.38038e-06	2.89268e-06	4.8249e-06	0	2.73837e-06	1.32477e-06	1.78325e-06	4.31643e-06	0	0	0	5.77833e-06	2.93701e-06	9.32125e-06	0	0	0	0	0	3.08447e-06	0	0	7.30066e-06	0	4.25231e-06	0	0	0	0	0	1.70172e-06	0	3.99016e-06	0	0	6.83165e-06	0	2.93329e-06	2.58708e-06	0	7.34203e-06	0	0	2.78556e-06	3.45118e-06	0	2.058e-05	0	0	0	2.53403e-06	0	0	0	0	0	0	4.4315e-06	1.97651e-06	0	0	0	2.53761e-06	0	0	5.50875e-06	9.52214e-07	0	2.76426e-06	0	2.33921e-06	1.82891e-06	1.60307e-06	8.06707e-06	3.70893e-06	1.31399e-06	0	4.51345e-06	1.72797e-06	0
PWY-5898: superpathway of menaquinol-12 biosynthesis	0	1.47512e-06	0	3.71243e-06	0	0	2.88727e-06	0	0	0	0	0	0	0	2.87072e-06	0	1.60941e-06	0	0	0	0	1.13057e-06	0	0	1.55333e-05	0	1.60446e-05	1.01613e-05	1.5782e-06	6.26678e-06	1.80226e-06	0	0	3.72196e-06	0	2.16578e-05	2.70673e-06	0	3.95949e-06	0	3.38038e-06	2.89268e-06	4.8249e-06	0	2.73837e-06	1.32477e-06	1.78325e-06	4.31643e-06	0	0	0	5.77833e-06	2.93701e-06	9.32125e-06	0	0	0	0	0	3.08447e-06	0	0	7.30066e-06	0	4.25231e-06	0	0	0	0	0	1.70172e-06	0	3.99016e-06	0	0	6.83165e-06	0	2.93329e-06	2.58708e-06	0	7.34203e-06	0	0	2.78556e-06	3.45118e-06	0	2.058e-05	0	0	0	2.53403e-06	0	0	0	0	0	0	4.4315e-06	1.97651e-06	0	0	0	2.53761e-06	0	0	5.50875e-06	9.52214e-07	0	2.76426e-06	0	2.33921e-06	1.82891e-06	1.60307e-06	8.06707e-06	3.70893e-06	1.31399e-06	0	4.51345e-06	1.72797e-06	0
PWY-5899: superpathway of menaquinol-13 biosynthesis	0	1.47512e-06	0	3.71243e-06	0	0	2.88727e-06	0	0	0	0	0	0	0	2.87072e-06	0	1.60941e-06	0	0	0	0	1.13057e-06	0	0	1.55333e-05	0	1.60446e-05	1.01613e-05	1.5782e-06	6.26678e-06	1.80226e-06	0	0	3.72196e-06	0	2.16578e-05	2.70673e-06	0	3.95949e-06	0	3.38038e-06	2.89268e-06	4.8249e-06	0	2.73837e-06	1.32477e-06	1.78325e-06	4.31643e-06	0	0	0	5.77833e-06	2.93701e-06	9.32125e-06	0	0	0	0	0	3.08447e-06	0	0	7.30066e-06	0	4.25231e-06	0	0	0	0	0	1.70172e-06	0	3.99016e-06	0	0	6.83165e-06	0	2.93329e-06	2.58708e-06	0	7.34203e-06	0	0	2.78556e-06	3.45118e-06	0	2.058e-05	0	0	0	2.53403e-06	0	0	0	0	0	0	4.4315e-06	1.97651e-06	0	0	0	2.53761e-06	0	0	5.50875e-06	9.52214e-07	0	2.76426e-06	0	2.33921e-06	1.82891e-06	1.60307e-06	8.06707e-06	3.70893e-06	1.31399e-06	0	4.51345e-06	1.72797e-06	0
PWY-5910: superpathway of geranylgeranyldiphosphate biosynthesis I (via mevalonate)	0	1.10901e-06	0	0	0	0	0	0	0	0	0	0	0	2.63531e-06	6.58489e-07	0	2.30915e-06	1.09106e-06	0	1.17304e-06	0	3.33835e-06	2.14026e-06	0	2.06957e-06	0	3.11141e-06	2.17349e-06	0	1.22862e-06	3.83422e-06	0	0	0	0	7.58896e-07	1.22187e-06	3.21019e-06	4.57494e-06	0	0	2.01281e-06	0	1.26316e-06	0	0	1.04967e-06	1.4816e-06	2.19017e-06	1.19726e-06	0	8.88506e-07	0	0	0	0	0	0	0	0	8.53995e-07	0	0	0	2.41949e-06	0	0	0	1.66138e-06	0	1.99837e-06	1.54351e-06	1.22003e-06	0	0	0	0	0	0	0	0	0	0	0	0	1.23591e-06	0	0	0	0	0	0	0	0	0	0	0	0	0	0	0	0	0	9.52066e-07	0	0	0	0	7.25469e-07	0	0	8.0528e-07	0	0	0	3.79017e-06	0	8.32084e-07	0	0
PWY-5913: partial TCA cycle (obligate autotrophs)	6.23887e-05	7.18085e-05	1.06997e-05	8.64643e-06	2.12918e-05	7.41059e-06	2.82931e-05	7.22585e-06	1.83197e-05	1.74138e-05	2.1214e-05	5.75594e-05	3.3391e-05	2.23722e-05	1.15658e-05	1.46209e-05	8.20425e-06	1.08449e-05	1.12773e-05	4.76046e-06	2.63532e-05	2.15739e-05	1.02568e-05	7.90637e-05	3.69994e-05	8.07234e-05	0.000130301	5.06336e-05	3.86959e-05	4.89057e-05	8.11351e-05	0.000102997	0.000105133	6.67457e-05	8.67034e-05	6.73126e-05	8.57597e-05	5.08039e-05	8.93661e-05	5.43221e-05	9.15974e-05	4.29208e-05	0.000147719	9.93954e-05	1.63545e-05	9.41951e-05	4.58755e-05	8.4418e-05	2.33898e-05	7.53519e-05	1.58046e-05	4.48668e-05	9.46198e-05	8.71168e-05	1.29346e-05	1.68688e-05	2.87124e-06	7.29188e-05	3.57076e-05	4.4228e-05	7.91038e-05	1.64917e-05	2.37911e-05	1.60247e-05	9.49473e-05	6.22067e-05	4.09991e-05	1.69392e-05	1.08698e-05	8.32285e-06	2.29391e-05	3.40525e-05	1.22155e-05	2.4287e-06	5.02697e-07	0.000107999	7.88199e-06	3.90325e-05	9.34677e-05	2.59669e-05	4.71389e-05	1.6303e-05	7.02493e-05	2.02323e-05	6.52886e-05	5.38644e-05	0.000131695	2.63181e-05	6.33678e-05	9.18545e-06	1.76303e-05	8.60166e-05	7.93771e-05	1.7486e-05	9.71766e-06	7.60679e-05	7.2838e-05	0.000104321	9.18429e-06	1.53094e-05	2.08582e-05	7.66195e-07	9.82116e-06	0.000111539	4.66861e-05	8.01671e-06	2.80848e-05	1.402e-05	0.000103633	1.01716e-05	5.09867e-05	4.61862e-05	4.09895e-05	6.95182e-06	1.28897e-05	6.88898e-05	3.93484e-05	9.77388e-05	6.37413e-05	5.21474e-05
PWY-5918: superpathway of heme b biosynthesis from glutamate	1.79558e-06	1.19651e-06	0	1.64094e-06	1.03467e-06	0	8.74371e-07	1.9634e-06	0	1.42733e-06	0	0	0	1.12352e-06	1.38656e-06	0	1.82754e-06	0	0	0	0	8.08972e-07	9.75903e-07	0	1.77026e-05	0	1.19335e-05	7.53156e-06	1.49511e-06	6.18352e-06	1.91021e-06	2.13126e-06	1.89655e-06	2.67138e-06	4.24808e-06	1.61671e-05	2.29488e-06	0	2.94734e-06	0	4.52465e-06	2.93482e-06	3.54938e-06	4.81325e-07	1.52353e-06	0	0	5.91667e-06	1.05524e-06	2.21947e-06	0	2.4156e-06	2.13833e-06	5.44895e-06	0	1.24412e-06	0	0	0	1.87623e-06	0	0	2.28218e-06	0	1.37953e-06	0	0	0	0	0	1.29328e-06	0	2.9785e-06	0	0	1.50509e-06	0	6.54628e-06	4.03276e-06	0	3.0085e-06	1.2833e-06	0	1.78878e-06	3.18304e-06	1.27849e-06	1.37829e-05	0	9.30354e-07	0	3.62374e-06	0	0	1.43159e-06	0	0	0	2.25382e-06	1.55789e-06	0	2.0478e-06	0	0	0	0	0	1.19283e-06	0	0	0	1.29475e-06	0	8.98265e-07	3.62086e-06	3.66657e-06	1.38082e-06	9.10307e-07	4.22463e-06	1.08376e-06	0
PWY-5920: superpathway of heme b biosynthesis from glycine	0	0	0	0	5.19571e-07	0	4.21972e-07	7.86051e-07	0	0	0	0	0	0	0	0	5.74392e-07	0	0	0	0	0	0	0	1.08824e-05	0	8.3165e-06	3.86218e-06	4.33489e-07	1.93117e-06	6.79959e-07	7.16349e-07	7.92206e-07	0	1.19908e-06	1.15914e-05	9.98166e-07	0	1.23626e-06	0	2.47172e-06	0	1.59876e-06	0	0	0	0	2.65396e-06	0	0	0	7.41406e-07	0	1.36168e-06	0	7.88352e-07	0	0	0	0	0	0	1.16948e-06	0	7.30715e-07	0	0	0	0	0	0	0	1.1173e-06	0	0	0	0	2.71854e-06	0	0	7.02316e-07	0	0	6.63313e-07	0	4.1542e-07	7.72146e-06	0	0	0	0	0	0	0	0	0	0	0	0	0	0	0	0	0	0	0	0	0	0	0	0	0	0	1.76485e-06	1.6556e-06	0	0	0	5.81841e-07	0
PWY-5941: glycogen degradation II	0.000292485	0.000337045	0.000266423	0.000276479	0.000267326	0.000408099	0.000256879	0.000315197	0.000286567	0.000251858	0.000253052	0.000287971	0.000270608	0.000286454	0.0002954	0.000207767	0.000382474	0.000345362	0.000305418	0.00031955	0.000440974	0.000281299	0.000329293	0.000294416	0.000256624	0.000290175	0.000319175	0.00027409	0.00027989	0.00021869	0.000264451	0.000318438	0.000269475	0.000325506	0.000287891	0.000381865	0.00028807	0.000242362	0.000438535	0.000310243	0.000415972	0.000341202	0.000438336	0.000341412	0.000334081	0.000297288	0.00023337	0.000360322	0.000417079	0.000296992	0.000326957	0.000317134	0.000373884	0.000274889	0.000277987	0.000427609	0.000321424	0.000290541	0.000232259	0.000280411	0.000341442	0.000258531	0.000330783	0.000243443	0.000297725	0.000335254	0.000288935	0.000275426	0.000404903	0.000219342	0.000329847	0.00035203	0.000486431	0.000352235	0.000309041	0.000380744	0.000378653	0.000243582	0.000330651	0.000273958	0.00028461	0.000345934	0.000285236	0.000337599	0.000317531	0.000422554	0.000380109	0.000295001	0.000270933	0.00033426	0.000242265	0.00033503	0.00031672	0.000311699	0.000200437	0.000256108	0.000301579	0.000278485	0.000290728	0.000203145	0.000365428	0.000240769	0.000388453	0.000270793	0.000307387	0.000357673	0.000311695	0.000221994	0.000308924	0.000294481	0.00029133	0.000281299	0.00029024	0.00035399	0.000322724	0.000290074	0.000298624	0.000348642	0.000356092	0.000374307
PWY-5971: palmitate biosynthesis (type II fatty acid synthase)	5.98098e-06	1.58886e-05	0	0	0	0	8.68634e-06	1.73487e-05	0	0	0	0	0	0	1.35872e-05	0	4.00648e-06	0	0	0	0	1.20346e-05	0	0	3.83439e-05	0	2.91625e-05	3.30182e-05	0	1.64428e-05	4.07888e-06	8.17894e-06	0	5.21734e-06	0	4.90892e-05	0	0	1.98417e-05	0	1.88315e-05	7.77079e-06	1.75064e-05	0	0	0	0	1.2274e-05	0	0	0	1.16156e-05	0	2.29085e-05	0	0	0	0	0	6.89405e-06	0	0	0	0	1.22553e-05	0	0	0	0	0	1.25662e-05	0	0	0	0	1.04426e-05	2.42937e-06	6.02129e-06	1.92102e-06	0	0	0	0	0	0	5.27732e-06	3.60849e-05	0	0	0	1.38703e-05	0	0	0	0	0	0	1.69624e-05	0	0	0	0	0	5.54793e-06	0	2.71709e-06	0	0	0	0	0	0	1.09157e-05	1.73522e-05	8.53454e-06	3.79328e-06	0	6.71291e-06	0	0
PWY-5972: stearate biosynthesis I (animals)	4.29167e-07	0	0	0	0	0	0	8.18912e-07	0	0	0	0	0	0	5.48712e-07	0	4.49617e-07	0	0	0	0	0	0	0	1.15959e-06	0	0	0	0	3.61657e-07	4.38349e-07	0	0	0	0	0	0	0	0	0	0	0	0	0	0	0	0	0	0	0	0	0	0	0	0	0	0	0	0	3.44416e-07	0	0	0	0	0	0	0	0	0	0	0	0	0	0	0	0	0	0	3.88213e-07	0	0	0	0	0	0	0	0	0	0	6.19686e-07	0	0	0	0	0	0	0	0	0	0	0	0	0	0	0	0	0	0	0	0	0	0	0	0	4.88022e-07	0	0	0	0	0
PWY-5973: cis-vaccenate biosynthesis	5.5567e-05	2.96053e-05	8.26362e-05	5.44808e-05	8.99123e-05	5.09546e-05	7.55379e-05	0.000105008	6.17818e-05	4.38914e-05	7.55346e-05	5.7726e-05	7.29555e-05	6.49997e-05	9.50926e-05	4.0305e-05	6.01463e-05	7.72839e-05	9.84203e-05	9.79319e-05	6.62896e-05	6.88199e-05	5.5364e-05	4.99702e-05	5.7661e-05	7.37731e-05	3.77252e-05	7.76582e-05	5.70188e-05	7.48103e-05	6.18721e-05	6.65444e-05	5.81524e-05	4.51622e-05	4.10228e-05	5.95271e-05	8.13467e-05	3.14215e-05	6.59469e-05	9.1491e-05	4.40655e-05	8.57949e-05	5.97956e-05	7.36207e-05	5.00126e-05	5.81754e-05	6.38774e-05	5.24177e-05	9.0538e-05	5.27989e-05	7.4468e-05	5.73126e-05	5.85453e-05	3.14558e-05	7.56625e-05	5.47795e-05	0.000111221	7.27453e-05	5.92834e-05	5.05521e-05	4.21877e-05	5.3464e-05	7.76844e-05	8.05681e-05	6.42458e-05	5.38182e-05	5.76087e-05	5.95615e-05	8.33068e-05	8.59231e-05	6.75925e-05	3.3109e-05	5.49268e-05	7.35698e-05	5.86463e-05	4.57687e-05	7.55428e-05	7.3342e-05	6.6268e-05	6.05017e-05	7.09695e-05	4.0617e-05	7.18823e-05	6.74004e-05	7.6031e-05	6.97744e-05	5.81502e-05	6.22082e-05	5.10145e-05	8.0396e-05	7.29867e-05	7.78072e-05	7.17327e-05	6.0483e-05	7.4466e-05	4.14112e-05	5.15938e-05	5.54538e-05	9.39728e-05	4.9492e-05	4.44834e-05	7.50471e-05	6.91973e-05	4.50838e-05	6.89867e-05	6.6169e-05	0.000105412	4.86333e-05	6.81018e-05	6.20869e-05	6.83499e-05	6.93476e-05	9.496e-05	9.21882e-05	6.49609e-05	6.39092e-05	5.78657e-05	4.83146e-05	5.39508e-05	8.44947e-05
PWY-5981: CDP-diacylglycerol biosynthesis III	0	0	0	2.05056e-07	0	0	0	0	0	1.01103e-06	0	0	0	0	2.84033e-07	0	0	0	0	0	0	0	0	0	3.93046e-06	0	2.12551e-06	1.77999e-06	0	7.05089e-07	0	3.85767e-07	0	0	0	2.47106e-06	3.89824e-07	0	2.73982e-07	0	1.15079e-06	0	0	0	0	0	0	4.96827e-07	0	0	2.65941e-07	0	0	4.98962e-07	0	0	0	0	0	2.91758e-07	2.87655e-07	0	0	5.79722e-07	9.53626e-07	0	0	0	0	0	0	0	6.95139e-07	0	0	3.85964e-07	0	0	0	0	7.5302e-07	0	0	0	3.35919e-07	0	3.01976e-06	0	0	0	0	0	0	0	0	0	0	5.22591e-07	0	0	0	0	0	0	0	0	1.96431e-07	0	0	0	0	0	0	0	3.81926e-07	0	0	7.74969e-07	0	0
PWY-5989: stearate biosynthesis II (bacteria and plants)	4.24283e-06	1.61713e-05	5.40348e-06	6.28819e-06	5.85174e-06	3.36509e-06	7.5616e-06	1.25607e-05	2.36397e-06	8.38066e-06	7.95992e-07	3.94805e-06	0	0	1.11888e-05	1.80621e-06	2.59208e-06	3.27841e-06	1.90086e-06	0	3.44582e-06	8.61863e-06	1.06838e-06	1.14853e-06	3.4215e-05	8.00918e-07	2.68236e-05	2.71064e-05	1.86813e-06	1.51445e-05	4.48946e-06	6.23276e-06	2.6567e-06	3.51361e-06	1.09999e-06	4.69467e-05	9.35153e-06	0	1.44443e-05	3.53576e-06	1.62237e-05	5.32114e-06	1.89155e-05	2.49235e-06	7.2353e-07	1.16611e-06	0	9.48711e-06	6.8412e-06	3.25632e-06	2.91029e-06	8.64958e-06	7.81856e-06	2.4212e-05	1.53208e-06	3.73812e-06	5.34316e-06	4.63945e-06	5.18501e-06	5.37692e-06	5.60411e-06	1.12271e-06	9.47998e-06	0	8.62032e-06	5.34068e-06	2.443e-06	0	1.30171e-05	5.26373e-06	9.85658e-06	0	1.15629e-05	3.43623e-06	0	7.6932e-06	1.60287e-06	4.23472e-06	1.22448e-06	1.79024e-06	2.77785e-06	2.646e-06	1.79e-06	4.87078e-06	6.13228e-06	3.75689e-06	3.55063e-05	2.63191e-06	1.53972e-06	1.42789e-06	1.26575e-05	3.53358e-06	1.86285e-06	0	9.14604e-07	8.13288e-06	3.67604e-06	1.4612e-05	2.20431e-06	0	3.68662e-06	6.1459e-06	6.58671e-06	3.91638e-06	1.51425e-06	1.82187e-06	5.0484e-06	1.108e-06	1.36931e-05	9.71351e-07	6.32676e-06	5.67587e-06	8.02327e-06	1.24751e-05	6.07042e-06	2.49997e-06	1.42284e-06	5.36351e-06	1.89036e-05	9.09582e-06
PWY-6071: superpathway of phenylethylamine degradation	0	0	0	0	0	0	0	0	0	0	0	0	0	0	0	0	0	0	0	0	0	0	0	0	2.4395e-07	0	0	0	0	2.5016e-07	0	0	0	0	0	1.8486e-06	0	0	0	0	0	0	0	0	0	0	0	2.93311e-07	0	0	0	0	0	0	0	0	0	0	0	0	0	0	0	0	0	0	0	0	0	0	0	0	0	0	0	0	0	0	0	0	0	0	0	0	0	0	7.03988e-07	0	0	0	0	0	0	0	0	0	0	0	0	0	0	0	0	0	0	0	0	0	0	0	0	0	0	2.31051e-07	0	0	0	0	0	0
PWY-6121: 5-aminoimidazole ribonucleotide biosynthesis I	0.000402407	0.000477648	0.000437068	0.000428529	0.000428022	0.000492376	0.000415894	0.000434223	0.000476008	0.000468282	0.000330696	0.000398813	0.000420995	0.000492335	0.000456044	0.000379282	0.000444148	0.000427311	0.000417402	0.0004126	0.000469016	0.000415469	0.000442483	0.000407393	0.000452618	0.000380605	0.000334873	0.000410692	0.000334644	0.000424037	0.00044742	0.00039683	0.000458889	0.00041592	0.000429487	0.00050138	0.000441181	0.000414974	0.000509767	0.000396804	0.000473852	0.000525298	0.000421522	0.000392756	0.000434109	0.000390417	0.000388364	0.000437085	0.000468407	0.000391825	0.000459875	0.000415587	0.000455469	0.000316516	0.0004237	0.0004483	0.000428618	0.000395217	0.000391629	0.000454438	0.00038375	0.000481897	0.000416061	0.00036834	0.000426008	0.000410328	0.000426957	0.000455908	0.00046126	0.000419089	0.000448768	0.000547486	0.000455579	0.000456752	0.000425188	0.000461116	0.000451494	0.000419278	0.00041044	0.000440696	0.000383799	0.000434407	0.000402499	0.00047991	0.000414495	0.000443861	0.000366847	0.000405813	0.000440618	0.000462197	0.000437732	0.000402131	0.000423844	0.000483101	0.000422399	0.000473498	0.000413905	0.000378634	0.000449206	0.000431913	0.00058489	0.0004841	0.000473247	0.000560307	0.000449807	0.000429948	0.000412863	0.000449137	0.000382177	0.000498677	0.000437039	0.000393551	0.000401416	0.000492376	0.000452412	0.000385216	0.000432257	0.000436322	0.000396219	0.000517134
PWY-6122: 5-aminoimidazole ribonucleotide biosynthesis II	0.000588738	0.000654727	0.000628857	0.000600287	0.000580326	0.000645833	0.000548746	0.000658208	0.000627413	0.000609668	0.00048999	0.000575376	0.000617635	0.000617508	0.000613245	0.000500509	0.000622572	0.000619518	0.000564984	0.000602239	0.000651336	0.000538978	0.000635235	0.000560949	0.000500136	0.000610972	0.000652432	0.000564093	0.000473674	0.000459498	0.00051725	0.000604621	0.000534595	0.000602253	0.000540577	0.000662942	0.000680733	0.000462763	0.000687031	0.000546391	0.000690902	0.000707284	0.000711922	0.000569659	0.000603842	0.000555488	0.0005238	0.000600183	0.000587781	0.000587856	0.000619869	0.000587752	0.000652713	0.0015235	0.000632762	0.000646193	0.000619722	0.000552866	0.000560325	0.000592549	0.000599903	0.000564234	0.000603775	0.000540766	0.000543325	0.000636084	0.000560301	0.000647902	0.0006084	0.000576288	0.000614273	0.000705524	0.000611518	0.000654826	0.000582043	0.000746925	0.000631492	0.000594414	0.000663216	0.000610846	0.000592153	0.000609678	0.000628409	0.00065208	0.000552198	0.000580394	0.000747289	0.000598721	0.000649259	0.000665607	0.000627293	0.000614576	0.000584235	0.000676209	0.000563369	0.000597286	0.000650166	0.000566621	0.000651769	0.000578846	0.000762286	0.000711305	0.000649687	0.000695025	0.000634411	0.000595499	0.000623417	0.000585047	0.000581136	0.000640723	0.000621247	0.00056391	0.000589999	0.00069816	0.000624349	0.000573553	0.000578662	0.000573748	0.000549539	0.00073905
PWY-6123: inosine-5'-phosphate biosynthesis I	0.000344698	0.00026602	0.000348689	0.000323286	0.000308185	0.00030579	0.000270676	0.000382896	0.000354615	0.000306165	0.000268649	0.000361119	0.000344198	0.000310627	0.00033842	0.000307772	0.000275606	0.00032679	0.000359325	0.000380587	0.00029114	0.0002768	0.000307089	0.00029194	0.000287167	0.000358239	0.000491577	0.000275231	0.00027458	0.000322926	0.000348366	0.000404315	0.000355576	0.000290862	0.000310708	0.000218097	0.000391609	0.000228228	0.000269457	0.000303903	0.000263867	0.000295615	0.000408072	0.000350015	0.00032655	0.000396385	0.000301991	0.000436873	0.000260671	0.000375234	0.000307896	0.000310561	0.000311594	0.00139129	0.000347403	0.000316518	0.000392569	0.000354889	0.000327597	0.000259561	0.000344045	0.000306087	0.000331106	0.000319423	0.000388698	0.000380281	0.000313174	0.000334531	0.000321472	0.000337918	0.000326541	0.000175869	0.000262765	0.000242072	0.000254363	0.000346351	0.000300166	0.00034464	0.000487463	0.000296425	0.000337009	0.000243292	0.000416814	0.000237592	0.000366492	0.000288823	0.000540205	0.00030312	0.000372441	0.000319968	0.000342085	0.000400766	0.000397651	0.000366025	0.000325826	0.000252886	0.000320876	0.00037613	0.000372063	0.000307619	0.000240514	0.000364248	0.000309491	0.000223128	0.000328115	0.000295151	0.000415081	0.000260014	0.000327091	0.000311664	0.000353973	0.000321989	0.000374007	0.000344547	0.000295785	0.000367139	0.000308238	0.000339161	0.000323119	0.000240272
PWY-6124: inosine-5'-phosphate biosynthesis II	0.000323554	0.000236044	0.000325753	0.000302696	0.000281607	0.000279281	0.000245912	0.000359532	0.000330735	0.000282156	0.000250305	0.000343881	0.000321927	0.000284974	0.00031439	0.000288907	0.000250457	0.000301394	0.000340482	0.000358061	0.000263835	0.000254799	0.000282079	0.000266098	0.000266898	0.000329478	0.000459742	0.000250815	0.000254236	0.000308017	0.000331888	0.000383635	0.000334906	0.00026526	0.000287777	0.000191703	0.000358255	0.00020827	0.000239375	0.000282178	0.000233644	0.000262857	0.000372402	0.000328399	0.000301888	0.000381378	0.000279898	0.00041929	0.000236054	0.000355146	0.000282607	0.000286151	0.000283532	0.00129591	0.000324706	0.0002887	0.000370636	0.000334572	0.000306656	0.000234441	0.000318762	0.000283957	0.000306466	0.000302001	0.000371969	0.000357267	0.000291907	0.000308949	0.000295687	0.000313839	0.00030136	0.000152406	0.000236708	0.000217679	0.000229893	0.000313262	0.000273837	0.000322228	0.000470772	0.000271644	0.000313639	0.00021831	0.000397779	0.00021317	0.000348246	0.000264594	0.000506257	0.000278895	0.000346086	0.000293231	0.000319544	0.000380657	0.000377368	0.000341024	0.000304744	0.000223719	0.000290038	0.00035262	0.000347093	0.000283923	0.000210852	0.000336919	0.000282344	0.000194508	0.000303747	0.000270942	0.000394316	0.000236165	0.000302503	0.000284826	0.000326812	0.000300978	0.000353765	0.000317343	0.000271392	0.000347699	0.000284229	0.000315484	0.000300904	0.000210337
PWY-6125: superpathway of guanosine nucleotides de novo biosynthesis II	0.000129134	7.04769e-05	0.000144368	0.000131385	0.000118062	0.000101195	0.000111541	0.000139954	0.000155301	0.000130572	0.000104413	0.000134665	0.000141544	0.000150832	0.000140594	0.000124174	0.000113344	0.000132167	0.000164862	0.000179004	5.91424e-05	0.000135524	0.000109537	0.00014254	0.0001576	8.50515e-05	0.000106905	0.000140575	0.000109202	0.000175096	0.000188199	0.000141361	0.000179128	0.000141164	0.000154709	6.8472e-05	9.84095e-05	0.000138866	7.70414e-05	0.000141837	7.55459e-05	7.53223e-05	4.97261e-05	0.000132603	0.000136151	0.000131832	9.89921e-05	0.000172728	0.00013177	0.00012489	9.99795e-05	0.000139619	8.04504e-05	5.23715e-05	0.000106589	9.04853e-05	0.000146189	0.000142039	0.000110611	7.8231e-05	7.94964e-05	0.000140443	0.000125996	0.000123463	0.000166506	8.32466e-05	0.000150702	0.000125104	0.000144249	0.000138295	0.000147553	5.97787e-05	0.000111239	8.61677e-05	9.80103e-05	7.37851e-05	0.00011545	0.000145067	0.000152009	0.000119222	0.000125133	0.00010376	0.000133668	8.209e-05	0.00015377	0.00014351	6.26054e-05	0.000115481	0.000130053	0.000126493	0.000124992	0.00013566	0.000174856	0.000124388	0.000105614	7.81238e-05	8.2067e-05	0.000151109	0.00013534	0.00010793	8.89359e-05	0.000137942	0.000122593	8.38975e-05	0.000105904	0.000129571	0.000140525	0.000100552	7.53268e-05	0.000132464	0.000123617	0.000144084	0.000128125	0.000122601	0.000139279	0.000140719	0.000149213	0.000170019	0.000132191	0.000104765
PWY-6126: superpathway of adenosine nucleotides de novo biosynthesis II	0.000183528	0.000101212	0.000199546	0.000180608	0.000156344	0.000128125	0.000149259	0.000192903	0.000217567	0.000180498	0.000142609	0.000188946	0.000194603	0.000200202	0.000191938	0.000170413	0.00015221	0.000173656	0.000215978	0.000228908	8.46671e-05	0.000183027	0.00014669	0.000204686	0.000217823	0.000122949	0.000152785	0.000201972	0.000149478	0.000238071	0.000258239	0.000199972	0.000250518	0.000197246	0.000217204	9.78153e-05	0.000139942	0.000187085	0.000111644	0.000196513	0.000110786	0.00010797	7.30786e-05	0.000186474	0.000188536	0.000186333	0.000136453	0.000240474	0.000176965	0.000177805	0.00014035	0.000195939	0.000115947	7.7849e-05	0.000149343	0.000125002	0.000199146	0.000196532	0.000155292	0.000113192	0.000115891	0.000191899	0.000175978	0.000173723	0.000231625	0.00012003	0.00020644	0.000171709	0.000190991	0.000185682	0.000201418	8.13223e-05	0.000139774	0.000122942	0.000129762	0.000108073	0.00015622	0.000197461	0.000215162	0.000163552	0.000174814	0.000132183	0.000188438	0.000118843	0.000213355	0.000196656	9.18455e-05	0.000160947	0.00018386	0.000172326	0.000175066	0.000189544	0.000236039	0.000174513	0.000142407	0.000111501	0.000118731	0.000214869	0.000189033	0.000148484	0.000122043	0.000188902	0.000163598	0.00012296	0.000150402	0.000170428	0.000193469	0.000134252	0.000110137	0.000168619	0.000169769	0.000197467	0.000173209	0.000172881	0.000193512	0.000197068	0.000199804	0.000235799	0.000179575	0.000150387
PWY-6143: CMP-pseudaminate biosynthesis	0	0	0	0	0	0	0	0	0	0	0	0	0	0	0	0	0	0	0	0	0	0	0	0	0	0	0	0	0	0	0	0	0	0	0	0	0	0	0	6.11464e-07	0	0	0	0	0	0	0	0	0	0	0	0	0	0	0	0	0	0	0	0	0	0	0	0	0	0	0	0	0	0	0	0	0	0	0	0	0	0	0	0	0	0	5.25655e-07	0	0	0	0	0	0	0	0	0	0	0	0	0	0	0	0	0	0	0	0	0	0	0	0	0	0	0	0	0	0	0	0	0	0	0	0	0
PWY-6147: 6-hydroxymethyl-dihydropterin diphosphate biosynthesis I	6.37949e-05	1.76711e-05	6.30513e-05	7.07082e-05	1.86032e-05	8.38467e-05	3.25177e-05	4.60538e-05	8.64958e-05	9.0361e-05	4.24538e-05	6.4974e-05	5.67649e-05	8.19204e-05	7.47413e-05	6.45134e-05	5.89763e-05	4.32133e-05	4.10069e-05	2.36521e-05	3.87919e-06	7.41077e-05	4.12236e-05	6.38501e-05	0.000110628	8.14047e-06	3.24462e-05	7.64158e-05	4.97451e-05	8.43024e-05	8.97729e-05	6.33453e-05	9.54395e-05	6.99723e-05	8.8811e-05	3.77622e-05	2.50446e-05	8.80319e-05	3.92221e-05	6.23531e-05	2.9969e-05	1.11688e-05	5.24475e-05	6.79596e-05	4.68662e-05	7.5412e-05	3.1836e-05	7.97109e-05	7.77712e-05	6.80626e-05	3.39666e-05	6.10756e-05	3.02417e-05	1.63427e-05	3.21238e-05	2.20149e-05	3.53557e-05	4.89145e-05	5.8634e-05	2.77135e-05	3.13001e-05	9.97912e-05	7.12933e-05	5.00686e-05	9.00612e-05	3.30396e-05	6.93624e-05	5.31506e-05	6.68389e-05	5.34145e-05	6.95445e-05	8.13338e-06	8.02297e-05	2.8553e-05	3.42146e-05	2.90762e-05	4.87643e-05	5.77276e-05	6.22466e-05	4.90616e-05	4.19287e-05	6.63514e-05	5.5295e-05	4.75799e-05	6.27304e-05	8.06177e-05	2.55727e-05	5.51104e-05	6.0226e-05	6.49082e-05	5.43279e-05	5.18704e-05	5.7739e-05	5.71248e-05	2.41596e-05	1.60987e-05	2.71584e-05	6.01953e-05	3.88862e-05	4.72486e-05	1.66252e-05	5.03371e-05	4.79365e-05	6.5539e-06	3.74955e-05	6.76837e-05	4.96348e-05	3.06935e-05	3.7591e-05	8.06485e-05	3.6875e-05	6.05941e-05	3.30451e-05	2.54031e-05	6.77891e-05	6.68802e-05	6.9304e-05	8.76484e-05	5.89066e-05	2.13293e-05
PWY-6151: S-adenosyl-L-methionine salvage I	0.000248954	0.000282485	0.000199117	0.000228231	0.000211745	0.000268887	0.000195781	0.000257978	0.000200588	0.000200007	0.000194185	0.000238039	0.000231731	0.000231457	0.000244257	0.000130582	0.000266773	0.000270628	0.00026002	0.000275285	0.000315178	0.000195254	0.000246718	0.000259993	0.000191267	0.000315284	0.000445837	0.000210876	0.000160206	0.000151856	0.000218253	0.00035428	0.000258108	0.000292733	0.000263486	0.000280907	0.000332346	0.000157562	0.000368293	0.000259693	0.000392055	0.000308984	0.000478266	0.000337478	0.000245123	0.000323047	0.000168106	0.000349959	0.000301563	0.00026957	0.000248084	0.000264258	0.000349571	0.00133084	0.000207067	0.000276175	0.000264289	0.000254739	0.000179525	0.000253994	0.000311897	0.000173564	0.000224682	0.000176896	0.00031209	0.000318027	0.000212309	0.000218265	0.000306565	0.000188183	0.000266419	0.000311738	0.000295222	0.000242032	0.000239723	0.000414334	0.000279563	0.000213427	0.000384283	0.000221236	0.000237756	0.000233053	0.000276591	0.000253946	0.000275007	0.000284377	0.000570557	0.000224032	0.000255772	0.000261541	0.000202795	0.000300587	0.000285279	0.000229599	0.00016453	0.000225744	0.000280099	0.000319399	0.00024093	0.000160349	0.000352781	0.000197211	0.00030161	0.000240823	0.000262634	0.000276996	0.000275462	0.000178413	0.000309005	0.000242713	0.000261933	0.000231584	0.000218312	0.000268252	0.000239045	0.000242475	0.000231046	0.000319492	0.000280437	0.000317546
PWY-6160: 3-dehydroquinate biosynthesis II (archaea)	6.72734e-05	6.29663e-06	5.89333e-05	6.65127e-05	2.72501e-05	9.40823e-05	3.68336e-05	4.22717e-05	7.37836e-05	9.86693e-05	5.36677e-05	5.96307e-05	6.08481e-05	9.78185e-05	7.03893e-05	7.51614e-05	8.03174e-05	5.43791e-05	5.56988e-05	4.27457e-05	5.03721e-06	7.47338e-05	5.91512e-05	8.58346e-05	0.000101782	8.64752e-06	1.82832e-05	6.48102e-05	4.74407e-05	0.000105848	0.000106926	6.49119e-05	0.000114062	7.31948e-05	9.72867e-05	7.04873e-06	1.03893e-05	0.00012215	1.86611e-05	5.94339e-05	1.31892e-05	5.36032e-06	9.25309e-06	5.95085e-05	4.40132e-05	6.76234e-05	3.09902e-05	7.73568e-05	7.9286e-05	5.5703e-05	2.97979e-05	7.15373e-05	2.82863e-05	4.32953e-06	3.92003e-05	2.5161e-05	3.60592e-05	6.53968e-05	4.77226e-05	2.23009e-05	2.84585e-05	0.000116282	5.39246e-05	4.48863e-05	8.8299e-05	3.09634e-05	8.33587e-05	7.11293e-05	6.13746e-05	5.6195e-05	7.4891e-05	1.87421e-05	8.3294e-05	3.27144e-05	6.0409e-05	1.65893e-05	5.61656e-05	5.98188e-05	6.12308e-05	4.71839e-05	4.09383e-05	8.02476e-05	5.72915e-05	4.15464e-05	6.79778e-05	8.39391e-05	4.81851e-06	6.50269e-05	5.78439e-05	6.90985e-05	4.11455e-05	4.6913e-05	6.36608e-05	8.92995e-05	2.76709e-05	1.2195e-05	1.56131e-05	7.14397e-05	4.64969e-05	6.72474e-05	1.13285e-05	5.92756e-05	6.19458e-05	1.51731e-05	4.27967e-05	7.48122e-05	4.47695e-05	4.96174e-05	3.21966e-05	0.000107726	4.96083e-05	6.58609e-05	3.12427e-05	2.91864e-05	7.16812e-05	5.76023e-05	7.87652e-05	8.74295e-05	6.16085e-05	1.62968e-05
PWY-6163: chorismate biosynthesis from 3-dehydroquinate	0.000176861	0.000153052	0.000144538	0.000149018	0.000114661	0.000200752	0.000117827	0.000136002	0.000154382	0.000162016	0.000142047	0.000173871	0.000147324	0.000186302	0.00017524	0.000141928	0.000182938	0.000156273	0.000164935	0.000154418	0.000123384	0.000157409	0.000156824	0.000188758	0.000177113	0.00019314	0.000335127	0.00017135	0.000134936	0.000173857	0.000221973	0.000276405	0.000247586	0.000198464	0.000230308	0.000142386	0.000223596	0.000178643	0.000208188	0.000202414	0.000215954	0.000153819	0.000322719	0.000265011	0.000138817	0.000263939	0.000118026	0.000280193	0.000213072	0.000194268	0.000125676	0.00017951	0.000190983	0.00122485	0.000113374	0.000112657	0.000139626	0.000188764	0.000130332	0.000157935	0.00020157	0.000165855	0.000153665	0.000126917	0.000283653	0.000189422	0.000156104	0.000157717	0.000188344	0.000132744	0.000179921	0.000175244	0.000209722	0.000137272	0.000147239	0.000257315	0.000153066	0.000138208	0.000292416	0.000138628	0.000150159	0.000170349	0.000189003	0.000138958	0.00018525	0.000204041	0.000378378	0.000142827	0.000181186	0.000146398	0.000123606	0.000216296	0.000210431	0.000153072	7.67361e-05	0.000124992	0.000177279	0.000243283	0.000141051	0.000125674	0.000192466	0.000151001	0.000161452	0.000145522	0.000159121	0.000173206	0.000167116	0.000111261	0.000190016	0.000188002	0.00014623	0.000159293	0.00014445	0.000154002	0.000163346	0.000187904	0.000168905	0.000244035	0.000167665	0.000157611
PWY-6165: chorismate biosynthesis II (archaea)	0.000105156	1.56738e-05	9.24353e-05	0.000100449	4.9886e-05	0.000139054	6.25859e-05	7.34053e-05	0.000108495	0.000129768	8.20234e-05	9.65741e-05	9.31714e-05	0.000136863	0.000110745	0.00010375	0.000123353	9.09252e-05	9.30921e-05	7.6562e-05	1.23224e-05	0.000110361	9.43904e-05	0.000121687	0.000137849	2.07602e-05	4.24395e-05	0.000103711	7.9406e-05	0.000131872	0.000145419	0.000113617	0.000159348	0.000116368	0.000143511	1.72903e-05	2.41341e-05	0.00015086	4.29463e-05	0.000100442	3.12099e-05	1.34772e-05	2.30533e-05	0.000108843	7.46643e-05	0.000113375	5.52205e-05	0.000127888	0.000129523	9.24639e-05	5.6729e-05	0.00011032	5.79675e-05	1.10631e-05	6.41133e-05	4.88679e-05	6.66829e-05	0.000102516	7.619e-05	4.81186e-05	5.7334e-05	0.000141221	9.01518e-05	7.30614e-05	0.000139643	6.04781e-05	0.000113491	0.000106797	0.000105528	8.43164e-05	0.000114965	4.18199e-05	0.000133533	6.22992e-05	9.48433e-05	3.79906e-05	9.278e-05	8.96006e-05	0.000107558	7.67808e-05	7.0871e-05	0.000119584	9.28809e-05	7.33485e-05	0.000107395	0.000130045	1.23116e-05	9.64584e-05	9.44696e-05	0.00010308	6.90641e-05	8.6694e-05	0.000106117	0.000120559	4.49265e-05	2.76506e-05	3.48888e-05	0.000116082	7.99412e-05	9.24289e-05	2.73215e-05	9.28751e-05	0.000100277	3.39464e-05	7.6399e-05	0.00011519	7.89857e-05	7.51283e-05	6.4185e-05	0.000144498	7.81459e-05	0.00010079	5.76243e-05	5.80259e-05	0.000109248	9.52256e-05	0.000116748	0.000140827	9.97377e-05	3.61088e-05
PWY-6167: flavin biosynthesis II (archaea)	4.63362e-05	3.77088e-06	5.0876e-05	5.4678e-05	1.8713e-05	5.49191e-05	2.60022e-05	3.73075e-05	6.64863e-05	6.04065e-05	4.03461e-05	4.50034e-05	4.62106e-05	7.64767e-05	5.31851e-05	4.36846e-05	4.44313e-05	3.97075e-05	4.2512e-05	3.09664e-05	0	5.54252e-05	3.68143e-05	5.49232e-05	7.84576e-05	7.87189e-06	1.25541e-05	5.5402e-05	3.95851e-05	6.75149e-05	7.15641e-05	4.98846e-05	7.30408e-05	4.7887e-05	5.94865e-05	8.17635e-06	0	7.92544e-05	1.25578e-05	4.28346e-05	1.15873e-05	4.13245e-06	1.13622e-05	4.09596e-05	3.74799e-05	4.40871e-05	2.61166e-05	5.41038e-05	5.29369e-05	4.18712e-05	2.77931e-05	4.96997e-05	1.93728e-05	0	3.03028e-05	1.75344e-05	2.69414e-05	4.41069e-05	4.04197e-05	1.90888e-05	2.6472e-05	7.29536e-05	5.68563e-05	3.82303e-05	6.07967e-05	2.45981e-05	5.31167e-05	6.07458e-05	5.04333e-05	4.59475e-05	5.68805e-05	1.41038e-05	5.14633e-05	2.8512e-05	3.73249e-05	1.44802e-05	4.09837e-05	3.97222e-05	4.56591e-05	3.81057e-05	3.33342e-05	5.64092e-05	5.23286e-05	3.32294e-05	5.34225e-05	5.47215e-05	0	4.95268e-05	3.95576e-05	4.92035e-05	3.76151e-05	3.90365e-05	4.78173e-05	6.06408e-05	2.01232e-05	0	7.0879e-06	5.13035e-05	3.52506e-05	4.13004e-05	1.3379e-05	4.78233e-05	3.17089e-05	8.13705e-06	2.65106e-05	4.3494e-05	3.86311e-05	2.3972e-05	2.68746e-05	6.4827e-05	2.8581e-05	4.68304e-05	2.5859e-05	3.15542e-05	5.65361e-05	4.78386e-05	6.09085e-05	6.42769e-05	4.13012e-05	1.20363e-05
PWY-6168: flavin biosynthesis III (fungi)	4.1817e-05	6.04286e-06	5.02497e-05	4.55224e-05	2.03952e-05	4.5554e-05	2.5997e-05	3.61595e-05	5.74364e-05	4.19892e-05	4.0612e-05	4.20621e-05	4.54443e-05	6.12335e-05	4.73015e-05	3.31806e-05	3.83746e-05	4.09228e-05	3.84502e-05	3.30462e-05	0	5.01495e-05	3.61099e-05	4.41449e-05	6.38239e-05	1.26978e-05	3.10374e-05	5.87324e-05	3.73057e-05	5.49401e-05	5.26887e-05	4.72469e-05	5.54158e-05	4.35727e-05	4.85662e-05	3.84474e-05	0	6.79924e-05	1.77221e-05	4.30965e-05	1.55934e-05	7.51909e-06	2.01858e-05	4.22885e-05	4.22459e-05	3.96575e-05	2.90557e-05	4.68206e-05	5.2051e-05	3.65258e-05	3.24835e-05	4.71567e-05	2.77156e-05	1.29908e-05	3.17575e-05	2.65718e-05	2.73812e-05	4.37935e-05	3.78068e-05	2.80563e-05	2.85161e-05	5.03393e-05	6.01175e-05	4.05597e-05	4.97459e-05	3.00744e-05	4.40423e-05	5.1563e-05	5.33298e-05	4.43522e-05	4.86414e-05	1.96284e-05	5.54111e-05	3.31289e-05	3.39194e-05	2.01529e-05	3.98325e-05	3.88295e-05	4.04557e-05	3.47712e-05	2.97771e-05	4.4667e-05	4.93241e-05	3.11946e-05	4.27256e-05	5.26405e-05	2.60463e-05	4.50875e-05	3.83964e-05	4.65946e-05	4.15494e-05	4.317e-05	4.42896e-05	6.0279e-05	2.39163e-05	1.57622e-05	2.14799e-05	4.60873e-05	3.61455e-05	3.43215e-05	2.55225e-05	5.07327e-05	2.99184e-05	8.97552e-06	2.83344e-05	3.81248e-05	4.00661e-05	2.07858e-05	3.15888e-05	5.42599e-05	3.15063e-05	4.38764e-05	2.8697e-05	4.43574e-05	4.77686e-05	4.16537e-05	4.69262e-05	5.44195e-05	4.61778e-05	2.63993e-05
PWY-6174: mevalonate pathway II (haloarchaea)	0	1.02383e-06	0	0	0	0	0	0	0	0	0	0	1.73366e-06	2.70903e-06	1.46271e-06	0	0	1.47242e-06	0	1.65744e-06	0	3.28552e-06	2.54506e-06	0	2.66223e-06	0	3.242e-06	1.85858e-06	0	1.21806e-06	5.63289e-06	0	0	1.88787e-06	0	0	1.13778e-06	0	5.41509e-06	0	0	2.60387e-06	2.04763e-06	1.06159e-06	0	0	1.02827e-06	1.44661e-06	3.08539e-06	1.48062e-06	0	2.43098e-06	0	0	0	0	0	0	0	0	0	0	0	0	1.08581e-06	0	0	0	1.80633e-06	0	2.17596e-06	0	1.1771e-06	0	0	0	0	0	0	0	0	0	0	0	0	1.07705e-06	0	0	0	0	0	0	0	0	0	0	0	0	0	0	0	0	0	1.72836e-06	0	0	0	0	0	0	0	1.29017e-06	1.14785e-06	0	0	4.04125e-06	0	0	0	0
PWY-6185: 4-methylcatechol degradation (ortho cleavage)	0	0	0	0	0	0	0	0	0	0	0	0	0	0	0	0	0	0	0	0	0	0	0	0	0	0	0	0	0	0	0	0	0	0	0	0	0	0	0	0	0	0	0	0	0	0	0	0	0	0	0	5.39848e-07	4.71419e-07	0	0	0	0	0	0	0	0	0	0	0	0	0	0	0	0	0	0	0	0	0	0	0	0	0	0	0	0	0	0	0	0	0	0	0	0	0	0	0	0	0	0	7.87156e-07	0	0	0	0	0	0	0	0	0	0	0	0	0	0	0	0	0	0	0	0	0	0	0	0
PWY-6215: 4-chlorobenzoate degradation	0	0	4.67253e-07	0	0	0	0	0	0	0	0	0	0	0	0	0	0	0	0	9.37372e-07	0	0	0	0	0	0	0	0	0	0	2.50524e-07	0	0	0	0	0	8.32584e-07	0	0	0	0	0	0	0	0	0	0	0	0	0	0	0	0	0	0	0	0	0	0	0	0	0	0	0	0	0	7.69775e-07	0	0	0	0	0	0	3.73592e-07	3.47222e-07	0	0	0	4.97458e-07	0	0	0	0	0	0	0	7.89007e-07	0	0	0	0	7.81676e-07	0	0	0	0	0	0	4.86616e-07	0	0	0	0	0	0	0	0	0	0	0	0	0	0	8.94718e-07	0	0	0	0	0	0
PWY-621: sucrose degradation III (sucrose invertase)	1.73863e-05	1.35397e-05	1.41028e-05	1.18282e-05	1.8506e-05	1.5479e-05	1.4534e-05	1.55618e-05	1.24807e-05	9.3747e-06	1.1418e-05	1.60881e-05	1.34069e-05	1.24714e-05	1.45461e-05	8.28723e-06	1.29361e-05	1.90331e-05	2.33162e-05	1.50037e-05	1.8124e-05	1.47245e-05	1.32548e-05	1.18055e-05	2.27945e-05	1.09395e-05	2.58604e-05	1.72495e-05	1.19626e-05	1.27314e-05	8.84886e-06	1.39986e-05	1.35083e-05	1.59546e-05	8.6788e-06	4.07127e-05	1.63248e-05	1.1583e-05	2.90874e-05	1.20616e-05	3.37498e-05	1.95176e-05	2.13902e-05	1.44068e-05	1.59944e-05	8.1788e-06	1.0447e-05	2.01856e-05	1.53651e-05	1.26954e-05	1.51649e-05	2.06519e-05	1.57752e-05	2.27452e-05	1.16647e-05	1.46174e-05	2.08461e-05	1.55368e-05	9.40296e-06	1.11185e-05	1.96897e-05	8.27079e-06	2.06532e-05	1.2446e-05	1.19306e-05	1.47932e-05	1.49331e-05	1.19254e-05	2.10288e-05	1.2517e-05	1.77965e-05	9.28581e-06	1.71627e-05	1.17743e-05	1.43595e-05	2.04804e-05	1.59591e-05	1.18119e-05	1.43273e-05	1.43438e-05	1.49296e-05	1.13335e-05	1.21694e-05	1.0844e-05	2.09699e-05	1.66891e-05	2.78196e-05	5.99458e-06	1.09066e-05	1.25133e-05	1.34024e-05	2.51419e-05	2.3853e-05	1.28535e-05	1.23011e-05	1.69137e-05	1.82753e-05	1.27848e-05	1.15109e-05	8.89119e-06	7.61964e-06	1.47145e-05	1.5738e-05	1.99601e-05	1.41568e-05	1.61035e-05	1.78381e-05	7.56735e-06	1.27592e-05	1.42763e-05	1.98441e-05	1.1194e-05	1.7857e-05	2.32427e-05	1.48067e-05	1.74057e-05	1.59582e-05	2.18657e-05	5.67308e-05	1.48778e-05
PWY-622: starch biosynthesis	0.000161663	0.000144505	3.82327e-06	0	0	0	7.87285e-06	9.27659e-06	6.71357e-06	1.14376e-05	6.20017e-05	0.000147271	8.20337e-05	2.88999e-05	0	2.72021e-05	3.49597e-06	1.2928e-05	7.63062e-06	9.73451e-06	9.16312e-05	5.61506e-05	3.41567e-06	0.000151824	3.61728e-05	0.000165534	0.000186372	8.10761e-05	9.4895e-06	0.000110989	0.00016035	0.000198962	0.000168638	0.000154329	0.000166989	7.72e-05	0.000168773	7.25992e-05	0.000156902	0.000143298	0.000187943	3.32122e-06	0.000246359	0.000205152	2.75396e-05	0.000185097	0.00011429	0.00021361	3.47176e-05	0.000177172	5.24106e-05	0.00013979	0.00020848	0.000149411	3.53952e-05	3.27158e-05	2.25101e-05	0.000166371	8.43332e-05	0.000101638	0.00019791	3.43496e-05	3.92213e-05	1.75491e-05	0.000184195	0.000198392	0.000102527	4.41543e-05	0	2.04459e-05	3.60497e-05	0	0	1.90479e-05	0	0.000212091	4.88552e-06	8.48671e-05	0.000207855	6.23813e-05	0.000135351	4.89612e-05	0.000171857	1.11608e-05	0.000166317	0.000142492	0.000212507	8.12431e-05	0.000163521	6.90196e-06	3.41242e-05	0.00019309	0.000179679	3.98526e-05	0	8.74497e-05	0.000163469	0.000166125	2.48487e-06	3.30127e-06	3.30127e-06	0	3.97194e-06	5.23099e-06	0.000110131	0	9.14698e-05	0	0.000174132	2.98147e-06	0.000130466	0.000114477	0.000132587	4.44847e-06	1.02531e-05	0.0001642	0.00010345	0.000202436	0.000209099	9.28839e-05
PWY-6270: isoprene biosynthesis I	0.000167645	4.68169e-05	0.000148836	0.000161956	0.000107333	0.000191618	0.000118069	0.000146837	0.000163289	0.000155963	0.000128477	0.000165049	0.000151674	0.000181238	0.000174627	0.000125478	0.000172968	0.000173945	0.00017732	0.000178243	4.85723e-05	0.000146886	0.00015377	0.000184167	0.000157622	6.23364e-05	0.00014493	0.000168995	0.000120136	0.000151348	0.000183039	0.00020922	0.000198133	0.000192694	0.000198391	9.32302e-05	9.59858e-05	0.000128388	0.000142041	0.000168068	8.65968e-05	0.000120713	8.64748e-05	0.000191438	0.000148787	0.000199842	0.000106227	0.000222351	0.000187602	0.000163656	0.000127187	0.000173482	0.000147492	5.70768e-05	0.000123274	0.000113724	0.000149444	0.000170422	0.000127163	0.000123481	0.0001327	0.000161045	0.000165386	0.000129058	0.000217563	0.000127369	0.000156375	0.000162785	0.000185139	0.000141478	0.000179854	8.82123e-05	0.000198186	0.000120564	0.000152677	0.000110164	0.000172957	0.000149021	0.00021485	0.000142385	0.000143622	0.000178865	0.000172085	0.000131935	0.000184229	0.000187695	8.0828e-05	0.000153431	0.000167626	0.000172874	0.000136541	0.000173346	0.000191048	0.000179294	9.41614e-05	0.000104736	0.000100175	0.00020477	0.00014931	0.000130917	9.84401e-05	0.000160342	0.000185289	0.000133988	0.000150137	0.00018565	0.00017062	0.000119264	0.00013933	0.000182656	0.00014953	0.000164301	0.000128856	0.000154135	0.000164726	0.000173207	0.000175981	0.000213447	0.000168466	0.000107574
PWY-6277: superpathway of 5-aminoimidazole ribonucleotide biosynthesis	0.000588738	0.000654727	0.000628857	0.000600287	0.000580326	0.000645833	0.000548746	0.000658208	0.000627413	0.000609668	0.00048999	0.000575376	0.000617635	0.000617508	0.000613245	0.000500509	0.000622572	0.000619518	0.000564984	0.000602239	0.000651336	0.000538978	0.000635235	0.000560949	0.000500136	0.000610972	0.000652432	0.000564093	0.000473674	0.000459498	0.00051725	0.000604621	0.000534595	0.000602253	0.000540577	0.000662942	0.000680733	0.000462763	0.000687031	0.000546391	0.000690902	0.000707284	0.000711922	0.000569659	0.000603842	0.000555488	0.0005238	0.000600183	0.000587781	0.000587856	0.000619869	0.000587752	0.000652713	0.0015235	0.000632762	0.000646193	0.000619722	0.000552866	0.000560325	0.000592549	0.000599903	0.000564234	0.000603775	0.000540766	0.000543325	0.000636084	0.000560301	0.000647902	0.0006084	0.000576288	0.000614273	0.000705524	0.000611518	0.000654826	0.000582043	0.000746925	0.000631492	0.000594414	0.000663216	0.000610846	0.000592153	0.000609678	0.000628409	0.00065208	0.000552198	0.000580394	0.000747289	0.000598721	0.000649259	0.000665607	0.000627293	0.000614576	0.000584235	0.000676209	0.000563369	0.000597286	0.000650166	0.000566621	0.000651769	0.000578846	0.000762286	0.000711305	0.000649687	0.000695025	0.000634411	0.000595499	0.000623417	0.000585047	0.000581136	0.000640723	0.000621247	0.00056391	0.000589999	0.00069816	0.000624349	0.000573553	0.000578662	0.000573748	0.000549539	0.00073905
PWY-6282: palmitoleate biosynthesis I (from (5Z)-dodec-5-enoate)	4.23432e-06	1.5515e-05	5.42198e-06	6.2883e-06	5.8985e-06	3.36842e-06	7.60296e-06	1.26967e-05	2.36209e-06	8.30585e-06	7.96736e-07	3.93944e-06	0	0	1.12733e-05	1.80191e-06	2.59594e-06	3.28194e-06	0	0	3.47817e-06	8.68722e-06	1.06893e-06	1.14787e-06	3.39025e-05	8.03219e-07	2.64514e-05	2.76475e-05	1.86925e-06	1.514e-05	3.03172e-06	6.25793e-06	2.65187e-06	3.50683e-06	1.09922e-06	4.67505e-05	9.49645e-06	0	1.49027e-05	3.55799e-06	1.63188e-05	5.39942e-06	1.88425e-05	2.50014e-06	7.23322e-07	1.16637e-06	0	9.38558e-06	6.92916e-06	3.25536e-06	2.91629e-06	8.61068e-06	7.84275e-06	2.27373e-05	1.53462e-06	3.74616e-06	5.35866e-06	4.65147e-06	5.18667e-06	5.39846e-06	5.67924e-06	1.12221e-06	9.52402e-06	0	8.59275e-06	5.36296e-06	2.44115e-06	0	1.31715e-05	5.26744e-06	9.84333e-06	0	1.15859e-05	3.45371e-06	0	7.65381e-06	1.60549e-06	4.23322e-06	1.22459e-06	1.78975e-06	2.77891e-06	2.63498e-06	1.79236e-06	4.91261e-06	6.1278e-06	3.76846e-06	3.51799e-05	2.6339e-06	1.53879e-06	1.42987e-06	1.27051e-05	3.52875e-06	1.8607e-06	0	9.15193e-07	8.17657e-06	3.66874e-06	1.44667e-05	2.20654e-06	0	3.69489e-06	6.13215e-06	6.60286e-06	3.92906e-06	1.51479e-06	1.82169e-06	5.08297e-06	1.10811e-06	1.42024e-05	0	6.32485e-06	5.67487e-06	8.05212e-06	1.25791e-05	6.06599e-06	2.50269e-06	1.42138e-06	5.32846e-06	1.83116e-05	9.25969e-06
PWY-6284: superpathway of unsaturated fatty acids biosynthesis (E. coli)	2.06668e-06	2.70321e-06	0	0	0	0	1.07614e-06	4.93664e-06	0	0	0	0	0	0	2.03899e-06	0	2.64883e-06	0	0	0	0	3.9669e-06	0	0	1.84972e-05	0	1.53354e-05	9.21745e-06	0	2.10668e-06	3.35676e-06	1.60113e-06	0	2.61136e-06	0	1.98987e-05	0	0	8.18102e-06	0	4.83171e-06	2.53241e-06	2.45962e-06	0	0	0	0	3.2462e-06	0	0	0	3.34018e-06	0	5.65914e-06	0	0	0	0	0	1.6041e-06	0	0	0	0	6.0715e-06	0	0	0	0	0	2.58635e-06	0	0	0	0	3.50793e-06	1.26301e-06	1.83747e-06	1.33503e-06	0	0	0	0	0	0	1.65302e-06	9.16314e-06	0	0	0	1.68226e-06	0	0	0	0	0	0	3.11443e-06	0	0	0	0	0	1.68435e-06	0	1.00536e-06	0	0	0	0	0	0	2.54907e-06	5.68687e-06	2.89219e-06	1.93477e-06	0	1.20546e-06	0	0
PWY-6285: superpathway of fatty acids biosynthesis (E. coli)	3.21725e-06	0	0	0	0	0	0	6.92746e-06	0	0	0	0	0	0	3.68326e-06	0	0	0	0	0	0	6.23663e-06	0	0	2.58259e-05	0	1.8996e-05	1.49999e-05	0	3.90997e-06	3.53828e-06	0	0	0	0	2.83797e-05	0	0	1.20806e-05	0	8.03274e-06	3.98104e-06	4.5155e-06	0	0	0	0	5.36341e-06	0	0	0	4.2533e-06	0	0	0	0	0	0	0	2.72624e-06	0	0	0	0	8.46659e-06	0	0	0	0	0	0	0	0	0	0	4.97024e-06	1.74294e-06	2.94965e-06	0	0	0	0	0	0	0	2.63834e-06	1.52122e-05	0	0	0	0	0	0	0	0	0	0	4.05977e-06	0	0	0	0	0	0	0	0	0	0	0	0	0	0	3.54334e-06	8.47415e-06	4.52396e-06	2.68513e-06	0	2.1415e-06	0	0
PWY-6292: superpathway of L-cysteine biosynthesis (mammalian)	9.55886e-06	4.29098e-06	3.24593e-06	2.33958e-06	2.74096e-06	2.70942e-06	2.39604e-06	2.53492e-06	3.37706e-06	2.3598e-06	3.28043e-06	3.27552e-06	2.51001e-06	2.48346e-06	2.43477e-06	1.91996e-06	3.25235e-06	2.10877e-06	1.84026e-06	2.22913e-06	3.96843e-06	3.9392e-06	3.1942e-06	2.70944e-06	1.95066e-06	3.4723e-06	3.01966e-06	6.51448e-06	1.55018e-06	1.37532e-06	1.72346e-06	4.30166e-06	2.23339e-06	2.32906e-06	2.37995e-06	3.54531e-06	3.94568e-06	2.30553e-06	5.54918e-06	4.4725e-06	6.61643e-06	4.66972e-06	6.14205e-06	2.69883e-06	3.17198e-06	1.22601e-06	2.49326e-06	1.58903e-06	6.09483e-06	2.16852e-06	2.30024e-06	3.59122e-06	2.0213e-06	2.61558e-06	2.58484e-06	3.44317e-06	2.70884e-06	3.61484e-06	2.64356e-06	5.88214e-06	3.1283e-06	1.63939e-06	4.57317e-06	2.18326e-06	1.88656e-06	2.70036e-06	1.8272e-06	2.65161e-06	2.80881e-06	2.5141e-06	3.05119e-06	4.43901e-06	5.07908e-06	3.19459e-06	1.90237e-06	7.33764e-06	2.20981e-06	2.31039e-06	1.97851e-06	3.34268e-06	2.53928e-06	2.67798e-06	2.22408e-06	4.44783e-06	1.76705e-06	5.39417e-06	3.66874e-06	3.25832e-06	3.11635e-06	2.01508e-06	2.56831e-06	1.91219e-06	2.26392e-06	2.70086e-06	3.23334e-06	4.36213e-06	4.31501e-06	2.26063e-06	1.83431e-06	2.69055e-06	5.42575e-06	3.09985e-06	3.24162e-06	4.20979e-06	2.34612e-06	2.92075e-06	2.0213e-06	3.80568e-06	1.80177e-06	2.03511e-06	2.72125e-06	2.22652e-06	2.25004e-06	7.48832e-06	3.19256e-06	2.08178e-06	2.27882e-06	2.80504e-06	4.09485e-05	4.58244e-06
PWY-6293: superpathway of L-cysteine biosynthesis (fungi)	5.04568e-06	0	0	3.43538e-07	1.21761e-06	0	1.07065e-06	0	0	8.05389e-07	0	0	0	0	5.22245e-07	0	5.76594e-07	0	0	0	0	0	0	0	3.59486e-06	0	4.54369e-06	3.65231e-06	3.97414e-07	2.11146e-06	6.3689e-07	0	0	6.33325e-07	1.3711e-06	6.86555e-06	9.54286e-07	0	3.80006e-06	0	3.51391e-06	0	1.4251e-06	5.15655e-07	0	0	0	1.21192e-06	0	5.82434e-07	5.34877e-07	1.27297e-06	0	3.19926e-06	0	0	0	0	0	1.92108e-06	0	0	1.30584e-06	0	1.25366e-06	0	0	0	0	0	0	0	2.97223e-06	0	0	1.52559e-06	0	0	0	1.32594e-06	0	0	0	9.61508e-07	0	0	5.19378e-06	0	0	0	1.0054e-06	0	0	0	0	4.36978e-06	0	7.55072e-07	0	0	0	0	0	5.54814e-07	0	0	0	9.62899e-07	0	4.15294e-07	5.63227e-07	1.52598e-06	0	3.01462e-06	2.10789e-06	0	0	1.22099e-06	4.99448e-06	0
PWY-6305: superpathway of putrescine biosynthesis	1.29768e-05	4.38808e-07	1.52404e-05	1.10496e-05	6.94372e-06	4.68239e-06	7.62875e-06	6.98813e-06	1.99464e-05	1.45648e-05	6.93235e-06	1.15101e-05	1.0009e-05	9.06599e-06	1.20699e-05	6.31026e-06	7.17862e-06	3.70897e-06	4.08395e-06	2.94854e-06	2.21291e-06	1.1142e-05	3.70116e-06	7.14821e-06	3.08513e-05	1.92827e-06	1.25432e-05	2.05383e-05	1.35962e-05	1.49379e-05	1.62234e-05	1.23887e-05	9.59357e-06	9.89052e-06	1.07166e-05	2.62167e-05	4.05642e-06	4.58391e-06	5.62668e-06	1.1297e-05	4.80533e-06	3.95425e-06	6.30926e-06	8.33668e-06	1.93954e-05	1.22074e-05	7.62315e-06	1.11594e-05	1.33495e-05	1.3907e-05	9.13263e-06	9.43504e-06	2.44704e-06	3.84811e-06	8.3422e-06	4.1262e-06	7.42605e-06	6.27983e-06	1.216e-05	7.28307e-06	6.13489e-06	1.12226e-05	1.65996e-05	1.75522e-05	1.28573e-05	6.79498e-06	1.23767e-05	9.0193e-06	1.11746e-05	1.28929e-05	1.00038e-05	2.69395e-06	1.24416e-05	9.01353e-06	6.19714e-06	5.52353e-06	9.19379e-06	1.56033e-05	8.57812e-06	1.03805e-05	1.30295e-05	7.22526e-06	1.41941e-05	1.46046e-05	9.88251e-06	1.30001e-05	1.92237e-05	9.27127e-06	1.00055e-05	1.2897e-05	1.51724e-05	3.8954e-06	5.93801e-06	1.59447e-05	6.09562e-06	2.21539e-06	2.94868e-06	9.99241e-06	1.22953e-05	7.80929e-06	3.41704e-06	8.98018e-06	6.98405e-06	1.82343e-06	6.99645e-06	7.19484e-06	5.66048e-06	4.12048e-06	4.29459e-06	7.98626e-06	7.00505e-06	1.25101e-05	9.67061e-06	1.26713e-05	2.03428e-05	1.13745e-05	9.85261e-06	1.25825e-05	1.0576e-05	3.98589e-06
"PWY-6307: L-tryptophan degradation X (mammalian, via tryptamine)"	0	0	0	0	0	0	0	0	0	0	0	0	0	0	0	0	0	0	0	0	0	0	0	0	0	0	0	0	0	0	0	0	0	0	0	0	4.95749e-07	0	0	0	0	0	0	0	0	0	0	0	0	0	0	0	0	0	0	0	0	0	0	0	0	0	0	0	0	0	0	0	0	0	0	0	0	0	0	0	0	0	0	0	0	0	0	0	0	0	0	0	0	0	0	0	0	0	0	0	0	0	0	0	0	0	0	0	0	0	0	0	0	0	0	0	0	0	0	0	0	0	0	0
"PWY-6309: L-tryptophan degradation XI (mammalian, via kynurenine)"	4.38101e-06	0	0	0	4.93655e-07	0	8.27524e-07	0	0	0	0	0	0	0	0	0	0	0	0	0	0	0	0	0	0	0	0	0	0	0	0	0	0	0	0	0	0	0	0	0	0	0	0	3.89508e-07	0	0	0	0	0	0	0	0	0	0	0	0	0	0	0	0	0	0	0	0	0	0	0	0	0	0	0	0	0	0	0	0	0	0	0	1.93623e-07	0	0	0	0	0	0	0	0	0	0	0	0	0	0	0	1.47205e-06	0	0	0	0	0	0	0	0	0	0	0	0	0	0	0	0	0	0	0	0	0	0	2.23472e-05	0
PWY-6313: serotonin degradation	0	0	0	0	0	0	0	0	0	0	0	0	0	0	0	0	0	0	0	0	0	0	0	0	0	0	0	0	0	0	0	0	0	0	0	0	3.55748e-07	0	0	0	0	0	0	0	0	0	0	0	0	0	0	0	0	0	0	0	0	0	0	0	0	0	0	0	0	0	0	0	0	0	0	0	0	0	0	0	0	0	0	0	0	0	0	0	0	0	0	0	0	0	0	0	0	0	0	0	0	0	0	0	0	0	0	0	0	0	0	0	0	0	0	0	0	0	0	0	0	0	0	0
PWY-6317: D-galactose degradation I (Leloir pathway)	0.000118045	0.000126151	0.000130658	0.000126064	0.000135334	0.000169409	0.000118373	0.000154328	0.000135959	0.000106202	0.000117803	0.000120707	0.00012443	0.000128464	0.000141759	9.75916e-05	0.000125121	0.000159647	0.000157566	0.000163784	0.000141129	0.0001214	0.000135815	9.52868e-05	0.000115481	0.000101243	9.60439e-05	0.000112454	0.00011526	0.000102486	0.000101416	0.000111853	9.95496e-05	0.000113831	9.31024e-05	0.000143023	0.000112297	0.000105385	0.000158118	0.000135063	0.000137831	0.000140374	0.000122037	0.000122837	0.000135348	8.9895e-05	0.00010663	0.000116063	0.000147896	0.000116749	0.000132362	0.000118174	0.000122417	7.06309e-05	0.000133063	0.000154139	0.000155846	0.000117991	0.000105523	0.000111405	0.000111223	0.000111924	0.000146054	0.000121227	9.90101e-05	0.0001264	0.000122498	0.000126668	0.000154838	0.000124048	0.00013683	0.000118088	0.000156994	0.000135641	0.000121282	0.000121262	0.000148425	0.000117691	0.000119793	0.000118193	0.000125633	0.000119967	0.000124248	0.000105197	0.000133762	0.000138743	0.000104711	0.000119332	0.000109313	0.000130403	0.000121313	0.000132974	0.000135012	0.000132807	0.000106172	0.000108174	0.000119425	9.44564e-05	0.000138079	9.95215e-05	0.000128152	0.000125674	0.000155223	0.000118732	0.000132628	0.00014037	0.000150588	0.000102907	0.000108836	0.000128677	0.000126288	0.000124389	0.000141775	0.000152956	0.000126708	0.000115695	0.000118701	9.80765e-05	0.000152842	0.000146729
"PWY-6318: L-phenylalanine degradation IV (mammalian, via side chain)"	0	0	0	0	0	0	0	0	0	0	0	0	0	0	0	0	0	0	0	0	0	0	0	0	0	0	0	0	0	1.12729e-07	0	0	0	0	0	3.79986e-07	0	0	0	0	0	0	0	0	0	0	0	0	0	1.41588e-07	0	0	0	0	0	0	0	0	0	0	0	0	2.19151e-07	0	0	0	0	0	0	0	0	0	1.72252e-07	0	0	0	0	0	0	0	0	0	0	0	0	0	0	0	0	0	0	0	0	0	0	0	0	0	0	0	0	0	0	0	0	0	0	0	0	0	0	0	0	0	0	0	0	0	0	0
PWY-6328: L-lysine degradation X	0	0	0	0	2.32928e-07	0	0	0	0	3.64633e-07	0	0	0	0	1.35461e-07	0	0	0	0	0	0	0	0	0	2.49085e-06	0	2.97607e-06	1.46274e-06	0	3.85149e-07	0	0	0	0	0	3.91093e-06	2.95281e-07	0	9.97559e-07	0	2.29499e-07	0	1.88688e-07	0	0	0	0	3.5369e-07	0	0	0	0	0	9.46904e-07	0	0	0	0	0	0	0	0	9.6503e-07	0	3.64746e-07	0	0	0	0	0	0	0	1.75174e-07	0	0	0	0	0	0	0	0	0	0	0	0	0	2.82279e-06	0	0	0	0	0	0	0	0	0	0	1.03676e-07	0	0	0	0	0	0	0	0	0	0	0	0	0	0	0	9.48994e-07	3.32776e-07	0	0	0	0	0
PWY-6349: CDP-archaeol biosynthesis	3.55141e-05	1.21936e-06	3.90442e-05	4.12208e-05	1.12172e-05	5.22058e-05	1.7048e-05	2.78502e-05	5.3841e-05	6.06514e-05	2.82287e-05	3.55208e-05	3.15987e-05	5.95869e-05	4.39591e-05	3.40337e-05	4.34795e-05	2.86081e-05	2.7656e-05	2.2583e-05	1.11671e-06	4.69601e-05	3.04214e-05	3.98325e-05	7.07069e-05	4.23256e-06	7.58387e-06	4.33741e-05	2.52276e-05	5.78184e-05	6.0447e-05	4.22953e-05	6.09199e-05	3.93113e-05	5.48719e-05	3.40732e-06	6.53232e-06	6.07343e-05	8.06881e-06	3.46449e-05	6.39756e-06	0	3.66508e-06	3.17451e-05	2.4747e-05	4.36183e-05	1.47078e-05	4.35238e-05	4.69827e-05	3.36835e-05	1.71999e-05	3.52831e-05	1.06316e-05	3.77324e-06	1.99266e-05	8.04838e-06	1.93161e-05	3.48506e-05	3.11166e-05	1.0472e-05	1.69071e-05	7.36477e-05	3.90836e-05	2.38743e-05	4.58803e-05	1.53791e-05	4.39365e-05	3.99767e-05	3.70901e-05	3.57677e-05	4.59068e-05	5.26364e-06	4.32866e-05	1.62475e-05	2.71707e-05	1.04919e-05	3.22791e-05	3.1621e-05	3.26409e-05	2.70084e-05	2.25764e-05	4.64915e-05	3.10564e-05	2.37148e-05	3.88049e-05	4.35285e-05	4.42726e-06	3.73289e-05	3.20014e-05	3.7117e-05	2.96057e-05	2.47324e-05	3.85302e-05	4.95143e-05	1.15357e-05	3.96534e-06	8.30181e-06	3.94947e-05	2.63315e-05	3.0316e-05	7.81653e-06	3.75154e-05	3.08491e-05	3.59821e-06	2.05929e-05	4.11241e-05	2.78924e-05	2.04401e-05	1.77033e-05	6.70236e-05	1.98333e-05	3.85002e-05	1.53117e-05	1.63518e-05	4.50051e-05	3.62286e-05	4.61827e-05	5.11657e-05	3.18639e-05	8.67541e-06
PWY-6350: archaetidylinositol biosynthesis	2.8036e-05	6.33827e-07	3.41845e-05	3.57302e-05	8.22568e-06	4.34347e-05	1.31935e-05	2.39236e-05	4.72989e-05	5.08095e-05	2.40963e-05	3.02242e-05	2.55735e-05	5.25813e-05	3.78113e-05	2.67127e-05	3.61167e-05	2.25573e-05	2.2317e-05	1.80147e-05	6.67468e-07	3.87856e-05	2.4501e-05	2.97869e-05	6.49655e-05	3.33188e-06	5.82336e-06	3.82128e-05	2.03117e-05	4.66574e-05	5.00938e-05	3.89122e-05	4.99488e-05	3.11983e-05	4.94374e-05	2.40814e-06	5.17427e-06	4.8599e-05	6.32466e-06	2.96994e-05	4.69424e-06	0	3.0779e-06	2.50327e-05	2.03908e-05	4.06979e-05	1.15471e-05	3.87413e-05	4.08593e-05	2.89958e-05	1.45926e-05	2.82461e-05	9.51703e-06	2.82243e-06	1.6123e-05	5.30093e-06	1.59413e-05	3.00813e-05	2.65753e-05	8.10085e-06	1.53632e-05	6.51218e-05	3.41048e-05	1.90911e-05	3.7023e-05	1.29355e-05	3.58027e-05	3.56273e-05	3.26293e-05	3.13382e-05	3.94705e-05	3.33667e-06	3.52408e-05	1.28367e-05	2.04997e-05	8.99463e-06	2.79671e-05	2.64241e-05	2.95235e-05	2.38261e-05	1.92675e-05	3.8099e-05	2.77407e-05	1.99721e-05	3.43529e-05	3.66696e-05	4.12081e-06	3.14184e-05	2.77938e-05	3.066e-05	2.60287e-05	2.24934e-05	3.4373e-05	4.49126e-05	9.64526e-06	3.34756e-06	6.70518e-06	3.24992e-05	2.2233e-05	2.39695e-05	6.10356e-06	3.44481e-05	2.45581e-05	2.31696e-06	1.67441e-05	3.40326e-05	2.52727e-05	1.50556e-05	1.44774e-05	5.74252e-05	1.62358e-05	3.40578e-05	1.30794e-05	1.45542e-05	3.72978e-05	3.13503e-05	3.95689e-05	4.2591e-05	2.67144e-05	7.58873e-06
PWY-6353: purine nucleotides degradation II (aerobic)	1.47224e-05	1.03304e-05	7.43781e-06	8.19867e-06	1.05918e-05	1.23897e-05	1.49299e-05	7.16511e-06	1.54519e-05	1.39559e-05	1.26527e-05	1.64009e-05	1.03918e-05	1.34422e-05	2.08707e-05	8.30377e-06	1.57599e-05	8.25882e-06	8.35787e-06	2.13235e-06	7.07146e-06	1.42067e-05	6.1405e-06	1.31629e-05	4.50149e-05	9.66125e-06	2.53892e-05	1.90901e-05	1.03023e-05	1.42731e-05	1.05779e-05	1.3539e-05	2.58917e-05	1.45673e-05	1.44486e-05	6.47376e-05	1.8832e-05	7.52198e-06	1.88574e-05	2.12395e-05	1.06164e-05	1.71569e-05	3.59424e-05	1.57168e-05	1.16614e-05	1.75131e-05	1.43118e-05	2.49291e-05	2.27101e-05	2.68477e-05	1.13685e-05	1.18824e-05	1.0761e-05	1.22173e-05	5.07334e-06	4.12984e-06	9.89269e-06	8.41264e-06	8.95559e-06	6.90748e-06	1.34658e-05	1.1293e-05	1.98822e-05	1.11005e-05	2.45733e-05	1.0814e-05	1.46074e-05	1.36472e-05	2.14855e-05	6.47307e-06	1.27566e-05	7.26738e-06	2.54805e-05	1.30624e-05	1.9954e-06	2.85862e-05	1.35381e-05	2.12018e-05	1.19855e-05	9.19977e-06	1.5258e-05	9.84165e-06	1.64444e-05	1.55156e-05	1.18259e-05	1.71398e-05	4.11834e-05	1.30443e-05	9.78714e-06	1.28173e-05	1.13752e-05	2.83326e-05	1.84312e-05	1.41362e-05	1.73315e-06	1.17699e-05	1.4732e-05	2.13368e-05	1.04819e-05	6.26512e-06	8.46096e-06	2.53498e-05	1.09051e-05	1.23267e-05	7.20386e-06	9.67933e-06	1.17512e-05	0	1.09895e-05	1.03641e-05	6.30735e-06	1.20631e-05	1.28098e-05	3.35704e-05	1.40488e-05	1.61936e-05	2.36354e-05	3.16502e-05	1.40556e-05	1.29716e-05
PWY-6385: peptidoglycan biosynthesis III (mycobacteria)	0.000221249	0.000268341	0.000171111	0.000187716	0.000175006	0.000237782	0.000169125	0.000212762	0.000175244	0.000180236	0.000177796	0.000203832	0.000203362	0.000207084	0.000207697	0.000144396	0.000223442	0.000235808	0.000218659	0.000226759	0.000242257	0.000194071	0.0002181	0.000227703	0.000185812	0.000261344	0.000289677	0.00021402	0.000159723	0.000159117	0.000210707	0.000290753	0.00022739	0.000252803	0.000240534	0.000270278	0.000296546	0.000161338	0.000336935	0.000255264	0.000363769	0.000288874	0.000361994	0.000304559	0.000215113	0.000261826	0.000176266	0.000271498	0.00028027	0.000231409	0.000219306	0.000216753	0.000273172	0.000351546	0.000167444	0.000224777	0.000229468	0.00022939	0.000157508	0.000225837	0.000251205	0.000166288	0.000224188	0.00014939	0.000273267	0.000250126	0.000189128	0.000191152	0.000245384	0.000169854	0.000218551	0.000285461	0.000271252	0.000217491	0.000191072	0.000332975	0.000236381	0.000182154	0.000291153	0.000178576	0.000204088	0.000215806	0.000239724	0.000211157	0.000234087	0.00026516	0.000378373	0.00019427	0.000209474	0.000222522	0.000165708	0.000247293	0.000235654	0.000196175	0.000132497	0.000198366	0.000242	0.000261409	0.000200094	0.000147164	0.000301848	0.000170425	0.000246468	0.000234243	0.000222943	0.000227199	0.000232816	0.000157977	0.000253574	0.000208613	0.000206425	0.000199885	0.000202858	0.000215766	0.000204041	0.000227643	0.000203744	0.000257696	0.00022095	0.000311271
PWY-6386: UDP-N-acetylmuramoyl-pentapeptide biosynthesis II (lysine-containing)	0.000221735	0.00029628	0.000157563	0.00017967	0.000163421	0.000228166	0.000159982	0.000199758	0.000168479	0.000178298	0.000169952	0.000203298	0.00019896	0.000203106	0.000202965	0.000140701	0.000214646	0.000227632	0.000207185	0.000211799	0.000234866	0.000184747	0.000210104	0.000234941	0.000182696	0.000298625	0.000494961	0.00020785	0.0001545	0.00015488	0.000218851	0.0003379	0.000243683	0.000258982	0.000260115	0.000273512	0.000325973	0.000166722	0.000344199	0.000251614	0.000409101	0.000291217	0.000458842	0.000326835	0.000207263	0.000318673	0.000172523	0.000327583	0.000276176	0.000243074	0.000208361	0.000213997	0.000288173	0.00156115	0.000159116	0.000219525	0.000216476	0.000233339	0.000153354	0.000239323	0.000286335	0.000161777	0.000225145	0.000140858	0.000320514	0.000265245	0.000184725	0.000188224	0.00023364	0.000166485	0.000215177	0.000298787	0.000266343	0.000211904	0.000185113	0.000397895	0.000228369	0.000176312	0.000353065	0.000169942	0.000196783	0.000208669	0.000241765	0.000202558	0.000234287	0.000258786	0.00057108	0.000188397	0.000220939	0.000213628	0.000156048	0.000254061	0.000237275	0.000186911	0.000123375	0.000208855	0.000284976	0.000318681	0.000191802	0.000139567	0.000331649	0.00016283	0.000236471	0.000243106	0.000219324	0.000220532	0.000224034	0.000149253	0.00027546	0.00020605	0.000202281	0.000194621	0.000194498	0.000203936	0.000195958	0.000232109	0.000197117	0.000285652	0.000221604	0.000320682
PWY-6387: UDP-N-acetylmuramoyl-pentapeptide biosynthesis I (meso-diaminopimelate containing)	0.000228639	0.000292344	0.000180344	0.000196431	0.000197483	0.000255543	0.000183247	0.000231406	0.000190585	0.000189956	0.000192633	0.00021251	0.000213549	0.000227006	0.000234081	0.000162189	0.000232152	0.000251249	0.000235543	0.000245654	0.000250232	0.000206663	0.000226299	0.000240285	0.000202936	0.000303806	0.000495659	0.000226551	0.000174933	0.000175866	0.000220492	0.000341461	0.000244531	0.000261306	0.000260056	0.000281912	0.000330983	0.000168827	0.000344478	0.000264565	0.000409424	0.000303106	0.000464273	0.000327237	0.000218994	0.000318488	0.000192673	0.000330619	0.000291587	0.00024587	0.0002271	0.000224	0.000292096	0.00159736	0.000179698	0.000229646	0.000251173	0.000235822	0.000175441	0.000238584	0.000289566	0.000181445	0.000244436	0.000162704	0.000321262	0.000269267	0.000202912	0.000204084	0.00025888	0.000198421	0.000235187	0.00029545	0.000285404	0.000226788	0.000201978	0.000403229	0.000246807	0.00019724	0.000358516	0.000194386	0.00021474	0.000227286	0.00025143	0.000219911	0.000242927	0.00026933	0.000578395	0.000204971	0.000225805	0.000240336	0.00017855	0.000256906	0.000248155	0.000201684	0.000142851	0.000209049	0.000285092	0.000321067	0.000215934	0.000155954	0.000327327	0.000183225	0.000252306	0.000239409	0.00023667	0.000235224	0.000243189	0.000166723	0.000279821	0.000222916	0.000215265	0.00021861	0.000220947	0.0002242	0.000219149	0.000236507	0.000217053	0.000284709	0.000228645	0.000319972
"PWY-6396: superpathway of 2,3-butanediol biosynthesis"	0	0	0	0	0	0	0	0	0	5.43097e-07	0	0	1.77474e-06	1.21453e-06	0	0	1.01178e-06	4.94946e-07	0	7.53878e-07	0	1.70287e-06	1.40852e-06	9.41911e-07	9.93661e-07	0	8.28813e-07	1.61288e-06	0	0	1.56644e-06	5.99081e-07	0	8.45283e-07	5.13728e-07	0	0	0	3.43935e-06	0	0	2.01956e-06	7.39376e-07	6.32018e-07	0	6.65531e-07	0	0	0	0	0	0	0	0	0	0	0	0	0	0	2.72586e-07	0	0	0	1.01932e-06	0	0	0	7.35885e-07	0	4.70244e-07	0	0	0	0	0	0	0	0	0	0	0	0	0	0	0	0	0	0	0	0	0	0	0	0	0	0	0	0	0	0	0	5.80846e-07	0	0	9.882e-07	0	0	5.60486e-07	0	0	4.16994e-07	0	0	3.53787e-07	1.62895e-06	0	0	0	0
PWY-6435: 4-hydroxybenzoate biosynthesis III (plants)	0	0	4.82229e-07	0	2.50873e-07	0	0	0	0	0	9.0887e-07	0	6.55937e-07	0	0	0	0	8.49021e-07	0	1.25773e-06	0	0	0	0	0	0	0	0	6.92226e-07	0	3.26873e-07	0	0	0	0	0	1.18569e-06	0	0	0	0	1.79836e-06	4.69863e-07	0	0	0	0	2.56292e-07	0	0	0	4.72923e-07	0	0	0	0	0	0	0	0	0	0	0	0	0	0	8.75956e-07	0	0	1.11595e-06	0	0	0	8.90601e-07	0	0	1.18691e-06	0	9.34588e-07	0	0	0	0	0	0	0	1.0498e-06	0	0	0	0	1.55486e-06	0	6.01049e-07	0	0	0	0	7.40831e-07	0	0	0	0	0	0	0	0	0	0	0	0	0	8.87108e-07	1.23969e-06	0	3.55805e-07	0	0	0	0
PWY-6467: Kdo transfer to lipid IVA III (Chlamydia)	0	0	0	0	0	0	0	0	0	0	0	0	0	0	0	0	0	0	0	0	0	0	0	0	2.26005e-06	0	0	9.03731e-07	0	0	0	0	0	0	0	0	0	0	0	0	0	0	0	0	0	0	0	0	0	0	0	0	0	0	0	0	0	0	0	0	0	0	0	0	0	0	0	0	0	0	0	0	0	0	0	0	0	0	0	0	0	0	0	0	0	0	0	0	0	0	0	0	0	0	0	0	0	0	0	0	0	0	0	0	0	0	0	0	0	0	0	0	0	0	0	0	0	0	0	0
PWY-6470: peptidoglycan biosynthesis V (&beta;-lactam resistance)	1.91266e-05	3.63892e-06	1.28271e-05	1.33589e-05	8.03776e-06	2.59534e-05	1.8056e-05	1.30829e-05	1.65319e-05	9.64465e-06	1.31459e-05	1.29071e-05	1.17829e-05	1.30442e-05	1.54851e-05	3.6804e-06	2.50896e-05	1.86745e-05	1.66864e-05	1.40871e-05	9.94812e-06	1.82014e-05	1.29061e-05	8.94545e-06	1.40981e-05	3.75106e-06	1.74886e-06	8.78433e-06	1.11614e-05	4.49087e-06	5.37907e-06	1.27043e-05	1.5059e-05	1.30458e-05	1.1744e-05	9.99283e-06	5.63178e-06	9.50531e-06	1.52958e-05	1.38225e-05	7.68729e-06	5.39532e-06	1.2744e-05	1.84653e-05	1.24992e-05	1.41822e-05	4.06353e-06	1.37815e-05	2.02548e-05	8.03537e-06	1.7745e-05	1.27318e-05	1.3894e-05	7.45799e-06	7.80953e-06	4.70233e-06	1.9547e-05	1.1059e-05	1.05115e-05	3.75996e-06	1.33905e-05	9.77804e-06	1.17124e-05	1.13191e-05	8.54168e-06	1.79429e-05	1.39677e-05	1.1774e-05	2.6355e-05	1.64912e-05	1.98137e-05	5.05254e-06	1.57877e-05	1.34573e-05	1.30887e-05	1.51351e-05	2.10711e-05	1.48691e-05	1.33743e-05	1.5723e-05	1.42499e-05	1.9486e-05	8.6281e-06	1.11422e-05	9.85504e-06	2.21951e-05	0	1.06592e-05	9.7596e-06	1.44176e-05	9.04736e-06	1.06421e-05	1.69192e-05	9.23684e-06	4.34363e-06	7.65423e-06	9.84705e-06	1.19088e-05	1.07093e-05	1.30641e-05	1.29031e-06	1.00486e-05	1.40107e-05	8.40645e-06	1.10524e-05	1.63238e-05	1.44487e-05	1.36081e-05	1.03239e-05	1.62128e-05	7.72796e-06	1.49518e-05	1.21763e-05	1.35809e-05	1.72541e-05	1.04866e-05	1.08429e-05	1.69444e-05	7.741e-05	3.49164e-06
PWY-6471: peptidoglycan biosynthesis IV (Enterococcus faecium)	1.98561e-05	0	0	0	2.59749e-06	0	1.95405e-06	0	0	0	0	0	0	0	0	0	0	0	0	0	0	0	0	0	0	0	0	0	0	0	0	0	0	0	0	0	0	0	0	0	0	0	0	3.57856e-06	0	0	0	0	0	0	0	0	0	0	0	0	0	0	0	0	0	0	0	0	0	0	0	0	0	0	0	0	0	0	0	0	0	0	0	0	0	0	0	0	0	0	0	0	0	0	0	0	0	0	0	4.53367e-06	0	0	0	0	0	0	0	0	0	0	0	3.93519e-06	0	0	0	0	0	0	0	0	0	0	7.41442e-05	0
PWY-6507: 4-deoxy-L-threo-hex-4-enopyranuronate degradation	3.3985e-05	2.32351e-05	4.09894e-05	3.19193e-05	3.30184e-05	2.62782e-05	3.17937e-05	4.27166e-05	3.72284e-05	3.45737e-05	3.10688e-05	3.37234e-05	4.12719e-05	2.77417e-05	3.95797e-05	3.11858e-05	1.71359e-05	3.15544e-05	2.93268e-05	3.31746e-05	3.33866e-05	2.65506e-05	3.36183e-05	2.42337e-05	3.37875e-05	3.34199e-05	2.72557e-05	2.75249e-05	2.88524e-05	2.45381e-05	2.56344e-05	2.62634e-05	2.3348e-05	2.46038e-05	2.11039e-05	3.76152e-05	3.7896e-05	2.06737e-05	2.08327e-05	3.22606e-05	2.79983e-05	3.76354e-05	2.23595e-05	2.69874e-05	3.30697e-05	2.80981e-05	3.49199e-05	2.57827e-05	2.81416e-05	3.29261e-05	3.5859e-05	2.86555e-05	1.98984e-05	2.14567e-05	3.82711e-05	3.54576e-05	4.42293e-05	2.42558e-05	3.74846e-05	2.80631e-05	2.53684e-05	2.63907e-05	3.83253e-05	3.86409e-05	2.50451e-05	3.24499e-05	3.61032e-05	3.02589e-05	3.47905e-05	4.41869e-05	2.72885e-05	2.30435e-05	2.12691e-05	3.43354e-05	2.24553e-05	3.38359e-05	2.88976e-05	3.48765e-05	3.11709e-05	4.1278e-05	2.96696e-05	1.68547e-05	3.82258e-05	2.87919e-05	2.28083e-05	2.93701e-05	3.09899e-05	2.81752e-05	3.37181e-05	3.77069e-05	4.56964e-05	3.5407e-05	3.43315e-05	3.72109e-05	4.08131e-05	3.49155e-05	3.82568e-05	2.00096e-05	4.95906e-05	2.85992e-05	3.32553e-05	4.06449e-05	2.43098e-05	3.36789e-05	3.46869e-05	2.33696e-05	4.17029e-05	3.21514e-05	2.18484e-05	2.32602e-05	3.60615e-05	3.5519e-05	4.72892e-05	4.2536e-05	2.89506e-05	3.56636e-05	2.66248e-05	2.10215e-05	2.92737e-05	3.7952e-05
PWY-6519: 8-amino-7-oxononanoate biosynthesis I	2.17091e-06	0	0	4.34588e-06	3.41214e-06	0	2.192e-06	2.16676e-06	2.19433e-06	1.95538e-06	0	0	0	0	1.05103e-06	0	2.63747e-06	0	0	0	0	1.95618e-06	0	0	2.44332e-05	0	2.13623e-05	1.9444e-05	1.25344e-06	4.38427e-06	1.4831e-06	0	9.43323e-07	2.01327e-06	1.49108e-06	3.38685e-05	2.90005e-06	0	8.02234e-06	9.10887e-07	5.8233e-06	2.15832e-06	9.92746e-06	0	7.62231e-07	0	0	4.26711e-06	1.30184e-06	1.67474e-06	2.16593e-06	3.32603e-06	0	1.3282e-05	0	0	0	0	9.70585e-07	3.36927e-06	2.494e-06	0	7.83822e-06	0	4.66804e-06	0	0	0	1.22458e-06	0	6.31581e-07	0	6.40348e-06	0	0	6.57686e-06	0	1.4126e-06	0	0	1.65963e-06	0	1.28892e-06	0	0	2.70076e-06	2.65612e-05	0	0	1.31605e-06	0	0	0	0	0	0	1.30078e-06	3.23666e-06	2.19527e-06	0	1.6234e-06	1.91396e-06	2.61008e-06	2.58468e-06	1.08563e-06	1.43535e-06	2.97313e-06	0	0	0	0	1.73803e-06	3.24229e-06	2.57482e-06	4.15139e-06	1.92641e-06	1.40071e-06	3.11749e-06	1.57299e-06	3.24725e-06
PWY-6527: stachyose degradation	0.000106852	0.000112034	0.000102534	9.84186e-05	0.000118281	0.000177689	0.000110756	0.000116768	0.000110163	9.10858e-05	9.58987e-05	0.000112597	0.000116598	0.000107203	0.000120384	7.84872e-05	0.000139593	0.000130115	0.000113844	0.000121171	0.000138218	0.00010984	0.000131249	8.03312e-05	9.51238e-05	8.64456e-05	8.49012e-05	8.7871e-05	8.55763e-05	8.30496e-05	8.07064e-05	9.92847e-05	8.71537e-05	0.000117733	9.23512e-05	0.000116607	9.11258e-05	6.25955e-05	0.000125613	0.000105333	7.31264e-05	0.00012562	8.73568e-05	0.000121561	9.76815e-05	0.000103673	9.33333e-05	9.51749e-05	0.000120549	0.000105136	0.000107375	9.91235e-05	0.000108589	8.76881e-05	0.000100359	0.000102314	0.00011681	9.51277e-05	8.4924e-05	8.18589e-05	8.56112e-05	8.68465e-05	0.000103179	9.5452e-05	8.39175e-05	0.000111856	9.31743e-05	0.000100234	0.000167214	9.25698e-05	0.000109545	7.93214e-05	0.000119545	8.67456e-05	9.74702e-05	8.96729e-05	0.000115325	8.91705e-05	0.000103859	0.000111565	0.000101055	0.000100599	0.000106889	8.40985e-05	0.00010091	0.000122398	7.53836e-05	8.8989e-05	9.59763e-05	0.000109839	0.000101162	0.000110731	0.000112917	0.000110924	0.00010405	8.20987e-05	9.73914e-05	8.90786e-05	0.000100648	9.17917e-05	0.000100922	0.000111694	0.000128993	9.45121e-05	0.00011616	0.000117257	0.000134646	0.00010123	9.24499e-05	0.000109772	0.000119863	0.000103556	0.000111039	9.83536e-05	9.5928e-05	0.000106513	9.80987e-05	0.0001049	0.000127981	8.42532e-05
PWY-6531: mannitol cycle	2.62779e-06	8.00953e-07	3.04623e-06	2.21209e-06	2.77871e-06	2.25156e-06	3.4742e-06	3.47344e-06	1.83491e-06	7.97507e-07	5.88985e-07	2.67671e-06	3.09428e-06	2.40478e-06	5.21488e-06	0	2.15605e-06	5.14613e-06	3.60286e-06	5.17503e-06	2.43155e-06	7.70968e-07	1.54919e-06	0	1.32143e-05	0	1.37713e-05	8.92084e-06	5.16196e-06	5.15815e-06	2.53002e-06	2.08673e-06	3.28142e-06	2.84119e-06	2.48896e-06	2.15086e-05	1.69458e-06	1.43999e-06	4.00451e-06	3.29059e-06	2.26487e-06	4.05397e-06	3.78237e-06	2.04401e-06	6.61065e-07	8.454e-07	1.98636e-06	4.37396e-06	1.77124e-06	2.56825e-06	3.37965e-06	2.27496e-06	3.8424e-06	5.44832e-06	6.5329e-07	1.71456e-06	0	2.01146e-06	0	2.49056e-06	1.54789e-06	2.43591e-06	4.12537e-06	1.96023e-06	3.49416e-06	6.95231e-07	3.34226e-06	1.88013e-06	6.88856e-07	8.03999e-07	7.83508e-07	2.00491e-06	3.13024e-06	0	2.0127e-06	2.89734e-06	7.91602e-07	2.30044e-06	2.67513e-06	8.00988e-07	5.52428e-07	3.19946e-06	2.74616e-06	3.25833e-06	1.68703e-06	4.10597e-06	1.33427e-05	3.17856e-06	1.0764e-06	1.23911e-06	1.49655e-06	3.69571e-06	7.29531e-07	3.16307e-06	1.59598e-06	3.20643e-06	3.26334e-07	2.79984e-06	3.7656e-06	4.44825e-07	1.24916e-06	0	0	3.68091e-07	2.49066e-06	0	1.66975e-06	2.20345e-06	4.97199e-06	1.93506e-06	1.93267e-06	3.92344e-06	2.17055e-06	5.68462e-06	4.22254e-06	3.17418e-06	3.18954e-06	1.00119e-06	3.98677e-06	0
PWY-6545: pyrimidine deoxyribonucleotides de novo biosynthesis III	3.84918e-06	3.61324e-06	0	1.8939e-06	4.39682e-06	0	1.93314e-06	1.56691e-06	0	2.36537e-06	0	0	0	0	2.00204e-06	0	1.84067e-06	0	0	0	1.61005e-06	0	3.54277e-06	0	4.39149e-05	1.88918e-06	4.10086e-05	1.14652e-05	2.05301e-06	1.24932e-05	1.94975e-06	9.44723e-06	1.36087e-06	3.94377e-06	2.55253e-06	4.23374e-05	1.28843e-06	0	4.76186e-06	0	3.04593e-06	6.5437e-07	1.28594e-05	0	1.15486e-06	5.01814e-06	1.35699e-06	1.99913e-05	0	0	1.99987e-06	3.32054e-06	0	8.20318e-06	0	0	4.47079e-07	0	0	5.16516e-06	1.50277e-06	0	2.99548e-05	0	1.99076e-05	0	0	0	0	6.27573e-07	1.06449e-05	0	2.66283e-06	1.43386e-06	0	2.24885e-06	0	0	4.41959e-07	0	1.32247e-06	2.86773e-06	0	0	1.33686e-06	9.17347e-07	1.5542e-05	0	0	0	2.16328e-05	0	0	0	0	5.33672e-07	0	1.13536e-06	2.54763e-05	0	3.26649e-06	1.92689e-06	0	0	0	1.0738e-06	0	0	1.39481e-06	0	0	3.27388e-07	0	2.24481e-05	3.04471e-06	2.60128e-06	0	2.3016e-06	0	2.34009e-05
PWY-6549: L-glutamine biosynthesis III	7.12913e-05	6.91702e-05	5.13733e-05	4.70998e-05	3.28719e-05	6.11604e-05	3.75475e-05	4.53363e-05	5.50174e-05	6.79349e-05	3.82612e-05	6.49676e-05	5.61739e-05	5.62615e-05	5.46088e-05	2.65999e-05	5.23517e-05	4.21731e-05	3.76926e-05	3.32099e-05	4.20428e-05	5.95549e-05	4.6071e-05	7.30408e-05	5.45053e-05	7.03987e-05	5.37606e-05	6.69094e-05	4.6847e-05	6.02887e-05	7.21541e-05	7.74548e-05	8.40174e-05	7.08317e-05	6.91219e-05	7.69983e-05	6.60992e-05	6.76181e-05	8.48953e-05	6.98346e-05	8.02265e-05	5.34815e-05	9.44091e-05	8.37599e-05	4.4035e-05	7.71392e-05	3.48675e-05	6.06538e-05	5.19828e-05	8.40719e-05	3.42927e-05	5.73504e-05	8.86323e-05	4.28257e-05	3.68166e-05	3.49158e-05	3.96569e-05	6.6846e-05	4.74828e-05	6.75833e-05	8.49641e-05	5.76923e-05	4.7739e-05	4.06474e-05	7.26793e-05	6.40189e-05	5.71335e-05	5.33098e-05	4.96889e-05	3.74891e-05	5.09738e-05	4.36458e-05	5.77104e-05	3.55288e-05	3.8651e-05	8.92116e-05	4.70053e-05	4.92656e-05	7.7348e-05	4.66309e-05	5.87304e-05	5.42821e-05	7.80229e-05	4.86015e-05	6.23996e-05	7.49086e-05	7.69373e-05	4.72642e-05	6.21371e-05	5.40285e-05	3.8673e-05	7.39571e-05	6.92493e-05	5.71497e-05	2.26663e-05	5.65275e-05	7.15701e-05	7.49202e-05	4.2951e-05	3.49807e-05	4.34462e-05	4.47322e-05	4.7892e-05	6.59338e-05	6.3757e-05	5.11728e-05	4.82931e-05	3.61286e-05	9.29274e-05	6.21487e-05	5.32123e-05	6.35317e-05	4.55998e-05	4.74472e-05	6.02083e-05	7.44498e-05	5.55279e-05	7.2818e-05	5.98558e-05	7.46394e-05
PWY-6562: norspermidine biosynthesis	3.26735e-07	6.0418e-07	3.72158e-07	0	0	0	0	0	0	0	4.19315e-07	0	0	0	0	3.66753e-07	0	0	0	0	0	0	0	0	0	0	0	0	0	0	3.04395e-07	5.07118e-07	0	0	3.3357e-07	0	9.85874e-07	0	0	0	0	5.32979e-07	0	0	0	3.58117e-07	6.34366e-07	0	0	7.40392e-07	0	0	0	0	0	0	0	4.0268e-07	5.99673e-07	0	0	0	0	0	0	0	0	0	0	1.2935e-06	0	0	0	9.4715e-07	0	0	0	6.81087e-07	0	6.18778e-07	0	0	4.70113e-07	0	0	0	0	4.48969e-07	4.76426e-07	0	0	7.15734e-07	0	0	0	4.40793e-07	5.41034e-07	0	0	0	0	0	3.87412e-07	0	0	0	0	0	0	0	0	0	6.07693e-07	0	0	7.8461e-07	0	0	5.95238e-07	0
PWY-6565: superpathway of polyamine biosynthesis III	4.26194e-07	7.59348e-07	4.6635e-07	0	0	0	0	0	0	0	5.54884e-07	0	0	0	0	5.89314e-07	0	0	0	0	0	0	0	0	0	0	0	0	0	0	3.49408e-07	5.81703e-07	0	0	0	0	1.27156e-06	0	0	0	0	7.63167e-07	0	0	0	4.14444e-07	9.48396e-07	0	0	9.69164e-07	0	0	0	0	0	0	0	5.8807e-07	9.10356e-07	0	0	0	0	0	0	0	0	0	0	1.94715e-06	0	0	0	1.27435e-06	0	0	0	1.04346e-06	0	9.36653e-07	0	0	7.17113e-07	0	0	0	0	6.77077e-07	7.16803e-07	0	0	9.5062e-07	0	0	0	6.37718e-07	7.41396e-07	0	0	0	0	0	0	0	0	0	0	0	0	0	0	0	9.60018e-07	0	0	1.03158e-06	0	0	8.76494e-07	0
PWY-6588: pyruvate fermentation to acetone	5.11118e-06	2.84494e-06	7.05294e-06	5.89286e-06	9.8785e-06	5.82077e-06	1.13981e-05	5.83096e-06	5.61029e-06	6.64449e-06	6.33506e-06	4.5722e-06	6.60783e-06	8.24223e-06	6.91663e-06	6.86614e-06	7.33272e-06	9.30733e-06	9.06941e-06	7.18358e-06	6.07398e-06	5.2993e-06	3.8709e-06	3.71032e-06	7.38738e-06	4.91309e-06	9.43143e-06	1.15167e-05	9.9979e-06	5.80067e-06	6.70315e-06	4.24474e-06	4.08872e-06	8.12665e-06	7.88409e-06	1.96388e-05	7.37588e-06	9.8135e-06	6.16584e-06	1.92968e-06	6.32945e-06	5.32063e-06	4.94012e-06	4.58958e-06	4.12052e-06	4.06501e-06	8.14382e-06	4.52183e-06	4.09831e-06	4.67707e-06	6.84142e-06	1.21013e-05	3.25892e-06	5.91073e-06	1.04467e-05	4.8182e-06	3.85234e-06	1.94571e-06	6.16534e-06	6.9497e-06	4.51766e-06	7.82058e-06	6.31299e-06	7.4298e-06	2.63709e-06	3.78454e-06	6.27481e-06	5.42231e-06	4.34586e-06	9.76769e-06	7.51821e-06	8.38484e-06	2.81013e-06	7.47451e-06	1.0973e-05	2.3603e-06	6.40151e-06	8.53181e-06	5.57954e-06	7.03848e-06	6.08131e-06	8.15686e-06	4.07339e-06	4.57472e-06	6.86084e-06	1.98815e-06	2.49115e-06	8.07889e-06	7.98269e-06	6.58879e-06	6.78146e-06	5.28291e-06	5.53246e-06	5.33527e-06	8.06062e-06	9.65922e-06	4.16858e-06	3.89307e-06	6.79564e-06	7.10749e-06	1.45758e-05	1.1771e-05	4.60369e-06	9.47947e-06	6.84977e-06	6.2388e-06	6.67734e-06	9.12456e-06	3.62017e-06	9.76133e-06	3.27811e-06	8.4333e-06	8.11564e-06	5.70989e-06	6.92211e-06	7.01398e-06	5.16617e-06	6.86512e-06	4.53099e-06	7.16161e-06
PWY-6590: superpathway of Clostridium acetobutylicum acidogenic fermentation	1.4304e-05	0	1.33974e-05	1.71691e-05	1.40051e-05	1.33049e-05	7.60844e-06	1.13014e-05	1.31501e-05	2.13542e-05	8.73582e-06	1.40138e-05	1.16271e-05	1.66989e-05	2.36334e-05	1.02964e-05	1.53288e-05	1.34721e-05	4.55137e-06	6.28193e-06	8.97668e-06	1.5856e-05	9.4545e-06	1.46567e-05	2.75445e-05	6.51238e-06	1.5384e-05	1.98711e-05	1.96812e-05	1.87398e-05	1.96808e-05	1.11602e-05	1.25968e-05	1.85247e-05	1.68345e-05	2.09876e-05	1.2838e-05	6.13323e-06	1.86278e-05	1.23449e-05	2.1495e-05	1.11211e-05	1.81839e-05	1.31253e-05	8.8039e-06	1.9037e-05	1.41885e-05	1.80963e-05	2.00241e-05	1.60971e-05	1.35116e-05	1.87923e-05	6.20048e-06	5.77841e-06	6.56837e-06	1.67296e-05	1.07361e-05	1.02869e-05	1.53863e-05	9.14454e-06	1.44214e-05	1.20518e-05	1.77113e-05	7.1816e-06	1.89891e-05	1.0096e-05	1.09131e-05	1.15967e-05	1.36564e-05	1.34213e-05	1.91776e-05	8.04546e-06	1.80019e-05	1.13934e-05	2.95461e-06	1.51098e-05	1.65375e-05	1.70914e-05	1.56056e-05	1.31732e-05	1.76509e-05	1.09506e-05	1.31092e-05	1.21864e-05	1.71666e-05	2.06981e-05	1.36101e-05	1.04879e-05	1.13448e-05	1.71466e-05	1.62384e-05	1.26888e-05	1.3313e-05	1.5547e-05	4.73181e-06	6.58171e-06	5.84107e-06	1.09066e-05	1.5366e-05	7.68735e-06	9.74249e-06	1.24081e-05	8.85844e-06	6.10293e-06	1.42404e-05	8.83736e-06	1.39208e-05	4.94288e-06	1.27472e-05	8.98226e-06	1.49814e-05	2.4561e-05	8.35248e-06	1.61128e-05	2.32034e-05	1.49151e-05	1.68513e-05	2.0163e-05	1.83998e-05	1.97864e-05
PWY-6595: superpathway of guanosine nucleotides degradation (plants)	0	1.49613e-06	0	0	0	0	0	0	0	0	0	0	0	0	0	0	0	0	0	0	0	0	0	0	0	0	1.98044e-06	0	0	0	0	0	0	0	0	0	0	2.76015e-06	1.4598e-06	0	8.84054e-07	0	0	0	0	0	1.57903e-06	8.06945e-07	1.3795e-06	0	4.99032e-07	2.31256e-06	1.16923e-06	0	0	0	0	0	0	0	0	3.74331e-07	0	0	1.11224e-06	0	0	0	0	0	0	0	0	0	0	0	0	0	0	0	0	0	0	0	0	0	0	0	0	0	0	0	0	0	0	0	0	0	0	0	4.43316e-07	0	0	0	0	0	0	0	0	0	0	0	0	0	0	0	0	0	0	0
PWY-6606: guanosine nucleotides degradation II	6.63448e-06	4.26541e-06	2.99495e-06	3.39926e-06	4.92379e-06	5.21206e-06	7.81064e-06	2.93526e-06	6.74321e-06	5.91421e-06	5.45915e-06	8.30034e-06	4.45346e-06	5.42207e-06	9.30685e-06	3.39251e-06	6.60872e-06	3.36945e-06	3.44947e-06	0	3.07716e-06	6.34438e-06	0	5.54151e-06	2.11151e-05	4.06824e-06	1.08995e-05	7.73931e-06	4.22154e-06	5.95355e-06	4.57118e-06	5.89288e-06	1.29078e-05	6.20138e-06	5.8923e-06	3.30087e-05	8.23052e-06	4.18705e-06	7.58434e-06	1.01579e-05	4.19631e-06	7.97874e-06	1.99376e-05	7.20993e-06	5.8672e-06	8.87665e-06	6.91232e-06	1.2245e-05	1.03619e-05	1.36101e-05	4.78513e-06	4.99524e-06	4.52879e-06	5.09286e-06	2.05505e-06	1.56345e-06	4.14885e-06	3.49453e-06	3.86268e-06	2.68158e-06	5.69575e-06	4.87439e-06	8.35071e-06	5.56752e-06	1.28744e-05	4.87859e-06	6.74217e-06	5.82728e-06	9.36714e-06	2.60322e-06	5.71656e-06	2.83905e-06	1.11893e-05	5.60892e-06	7.44263e-07	1.34589e-05	5.82669e-06	1.02785e-05	5.32655e-06	4.38278e-06	7.24803e-06	3.86112e-06	7.95593e-06	7.24584e-06	5.24017e-06	7.03765e-06	2.05724e-05	5.79539e-06	4.23515e-06	5.6235e-06	5.09378e-06	1.47588e-05	9.36749e-06	5.91798e-06	9.32905e-07	5.12323e-06	6.30905e-06	1.03605e-05	4.3387e-06	2.48793e-06	3.26233e-06	1.30355e-05	4.43738e-06	5.4196e-06	2.86769e-06	3.88387e-06	5.03319e-06	7.12832e-07	4.81307e-06	4.06573e-06	2.66306e-06	5.10636e-06	6.47835e-06	1.69163e-05	6.26119e-06	7.80682e-06	1.21318e-05	1.63953e-05	6.60239e-06	5.33267e-06
PWY-6607: guanosine nucleotides degradation I	0	1.65254e-06	0	0	0	0	0	0	0	0	0	0	0	0	0	0	0	0	0	0	0	0	0	0	0	0	2.07885e-06	0	0	0	0	0	0	0	0	0	0	4.18705e-06	1.53382e-06	0	9.4267e-07	0	0	0	0	0	1.63146e-06	8.14135e-07	1.4157e-06	0	5.1206e-07	2.60692e-06	1.24853e-06	0	0	0	0	0	0	0	0	3.80756e-07	0	0	1.11737e-06	0	0	0	0	0	0	0	0	0	0	0	0	0	0	0	0	0	0	0	0	0	0	0	0	0	0	0	0	0	0	0	0	0	0	0	4.62592e-07	0	0	0	0	0	0	7.12832e-07	0	0	0	0	0	0	0	0	0	0	0	0
PWY-6608: guanosine nucleotides degradation III	1.61338e-05	2.6637e-05	1.60504e-05	1.35263e-05	1.01473e-05	1.978e-05	1.39028e-05	1.31445e-05	1.92743e-05	2.0831e-05	1.77783e-05	1.33339e-05	1.42598e-05	3.14429e-05	2.49388e-05	1.63427e-05	2.77725e-05	1.63758e-05	1.49827e-05	1.65354e-05	9.55162e-06	1.61118e-05	2.71027e-05	2.17742e-05	5.17391e-05	1.80385e-05	5.7916e-05	4.99132e-05	2.10606e-05	2.50902e-05	1.36733e-05	1.76819e-05	2.09773e-05	2.21184e-05	3.20275e-05	8.56946e-05	3.22988e-05	1.79912e-05	3.42989e-05	1.93861e-05	4.49026e-05	2.04571e-05	3.11299e-05	1.63531e-05	9.31375e-06	1.35908e-05	1.24255e-05	2.09914e-05	2.53965e-05	2.06834e-05	1.88055e-05	1.92977e-05	1.84706e-05	3.01042e-05	1.00033e-05	2.57246e-05	1.56771e-05	1.42895e-05	1.15808e-05	2.92428e-05	2.29199e-05	1.44572e-05	3.53866e-05	8.94096e-06	2.2419e-05	1.16474e-05	1.42871e-05	1.95561e-05	3.09445e-05	1.38681e-05	1.38964e-05	3.5072e-05	3.67023e-05	1.99274e-05	1.81168e-05	3.85478e-05	1.88809e-05	1.8292e-05	1.36163e-05	7.70149e-06	1.37672e-05	3.2572e-05	1.35695e-05	1.50389e-05	1.35266e-05	3.72977e-05	5.54666e-05	1.51315e-05	1.24043e-05	1.5654e-05	1.22755e-05	2.34234e-05	1.49907e-05	2.28466e-05	8.04307e-06	1.99702e-05	2.61196e-05	1.84935e-05	1.86391e-05	1.62539e-05	4.93473e-05	2.06825e-05	2.3605e-05	2.05725e-05	1.87372e-05	2.33014e-05	1.65267e-05	1.72288e-05	1.45433e-05	3.26764e-05	9.14589e-06	1.82914e-05	1.04562e-05	2.93433e-05	1.59273e-05	1.3543e-05	1.96116e-05	2.44446e-05	1.26619e-05	3.15185e-05
PWY-6609: adenine and adenosine salvage III	0.000388495	0.00037367	0.000372439	0.000368274	0.00034661	0.000443476	0.000318659	0.000415789	0.000408361	0.000386586	0.000314471	0.000369379	0.000380888	0.000379247	0.000405963	0.000301927	0.000418434	0.000416733	0.000373809	0.000378342	0.000429631	0.00033923	0.000410815	0.000360496	0.0003198	0.000373648	0.000315445	0.000334887	0.000303117	0.000309113	0.000323225	0.000392449	0.000339444	0.000429927	0.000369726	0.000369897	0.000402964	0.000304913	0.000446512	0.000390997	0.000466792	0.00038426	0.000432194	0.000430898	0.00036178	0.000365505	0.000337482	0.000385697	0.000433076	0.000400577	0.00037935	0.000389557	0.000432368	0.000342053	0.000340353	0.000389934	0.000371663	0.000367918	0.00035608	0.000355158	0.000401343	0.000357572	0.000393613	0.000306731	0.000336123	0.000397829	0.000368604	0.000399133	0.000417718	0.000368121	0.000391648	0.000412858	0.000444142	0.000365911	0.000375281	0.000446051	0.000424211	0.000360853	0.000430079	0.000364251	0.000360814	0.000384804	0.000395048	0.000386308	0.000391807	0.000439326	0.000423127	0.000364099	0.000407016	0.000422227	0.000372939	0.000399064	0.000388493	0.000424676	0.000296079	0.000319464	0.000353625	0.000369847	0.000369019	0.000336207	0.000434204	0.000381557	0.000430861	0.000400901	0.000410103	0.000419857	0.000409317	0.000335397	0.000363847	0.000408196	0.000388344	0.000365189	0.000357636	0.000395906	0.000380585	0.000376803	0.000361088	0.000368726	0.000383282	0.000438897
PWY-6612: superpathway of tetrahydrofolate biosynthesis	0	0	0	1.10801e-06	0	0	4.48702e-07	0	0	0	0	0	0	0	2.19548e-07	0	1.08687e-06	0	0	0	0	0	0	0	3.00543e-06	0	4.19735e-06	2.80881e-06	0	1.42821e-06	0	0	0	0	0	7.61899e-06	0	0	1.82762e-06	0	1.1012e-06	0	2.0643e-06	0	0	3.71854e-07	0	2.49964e-06	7.20417e-07	0	0	1.96177e-06	1.20661e-06	2.61362e-06	0	0	0	0	0	1.35407e-06	1.50814e-06	0	0	0	1.35633e-06	0	0	0	0	0	8.40987e-07	0	0	0	0	0	0	0	0	0	8.18897e-07	0	0	0	0	1.93781e-06	5.15267e-06	0	0	0	0	0	0	0	0	0	0	9.70918e-07	0	0	8.54199e-07	0	0	0	0	0	0	0	0	0	0	0	0	9.3211e-07	0	0	0	0	0	0
PWY-6628: superpathway of L-phenylalanine biosynthesis	4.09033e-05	5.39117e-05	4.09735e-05	3.44071e-05	3.68134e-05	3.18205e-05	2.95409e-05	4.60333e-05	4.50346e-05	3.06147e-05	3.00355e-05	5.52693e-05	4.49544e-05	4.94654e-05	3.60597e-05	2.58749e-05	3.68866e-05	3.87517e-05	5.68762e-05	6.11478e-05	1.67874e-05	3.54653e-05	3.62333e-05	4.55419e-05	3.82999e-05	2.37077e-05	5.51124e-05	3.39036e-05	2.65819e-05	4.25834e-05	3.57132e-05	5.02482e-05	5.7461e-05	3.61741e-05	2.68799e-05	6.59057e-05	3.45042e-05	4.37642e-05	4.78886e-05	4.45672e-05	3.44281e-05	3.06412e-05	6.25093e-05	3.98517e-05	3.05888e-05	4.48981e-05	2.96477e-05	6.87701e-05	4.70687e-05	4.66756e-05	4.43565e-05	5.3273e-05	2.57104e-05	7.88931e-05	2.78407e-05	2.94455e-05	5.72502e-05	3.27063e-05	2.75317e-05	2.1954e-05	1.67597e-05	2.40292e-05	3.91307e-05	4.20289e-05	6.4006e-05	3.94499e-05	3.57601e-05	3.05109e-05	4.84532e-05	3.84481e-05	4.10787e-05	1.35168e-05	3.07006e-05	2.63737e-05	2.49099e-05	6.38829e-05	3.9397e-05	3.29602e-05	4.9219e-05	3.53945e-05	3.60555e-05	3.35787e-05	4.41874e-05	2.46287e-05	5.78411e-05	3.98859e-05	6.78798e-05	2.89401e-05	2.98645e-05	3.24813e-05	2.79906e-05	8.43557e-05	8.34469e-05	3.52452e-05	2.88133e-05	3.42256e-05	6.70218e-05	5.41732e-05	5.6414e-05	2.87961e-05	2.65188e-05	4.00709e-05	4.46387e-05	3.125e-05	3.3038e-05	4.43874e-05	4.72862e-05	2.17667e-05	1.78284e-05	3.85952e-05	4.05304e-05	3.18639e-05	4.64782e-05	6.14407e-05	5.44886e-05	5.66459e-05	5.33294e-05	7.9637e-05	7.88824e-05	4.03811e-05
PWY-6630: superpathway of L-tyrosine biosynthesis	3.79896e-05	3.68155e-05	3.13241e-05	3.19652e-05	1.71112e-05	2.94582e-05	2.04125e-05	2.99689e-05	3.90663e-05	2.8666e-05	2.3054e-05	3.92434e-05	3.29248e-05	4.23069e-05	3.16353e-05	2.15339e-05	3.57366e-05	2.97759e-05	2.73281e-05	2.90238e-05	1.2998e-05	3.17744e-05	3.3238e-05	3.4377e-05	2.74313e-05	9.79614e-06	3.74296e-05	2.54921e-05	2.40983e-05	2.96684e-05	3.03023e-05	3.3675e-05	5.07445e-05	3.35319e-05	2.37893e-05	3.88896e-05	2.04419e-05	3.13279e-05	2.86126e-05	3.76894e-05	2.81604e-05	3.15913e-05	4.17432e-05	3.27194e-05	2.17814e-05	3.94383e-05	1.71331e-05	4.93005e-05	4.27712e-05	3.42444e-05	2.62022e-05	3.53759e-05	1.84928e-05	5.76875e-05	1.93388e-05	1.32279e-05	3.44021e-05	2.16265e-05	1.8583e-05	1.6135e-05	1.30658e-05	2.09899e-05	2.58721e-05	2.87757e-05	4.80247e-05	1.89647e-05	2.77648e-05	1.5948e-05	4.22069e-05	2.68111e-05	3.15853e-05	1.07425e-05	2.66353e-05	2.39385e-05	2.03215e-05	3.83668e-05	3.43195e-05	2.29802e-05	2.67432e-05	2.23277e-05	3.13637e-05	3.03456e-05	2.2368e-05	2.29467e-05	3.3249e-05	3.59286e-05	3.94451e-05	2.01367e-05	2.23959e-05	2.72664e-05	2.07466e-05	5.4982e-05	5.0607e-05	1.68622e-05	1.25085e-05	2.14171e-05	3.33717e-05	3.21176e-05	3.13893e-05	2.482e-05	1.25393e-05	2.56195e-05	3.80832e-05	4.24746e-05	2.84367e-05	3.72643e-05	3.303e-05	2.13554e-05	1.59157e-05	3.34647e-05	1.7845e-05	2.64039e-05	2.59744e-05	2.29515e-05	3.94991e-05	3.31316e-05	3.78437e-05	6.50441e-05	7.50913e-05	1.67489e-05
PWY-6641: superpathway of sulfolactate degradation	0	0	0	0	0	0	0	0	0	0	0	0	0	0	0	0	0	0	0	0	0	0	0	0	0	0	0	0	0	0	0	0	0	0	0	0	0	0	0	0	0	0	0	0	0	0	0	0	0	0	0	5.42273e-07	0	0	0	0	0	0	0	0	0	0	0	0	0	0	0	0	0	0	0	0	0	0	0	0	0	0	0	0	0	0	0	0	0	0	0	0	0	0	0	0	0	0	0	0	0	0	0	0	0	0	0	0	0	0	0	0	0	0	0	0	0	0	0	0	0	0	0	0
PWY-6690: cinnamate and 3-hydroxycinnamate degradation to 2-hydroxypentadienoate	3.10283e-07	0	0	0	3.33855e-07	0	4.62927e-07	4.9781e-07	0	3.45528e-07	0	0	0	0	8.67575e-07	0	0	0	0	0	0	0	0	0	5.68582e-06	0	5.61659e-06	2.53009e-06	2.29339e-07	1.09505e-06	3.21467e-07	0	2.94022e-07	3.19796e-07	8.40029e-07	9.78773e-06	0	0	1.49135e-06	0	2.09924e-06	0	4.95679e-07	0	0	0	0	8.78646e-07	0	1.8856e-07	4.83846e-07	5.91054e-07	0	4.71413e-06	0	0	0	0	0	1.28048e-06	3.03689e-07	0	7.04994e-07	0	1.34549e-06	0	0	0	0	0	5.00717e-07	0	9.42657e-07	0	0	2.06627e-06	0	3.86716e-07	0	0	5.64878e-07	5.4909e-07	0	6.29875e-07	2.75931e-07	2.25046e-07	6.76488e-06	0	1.31406e-07	0	6.34434e-07	7.96985e-07	0	0	0	0	0	1.69316e-06	4.46486e-07	0	0	1.78377e-07	0	0	0	2.22629e-07	0	0	4.40309e-07	0	0	0	0	2.19963e-06	6.75227e-07	1.94968e-07	0	6.97777e-07	5.18402e-07	0
PWY-6700: queuosine biosynthesis I (de novo)	0.000337794	0.000426228	0.000334774	0.000398733	0.000388356	0.000390181	0.000343751	0.000460627	0.000297985	0.000314106	0.000319165	0.00031354	0.000386709	0.000326388	0.000359554	0.000272861	0.00036068	0.00045296	0.000456023	0.000524314	0.000545534	0.00030502	0.00040594	0.000289471	0.000258957	0.000371612	0.00022666	0.000325196	0.00025978	0.000221539	0.000191743	0.000300901	0.000208205	0.000382283	0.000249705	0.000462495	0.000401398	0.000234121	0.000442949	0.00033974	0.000436549	0.000528263	0.000369737	0.000305079	0.000389012	0.000212849	0.000332395	0.000270976	0.000324606	0.000294582	0.000441958	0.000352624	0.000431357	0.000209807	0.000367052	0.000475549	0.000472811	0.000326043	0.000303895	0.000351962	0.000370735	0.000281127	0.000365393	0.000288845	0.000227959	0.000394748	0.000318667	0.00038681	0.000377638	0.000339197	0.000385742	0.000508542	0.000349804	0.00038677	0.000419853	0.000414955	0.000457846	0.000345795	0.000298026	0.000389377	0.000378102	0.000357604	0.000362262	0.000393806	0.000380035	0.00031279	0.000330575	0.000373019	0.000359065	0.000457676	0.00036638	0.000339581	0.000329904	0.000406825	0.000362426	0.000412381	0.000355847	0.000277359	0.000417005	0.000322162	0.000554754	0.000392497	0.000473166	0.000460817	0.00042973	0.000410906	0.000451598	0.00036548	0.000351087	0.000382607	0.00043172	0.000339384	0.000375053	0.000461219	0.00037119	0.000327695	0.000370003	0.000284909	0.000359355	0.000458166
PWY-6703: preQ0 biosynthesis	6.47046e-05	5.43644e-05	6.70676e-05	7.61515e-05	4.71351e-05	7.98905e-05	4.52695e-05	5.52335e-05	8.33304e-05	0.000100496	5.3749e-05	6.39199e-05	6.50078e-05	9.5791e-05	8.72143e-05	6.63118e-05	7.66476e-05	5.64203e-05	5.53189e-05	4.5723e-05	1.94714e-05	8.07758e-05	5.65342e-05	6.21106e-05	0.000110539	3.38472e-05	4.71435e-05	7.97564e-05	5.25873e-05	8.49501e-05	8.75546e-05	7.18733e-05	9.57699e-05	7.18942e-05	8.19745e-05	5.04637e-05	3.33479e-05	7.7077e-05	4.62305e-05	7.38864e-05	5.2556e-05	3.29239e-05	4.60067e-05	6.96668e-05	4.0433e-05	6.78576e-05	3.67638e-05	6.78458e-05	8.0682e-05	5.85428e-05	4.7411e-05	6.52893e-05	5.20641e-05	2.10763e-05	3.85977e-05	4.74218e-05	5.31151e-05	5.85394e-05	6.67518e-05	5.12943e-05	4.45969e-05	0.000100159	8.12573e-05	5.16313e-05	6.6726e-05	3.39526e-05	7.4345e-05	8.02511e-05	7.90149e-05	6.49356e-05	7.66649e-05	6.5244e-05	8.64505e-05	4.66577e-05	5.60163e-05	3.97604e-05	6.31495e-05	5.4331e-05	6.04458e-05	5.39125e-05	4.99531e-05	7.61451e-05	5.97655e-05	5.69765e-05	6.4576e-05	7.72613e-05	3.72443e-05	7.01842e-05	6.19009e-05	6.03101e-05	5.99312e-05	6.39825e-05	6.62245e-05	7.96175e-05	4.4976e-05	4.70477e-05	4.08998e-05	6.17817e-05	6.20835e-05	5.91749e-05	6.74418e-05	7.25302e-05	6.78981e-05	5.68192e-05	5.06078e-05	7.36447e-05	5.21733e-05	3.91181e-05	5.27313e-05	9.90909e-05	5.26524e-05	7.74666e-05	3.61544e-05	5.45777e-05	7.64391e-05	7.41511e-05	7.82264e-05	8.74466e-05	4.92063e-05	5.77023e-05
PWY-6708: ubiquinol-8 biosynthesis (early decarboxylation)	0	0	0	0	0	0	0	0	0	0	0	0	0	0	0	0	0	0	0	0	0	0	0	0	0	0	0	0	0	0	0	0	0	0	0	0	0	0	0	0	0	0	0	0	0	0	0	0	0	0	0	0	0	4.55033e-07	0	0	0	0	0	0	0	0	0	0	0	0	0	0	0	0	0	0	1.70937e-07	0	0	0	0	0	0	0	0	0	0	0	0	0	0	0	0	0	0	0	0	0	0	0	0	0	0	0	0	0	0	0	0	0	0	0	0	0	0	0	0	0	0	0	0	0	0	0
PWY-6731: starch degradation III	1.1015e-05	0	1.55722e-05	8.37258e-06	6.40747e-06	1.49261e-05	8.36143e-06	1.04245e-05	1.72708e-05	1.39922e-05	1.94649e-06	9.20615e-06	6.58437e-06	1.1604e-05	1.07292e-05	3.48347e-06	1.4986e-05	5.72856e-06	1.64996e-05	5.38045e-06	8.63655e-06	1.19663e-05	6.91628e-06	3.95397e-06	2.42322e-05	2.9134e-06	1.52989e-05	9.62689e-06	1.30721e-05	8.32143e-06	1.01895e-05	4.3548e-06	9.51433e-06	1.36674e-05	7.271e-06	3.26072e-05	1.02982e-06	2.9487e-06	1.05847e-05	9.98198e-06	8.10505e-06	3.74666e-06	8.29407e-06	9.60341e-06	8.43214e-06	1.63641e-05	9.1897e-06	9.36658e-06	2.13497e-05	1.51219e-05	5.62229e-06	6.03286e-06	7.7342e-06	1.06948e-05	4.60264e-06	3.41616e-06	7.0491e-06	3.98401e-06	1.03905e-05	5.06717e-06	6.63624e-06	6.82022e-06	1.09836e-05	1.07006e-05	9.09155e-06	1.06152e-05	6.39992e-06	5.197e-06	2.10088e-05	5.2102e-06	9.80104e-06	2.6697e-06	1.3967e-05	6.19706e-06	1.36887e-06	7.79583e-06	8.1029e-06	1.14006e-05	7.4723e-06	9.42309e-06	9.73046e-06	6.35672e-06	9.99725e-06	1.75938e-05	1.23213e-05	1.86746e-05	9.75317e-06	2.11058e-06	5.72952e-06	1.12861e-05	8.97366e-06	2.30853e-06	4.61139e-06	4.97029e-06	3.07839e-06	1.85218e-06	2.14856e-06	4.36195e-06	5.6315e-06	4.94276e-06	5.89521e-06	4.01081e-06	9.88577e-06	9.21117e-07	8.37529e-06	1.08661e-05	9.77438e-06	1.72565e-06	8.7989e-06	6.07531e-06	3.84305e-06	9.86678e-06	9.61031e-06	8.56829e-06	1.47764e-05	8.10532e-06	8.15446e-06	1.44516e-05	1.16513e-05	5.71893e-06
PWY-6749: CMP-legionaminate biosynthesis I	7.47197e-06	0	7.03982e-06	6.19973e-06	1.00396e-06	8.77602e-06	9.8424e-07	4.0431e-06	9.31793e-06	8.43178e-06	3.80388e-06	3.76474e-06	3.78292e-06	9.2289e-06	7.11677e-06	3.59201e-06	5.28637e-06	4.3574e-06	3.2819e-06	3.16016e-06	0	1.07246e-05	4.24088e-06	1.16377e-05	8.37059e-06	0	0	5.78353e-06	1.8184e-06	7.34762e-06	1.45049e-05	3.41065e-06	1.09865e-05	4.00854e-06	3.43618e-06	0	6.2435e-07	6.54088e-06	6.4313e-07	5.82689e-06	0	0	0	5.93665e-06	3.59711e-06	4.07227e-06	1.99501e-06	5.4892e-06	6.83314e-06	6.64406e-06	1.24279e-06	3.54884e-06	3.35331e-06	0	3.055e-06	0	3.95422e-06	4.68926e-06	9.18761e-06	1.11889e-06	1.6078e-06	9.49559e-06	6.96296e-06	2.12706e-06	9.02346e-06	0	9.22004e-06	4.65845e-06	8.51806e-06	3.6467e-06	5.98704e-06	0	9.49685e-06	2.34078e-06	2.41868e-06	7.40891e-07	5.91194e-06	4.6928e-06	3.52674e-06	4.0428e-06	6.17196e-06	9.46399e-06	4.79346e-06	4.28609e-06	2.59489e-06	9.37257e-06	0	4.3088e-06	0	6.49812e-06	3.59004e-06	2.80472e-06	3.21354e-06	5.00939e-06	0	0	1.46022e-06	4.82989e-06	2.81495e-06	5.48953e-06	1.29739e-06	4.91136e-06	3.51304e-06	0	2.72888e-06	4.75538e-06	5.45276e-06	1.68257e-06	1.23797e-06	6.59246e-06	5.28719e-06	5.05728e-06	2.30577e-06	4.11461e-06	9.4597e-06	4.75082e-06	5.53403e-06	6.19801e-06	6.10566e-06	0
PWY-6803: phosphatidylcholine acyl editing	0	3.64934e-06	0	1.30664e-06	1.02842e-05	0	0	1.39587e-06	0	8.74838e-07	0	0	0	0	3.81013e-07	0	2.62571e-06	0	0	0	1.66671e-06	0	0	0	3.09657e-05	0	1.99533e-05	2.02213e-05	5.0804e-06	1.36226e-05	7.96193e-07	5.34161e-06	0	3.09953e-06	3.94577e-06	3.55796e-05	1.36111e-06	0	5.81461e-06	0	5.16817e-06	3.87094e-06	1.01219e-05	0	0	4.08114e-07	0	1.26255e-05	0	1.6237e-06	0	6.62933e-07	0	1.02746e-05	0	6.0944e-07	0	0	0	2.69494e-06	1.72307e-06	0	5.14379e-06	0	1.58681e-06	5.65905e-07	8.78237e-07	0	0	0	5.9426e-06	2.4438e-07	5.9524e-06	0	0	1.42813e-05	2.00858e-06	3.59595e-06	0	0	1.28315e-05	0	4.50375e-07	7.63004e-07	0	1.71507e-06	3.53727e-05	0	0	0	1.39204e-06	0	0	1.05081e-06	0	0	8.77279e-07	9.9503e-07	1.37222e-06	0	5.21003e-06	2.98162e-06	1.18958e-06	5.25135e-07	0	3.8452e-06	1.42286e-06	0	9.60777e-07	0	0	7.98283e-06	0	5.5988e-06	4.93968e-06	5.50701e-07	4.37308e-07	1.83571e-06	0	2.41303e-06
PWY-6823: molybdopterin biosynthesis	7.57119e-05	3.30785e-05	8.14343e-05	7.88292e-05	3.46745e-05	0.000105808	4.51329e-05	5.92532e-05	0.000108814	0.000124304	5.92292e-05	7.16454e-05	6.80254e-05	0.000124511	9.61632e-05	7.51387e-05	9.31859e-05	6.95454e-05	6.20552e-05	5.1996e-05	1.03423e-05	9.50126e-05	6.31943e-05	9.0197e-05	0.000128223	2.86665e-05	4.03169e-05	9.40451e-05	6.99355e-05	0.000112955	0.000118322	7.55003e-05	0.000117877	9.0322e-05	0.000108631	3.579e-05	2.58556e-05	0.000132125	5.19959e-05	7.36422e-05	4.27352e-05	4.29297e-05	3.51562e-05	8.45034e-05	5.47181e-05	8.01262e-05	4.20641e-05	8.79567e-05	0.000118997	7.47301e-05	4.29086e-05	7.74786e-05	3.88425e-05	1.95697e-05	4.16058e-05	3.57989e-05	4.65685e-05	6.70728e-05	6.76558e-05	4.26798e-05	4.07776e-05	0.000132885	8.203e-05	5.65859e-05	9.37992e-05	3.69627e-05	8.86516e-05	9.12801e-05	0.000105874	6.48891e-05	8.98509e-05	4.54103e-05	0.000128839	4.55083e-05	6.12056e-05	3.5085e-05	7.32239e-05	6.55157e-05	6.84733e-05	5.75253e-05	5.3263e-05	9.86026e-05	6.76229e-05	5.75266e-05	7.59513e-05	0.000106512	2.86718e-05	7.85155e-05	6.81228e-05	7.79498e-05	5.98273e-05	5.51366e-05	6.77594e-05	9.87771e-05	3.30029e-05	4.82284e-05	3.56073e-05	7.19327e-05	4.99362e-05	6.78576e-05	5.38616e-05	7.3798e-05	6.86644e-05	9.33633e-05	5.17713e-05	8.38399e-05	5.79429e-05	4.74054e-05	4.49946e-05	0.00011768	5.45497e-05	7.26917e-05	3.20068e-05	4.07104e-05	8.99434e-05	6.98355e-05	9.00822e-05	0.000107235	7.17429e-05	4.44164e-05
PWY-6834: spermidine biosynthesis III	0	5.5708e-07	0	0	1.08114e-06	0	0	0	0	0	0	0	0	0	0	2.82426e-06	0	0	0	0	0	0	0	0	0	0	0	0	0	0	0	0	0	0	0	0	0	0	0	0	0	1.88568e-06	0	0	0	0	4.85445e-07	0	0	0	0	0	0	0	0	0	0	0	1.12599e-06	0	0	0	0	0	0	0	0	0	0	2.23794e-06	4.65918e-07	0	0	0	0	0	0	0	0	0	9.25117e-07	0	9.92771e-07	0	0	0	0	9.00252e-07	8.43078e-07	0	9.34413e-07	0	1.57263e-06	0	0	3.03407e-07	0	0	0	8.1061e-07	0	1.87674e-06	0	2.22005e-06	0	0	0	1.19493e-06	0	0	1.54918e-06	0	1.58245e-06	0	0	0	1.54615e-06	0	6.26726e-07	0
"PWY-6837: fatty acid &beta;-oxidation V (unsaturated, odd number, di-isomerase-dependent)"	0	0	0	0	0	0	0	0	0	0	0	0	0	0	0	0	0	0	0	0	0	0	0	0	0	0	0	0	0	0	0	0	0	0	0	0	0	0	0	0	0	0	0	0	0	0	0	5.55946e-07	0	0	0	1.46216e-07	2.90022e-07	0	0	0	0	0	0	0	0	0	0	0	3.3982e-07	0	0	0	0	0	0	0	0	0	0	0	0	0	0	0	0	0	0	0	0	0	0	0	0	0	0	0	0	0	0	0	0	0	0	0	0	0	0	0	0	0	0	0	0	0	0	0	0	0	0	0	0	0	0	0
PWY-6859: all-trans-farnesol biosynthesis	1.40696e-05	9.06228e-06	5.81541e-06	7.57511e-06	1.05913e-05	1.92386e-05	1.08685e-05	1.31031e-05	5.26612e-06	1.3861e-05	8.16031e-06	9.12749e-06	1.02725e-05	1.76365e-05	1.5201e-05	1.43429e-05	1.63839e-05	1.67718e-05	2.2715e-05	2.33393e-05	5.02536e-06	1.08049e-05	1.17498e-05	1.56081e-05	1.26092e-05	2.91391e-06	9.83135e-06	9.44885e-06	8.17121e-06	1.80579e-05	1.39076e-05	1.27586e-05	1.89091e-05	1.67258e-05	1.70903e-05	1.49296e-05	4.57431e-06	1.6689e-05	9.31934e-06	1.26682e-05	2.32382e-06	0	9.86775e-06	1.71533e-05	1.10038e-05	1.1309e-05	9.59941e-06	1.59326e-05	1.24116e-05	9.14889e-06	1.00939e-05	1.68413e-05	6.05597e-06	1.06019e-05	6.37161e-06	0	1.44573e-05	1.08865e-05	4.52644e-06	6.93011e-06	4.05234e-06	1.31383e-05	6.09292e-06	6.94661e-06	1.79563e-05	5.71129e-06	1.64559e-05	1.22885e-05	1.43735e-05	1.62837e-05	1.80865e-05	3.43788e-06	1.68675e-05	6.83199e-06	9.34326e-06	1.15145e-05	8.15848e-06	1.16354e-05	1.38025e-05	9.73582e-06	8.26808e-06	1.43953e-05	9.75753e-06	8.92992e-06	1.67287e-05	1.86651e-05	9.23288e-06	7.67891e-06	8.34984e-06	1.20738e-05	3.26355e-06	1.49846e-05	1.78475e-05	6.51427e-06	1.00968e-05	3.5107e-06	1.1971e-05	1.23674e-05	1.3651e-05	9.96654e-06	1.70694e-06	4.99937e-06	1.67599e-05	7.52644e-07	9.47182e-06	1.70185e-05	1.26697e-05	1.00098e-05	8.22723e-06	1.20502e-05	9.57863e-06	1.37473e-05	9.74548e-06	1.31108e-05	1.00499e-05	1.19704e-05	1.76316e-05	1.98238e-05	1.98308e-05	3.16505e-06
PWY-6876: isopropanol biosynthesis (engineered)	1.13771e-06	7.45155e-07	5.27561e-06	1.98131e-06	1.0388e-06	1.5081e-06	2.62807e-06	2.51313e-06	3.63893e-06	5.5058e-06	1.50969e-06	1.93086e-06	2.01143e-06	1.43609e-06	1.93226e-06	1.1913e-06	1.11069e-06	7.72629e-07	2.01625e-06	7.35834e-07	0	1.4722e-06	3.29441e-07	1.73938e-06	2.53632e-06	2.70679e-06	3.43675e-06	2.20606e-06	1.26039e-06	2.47284e-06	2.16029e-06	1.21215e-06	4.16498e-06	2.72308e-06	4.71961e-06	2.08244e-06	1.08704e-06	4.2299e-06	7.53049e-07	1.55996e-06	0	8.67865e-07	0	1.36144e-06	1.68261e-06	2.08784e-06	1.5303e-06	1.54578e-06	1.61113e-06	7.64959e-07	4.93413e-07	3.00119e-06	0	0	2.0107e-06	0	7.29484e-07	2.55282e-06	2.71003e-06	0	6.68528e-07	3.40287e-06	2.30426e-06	2.62068e-06	3.15035e-06	1.86348e-06	1.30399e-06	2.47454e-06	1.01077e-06	2.44257e-06	1.1229e-06	0	1.13083e-06	0	9.00552e-07	1.85532e-06	0	2.34228e-06	1.09094e-06	1.79064e-06	1.25003e-06	2.01998e-06	1.55142e-06	1.60644e-06	2.59129e-06	6.23115e-07	0	6.68265e-07	3.16266e-06	3.07183e-06	2.62931e-06	2.23268e-06	2.05255e-06	1.42483e-06	7.97067e-07	1.2112e-06	5.34889e-07	1.77738e-06	1.9599e-06	2.05296e-06	8.37912e-07	1.46853e-06	8.35749e-07	1.04932e-06	8.54143e-07	1.00498e-06	1.68693e-06	1.95257e-06	3.19116e-07	1.1465e-06	0	2.5398e-06	1.41751e-06	1.1993e-06	2.7404e-06	9.84576e-07	2.14469e-06	2.19086e-06	1.24204e-06	1.29227e-06
PWY-6895: superpathway of thiamine diphosphate biosynthesis II	1.73915e-05	2.00767e-05	9.85873e-06	1.82214e-05	1.62433e-05	4.78408e-06	3.14025e-06	5.64023e-06	8.09768e-06	1.23045e-05	1.32363e-05	3.46341e-05	6.55214e-06	2.82443e-05	1.71518e-05	6.28318e-06	1.20292e-05	3.49025e-06	3.69394e-06	5.99292e-06	0	6.40092e-06	8.13744e-06	2.07696e-05	8.06351e-05	0	4.87523e-05	6.07659e-05	1.2457e-05	2.92615e-05	1.77826e-05	2.97376e-05	4.3053e-05	1.94381e-05	1.27558e-05	6.11785e-05	1.63406e-05	0	1.65936e-05	1.13871e-05	1.96749e-05	4.19577e-06	3.65903e-05	2.12178e-05	2.0155e-05	2.10907e-05	1.24893e-05	5.2617e-05	1.71999e-05	1.88542e-05	1.83377e-05	2.06179e-05	1.22559e-05	2.38692e-05	1.09978e-05	3.45256e-06	5.98293e-06	1.36947e-05	1.38423e-05	1.2394e-05	1.48768e-05	7.02917e-06	2.93241e-05	1.06142e-05	4.63554e-05	6.73413e-06	5.55236e-06	9.23277e-06	7.45506e-06	1.10033e-05	4.20579e-06	9.09722e-06	3.60027e-05	3.93347e-06	0	2.06721e-05	4.02644e-06	1.8585e-05	1.34743e-05	1.31433e-05	2.16417e-05	7.10392e-06	7.89453e-06	9.42035e-06	2.41165e-05	2.72379e-05	5.60221e-05	3.51184e-06	7.76928e-06	4.81174e-06	1.51807e-05	5.14265e-05	4.45537e-05	7.93943e-06	0	3.52148e-06	0	4.11892e-05	7.59157e-06	2.8702e-06	9.21558e-06	1.46815e-05	8.63484e-06	2.6396e-06	6.27264e-06	1.54591e-05	3.57252e-06	0	2.41773e-05	1.33071e-05	1.157e-05	2.47058e-05	8.88261e-06	2.95968e-05	1.82505e-05	1.8521e-05	1.85952e-05	4.09735e-05	2.1389e-05	5.35098e-06
PWY-6897: thiamine diphosphate salvage II	6.76238e-05	4.22672e-05	7.60315e-05	6.3256e-05	3.33456e-05	6.75977e-05	3.94077e-05	5.75457e-05	8.70991e-05	8.60691e-05	4.96933e-05	6.63063e-05	6.25635e-05	8.91826e-05	7.57338e-05	5.18663e-05	6.481e-05	5.59015e-05	6.05346e-05	5.5674e-05	2.40999e-05	7.09689e-05	5.71041e-05	6.06454e-05	9.33741e-05	3.70064e-05	4.96216e-05	7.28847e-05	5.64751e-05	7.93055e-05	8.03399e-05	6.94334e-05	8.2386e-05	6.22502e-05	7.33765e-05	6.37543e-05	3.9356e-05	7.88738e-05	5.06134e-05	7.19948e-05	4.72016e-05	4.94205e-05	4.68043e-05	6.45167e-05	5.57646e-05	7.09866e-05	4.15667e-05	7.67002e-05	8.53901e-05	7.20409e-05	5.2577e-05	6.29196e-05	4.51658e-05	4.23885e-05	3.91033e-05	4.46864e-05	5.49452e-05	5.61606e-05	5.87054e-05	4.13212e-05	4.13765e-05	8.43449e-05	7.80848e-05	6.25631e-05	7.42697e-05	4.77724e-05	6.81998e-05	6.62415e-05	7.68074e-05	5.69627e-05	6.76458e-05	3.85639e-05	8.47593e-05	5.86671e-05	4.89162e-05	4.7488e-05	6.55035e-05	6.30549e-05	6.89478e-05	5.51678e-05	5.60143e-05	6.95119e-05	6.74374e-05	6.84338e-05	6.17595e-05	8.41549e-05	5.66788e-05	5.45777e-05	5.58878e-05	6.33038e-05	6.28144e-05	6.83205e-05	7.11442e-05	7.87683e-05	2.89828e-05	4.05426e-05	5.31774e-05	5.94671e-05	5.46744e-05	4.43103e-05	4.2158e-05	6.73466e-05	6.37382e-05	3.94086e-05	5.09e-05	6.80431e-05	5.99312e-05	3.8632e-05	4.68113e-05	7.86327e-05	4.662e-05	6.26065e-05	4.30426e-05	6.7585e-05	8.33304e-05	7.01537e-05	6.83448e-05	8.3118e-05	9.4577e-05	5.34672e-05
PWY-6901: superpathway of glucose and xylose degradation	8.34096e-05	5.39426e-05	5.04087e-06	1.42443e-05	1.1691e-05	1.69442e-05	1.18898e-05	1.59647e-05	5.28105e-06	1.95745e-05	2.74878e-05	5.49017e-05	3.91895e-05	2.13417e-05	1.49987e-05	1.78572e-05	1.22501e-05	1.17894e-05	6.12008e-06	8.66697e-06	1.88786e-05	3.24113e-05	9.7751e-06	5.08881e-05	4.90301e-05	3.82058e-05	0.000111494	5.83367e-05	2.10621e-05	4.87722e-05	4.608e-05	5.15863e-05	5.85302e-05	5.64478e-05	5.88146e-05	8.98286e-05	4.26777e-05	3.45874e-05	8.81341e-05	6.05747e-05	6.79995e-05	8.68773e-06	9.56492e-05	8.60108e-05	2.57777e-05	5.7087e-05	2.16691e-05	8.67125e-05	3.20796e-05	5.14097e-05	2.06039e-05	4.66772e-05	7.54057e-05	0.000105841	1.953e-05	1.10912e-05	6.32093e-06	4.53606e-05	4.54234e-05	6.70345e-05	3.74105e-05	2.32549e-05	3.38687e-05	1.73981e-05	6.38439e-05	4.45777e-05	3.51671e-05	3.11939e-05	1.34733e-05	1.23579e-05	2.61054e-05	8.15588e-06	2.40327e-05	2.4249e-06	1.90884e-06	8.80434e-05	1.4403e-05	5.61425e-05	5.08702e-05	3.30168e-05	7.93985e-05	2.15537e-05	5.21863e-05	1.8812e-05	5.60059e-05	6.48187e-05	0.0001345	2.77491e-05	4.59014e-05	1.10197e-05	2.96338e-05	9.28343e-05	7.22974e-05	2.36908e-05	1.97787e-06	3.99493e-05	8.31966e-05	6.10517e-05	9.30747e-06	4.16752e-06	2.59428e-05	3.26739e-06	1.15417e-05	6.97491e-06	4.32546e-05	1.0615e-05	5.08892e-05	4.51388e-06	6.14874e-05	7.07181e-06	4.07361e-05	4.90235e-05	3.38964e-05	3.57927e-05	1.87696e-05	5.22826e-05	4.45676e-05	8.11389e-05	0.000113938	6.09386e-05
PWY-6902: chitin degradation II (Vibrio)	1.84735e-06	7.81579e-06	0	0	1.09203e-06	0	1.21519e-06	0	3.73831e-07	3.07619e-07	7.44038e-07	1.16432e-06	1.94993e-06	5.60924e-07	3.3102e-07	0	0	0	0	0	0	5.55408e-07	0	2.45004e-06	4.83666e-06	1.3373e-06	4.30406e-06	6.86707e-07	4.20815e-07	3.00168e-06	1.14055e-06	3.70497e-06	3.22245e-06	2.58908e-06	1.55805e-06	6.35275e-06	6.95164e-07	3.18308e-06	1.09907e-06	1.57232e-06	3.0773e-06	0	3.35161e-06	2.71448e-06	0	5.56157e-07	7.73987e-07	2.77922e-06	1.63358e-06	7.89823e-07	2.29134e-06	4.35247e-06	2.38981e-06	1.7926e-05	8.30647e-07	0	0	2.00581e-06	7.17439e-07	0	0	0	0	5.19755e-07	1.41887e-06	2.32648e-06	1.63292e-06	4.36322e-07	0	0	0	0	6.93516e-07	0	0	4.27183e-06	0	0	8.15041e-07	1.07731e-06	1.18775e-06	2.61322e-06	3.06767e-06	0	1.11257e-06	9.72223e-07	1.89478e-06	0	1.20504e-06	0	0	5.99124e-06	5.34964e-06	0	0	1.85965e-06	1.07341e-05	8.93197e-07	0	4.08627e-07	0	0	0	0	1.70555e-06	0	0	8.39792e-07	0	0	2.63259e-06	1.62001e-06	1.28115e-06	0	0	2.58157e-06	3.90112e-06	6.50987e-06	1.40537e-05	0
PWY-6906: chitin derivatives degradation	1.34576e-06	0	0	1.08287e-05	0	0	4.31173e-06	2.13591e-06	0	0	0	0	0	0	0	0	0	0	0	0	0	0	1.63448e-06	0	1.28383e-05	0	1.29173e-05	1.14154e-05	2.86023e-06	7.29348e-06	0	0	0	5.66232e-06	2.07343e-06	1.69862e-05	0	0	6.53846e-06	0	5.60333e-06	0	5.66107e-06	0	2.98102e-06	1.63823e-06	0	8.69892e-06	0	0	0	1.37278e-06	1.42433e-06	8.09043e-06	0	0	0	0	2.04777e-06	1.20457e-06	3.38334e-06	0	8.28904e-06	0	1.78705e-06	0	0	0	0	0	0	0	4.06664e-06	0	0	7.20518e-06	0	0	0	0	0	0	0	1.66302e-06	0	1.95495e-06	9.92576e-06	0	0	0	0	0	0	2.60472e-06	0	0	1.10767e-06	4.77628e-06	2.6889e-06	0	0	1.24738e-06	3.97291e-06	0	1.97279e-06	1.26129e-06	0	0	0	0	6.9825e-06	1.65455e-06	1.16411e-06	5.64565e-06	4.12793e-06	0	0	3.23055e-06	2.41273e-06	1.18665e-06
PWY-6920: 6-gingerol analog biosynthesis (engineered)	0	0	0	0	0	0	0	0	0	0	0	0	0	0	0	0	2.84395e-07	0	0	0	0	0	0	0	0	0	0	0	0	0	0	0	0	0	0	0	0	0	0	0	0	0	0	0	0	0	3.92468e-07	0	0	0	0	0	0	0	0	0	0	0	0	0	0	0	0	0	0	0	0	0	0	0	0	4.81202e-07	0	0	0	0	0	0	0	0	0	0	0	0	0	0	0	0	0	0	0	0	0	0	0	0	0	0	0	0	0	0	0	0	0	0	0	0	0	0	0	0	0	0	0	0	0	0	0	0
PWY-6922: L-N&delta;-acetylornithine biosynthesis	0	0	0	0	3.58666e-07	0	4.06935e-07	0	0	0	0	0	0	0	0	0	0	0	0	0	0	0	0	0	6.44626e-07	0	8.70353e-07	6.21685e-07	0	4.92219e-07	0	0	0	0	2.91986e-07	0	0	0	4.21786e-07	0	4.45542e-07	1.0884e-06	0	0	0	0	0	6.0443e-07	0	0	0	2.86248e-07	0	8.95334e-07	0	5.54523e-07	0	0	0	5.30028e-07	0	0	3.41437e-07	0	8.05166e-07	0	0	0	0	0	0	0	3.83137e-07	0	0	1.33366e-07	0	0	0	0	1.19514e-07	0	0	0	0	0	0	0	0	0	0	0	0	0	0	1.013e-06	0	0	0	0	0	0	0	0	0	0	0	0	0	0	0	7.02605e-07	0	3.07968e-07	0	0	0	0	4.0249e-07	0
PWY-6936: seleno-amino acid biosynthesis (plants)	7.28245e-05	5.6129e-05	2.51904e-05	2.94588e-05	6.67819e-06	2.70178e-05	1.12113e-05	2.24986e-05	3.70046e-05	3.9036e-05	2.63719e-05	6.21732e-05	4.47334e-05	5.24989e-05	4.05767e-05	2.97059e-05	3.59845e-05	2.14156e-05	1.90788e-05	1.31799e-05	2.72122e-05	3.26141e-05	2.73276e-05	8.522e-05	6.26979e-05	9.61432e-05	0.000122718	6.77145e-05	2.46185e-05	6.2629e-05	0.00011307	0.000128391	0.000120941	7.34832e-05	9.39279e-05	5.71447e-05	0.000111946	5.35726e-05	5.97439e-05	6.40638e-05	8.58437e-05	5.91844e-06	0.000134685	0.000112126	1.6512e-05	0.000132842	4.44092e-05	0.000123874	3.6305e-05	9.79614e-05	2.72652e-05	6.144e-05	8.43059e-05	8.29139e-05	2.50782e-05	2.81455e-05	1.08897e-05	8.55186e-05	3.83253e-05	4.07223e-05	0.000103119	3.86554e-05	3.2866e-05	1.67901e-05	0.000115372	0.000100174	4.21006e-05	3.31672e-05	2.41767e-05	2.34425e-05	4.13157e-05	4.30841e-06	2.85812e-05	1.94396e-05	1.19711e-05	0.000132013	2.01135e-05	3.72233e-05	0.000150703	2.78266e-05	5.05156e-05	3.11247e-05	0.00010352	1.6064e-05	7.47441e-05	6.16401e-05	0.000123716	3.64407e-05	9.0391e-05	1.72879e-05	2.78016e-05	9.79192e-05	8.68838e-05	4.12495e-05	1.14515e-05	3.78019e-05	9.43079e-05	0.000114048	2.17392e-05	1.71981e-05	9.43798e-06	2.78528e-05	2.53886e-05	3.73695e-07	4.12178e-05	2.63624e-05	3.27007e-05	8.98396e-06	9.74854e-05	4.16905e-05	4.24832e-05	5.2656e-05	4.92622e-05	1.19287e-05	3.29299e-05	8.42171e-05	5.09609e-05	0.000106148	7.00379e-05	3.20536e-05
PWY-6953: dTDP-3-acetamido-&alpha;-D-fucose biosynthesis	0	0	2.44706e-06	2.58057e-06	4.46933e-06	7.70011e-06	2.05066e-06	3.83156e-06	3.81542e-06	0	1.58026e-06	3.48009e-06	2.75903e-06	3.09213e-06	2.61815e-06	0	4.54093e-06	3.45633e-06	4.70004e-06	4.67065e-06	0	2.13138e-06	3.11767e-06	0	2.09105e-06	0	0	0	1.64051e-06	1.10842e-06	2.34977e-06	0	2.54621e-06	8.50762e-07	2.57126e-06	2.77839e-06	0	0	0	0	0	1.46874e-06	1.24735e-06	2.21721e-06	1.81852e-06	2.27478e-06	2.41283e-06	2.63766e-06	2.97217e-06	2.72631e-06	4.78701e-06	2.96927e-06	2.34572e-06	0	2.58512e-06	0	5.29282e-06	3.33705e-06	0	1.09096e-06	1.69631e-06	0	1.79326e-06	1.6121e-06	2.01804e-06	4.4564e-06	0	1.85265e-06	3.53592e-06	1.58948e-06	3.40014e-06	5.05806e-07	3.46922e-06	1.9095e-06	3.0008e-06	0	4.20516e-06	4.19345e-06	0	3.5126e-06	1.3842e-06	2.66798e-06	1.70334e-06	1.9359e-06	2.93754e-06	3.88536e-06	0	2.22974e-06	3.08424e-06	4.52017e-06	2.03855e-06	1.76837e-06	3.85593e-06	2.7226e-06	8.87623e-07	0	0	0	1.53229e-06	2.4178e-06	1.68255e-06	2.03645e-06	4.7716e-06	0	2.95871e-06	3.25691e-06	3.14694e-06	1.50227e-06	2.07677e-06	2.58079e-06	1.32911e-06	2.50527e-06	1.771e-06	1.7397e-06	1.8652e-06	0	2.75649e-06	3.7774e-06	3.23536e-06	1.01079e-06
"PWY-6961: L-ascorbate degradation II (bacterial, aerobic)"	8.04051e-07	0	0	1.36677e-06	0	6.37102e-07	0	5.98605e-07	0	7.03664e-07	0	0	5.59159e-07	0	1.3967e-06	0	8.38623e-07	0	0	0	0	0	0	0	1.36706e-05	0	9.34767e-06	6.85316e-06	0	1.0349e-06	4.72263e-07	9.14624e-07	3.25323e-07	8.77368e-07	1.30377e-06	1.88497e-05	1.29971e-06	0	2.77634e-06	3.49527e-07	2.29695e-06	6.14845e-07	1.20211e-06	0	0	0	0	2.59966e-06	0	0	5.92721e-07	0	0	3.77163e-06	0	0	0	0	0	9.45613e-07	6.02777e-07	0	0	0	1.42325e-06	0	0	0	0	0	0	0	1.90019e-06	0	0	2.28718e-06	0	6.80211e-07	0	0	6.81082e-07	0	4.30591e-07	4.53325e-07	4.02758e-07	6.97069e-07	1.17189e-05	0	0	0	6.93188e-07	6.68339e-07	0	5.35583e-07	0	0	0	1.43075e-06	7.84074e-07	0	0	0	0	0	0	2.09738e-06	0	0	0	9.56038e-07	0	0	0	3.0032e-06	2.45304e-06	7.43878e-07	0	7.33641e-07	9.23991e-07	1.41865e-06
PWY-6969: TCA cycle V (2-oxoglutarate synthase)	6.89377e-05	6.98155e-05	7.55084e-05	6.5426e-05	6.73967e-05	7.70181e-05	6.98165e-05	7.30585e-05	6.75472e-05	8.54492e-05	6.23463e-05	6.72304e-05	7.87547e-05	8.32292e-05	8.33301e-05	9.3011e-05	7.66617e-05	7.58634e-05	8.12666e-05	6.70747e-05	3.51315e-05	7.70339e-05	7.77771e-05	7.40718e-05	7.88825e-05	6.4759e-05	7.37432e-05	7.52059e-05	7.79421e-05	7.26341e-05	6.94244e-05	7.08468e-05	8.66688e-05	6.64165e-05	6.25858e-05	7.30548e-05	6.8382e-05	8.15031e-05	7.19097e-05	6.99239e-05	5.46059e-05	5.7174e-05	5.35634e-05	7.2826e-05	5.81229e-05	6.17868e-05	6.28276e-05	6.03572e-05	6.92365e-05	6.90406e-05	5.2422e-05	6.6465e-05	8.30674e-05	4.5452e-05	5.99189e-05	5.95233e-05	6.48576e-05	7.41033e-05	6.77744e-05	7.36014e-05	6.27551e-05	8.24866e-05	7.11778e-05	5.99518e-05	6.80074e-05	5.1047e-05	7.79898e-05	7.71172e-05	7.08555e-05	6.82119e-05	8.15055e-05	5.17633e-05	7.10115e-05	5.72265e-05	6.82835e-05	5.97139e-05	7.1814e-05	6.47069e-05	6.7186e-05	6.29012e-05	6.14579e-05	7.7252e-05	7.13826e-05	6.09093e-05	6.36386e-05	7.02354e-05	6.17163e-05	6.2528e-05	6.05431e-05	6.87918e-05	6.17219e-05	8.56349e-05	8.48113e-05	7.16054e-05	6.5687e-05	6.64862e-05	6.52182e-05	7.69169e-05	6.57439e-05	8.15854e-05	5.22141e-05	7.92957e-05	7.55726e-05	4.41598e-05	7.77997e-05	7.68474e-05	6.40171e-05	7.14461e-05	7.26818e-05	8.43117e-05	7.04336e-05	7.68547e-05	6.4928e-05	7.00158e-05	6.41743e-05	7.41586e-05	7.52932e-05	6.55434e-05	7.03388e-05	6.88984e-05
"PWY-6992: 1,5-anhydrofructose degradation"	0	0	0	0	0	0	2.70417e-07	0	0	0	0	0	0	0	0	0	0	0	0	0	0	0	0	5.13976e-07	1.58693e-06	0	1.30888e-06	1.74246e-07	0	1.97896e-07	0	0	0	0	0	2.26242e-06	6.90619e-07	0	0	0	6.29791e-07	0	0	0	0	0	1.7723e-07	0	0	0	0	0	0	0	0	0	0	0	0	0	0	0	0	0	0	0	0	0	0	0	0	0	5.64734e-07	0	0	3.31468e-07	0	0	0	0	0	0	0	0	0	0	8.24534e-07	0	0	0	0	0	0	0	0	0	0	0	0	0	0	0	0	0	0	0	0	0	0	0	6.66704e-07	0	4.88266e-07	1.07771e-06	0	0	0	0	0	0
PWY-7000: kanamycin biosynthesis	0	0	0	0	0	0	0	0	0	0	0	0	0	0	0	0	0	0	0	0	0	0	0	0	0	0	0	0	0	0	0	1.29329e-06	0	0	1.98211e-06	0	0	0	0	0	0	0	0	8.9176e-07	0	0	0	4.06682e-06	0	0	0	0	0	0	0	0	0	0	0	0	0	0	0	0	0	9.52253e-07	0	0	0	0	0	0	0	0	0	0	0	0	8.11442e-07	0	0	0	4.0785e-07	0	0	0	0	0	0	0	0	7.53083e-07	0	0	0	0	0	0	0	0	0	0	0	0	0	0	0	0	0	0	0	7.77879e-07	0	0	0	0	0	1.46539e-06	0	0
"PWY-7009: 2,2'-dihydroxybiphenyl degradation"	0	0	0	0	0	0	0	0	0	0	0	0	0	0	0	0	0	0	0	0	0	0	0	0	0	0	0	2.64446e-07	0	0	0	0	0	0	0	0	0	0	0	0	0	0	0	0	0	0	0	0	0	0	0	0	0	0	0	0	0	0	0	0	0	0	0	0	0	0	0	0	0	0	0	0	0	0	0	0	0	0	0	0	0	0	0	0	0	0	0	0	0	0	0	0	0	0	0	0	0	0	0	0	0	0	0	0	0	0	0	0	0	0	0	0	0	0	0	0	0	0	0	0
"PWY-7013: (S)-propane-1,2-diol degradation"	1.15246e-05	1.06076e-05	1.48618e-05	1.05936e-05	1.9276e-05	1.17855e-05	1.93237e-05	1.36083e-05	1.19564e-05	1.04504e-05	1.07685e-05	1.08673e-05	1.16883e-05	1.13891e-05	1.00721e-05	1.29033e-05	1.29667e-05	1.05362e-05	1.13533e-05	6.8606e-06	1.12688e-05	1.09322e-05	1.6958e-05	1.27625e-05	1.4111e-05	8.21551e-06	2.12728e-05	1.94506e-05	1.15182e-05	9.30799e-06	1.00032e-05	7.21984e-06	1.16431e-05	1.28051e-05	7.03417e-06	1.71349e-05	2.96062e-05	7.25133e-06	1.80373e-05	7.95709e-06	1.46883e-05	1.33481e-05	9.37e-06	6.51641e-06	1.58977e-05	1.01915e-05	1.39873e-05	1.65188e-05	9.27201e-06	1.53138e-05	1.28929e-05	1.74229e-05	6.831e-06	7.20332e-06	1.46704e-05	1.50026e-05	1.18771e-05	1.75761e-05	1.39129e-05	1.53122e-05	1.71217e-05	8.19839e-06	1.45347e-05	1.16385e-05	8.19036e-06	1.50369e-05	1.45651e-05	9.9552e-06	1.17219e-05	1.71382e-05	2.05751e-05	5.31403e-06	1.19168e-05	1.39289e-05	8.6105e-06	4.78059e-06	1.36188e-05	1.50178e-05	1.51023e-05	1.65831e-05	1.30302e-05	1.28041e-05	1.52906e-05	1.2471e-05	1.16274e-05	1.06605e-05	1.27087e-05	1.36144e-05	1.45631e-05	1.22833e-05	1.14116e-05	1.30322e-05	1.42099e-05	1.38262e-05	1.26517e-05	1.60491e-05	1.52731e-05	1.36008e-05	1.09763e-05	1.29293e-05	1.27516e-05	8.88063e-06	8.06774e-06	1.42618e-05	1.02159e-05	1.05123e-05	9.4955e-06	1.34098e-05	9.25278e-06	1.14059e-05	1.69336e-05	1.54373e-05	1.81187e-05	1.42405e-05	1.29619e-05	1.99267e-05	1.16821e-05	1.24991e-05	1.32667e-05	8.5154e-06
PWY-702: L-methionine biosynthesis II	2.81662e-05	2.18325e-05	1.57565e-05	1.70755e-05	1.32769e-05	2.30604e-05	1.3134e-05	1.64279e-05	1.3585e-05	1.57569e-05	1.61849e-05	1.7065e-05	1.86048e-05	2.43486e-05	2.20937e-05	1.37719e-05	2.08281e-05	1.65337e-05	1.45889e-05	1.27679e-05	1.83522e-05	1.58817e-05	1.89429e-05	1.71556e-05	3.86544e-05	1.98183e-05	4.99462e-05	3.06669e-05	1.54346e-05	2.51325e-05	2.89426e-05	4.41974e-05	1.71153e-05	2.60672e-05	2.04064e-05	4.31348e-05	1.8894e-05	1.27627e-05	2.66253e-05	2.91506e-05	3.26459e-05	1.65344e-05	2.9567e-05	2.48173e-05	1.20297e-05	1.85828e-05	1.84128e-05	2.28691e-05	2.50085e-05	1.94884e-05	1.83576e-05	2.34821e-05	2.74641e-05	3.48019e-05	2.35394e-05	1.56453e-05	1.2151e-05	1.97281e-05	2.41451e-05	1.96815e-05	1.90243e-05	1.02388e-05	1.77181e-05	1.86864e-05	2.03088e-05	1.9341e-05	1.4623e-05	1.40366e-05	1.80698e-05	1.24101e-05	1.84583e-05	1.39626e-05	2.12419e-05	2.56045e-05	1.0032e-05	3.25322e-05	1.51024e-05	1.39169e-05	2.1979e-05	1.52817e-05	2.99989e-05	1.59654e-05	1.90089e-05	2.22387e-05	2.15141e-05	2.9017e-05	3.74738e-05	2.44541e-05	1.53991e-05	1.29202e-05	1.66009e-05	2.32556e-05	2.35219e-05	1.71427e-05	9.04156e-06	2.17527e-05	1.97809e-05	1.9079e-05	1.58248e-05	1.12221e-05	1.75738e-05	1.57376e-05	1.64838e-05	1.22951e-05	1.8506e-05	1.89169e-05	2.1104e-05	8.12705e-06	2.70936e-05	1.83518e-05	1.97649e-05	1.85664e-05	1.62681e-05	1.38939e-05	1.86749e-05	2.51544e-05	1.79302e-05	2.12836e-05	4.7372e-05	2.1035e-05
PWY-7031: protein N-glycosylation (bacterial)	0	0	0	0	0	0	0	0	0	0	0	1.25213e-06	7.93963e-07	0	0	0	1.95892e-06	0	0	0	0	0	0	0	0	3.57631e-07	0	0	0	1.02413e-06	0	1.66634e-06	1.08406e-06	7.6951e-07	0	0	0	0	0	0	0	0	0	0	0	0	0	1.576e-06	0	7.34462e-07	0	2.30396e-06	1.54867e-06	0	0	0	0	0	6.83527e-07	0	0	0	0	0	9.04791e-07	9.94541e-07	0	0	0	0	0	0	0	0	0	0	0	0	0	0	0	0	0	0	0	0	0	0	0	2.27068e-06	0	2.5683e-06	2.00639e-06	0	0	0	0	0	0	0	0	0	0	0	0	0	5.90586e-07	0	0	0	2.25721e-06	0	0	0	0	1.51012e-06	2.9047e-06	1.25863e-06	1.41956e-06	0
"PWY-7039: phosphatidate metabolism, as a signaling molecule"	0	0	0	0	0	0	0	0	0	0	0	0	0	0	0	0	0	0	0	0	0	0	0	0	1.35187e-06	0	0	0	0	2.55988e-07	0	0	0	0	0	0	0	0	0	0	0	0	0	0	0	0	0	3.46962e-07	0	0	0	0	0	0	0	0	0	0	0	0	0	0	0	0	0	0	0	0	0	0	0	0	0	0	0	0	0	0	0	0	0	0	0	0	0	0	2.49842e-07	0	0	0	0	0	0	0	0	0	0	0	3.52175e-07	0	0	0	0	0	0	0	0	0	0	0	0	0	0	0	0	0	0	0	0	0
"PWY-7090: UDP-2,3-diacetamido-2,3-dideoxy-&alpha;-D-mannuronate biosynthesis"	7.17586e-07	1.54757e-06	0	1.68165e-06	3.98615e-06	0	4.11023e-06	0	1.6857e-06	2.9831e-06	0	2.027e-06	1.74721e-06	3.00569e-06	0	4.90481e-06	8.87196e-07	4.22647e-07	8.77553e-07	0	0	1.02765e-06	9.81762e-07	1.24315e-06	1.79413e-06	0	0	2.91784e-06	6.95795e-07	0	6.2205e-07	8.39696e-07	2.02722e-06	0	2.40341e-06	2.94656e-07	2.44938e-06	3.56862e-06	0	0	0	2.63822e-06	0	1.6295e-06	2.09635e-06	1.75012e-06	2.66799e-06	5.1485e-07	6.51618e-07	1.0986e-06	8.03471e-06	2.09716e-06	0	0	2.74921e-06	0	6.24278e-07	2.68329e-06	2.29296e-06	3.0958e-06	6.72085e-07	0	2.84415e-06	3.70935e-06	1.72306e-06	1.56238e-06	8.78244e-07	1.51592e-06	0	3.15363e-06	1.7957e-06	0	0	2.4275e-06	1.41737e-06	4.84374e-07	2.69891e-06	3.72954e-06	1.25557e-06	8.44505e-07	0	3.22099e-06	5.87563e-07	1.24038e-06	1.18332e-06	0	0	2.76396e-06	2.93007e-06	0	2.77385e-06	2.10196e-06	2.08358e-06	8.21284e-07	0	0	0	1.7242e-06	0	1.714e-06	0	4.68963e-06	0	3.23075e-06	0	0	0	1.82615e-06	1.18818e-06	2.65249e-06	2.08507e-06	9.80709e-07	4.37336e-06	7.04175e-07	7.4284e-07	2.43654e-06	2.96098e-06	1.70637e-06	3.24808e-06	1.25132e-06
PWY-7094: fatty acid salvage	0	0	0	0	0	0	7.17032e-07	0	0	0	0	0	0	0	1.90374e-07	0	0	0	0	0	0	0	0	0	2.29009e-06	0	2.35532e-06	0	0	3.32084e-07	0	0	0	1.37052e-07	3.22081e-07	2.00605e-06	0	0	3.13274e-07	0	1.89562e-07	3.24189e-07	2.80247e-07	0	0	0	0	5.85506e-07	0	0	2.32319e-07	4.37337e-07	0	5.2646e-07	0	0	0	0	0	6.27593e-07	0	0	1.57103e-06	0	6.77063e-07	0	0	0	0	0	0	4.56565e-07	8.26559e-07	0	0	0	0	5.427e-07	0	0	0	0	0	0	0	0	2.05093e-06	0	0	0	0	0	0	0	0	0	0	0	0	0	1.66306e-06	0	0	0	0	4.69438e-07	0	0	0	0	0	0	0	6.23588e-07	8.8574e-07	0	0	3.75233e-07	2.23781e-07	2.10876e-07
PWY-7111: pyruvate fermentation to isobutanol (engineered)	0.000138026	0.000116713	6.82732e-05	5.80874e-05	7.03245e-05	8.65067e-05	6.25369e-05	7.36977e-05	7.09615e-05	6.53092e-05	8.28494e-05	0.000157706	8.12447e-05	8.02548e-05	8.10202e-05	5.46935e-05	0.000100518	8.0874e-05	7.13106e-05	6.86626e-05	0.000122649	7.75704e-05	7.47882e-05	0.000159086	0.000117645	0.000218264	0.000437475	0.000135805	5.45791e-05	0.000111055	0.000210398	0.000313212	0.000245794	0.000147302	0.000197447	0.000160655	0.000249382	6.35429e-05	0.000164039	0.00013966	0.00020555	7.98764e-05	0.000401352	0.000242982	5.59034e-05	0.000306679	0.000105519	0.000334099	9.98108e-05	0.000191244	5.97614e-05	0.000124319	0.000200438	0.00146803	8.16825e-05	6.56335e-05	6.35988e-05	0.000178679	8.58318e-05	0.000109381	0.000233312	5.32203e-05	8.63584e-05	6.57331e-05	0.000323242	0.00021391	8.60454e-05	7.56842e-05	0.000102395	7.19673e-05	7.39183e-05	7.27553e-05	9.61507e-05	6.8062e-05	7.15434e-05	0.000304775	7.61032e-05	0.0001135	0.00034672	8.56741e-05	0.0001238	7.17679e-05	0.000191288	7.16483e-05	0.000160572	0.000136549	0.000540174	8.15943e-05	0.000172934	5.52918e-05	7.88551e-05	0.000231968	0.000192773	8.32828e-05	5.89687e-05	8.86632e-05	0.000173145	0.00027612	6.90383e-05	6.40743e-05	6.9983e-05	7.60629e-05	8.57232e-05	8.43944e-05	0.000103157	8.24871e-05	8.90546e-05	4.88294e-05	0.000194308	5.75131e-05	0.000110597	0.00011805	0.000125329	0.000101732	8.57665e-05	0.000172956	0.000104655	0.000241956	9.16232e-05	0.000103031
"PWY-7115: C4 photosynthetic carbon assimilation cycle, NAD-ME type"	6.11171e-05	4.02492e-05	2.04074e-05	2.2008e-05	2.35905e-05	1.92605e-05	2.67245e-05	2.70614e-05	2.1419e-05	2.18496e-05	2.57922e-05	6.41781e-05	3.88701e-05	2.54125e-05	2.09646e-05	2.02665e-05	1.75083e-05	1.70881e-05	1.51402e-05	1.52312e-05	2.97968e-05	2.55022e-05	2.20473e-05	6.1662e-05	3.0961e-05	3.16324e-05	6.8554e-05	4.72322e-05	3.01541e-05	5.14395e-05	7.67261e-05	7.80411e-05	7.89814e-05	5.15969e-05	5.57045e-05	4.49064e-05	5.92839e-05	3.84901e-05	4.27217e-05	5.05668e-05	4.24491e-05	2.37027e-05	6.4445e-05	6.02285e-05	2.05111e-05	7.27753e-05	3.79239e-05	9.36217e-05	2.57586e-05	6.795e-05	2.38368e-05	5.04412e-05	5.97764e-05	6.10851e-05	2.13263e-05	2.17097e-05	2.12509e-05	6.8299e-05	4.16223e-05	3.87902e-05	5.93956e-05	2.23006e-05	3.1257e-05	2.1846e-05	7.82105e-05	5.28907e-05	4.11872e-05	2.52424e-05	2.19629e-05	2.45985e-05	2.77674e-05	2.66979e-05	2.38531e-05	1.65174e-05	1.75821e-05	6.8118e-05	2.04822e-05	4.35786e-05	8.79969e-05	3.32395e-05	5.02081e-05	2.15506e-05	7.68895e-05	2.39274e-05	7.56357e-05	4.95135e-05	7.50939e-05	3.50304e-05	6.85279e-05	2.21321e-05	2.55332e-05	8.50801e-05	8.30516e-05	2.39824e-05	2.40024e-05	3.29672e-05	5.20693e-05	7.22421e-05	2.12611e-05	1.99473e-05	2.08924e-05	2.79921e-05	1.85975e-05	3.32168e-05	4.05115e-05	1.6476e-05	3.92167e-05	2.06897e-05	4.87244e-05	1.65892e-05	5.1104e-05	5.13942e-05	3.99615e-05	2.4015e-05	1.87519e-05	7.00019e-05	4.40162e-05	6.27987e-05	6.5501e-05	3.85111e-05
"PWY-7117: C4 photosynthetic carbon assimilation cycle, PEPCK type"	6.09016e-05	3.79498e-05	1.52646e-05	1.23863e-05	1.73672e-05	1.04088e-05	2.37168e-05	1.0187e-05	2.5971e-05	2.27958e-05	2.59817e-05	6.37966e-05	3.76677e-05	3.02882e-05	1.63557e-05	2.06375e-05	1.08928e-05	1.43633e-05	1.46361e-05	6.7695e-06	5.11719e-06	2.78886e-05	1.30164e-05	6.98012e-05	5.00286e-05	2.45114e-05	6.52466e-05	5.99988e-05	3.71342e-05	6.10017e-05	8.46664e-05	8.5563e-05	8.91301e-05	5.68486e-05	6.97711e-05	5.89815e-05	5.26984e-05	5.09034e-05	4.00666e-05	4.91924e-05	3.87227e-05	9.70554e-06	5.92811e-05	5.66536e-05	1.97511e-05	8.21956e-05	3.20993e-05	0.000100386	2.99327e-05	6.82008e-05	1.88772e-05	4.94644e-05	5.54194e-05	6.11956e-05	1.55395e-05	1.70748e-05	4.10673e-06	6.54971e-05	4.25181e-05	3.3301e-05	5.57089e-05	2.30709e-05	3.30371e-05	2.03456e-05	8.31104e-05	4.60254e-05	4.65236e-05	2.32412e-05	1.55424e-05	1.18329e-05	2.87989e-05	2.56157e-05	1.64641e-05	3.50474e-06	0	6.9339e-05	1.09594e-05	4.36248e-05	8.29623e-05	2.92295e-05	4.42935e-05	2.09306e-05	7.46236e-05	2.24268e-05	7.80727e-05	5.10928e-05	7.2323e-05	3.47422e-05	6.68582e-05	1.2834e-05	2.38037e-05	8.44072e-05	8.35313e-05	2.53981e-05	1.19904e-05	2.81636e-05	4.87625e-05	7.37238e-05	1.24118e-05	1.88434e-05	2.08303e-05	1.14443e-06	1.2798e-05	1.97947e-05	3.61788e-05	1.09093e-05	3.52624e-05	1.34269e-05	4.28645e-05	1.44375e-05	4.73715e-05	5.06931e-05	3.372e-05	9.47844e-06	1.78711e-05	6.87147e-05	4.89712e-05	8.3496e-05	7.9768e-05	3.52544e-05
PWY-7118: chitin deacetylation	2.58571e-06	7.57032e-07	0	1.46862e-06	2.19948e-07	0	9.08818e-07	1.51638e-06	0	3.67406e-06	0	0	0	1.00542e-06	3.27892e-06	0	2.27972e-06	0	0	0	6.16939e-07	3.51492e-07	6.38456e-07	0	1.66625e-05	0	7.22664e-06	1.5249e-05	2.19519e-06	6.0847e-06	2.82402e-06	2.71932e-06	2.15262e-06	5.68435e-06	3.06747e-06	2.28392e-05	2.84691e-06	0	6.459e-06	0	5.01403e-06	6.50336e-06	8.87422e-06	8.52579e-07	6.66092e-07	2.03162e-06	4.36665e-07	7.20002e-06	1.73967e-06	9.32847e-07	3.16522e-06	2.71196e-06	2.53823e-06	4.21195e-06	0	1.1998e-06	0	0	0	4.74852e-06	3.5773e-06	0	6.81811e-06	0	4.35186e-06	0	9.62166e-07	3.98504e-07	5.58237e-07	7.05738e-07	2.10229e-06	7.78117e-07	5.4591e-06	0	0	6.75424e-06	0	6.31675e-06	2.18915e-06	0	4.30123e-06	0	5.25247e-07	4.29279e-06	1.71392e-06	0	6.72657e-06	0	1.07491e-06	0	1.99606e-06	4.44528e-07	2.0188e-06	0	0	2.83608e-06	0	4.91772e-06	4.74807e-07	0	4.94037e-06	1.55465e-06	1.85055e-06	0	2.17594e-06	2.3107e-06	3.92034e-07	0	1.25548e-06	0	1.93651e-06	6.91724e-07	2.16451e-06	8.92124e-06	5.03914e-06	2.36273e-06	7.33373e-07	3.59699e-06	1.3084e-06	2.4182e-06
"PWY-7159: 3,8-divinyl-chlorophyllide a biosynthesis III (aerobic, light independent)"	0	0	0	0	0	0	0	0	0	0	0	0	0	0	0	0	0	0	0	0	0	0	0	0	0	0	0	0	0	0	0	0	0	0	0	0	0	0	0	0	0	0	0	0	0	0	0	0	0	0	0	4.47245e-07	0	0	0	0	0	0	0	0	0	0	0	0	0	0	0	0	0	0	0	0	0	0	0	0	0	0	0	0	0	0	0	0	0	0	0	0	0	0	0	0	0	0	0	0	0	0	0	0	0	0	0	0	0	0	0	0	0	0	0	0	0	0	0	0	0	0	0	0
PWY-7184: pyrimidine deoxyribonucleotides de novo biosynthesis I	3.87207e-06	3.62683e-06	0	1.89913e-06	4.42599e-06	0	1.93907e-06	1.57173e-06	0	2.37255e-06	0	0	0	0	2.00611e-06	0	1.84468e-06	0	0	0	1.61445e-06	0	3.56326e-06	0	4.65288e-05	1.8985e-06	4.55783e-05	1.16635e-05	2.05963e-06	1.28539e-05	1.95627e-06	9.67357e-06	1.3655e-06	3.96604e-06	2.56579e-06	4.53852e-05	1.29132e-06	0	4.79756e-06	0	3.05774e-06	6.55213e-07	1.32939e-05	0	1.15652e-06	5.05139e-06	1.35958e-06	2.09281e-05	0	0	2.00438e-06	3.33922e-06	0	8.42582e-06	0	0	4.47465e-07	0	0	5.20243e-06	1.50856e-06	0	3.20162e-05	0	2.07927e-05	0	0	0	0	6.2807e-07	1.07898e-05	0	2.6713e-06	1.43605e-06	0	2.25813e-06	0	0	4.4237e-07	0	1.32532e-06	2.8794e-06	0	0	1.3415e-06	9.18822e-07	1.63014e-05	0	0	0	2.24118e-05	0	0	0	0	5.34221e-07	0	1.13897e-06	2.65092e-05	0	3.27492e-06	1.93113e-06	0	0	0	1.07539e-06	0	0	1.39822e-06	0	0	3.2756e-07	0	2.3216e-05	3.05462e-06	2.61438e-06	0	2.3101e-06	0	2.44174e-05
PWY-7187: pyrimidine deoxyribonucleotides de novo biosynthesis II	0	0	0	0	0	0	0	0	0	1.21658e-06	0	0	0	0	0	0	0	0	0	0	0	0	0	0	1.36522e-05	0	8.44693e-06	5.41911e-06	0	2.00081e-06	0	0	0	1.51855e-06	0	1.61007e-05	0	0	2.50251e-06	0	0	0	3.25683e-06	0	0	0	0	3.17447e-06	0	0	0	0	0	4.83162e-06	0	0	0	0	0	0	0	0	0	0	1.44506e-06	0	0	0	0	0	0	0	0	0	0	1.52208e-06	0	0	0	0	0	0	0	0	0	0	8.13235e-06	0	0	0	0	0	0	0	0	0	0	0	0	0	0	0	0	0	0	0	0	0	0	0	0	0	0	3.30615e-06	0	0	0	0	0	0
PWY-7196: superpathway of pyrimidine ribonucleosides salvage	2.66222e-06	3.81266e-06	0	0	0	0	0	0	2.21158e-06	0	0	8.22224e-07	1.49411e-06	9.95101e-07	3.39297e-06	1.55978e-06	0	0	0	0	0	1.47924e-06	0	3.05938e-06	1.39177e-06	3.11917e-06	2.7622e-06	1.49171e-06	0	2.87301e-06	0	2.07256e-06	1.0227e-06	0	0	4.3682e-06	0	0	0	0	0	0	6.02286e-07	0	0	0	0	3.26717e-06	1.65552e-06	0	2.35536e-06	0	0	0	1.65206e-06	0	0	0	0	0	1.11046e-06	0	3.05817e-06	0	0	0	0	5.58824e-07	0	0	0	2.38637e-06	0	0	0	3.00015e-06	0	0	6.57498e-07	6.83928e-07	0	1.65501e-06	2.66761e-06	1.56065e-06	0	0	1.82999e-06	1.50218e-06	1.86036e-06	7.39158e-07	0	1.15481e-06	0	0	0	0	0	2.87784e-06	0	0	0	0	2.10119e-06	0	1.51529e-06	2.95796e-06	2.24669e-06	0	0	1.87071e-06	1.52543e-06	2.8455e-06	1.22648e-06	4.42809e-06	1.33317e-06	1.16822e-06	1.62854e-06	1.99024e-06	3.74411e-06	2.96748e-06
PWY-7197: pyrimidine deoxyribonucleotide phosphorylation	8.95053e-05	4.64682e-05	0.000104699	0.000101664	7.88669e-05	0.000105448	7.89936e-05	9.88161e-05	0.000116487	0.000115293	7.38032e-05	9.37293e-05	0.00010532	0.000129096	0.000104726	9.26205e-05	9.14329e-05	9.90347e-05	0.000119898	0.000125886	3.72235e-05	0.00011332	9.0022e-05	0.00010699	0.000134534	5.31197e-05	6.63189e-05	0.000104296	8.15137e-05	0.000137808	0.000137195	9.18021e-05	0.000129819	0.000102378	0.00011032	4.33781e-05	6.12703e-05	0.000128984	4.82024e-05	9.65458e-05	4.7572e-05	4.89718e-05	2.95251e-05	8.6476e-05	0.000101871	8.48442e-05	6.51695e-05	0.000115462	0.000103484	8.22887e-05	6.84752e-05	0.000101621	4.99458e-05	3.04044e-05	7.21682e-05	6.37375e-05	9.82724e-05	9.53691e-05	7.55747e-05	5.19477e-05	4.94901e-05	0.000130139	8.98523e-05	8.38487e-05	0.000112032	5.15584e-05	0.000118308	0.00010061	0.000101404	9.73292e-05	0.000114142	4.78238e-05	9.87659e-05	6.02355e-05	7.77502e-05	4.51659e-05	8.77023e-05	0.000101869	9.74463e-05	8.52356e-05	8.41086e-05	0.000102963	8.75118e-05	5.61326e-05	0.000104805	0.000102247	3.71646e-05	8.55133e-05	8.8254e-05	9.54123e-05	8.77073e-05	8.91694e-05	0.000120413	9.39892e-05	6.94684e-05	5.06063e-05	5.21737e-05	0.000103035	9.62337e-05	7.9314e-05	6.6511e-05	0.000100331	9.55691e-05	5.5307e-05	7.16038e-05	0.000107257	9.59605e-05	8.01529e-05	4.68819e-05	0.000144604	8.45951e-05	0.000104631	8.41298e-05	8.50863e-05	0.000112384	9.61185e-05	0.000119015	0.000119423	9.1657e-05	6.95677e-05
PWY-7198: pyrimidine deoxyribonucleotides de novo biosynthesis IV	0.000111909	6.17957e-05	8.44973e-05	7.96156e-05	5.2486e-05	6.40924e-05	5.23976e-05	5.77994e-05	0.000102499	0.000100088	7.03424e-05	0.000116935	9.81971e-05	0.000102523	8.78195e-05	7.44375e-05	6.15178e-05	5.05302e-05	5.01905e-05	4.88344e-05	4.25477e-05	9.2403e-05	5.11213e-05	0.000128901	0.00012085	8.0562e-05	0.000105396	0.000103074	8.72558e-05	0.000134009	0.000173692	0.000134427	0.000169168	0.00011838	0.000140928	2.84767e-05	9.08406e-05	0.000122939	6.74804e-05	0.000114734	6.87084e-05	8.02013e-06	4.88113e-05	0.000121255	7.85429e-05	0.000126638	8.09671e-05	0.000165778	8.62981e-05	0.00011371	6.87042e-05	0.000114493	7.38943e-05	5.2482e-05	5.79368e-05	7.69344e-05	4.67774e-05	0.000124497	8.95264e-05	6.33949e-05	7.56689e-05	0.000122134	8.74269e-05	7.35968e-05	0.000159645	7.68369e-05	0.000104008	8.78428e-05	7.42677e-05	8.01196e-05	8.5059e-05	2.44178e-05	6.20724e-05	3.81759e-05	4.98401e-05	7.05603e-05	6.02569e-05	0.000100103	0.000145219	8.82913e-05	9.64566e-05	7.1306e-05	0.000120219	5.08909e-05	0.000131897	0.000110997	6.18965e-05	9.50953e-05	0.000117503	6.88856e-05	8.07327e-05	0.000120553	0.000146125	9.0564e-05	4.94096e-05	5.99919e-05	7.58281e-05	0.000143349	5.27502e-05	6.52046e-05	3.5836e-05	7.80273e-05	5.23638e-05	1.54168e-05	7.91005e-05	5.6381e-05	8.90023e-05	4.22412e-05	7.02155e-05	9.91273e-05	9.43915e-05	0.000112597	0.000101241	4.73551e-05	8.42527e-05	0.000123564	0.000107031	0.000152493	0.000112408	6.60592e-05
PWY-7199: pyrimidine deoxyribonucleosides salvage	0.000176436	0.000239415	0.000184349	0.000185832	0.000187798	0.000193466	0.00016615	0.000225766	0.000189985	0.000180567	0.000177499	0.000163335	0.00018918	0.000163078	0.000182883	0.00015116	0.000189416	0.000224016	0.000205804	0.000218227	0.000250469	0.000174476	0.000206954	0.000168238	0.000131551	0.000224528	0.000150282	0.000177351	0.000153309	0.000128655	0.000116987	0.000160995	0.00012384	0.00018521	0.000148423	0.000265447	0.00024879	0.000135316	0.000248263	0.000189089	0.000271661	0.000299037	0.000217108	0.000189306	0.000213069	0.000144664	0.000168521	0.000152403	0.000183579	0.0001799	0.000240862	0.00018073	0.000224342	0.000115406	0.000199938	0.000252138	0.000236034	0.00016453	0.000169853	0.000192344	0.000201471	0.000159298	0.000204545	0.000166105	0.000130558	0.000212102	0.000169209	0.000180659	0.000188658	0.000180467	0.000195207	0.000276266	0.000188898	0.000210169	0.000208191	0.000240004	0.000217906	0.000194753	0.000158103	0.000186747	0.000192723	0.000172546	0.000186205	0.000214427	0.00019513	0.000189826	0.000208134	0.000180455	0.000193233	0.000226192	0.000194355	0.000186149	0.000160405	0.000223285	0.000167881	0.000206809	0.000212508	0.000150344	0.000210734	0.000163054	0.00026197	0.000187397	0.000232492	0.000217939	0.000210355	0.000198916	0.000223014	0.000171704	0.000185291	0.00018423	0.000220497	0.000164978	0.000199716	0.00025178	0.000205151	0.000170802	0.000186982	0.000155253	0.000194753	0.00029886
PWY-7200: superpathway of pyrimidine deoxyribonucleoside salvage	8.17576e-06	0	5.90683e-06	6.2417e-06	0	4.39769e-06	0	2.77629e-06	7.7912e-06	1.123e-05	2.1809e-06	7.83848e-06	1.50723e-06	4.06496e-06	9.22596e-06	5.62011e-06	3.38916e-06	0	0	0	0	1.21593e-05	4.04036e-06	3.97278e-06	1.16694e-05	0	0	5.2705e-06	8.12819e-06	0	1.26087e-05	4.95565e-06	8.3631e-06	8.15783e-06	0	2.15952e-06	0	0	0	9.30996e-06	4.63358e-06	0	0	1.38994e-05	5.33493e-06	1.03884e-05	3.56296e-06	6.3922e-06	1.5473e-05	8.59263e-06	2.85094e-06	1.61357e-06	2.27779e-06	0	3.27809e-06	3.81047e-06	4.18153e-06	4.01824e-06	5.80681e-06	0	0	8.12969e-06	0	9.5879e-06	1.11946e-05	1.62033e-06	3.37565e-06	0	1.07788e-05	9.72595e-06	4.56871e-06	0	5.02712e-06	1.65582e-06	0	0	0	5.86237e-06	3.48248e-06	3.2929e-06	0	2.86587e-06	5.07002e-06	5.3654e-06	4.20549e-06	7.4679e-06	0	0	4.37069e-06	9.38582e-06	1.05788e-05	1.63522e-06	1.93709e-06	0	0	0	2.96219e-06	4.07898e-06	4.5432e-06	2.23156e-06	0	0	0	0	8.86369e-07	3.29762e-06	4.47036e-06	0	6.34667e-06	5.5946e-06	0	7.13379e-06	1.25835e-06	0	8.16849e-06	8.26228e-06	0	1.0616e-05	9.88036e-06	0
PWY-7204: pyridoxal 5'-phosphate salvage II (plants)	0	0	0	5.95237e-07	0	0	0	4.1493e-07	0	0	0	0	0	0	6.72355e-07	0	0	0	0	0	0	0	0	0	7.45136e-06	0	4.35487e-06	4.10446e-06	4.9702e-07	0	0	3.33405e-07	0	1.27843e-06	0	9.81736e-06	1.93136e-07	0	2.00734e-06	0	1.27561e-06	2.96182e-07	1.03753e-06	0	0	2.60453e-07	0	6.00714e-07	0	0	0	0	0	2.37893e-06	0	0	0	0	0	3.55943e-07	0	0	0	0	8.1948e-07	0	0	0	0	0	0	0	1.50431e-06	0	0	6.43447e-07	0	6.82065e-07	0	0	0	0	0	7.95474e-07	4.53309e-07	0	5.32504e-06	0	5.35998e-07	0	1.59849e-06	0	0	0	0	0	0	2.13003e-06	0	0	0	1.49757e-07	0	0	0	0	0	0	0	0	0	0	0	8.70242e-07	1.84461e-06	0	0	3.17367e-07	1.56608e-07	0
PWY-7208: superpathway of pyrimidine nucleobases salvage	0.000128889	6.96142e-05	0.000155529	0.000147629	0.000115998	0.00015771	0.000115568	0.000148154	0.000167437	0.000168629	0.000108449	0.000133449	0.000154724	0.000195999	0.000153758	0.000131388	0.000138309	0.000145115	0.000169173	0.000179779	5.6026e-05	0.000166651	0.000136901	0.000150693	0.000183007	7.71975e-05	9.34814e-05	0.000155714	0.000118885	0.000180292	0.000183138	0.000130197	0.000175233	0.000148885	0.000155081	6.59871e-05	8.79589e-05	0.000175538	7.2225e-05	0.000140975	7.05888e-05	7.23093e-05	4.34902e-05	0.00012341	0.000146347	0.000119347	9.2675e-05	0.000159263	0.000154538	0.000118716	0.000104387	0.000149405	7.39336e-05	4.50451e-05	0.000107533	9.64243e-05	0.000149107	0.000135167	0.000109192	7.87552e-05	7.27773e-05	0.000185362	0.000135146	0.000124335	0.000153178	7.60291e-05	0.000170637	0.00015051	0.000153795	0.000138952	0.00016919	7.32519e-05	0.000151612	9.21225e-05	0.000114906	6.67067e-05	0.000131432	0.000143456	0.000137908	0.000127797	0.000122475	0.000155135	0.000125961	8.54895e-05	0.000149424	0.000152119	5.43783e-05	0.000125538	0.00012655	0.000144791	0.000127796	0.000127254	0.000169211	0.00013848	0.000100877	7.51125e-05	7.68742e-05	0.000143414	0.000142324	0.000119196	0.000102709	0.000151137	0.000144856	8.60923e-05	0.00010652	0.000162716	0.000141543	0.000121385	6.89872e-05	0.000207527	0.000120316	0.000150453	0.000116267	0.000129037	0.000164882	0.000136817	0.000169308	0.000167594	0.000129465	0.000109239
PWY-7209: superpathway of pyrimidine ribonucleosides degradation	3.51374e-07	0	0	0	0	0	0	0	0	0	0	0	0	0	0	0	0	0	0	0	0	0	0	0	1.65295e-06	0	1.05217e-05	1.05184e-06	0	1.69387e-06	2.30423e-06	9.30549e-07	1.0878e-06	1.20253e-06	2.13334e-06	9.62325e-06	0	2.18291e-06	2.0334e-06	0	3.76586e-06	0	7.1514e-06	0	0	1.92663e-06	1.23562e-06	5.77644e-06	0	7.16836e-07	2.02904e-06	1.2448e-06	5.99467e-07	1.11738e-05	0	8.32279e-07	0	0	0	0	1.23479e-06	0	0	0	3.19549e-06	0	0	0	0	0	0	0	0	0	0	1.41762e-06	0	0	7.00699e-07	6.69637e-07	0	0	0	0	1.88235e-06	0	1.61022e-05	0	0	0	7.92518e-07	1.20656e-06	2.30247e-06	0	0	1.24276e-06	0	3.2165e-06	0	0	0	0	0	0	0	0	0	0	0	0	1.27409e-06	1.18659e-06	9.35858e-07	0	0	2.10317e-06	0	1.44502e-06	2.10882e-06	0
PWY-7210: pyrimidine deoxyribonucleotides biosynthesis from CTP	0	0	0	0	0	0	0	0	0	0	0	0	0	0	0	0	0	0	0	0	9.53719e-07	0	0	0	1.25752e-06	0	1.97685e-06	6.08192e-07	0	1.28513e-06	1.25944e-06	0	0	1.33384e-06	2.84087e-06	4.27006e-06	1.4302e-06	0	0	0	0	7.26466e-07	0	0	0	0	1.50554e-06	1.57537e-05	0	0	0	1.37214e-06	0	0	0	0	0	0	0	0	1.37715e-06	0	0	0	0	0	0	0	0	0	1.18036e-05	0	2.95447e-06	1.58935e-06	0	0	0	0	0	0	7.19159e-07	0	0	0	1.48748e-06	0	1.7056e-06	0	0	0	1.56364e-05	0	0	0	0	0	0	5.315e-07	0	0	0	1.53384e-06	0	0	0	0	0	0	0	0	0	0	0	1.28675e-06	0	0	0	0	0	1.92843e-06
PWY-7211: superpathway of pyrimidine deoxyribonucleotides de novo biosynthesis	4.75647e-06	5.25716e-06	0	0	6.35793e-06	0	2.2281e-06	2.73339e-06	0	0	0	0	0	0	3.40261e-06	0	0	0	0	0	2.54208e-06	0	4.8988e-06	0	4.88399e-06	3.19534e-06	6.97177e-06	6.62172e-06	0	6.75448e-06	1.75728e-06	4.74322e-06	1.78627e-06	2.08393e-06	2.44697e-06	1.01878e-05	2.29781e-06	0	0	0	0	0	1.50458e-06	0	0	0	2.3307e-06	2.13187e-05	0	0	2.98147e-06	2.08139e-06	0	0	0	0	8.30851e-07	0	0	0	2.25205e-06	0	9.50288e-06	0	0	0	0	0	0	1.12702e-06	6.29177e-06	0	2.29322e-06	0	0	3.49366e-06	0	0	7.04028e-07	0	1.0403e-06	3.02848e-06	0	0	0	1.53585e-06	4.39171e-06	0	0	0	1.96055e-05	0	0	0	0	0	0	1.97546e-06	0	0	0	1.98889e-06	0	0	0	1.99166e-06	0	0	0	0	0	6.32641e-07	0	1.73077e-05	3.24175e-06	2.34716e-06	0	3.18377e-06	0	6.94583e-06
PWY-7218: photosynthetic 3-hydroxybutanoate biosynthesis (engineered)	0	0	0	0	0	0	0	0	0	0	0	0	0	0	0	0	0	0	0	0	0	0	0	0	0	0	0	0	0	0	0	0	0	0	0	0	0	0	0	0	0	0	0	0	0	0	0	0	0	0	0	0	0	0	0	0	0	0	0	3.78645e-07	0	0	0	0	0	0	0	0	0	0	0	0	0	0	0	0	0	0	0	0	0	0	0	0	0	0	0	0	0	0	0	0	0	0	0	0	0	0	0	0	0	0	0	0	0	0	0	0	0	0	0	0	0	0	0	0	0	0	0	0
PWY-7220: adenosine deoxyribonucleotides de novo biosynthesis II	9.39099e-05	4.76948e-05	0.000102148	9.29723e-05	8.1388e-05	6.0881e-05	7.70622e-05	9.72312e-05	0.000113197	9.10676e-05	7.15302e-05	9.76355e-05	0.00010019	0.00010215	9.71906e-05	9.27118e-05	7.43843e-05	8.85797e-05	0.000117141	0.000126296	3.92455e-05	9.40978e-05	7.11695e-05	0.00010753	0.000119095	5.90647e-05	7.44155e-05	0.000105267	7.68756e-05	0.000135262	0.00014594	0.000101709	0.000139441	0.000102191	0.000115858	4.58359e-05	6.80802e-05	0.000101735	5.24651e-05	0.000101876	5.20749e-05	5.08911e-05	3.3128e-05	9.48343e-05	9.76815e-05	9.55509e-05	6.99729e-05	0.000128961	8.88056e-05	8.99911e-05	6.85238e-05	0.000101929	5.51747e-05	3.42054e-05	7.37244e-05	6.02116e-05	0.000101315	0.000102911	8.0042e-05	5.37357e-05	5.50763e-05	9.94339e-05	8.78747e-05	8.89043e-05	0.000124732	5.71853e-05	0.000109687	8.59565e-05	9.71179e-05	9.89259e-05	0.000104153	3.75756e-05	6.75391e-05	5.8455e-05	6.43654e-05	5.02839e-05	7.653e-05	0.000107116	0.000109707	8.33602e-05	9.02687e-05	6.44961e-05	9.54258e-05	5.63579e-05	0.000112978	0.000100928	4.18568e-05	8.08974e-05	9.43923e-05	8.51027e-05	8.91828e-05	9.7131e-05	0.00012835	8.64953e-05	7.32416e-05	5.41859e-05	5.66594e-05	0.000113049	9.50412e-05	7.5954e-05	5.73095e-05	9.5695e-05	8.0366e-05	5.84855e-05	7.38935e-05	8.50327e-05	9.79039e-05	6.7775e-05	5.20825e-05	8.38064e-05	8.78733e-05	0.000102917	9.07785e-05	8.51443e-05	9.84953e-05	0.000101994	0.000105783	0.000126933	9.38799e-05	7.24193e-05
PWY-7221: guanosine ribonucleotides de novo biosynthesis	0.000264078	0.000231275	0.000277819	0.000236717	0.000291141	0.000251762	0.000246715	0.000310647	0.000263527	0.000208146	0.000256403	0.000273397	0.000269463	0.000262558	0.000295584	0.00018886	0.000260764	0.000305757	0.000306432	0.00035575	0.000286378	0.000230914	0.000258074	0.000228009	0.000208212	0.000310149	0.000445523	0.000214681	0.000204057	0.000240143	0.000294783	0.000377954	0.000282412	0.000263729	0.000276863	0.000273424	0.00037142	0.000197269	0.000295359	0.000309467	0.000273627	0.000267208	0.000424807	0.000355085	0.00024697	0.00035421	0.000250741	0.000362217	0.000278784	0.000303493	0.000254663	0.000243175	0.000312237	0.00123872	0.000270651	0.000256895	0.000353475	0.000316251	0.00022491	0.000222718	0.000294864	0.000204971	0.000267958	0.000251122	0.000350807	0.000330932	0.000237055	0.000232151	0.000358928	0.000267325	0.000262825	0.000180875	0.000332893	0.000222571	0.000229252	0.000350203	0.000285008	0.000258617	0.000414178	0.000246981	0.000269256	0.000221749	0.000341914	0.000214819	0.000303482	0.00030191	0.000531829	0.000233122	0.000275588	0.000287491	0.000257955	0.000331921	0.000340911	0.000249035	0.000272446	0.000224533	0.000277014	0.00030531	0.000285271	0.000200076	0.000266035	0.000285407	0.000301714	0.000208758	0.000266008	0.000278648	0.000344946	0.000195523	0.000286556	0.000241793	0.000274429	0.000283296	0.000323086	0.000280667	0.000236598	0.000302816	0.000256182	0.000313366	0.000294648	0.000260568
PWY-7222: guanosine deoxyribonucleotides de novo biosynthesis II	9.39099e-05	4.76948e-05	0.000102148	9.29723e-05	8.1388e-05	6.0881e-05	7.70622e-05	9.72312e-05	0.000113197	9.10676e-05	7.15302e-05	9.76355e-05	0.00010019	0.00010215	9.71906e-05	9.27118e-05	7.43843e-05	8.85797e-05	0.000117141	0.000126296	3.92455e-05	9.40978e-05	7.11695e-05	0.00010753	0.000119095	5.90647e-05	7.44155e-05	0.000105267	7.68756e-05	0.000135262	0.00014594	0.000101709	0.000139441	0.000102191	0.000115858	4.58359e-05	6.80802e-05	0.000101735	5.24651e-05	0.000101876	5.20749e-05	5.08911e-05	3.3128e-05	9.48343e-05	9.76815e-05	9.55509e-05	6.99729e-05	0.000128961	8.88056e-05	8.99911e-05	6.85238e-05	0.000101929	5.51747e-05	3.42054e-05	7.37244e-05	6.02116e-05	0.000101315	0.000102911	8.0042e-05	5.37357e-05	5.50763e-05	9.94339e-05	8.78747e-05	8.89043e-05	0.000124732	5.71853e-05	0.000109687	8.59565e-05	9.71179e-05	9.89259e-05	0.000104153	3.75756e-05	6.75391e-05	5.8455e-05	6.43654e-05	5.02839e-05	7.653e-05	0.000107116	0.000109707	8.33602e-05	9.02687e-05	6.44961e-05	9.54258e-05	5.63579e-05	0.000112978	0.000100928	4.18568e-05	8.08974e-05	9.43923e-05	8.51027e-05	8.91828e-05	9.7131e-05	0.00012835	8.64953e-05	7.32416e-05	5.41859e-05	5.66594e-05	0.000113049	9.50412e-05	7.5954e-05	5.73095e-05	9.5695e-05	8.0366e-05	5.84855e-05	7.38935e-05	8.50327e-05	9.79039e-05	6.7775e-05	5.20825e-05	8.38064e-05	8.78733e-05	0.000102917	9.07785e-05	8.51443e-05	9.84953e-05	0.000101994	0.000105783	0.000126933	9.38799e-05	7.24193e-05
PWY-7228: superpathway of guanosine nucleotides de novo biosynthesis I	0.000146947	8.23831e-05	0.000158897	0.000142991	0.000132995	0.000145009	0.000123641	0.000156174	0.000170182	0.000148812	0.000117088	0.000152366	0.000155424	0.000179194	0.000154563	0.000135047	0.000129309	0.000144041	0.000179669	0.000196046	7.08693e-05	0.000152967	0.000126976	0.000157582	0.000168411	0.000102432	0.000130114	0.000153082	0.000119108	0.000187768	0.000208791	0.000166358	0.000199916	0.000156863	0.000173534	8.09738e-05	0.000118446	0.000155185	9.20306e-05	0.000160842	9.05782e-05	8.86844e-05	6.21411e-05	0.00015513	0.000149367	0.000155774	0.000114672	0.00019971	0.000146199	0.000145481	0.000113456	0.000153991	9.67805e-05	6.6672e-05	0.000121658	0.000102047	0.000164781	0.000162718	0.000125672	9.06804e-05	9.59073e-05	0.000162993	0.000140224	0.000139223	0.000192411	0.000100421	0.000161712	0.000137822	0.000159194	0.000153411	0.000159166	6.8864e-05	0.000146539	9.73797e-05	0.000110463	9.01268e-05	0.00012645	0.000162049	0.000179807	0.000132246	0.000142841	0.000141885	0.00015597	9.3983e-05	0.00017418	0.000159358	7.8312e-05	0.000127773	0.000149075	0.00013845	0.00014078	0.000157313	0.000196702	0.000136958	0.000120777	9.13859e-05	9.76334e-05	0.0001738	0.000151089	0.000118112	9.83998e-05	0.000152075	0.000137397	9.6507e-05	0.000121526	0.000152514	0.000159674	0.000113751	9.08786e-05	0.000186346	0.000140641	0.000159791	0.000147857	0.000137962	0.000150224	0.000160701	0.000160559	0.000191149	0.000149696	0.000119377
PWY-7229: superpathway of adenosine nucleotides de novo biosynthesis I	0.000242273	0.000140618	0.000246379	0.000218658	0.000196098	0.000169655	0.00018366	0.000243013	0.000268375	0.0002204	0.000180249	0.000245445	0.000238852	0.000245992	0.000235288	0.00020595	0.000187109	0.00020689	0.000257008	0.000271744	0.000122496	0.000220844	0.000181717	0.000259009	0.000253792	0.000180688	0.000226834	0.000249405	0.000181255	0.000280643	0.000321734	0.000278382	0.000317855	0.000248439	0.000278333	0.000138153	0.000203076	0.000222658	0.000162011	0.000254533	0.000163189	0.00015169	0.000116345	0.000256115	0.000231803	0.000261023	0.000182314	0.000322119	0.000213601	0.000244279	0.000183234	0.000244378	0.000169691	0.00012973	0.000196606	0.000160278	0.00025339	0.00025852	0.000203151	0.000155725	0.000171882	0.000234027	0.000222145	0.000224777	0.000309852	0.000176575	0.000244281	0.00020735	0.000232435	0.000229066	0.000239906	0.000102346	0.000179209	0.000160794	0.000157825	0.000164503	0.000189721	0.000247707	0.000302225	0.000203695	0.000229826	0.00017126	0.000258087	0.000160126	0.000276067	0.000245208	0.00014627	0.000201108	0.000244935	0.000209653	0.000225557	0.000255628	0.000298118	0.000217037	0.000184309	0.000154505	0.000170866	0.000288793	0.000239802	0.00018135	0.000151423	0.000232877	0.00019935	0.00016823	0.000201232	0.000209923	0.000250577	0.000162789	0.000163708	0.000218955	0.000220042	0.000245748	0.000227624	0.000223176	0.000230954	0.000259598	0.000234756	0.000301454	0.00022981	0.000200059
PWY-7234: inosine-5'-phosphate biosynthesis III	0.000149536	8.68774e-05	0.000126655	0.000149307	6.04966e-05	0.000193214	9.00919e-05	0.00011219	0.000175451	0.000207019	0.000123811	0.000134703	0.000132294	0.00019807	0.000156704	0.000150818	0.000157763	0.000133581	0.000129178	0.000102855	4.32733e-05	0.000166404	0.000130804	0.000168375	0.000197692	0.000217143	0.00045029	0.000136914	9.8973e-05	0.000211447	0.000208735	0.00026959	0.000226482	0.000167587	0.000196686	7.7948e-05	0.000243192	0.000205118	0.000114278	0.000136256	0.000174654	2.37152e-05	0.000365161	0.000198111	0.000114647	0.000286722	8.3294e-05	0.000297376	0.000155409	0.000166743	7.36788e-05	0.00016175	0.000166137	0.00136245	8.94515e-05	6.09976e-05	8.90076e-05	0.000149603	0.000111001	6.03723e-05	0.000199288	0.000222348	0.000139383	0.000107976	0.000277244	0.000188536	0.000168672	0.000166081	0.000144096	0.000132311	0.000169677	3.60338e-05	0.000159756	6.88922e-05	0.000118579	0.000267253	0.000129369	0.000134708	0.000328813	0.000114437	0.000102441	0.000172197	0.000165549	0.00010366	0.000146043	0.000164522	0.000501894	0.000139733	0.000145193	0.000155046	0.000100401	0.000177279	0.000149945	0.00015974	5.81823e-05	6.01714e-05	0.000162765	0.000268389	0.000108304	0.000142492	3.5406e-05	0.000133482	0.000132398	3.25266e-05	9.75781e-05	0.000162763	0.00011684	0.000117804	0.000187671	0.000208881	0.000108851	0.000144375	8.15574e-05	6.59621e-05	0.000161059	0.000145533	0.000176086	0.000186057	0.000130434	5.0474e-05
"PWY-7237: myo-, chiro- and scyllo-inositol degradation"	4.73007e-05	6.15364e-05	6.38137e-05	0	6.57258e-05	5.79071e-05	5.94954e-05	0	0	0	4.1629e-05	0	5.58e-05	5.86497e-05	5.66032e-05	7.67016e-05	6.5371e-05	6.3107e-05	6.6936e-05	7.54674e-05	0	4.78538e-05	5.40848e-05	0	5.06812e-05	4.0584e-05	5.67467e-05	5.25425e-05	5.91664e-05	3.52661e-05	3.8588e-05	0	4.43735e-05	6.51705e-05	5.24257e-05	6.46192e-05	0	5.77991e-05	6.35102e-05	5.03331e-05	5.41215e-05	0	4.59855e-05	4.45811e-05	0	0	4.9526e-05	5.05447e-05	5.10865e-05	0	0	5.50306e-05	5.59881e-05	0	0	0	5.28505e-05	4.76807e-05	5.63752e-05	6.72617e-05	4.32942e-05	5.54181e-05	0	0	3.85541e-05	0	4.93488e-05	5.55092e-05	6.17396e-05	0	0	9.69606e-05	6.29957e-05	5.24141e-05	5.54492e-05	0	6.05083e-05	0	0	6.9899e-05	0	6.63454e-05	0	5.158e-05	4.89363e-05	4.99271e-05	3.9656e-05	0	0	0	5.93031e-05	5.27975e-05	4.63075e-05	0	0	5.65246e-05	4.82898e-05	3.96519e-05	5.78248e-05	5.83805e-05	6.59979e-05	0	6.89359e-05	7.23867e-05	5.51784e-05	5.75808e-05	5.63463e-05	7.14204e-05	3.98516e-05	5.48633e-05	5.73292e-05	5.16207e-05	0	0	5.46869e-05	4.88701e-05	5.17031e-05	4.76191e-05	5.47625e-05	5.82666e-05
PWY-7238: sucrose biosynthesis II	0.000473369	0.000635319	0.000376215	0.000396257	0.000397878	0.000597106	0.000405726	0.000445433	0.000387525	0.000376091	0.000419279	0.000458346	0.00042283	0.000475266	0.000428949	0.000339804	0.000600542	0.000515792	0.00045041	0.000454445	0.00063541	0.000443573	0.000540244	0.000541292	0.000394172	0.000619142	0.000820964	0.000500924	0.000411974	0.000330097	0.00045027	0.000698405	0.000539996	0.000594358	0.000589682	0.000650855	0.000674371	0.000403581	0.000817402	0.000512274	0.000898982	0.000576938	0.000964653	0.000665329	0.000506444	0.000604074	0.000362076	0.000656966	0.00063126	0.000519377	0.000479261	0.00049092	0.000693201	0.00220767	0.000418694	0.000593963	0.000458668	0.000526652	0.000351265	0.000602916	0.00066637	0.000371567	0.000490309	0.000351855	0.000638714	0.00059437	0.000448397	0.000435781	0.000568574	0.000296074	0.000513722	0.000647894	0.000709365	0.000578996	0.000450739	0.000871455	0.000576147	0.000367145	0.000693807	0.000383644	0.000452623	0.000563469	0.000476418	0.000545532	0.000523384	0.000623152	0.00104852	0.00046014	0.000484304	0.000461707	0.000339836	0.000593884	0.000518578	0.00047628	0.000305514	0.000486518	0.000592145	0.000638875	0.000436104	0.000318781	0.000683275	0.000359084	0.000604217	0.000552742	0.000513326	0.00056809	0.000457043	0.000375651	0.000661011	0.000469684	0.000474217	0.000443703	0.000415499	0.000558096	0.000508955	0.000494248	0.000485796	0.000645024	0.000479942	0.00071257
PWY-7242: D-fructuronate degradation	3.65108e-05	3.83524e-05	4.35409e-05	4.03414e-05	3.48538e-05	5.40548e-05	3.37186e-05	5.34961e-05	3.94817e-05	3.75249e-05	3.60067e-05	3.57017e-05	4.38068e-05	3.83503e-05	4.49945e-05	3.34829e-05	5.82236e-05	5.72193e-05	5.64623e-05	6.3357e-05	0.000102267	2.97723e-05	4.98927e-05	3.01899e-05	3.69315e-05	3.94602e-05	2.99586e-05	3.44962e-05	3.0615e-05	2.59627e-05	2.71274e-05	4.23933e-05	2.46176e-05	4.31324e-05	3.26381e-05	8.3004e-05	4.15227e-05	2.16877e-05	6.08109e-05	5.26711e-05	7.69699e-05	5.1948e-05	5.3379e-05	3.70241e-05	3.67377e-05	3.04278e-05	3.73558e-05	3.76506e-05	6.09535e-05	3.5178e-05	4.90072e-05	4.59265e-05	6.40454e-05	2.66678e-05	4.10649e-05	6.10066e-05	6.2716e-05	3.7834e-05	3.95514e-05	3.7403e-05	4.41812e-05	3.5368e-05	4.6402e-05	4.08271e-05	2.87891e-05	4.41752e-05	3.90629e-05	3.54428e-05	5.14028e-05	4.63639e-05	4.50067e-05	7.17187e-05	6.44831e-05	5.41511e-05	5.22899e-05	5.98598e-05	6.73295e-05	3.68585e-05	3.29419e-05	4.4226e-05	4.04707e-05	4.06943e-05	4.08319e-05	4.36767e-05	5.01453e-05	5.21579e-05	5.46228e-05	3.91754e-05	3.6734e-05	5.24559e-05	4.92024e-05	3.87985e-05	4.15263e-05	4.56138e-05	4.35922e-05	3.80077e-05	4.13732e-05	3.54993e-05	5.30566e-05	3.01051e-05	5.90352e-05	4.26593e-05	7.94804e-05	3.57935e-05	4.71268e-05	6.50353e-05	6.70292e-05	3.43302e-05	4.36354e-05	4.81499e-05	4.36519e-05	3.79284e-05	4.96952e-05	5.45992e-05	4.29484e-05	3.84021e-05	3.86514e-05	3.16538e-05	4.15804e-05	5.84554e-05
"PWY-724: superpathway of L-lysine, L-threonine and L-methionine biosynthesis II"	0.000257787	0.000227331	0.000214344	0.000226467	0.000191808	0.000277066	0.000185185	0.000239311	0.000220307	0.000229485	0.000195889	0.00023633	0.000230244	0.000262786	0.000244451	0.000183754	0.000247409	0.000245748	0.000236079	0.000233877	0.000192832	0.000223608	0.000243027	0.000275234	0.000228757	0.000245033	0.000290183	0.000236762	0.000169607	0.000227846	0.000253006	0.000334482	0.000285742	0.000274173	0.000279531	0.000219628	0.000224074	0.000228529	0.000274632	0.000265087	0.000276567	0.000187727	0.00035148	0.000304722	0.000235624	0.000279648	0.000180106	0.000305211	0.000273043	0.000263332	0.00024973	0.000254508	0.000260806	0.000293021	0.000213266	0.000218078	0.000252498	0.000253975	0.00018755	0.000218089	0.000268573	0.000236589	0.000242428	0.000183231	0.000306966	0.000256858	0.000230441	0.000236513	0.000261768	0.000198628	0.000245363	0.000237893	0.000285222	0.000248032	0.000221467	0.000313738	0.000251156	0.000217611	0.000327933	0.000222932	0.000230535	0.000254361	0.000277851	0.000258679	0.000246035	0.000269539	0.000343232	0.000239942	0.000254227	0.000254268	0.000206097	0.00027627	0.000275674	0.000257283	0.000170417	0.000189895	0.000253461	0.000305962	0.000234131	0.000191567	0.000250778	0.000225981	0.000258151	0.000206661	0.000236049	0.000255867	0.000246873	0.000193183	0.000266152	0.000263639	0.000215598	0.000226034	0.000204119	0.000264336	0.000251192	0.000254899	0.000245498	0.000303924	0.000254934	0.000243123
PWY-7254: TCA cycle VII (acetate-producers)	0	5.11262e-06	0	4.19978e-06	0	0	1.44086e-06	0	0	1.13e-06	0	0	0	0	2.01048e-06	0	0	0	0	0	0	0	1.64646e-06	0	2.30923e-05	0	1.82071e-05	6.21338e-06	2.55577e-06	6.83302e-06	1.14093e-06	3.29732e-06	2.77291e-06	4.33126e-06	4.03534e-06	3.06981e-05	1.74481e-06	0	7.13297e-06	0	7.42748e-06	4.4361e-06	8.72602e-06	0	0	0	1.8164e-06	5.34213e-06	0	1.77388e-06	2.63062e-06	5.62927e-06	3.68629e-06	2.84092e-06	0	0	0	1.46423e-06	5.22541e-07	3.48582e-06	4.81491e-06	9.98863e-07	4.81953e-06	0	3.30042e-06	0	1.13883e-06	0	0	0	4.0214e-06	4.45202e-06	8.48707e-06	0	9.85819e-07	1.97914e-06	0	6.58606e-06	0	0	8.79747e-06	9.98815e-07	0	0	0	8.5584e-07	1.79714e-05	0	0	0	1.04398e-05	0	1.53275e-06	0	1.26867e-06	0	0	0	1.66616e-06	0	2.48569e-06	0	2.14289e-06	3.22012e-06	2.02653e-06	3.62265e-06	2.55964e-06	0	2.12746e-06	9.14856e-07	0	4.30857e-06	1.13082e-06	9.4817e-06	4.29089e-06	1.74974e-06	0	4.94618e-06	0	1.75013e-06
PWY-7269: mitochondrial NADPH production (yeast)	0	0	0	0	0	0	0	0	0	0	0	0	0	0	1.98389e-07	0	0	0	0	0	0	0	0	0	2.38422e-06	0	9.69599e-07	5.52141e-07	0	1.38791e-07	0	0	0	5.26378e-07	1.7464e-07	1.69424e-06	2.43545e-07	0	4.96115e-07	0	3.08042e-07	0	6.08469e-07	0	0	0	0	2.32679e-07	0	0	0	3.06069e-07	0	1.48392e-06	0	0	0	0	0	1.72419e-07	0	0	1.86527e-07	0	3.0331e-07	0	0	0	0	0	0	0	0	0	0	3.78422e-07	0	3.58569e-07	0	0	0	0	0	0	1.54068e-07	0	4.63109e-06	0	0	0	0	0	0	0	0	0	0	0	0	0	0	0	0	0	0	0	0	0	0	0	0	0	0	5.78776e-07	0	0	0	1.18903e-07	0	0
PWY-7279: aerobic respiration II (cytochrome c) (yeast)	0	0	0	0	0	0	0	0	0	0	0	0	0	0	0	0	0	0	0	0	0	0	0	4.42753e-07	0	0	0	0	0	0	0	0	0	0	0	4.42985e-07	2.22152e-07	0	0	0	0	0	2.75137e-07	0	0	0	0	0	0	0	0	0	0	0	0	0	0	0	0	0	0	0	0	0	0	0	0	0	0	0	0	0	0	0	0	0	0	0	0	0	0	0	0	0	0	0	0	0	0	0	0	0	0	0	0	0	0	0	0	0	0	0	0	0	0	0	0	0	0	0	0	0	0	0	0	0	0	0	0	0
PWY-7282: 4-amino-2-methyl-5-diphosphomethylpyrimidine biosynthesis II	1.52502e-06	3.21923e-06	0	7.87454e-06	6.03728e-06	1.26107e-05	1.4098e-06	1.56549e-06	0	0	4.26761e-06	0	0	0	3.10683e-06	0	7.30817e-07	4.42727e-06	3.10313e-06	0	2.4092e-06	9.19453e-06	0	0	3.12728e-05	8.06978e-06	1.83666e-05	2.31648e-05	1.77322e-06	1.4996e-06	7.26278e-06	1.64638e-06	4.86141e-06	5.5305e-06	0	2.28035e-05	1.33415e-05	0	8.22551e-06	1.4657e-05	2.87713e-06	4.49849e-06	1.16001e-05	4.63823e-06	0	3.50915e-06	5.77357e-06	1.55738e-06	9.36476e-06	0	0	0	2.97558e-06	1.22872e-05	3.54982e-06	0	0	4.80002e-06	0	1.17073e-05	0	0	1.16509e-05	3.40038e-06	2.3536e-05	7.82774e-06	0	0	1.77375e-05	4.88646e-06	1.99566e-06	7.64152e-06	9.88062e-06	4.32066e-06	4.65471e-06	4.78743e-06	0	3.8103e-06	0	0	5.42511e-06	2.1035e-06	0	3.32882e-06	1.70646e-06	1.01441e-05	1.38094e-05	0	5.76028e-06	6.12194e-06	3.81637e-06	3.08504e-06	4.64499e-06	0	0	1.03061e-05	3.1865e-06	7.33837e-06	0	0	0	1.98592e-06	2.811e-06	2.31553e-06	2.65394e-06	0	0	3.35042e-06	1.91233e-05	1.63434e-06	0	5.75265e-06	5.85802e-06	3.12279e-06	1.06892e-05	0	0	4.10626e-06	9.03828e-06	1.09643e-05
PWY-7286: 7-(3-amino-3-carboxypropyl)-wyosine biosynthesis	6.62179e-05	4.53396e-06	5.86817e-05	7.20862e-05	2.56209e-05	8.95241e-05	3.08323e-05	4.68783e-05	8.55212e-05	9.43131e-05	5.33129e-05	6.25431e-05	6.15117e-05	0.000101252	7.41381e-05	5.90062e-05	8.06846e-05	5.71298e-05	5.25651e-05	4.1802e-05	4.04216e-06	7.97934e-05	5.65691e-05	8.50815e-05	0.00010816	7.04782e-06	1.38309e-05	5.97681e-05	4.61236e-05	0.000107235	0.000106002	6.62496e-05	0.000112063	7.10879e-05	8.58956e-05	3.99706e-06	9.77069e-06	0.000112847	1.42876e-05	6.1261e-05	1.12482e-05	3.32758e-06	5.02804e-06	6.26911e-05	4.99356e-05	6.89829e-05	2.63435e-05	7.63968e-05	7.59997e-05	5.92069e-05	3.08253e-05	6.25809e-05	1.6492e-05	4.26581e-06	3.10008e-05	2.27714e-05	3.24641e-05	6.14654e-05	4.58528e-05	1.79649e-05	2.73884e-05	0.00011728	5.49219e-05	4.58003e-05	9.02504e-05	2.45939e-05	8.13427e-05	6.48988e-05	6.23682e-05	5.37463e-05	8.00833e-05	1.14602e-05	7.16018e-05	3.13255e-05	5.42287e-05	1.46238e-05	5.70327e-05	5.45965e-05	5.83256e-05	4.78972e-05	3.87204e-05	8.32157e-05	5.32899e-05	4.172e-05	6.54441e-05	7.44279e-05	5.10044e-06	6.67758e-05	5.32702e-05	6.66184e-05	4.06152e-05	3.92542e-05	5.87403e-05	6.65303e-05	2.47234e-05	7.58557e-06	9.44338e-06	6.66214e-05	4.67905e-05	5.76211e-05	1.20062e-05	5.01399e-05	5.49228e-05	7.45657e-06	4.06819e-05	7.73661e-05	4.5049e-05	4.22389e-05	2.70205e-05	0.000112997	4.13761e-05	6.48314e-05	2.85891e-05	3.07292e-05	7.40028e-05	5.89675e-05	7.96431e-05	8.41394e-05	5.84023e-05	1.29372e-05
PWY-7312: dTDP-&beta;-D-fucofuranose biosynthesis	2.68145e-06	8.21599e-06	4.46501e-06	3.47163e-06	2.54764e-06	7.12438e-06	2.73651e-06	3.1826e-06	2.91978e-06	2.53925e-06	2.17868e-06	9.03588e-07	3.48961e-06	4.48185e-06	7.34018e-06	2.37328e-06	2.72029e-06	4.3108e-06	2.68757e-06	2.56279e-06	3.9853e-06	4.12085e-06	4.83727e-06	2.79009e-06	3.04918e-06	5.22692e-06	1.8321e-06	2.97884e-06	5.03178e-06	1.32563e-06	1.03763e-06	3.16516e-06	8.78071e-07	4.62931e-06	2.58468e-06	3.89208e-06	6.7009e-06	2.05998e-06	4.51491e-06	1.38003e-06	4.49976e-06	6.16718e-06	3.65858e-06	1.78349e-06	1.99244e-06	2.14198e-06	3.05931e-06	2.46753e-06	1.92467e-06	2.98349e-06	3.27602e-06	4.37263e-06	2.12552e-06	0	0	2.32569e-06	1.0923e-06	2.34119e-06	1.74014e-06	2.82384e-06	2.67722e-06	1.13704e-06	3.445e-06	2.7671e-06	9.48323e-07	3.7431e-06	3.82519e-06	4.19949e-06	4.3083e-06	4.49055e-06	4.14292e-06	0	3.14327e-06	5.29511e-06	3.24226e-06	4.27985e-06	3.68383e-06	4.03223e-06	2.67373e-06	3.72481e-06	5.03179e-06	4.85517e-06	7.62348e-06	7.24317e-07	1.65825e-06	2.6528e-06	0	2.88365e-06	2.91942e-06	3.68782e-06	1.63595e-05	3.30922e-06	2.25236e-06	4.60414e-06	2.08031e-06	1.51415e-06	2.73243e-06	5.45722e-06	3.70873e-06	9.69352e-06	1.10859e-05	5.6733e-06	3.73454e-06	4.13768e-06	2.58065e-06	3.77712e-06	5.20835e-06	6.16216e-06	3.2748e-06	2.45869e-06	6.04481e-06	2.20902e-06	2.59379e-06	4.21397e-06	3.64942e-06	4.53259e-06	3.13362e-06	2.47452e-06	2.80465e-06	3.57466e-06
PWY-7315: dTDP-N-acetylthomosamine biosynthesis	1.69316e-05	1.31352e-05	1.55272e-05	1.69299e-05	1.20343e-05	2.95248e-05	1.21428e-05	1.89484e-05	2.05431e-05	1.70479e-05	1.32515e-05	1.94096e-05	1.25986e-05	2.07441e-05	2.42568e-05	1.14511e-05	1.9265e-05	2.61201e-05	1.82382e-05	2.09716e-05	1.14796e-05	1.57413e-05	2.06837e-05	1.07921e-05	3.23734e-05	2.8904e-06	1.2346e-05	2.49491e-05	9.53622e-06	1.30479e-05	1.32973e-05	1.47707e-05	9.35112e-06	1.30969e-05	1.16885e-05	2.07086e-05	2.92363e-06	1.17149e-05	1.97521e-05	1.22183e-05	6.96302e-06	8.34938e-06	9.19103e-06	1.39082e-05	8.98575e-06	6.89881e-06	9.25951e-06	1.16054e-05	2.37731e-05	1.44286e-05	1.36813e-05	2.27876e-05	1.33256e-05	2.22492e-06	1.51046e-05	2.00373e-05	9.99321e-06	1.0958e-05	1.15651e-05	1.96757e-05	1.13539e-05	1.25648e-05	1.74109e-05	1.04879e-05	9.0572e-06	1.89632e-05	1.37234e-05	1.31665e-05	2.6853e-05	1.28783e-05	2.62645e-05	1.07044e-05	1.80155e-05	2.02106e-05	1.87777e-05	7.24235e-06	1.33104e-05	1.03929e-05	1.35907e-05	1.34866e-05	1.11704e-05	2.26357e-05	1.00362e-05	1.9886e-05	1.01313e-05	1.97896e-05	1.01035e-05	2.08041e-05	1.49759e-05	2.09734e-05	1.20448e-05	1.38465e-05	1.35788e-05	1.47192e-05	7.17199e-06	7.22822e-06	1.04477e-05	1.06076e-05	1.65855e-05	9.80439e-06	1.66996e-05	9.6061e-06	1.91426e-05	1.45244e-05	1.02474e-05	1.76911e-05	1.59977e-05	8.39361e-06	1.03637e-05	1.94437e-05	1.0886e-05	2.21768e-05	1.10077e-05	2.19583e-05	2.35661e-05	1.62092e-05	2.1309e-05	1.67043e-05	1.92885e-05	9.35128e-06
PWY-7316: dTDP-N-acetylviosamine biosynthesis	9.54854e-07	0	0	0	5.99592e-07	1.47881e-06	0	0	6.89753e-07	1.55025e-06	1.34869e-06	0	0	0	0	0	1.01031e-06	0	0	1.4115e-06	0	1.59917e-06	0	1.32933e-06	0	0	0	5.97457e-07	5.56847e-07	2.02756e-06	5.23518e-07	0	0	0	0	0	0	1.35764e-06	0	0	0	0	0	0	0	0	0	0	1.54322e-06	0	0	0	0	0	0	0	0	6.59313e-07	4.64553e-07	0	0	7.67162e-07	0	0	0	0	1.71335e-06	0	1.0132e-06	1.67791e-06	0	0	0	0	0	0	0	2.53672e-06	0	8.75041e-07	5.65388e-07	0	4.96232e-07	1.69268e-06	0	0	0	0	0	0	0	3.59108e-07	0	0	0	0	9.61643e-07	0	1.05553e-06	0	0	0	0	0	1.20311e-06	0	0	0	0	0	2.64572e-07	0	1.00691e-06	7.04033e-07	3.08721e-06	2.44198e-07	0	0	3.24478e-07	0
PWY-7323: superpathway of GDP-mannose-derived O-antigen building blocks biosynthesis	2.21801e-05	3.69355e-06	1.64725e-05	1.19689e-05	1.07905e-05	9.64657e-06	1.33341e-05	1.4894e-05	1.85904e-05	1.64156e-05	5.44347e-06	1.22097e-05	1.06694e-05	1.10509e-05	1.32753e-05	7.94242e-06	1.0145e-05	7.34851e-06	7.44833e-06	5.95339e-06	8.31929e-06	1.23677e-05	1.05564e-05	6.85063e-06	2.28433e-05	4.61983e-06	1.1597e-05	1.44304e-05	1.05604e-05	1.01933e-05	1.18237e-05	9.23926e-06	1.03766e-05	1.07123e-05	8.29314e-06	2.39684e-05	7.44523e-06	7.60189e-06	1.17856e-05	1.72846e-05	1.55556e-05	8.15096e-06	7.29268e-06	1.41208e-05	1.36765e-05	1.76514e-05	7.64381e-06	1.21786e-05	1.41532e-05	1.79054e-05	9.1811e-06	1.27328e-05	6.45137e-06	4.92532e-06	9.38526e-06	7.75075e-06	1.81894e-05	9.11736e-06	1.46456e-05	7.43596e-06	6.90839e-06	8.81222e-06	1.10061e-05	1.85975e-05	1.03878e-05	1.17232e-05	9.98894e-06	8.03753e-06	1.64162e-05	8.7903e-06	1.28486e-05	3.74412e-06	1.51685e-05	5.65401e-06	5.65817e-06	6.1149e-06	1.23083e-05	1.86073e-05	1.16115e-05	1.36582e-05	1.66404e-05	6.26227e-06	1.20844e-05	1.66831e-05	1.50582e-05	1.69758e-05	1.99742e-05	7.38474e-06	1.06411e-05	1.52448e-05	2.24574e-05	7.87105e-06	9.76086e-06	9.09564e-06	1.11524e-05	9.09621e-06	4.9492e-06	8.94301e-06	1.348e-05	7.9008e-06	5.0548e-06	6.72593e-06	8.98557e-06	7.14843e-06	1.18202e-05	1.21625e-05	1.31361e-05	5.12342e-06	1.18373e-05	8.4881e-06	1.31589e-05	1.53441e-05	1.4963e-05	1.54936e-05	1.43058e-05	1.05651e-05	1.02063e-05	1.51364e-05	4.63629e-05	8.00635e-06
PWY-7328: superpathway of UDP-glucose-derived O-antigen building blocks biosynthesis	0.000129836	9.00671e-05	0.000122713	0.000129444	6.8912e-05	0.000159451	8.11847e-05	0.000115557	0.000140414	0.000129038	9.23346e-05	0.000122851	0.000116194	0.000130198	0.000137801	9.60341e-05	0.000154311	0.000113304	0.000114057	9.37923e-05	3.57815e-05	0.000127286	0.000113168	0.00011934	0.000132979	4.45063e-05	7.86512e-05	0.000110646	0.000123828	0.000114987	0.000126643	0.000113013	0.000113288	0.000128115	0.000114318	9.14172e-05	5.79519e-05	0.000112576	9.73464e-05	0.000127354	9.32581e-05	5.13136e-05	7.63367e-05	0.00013275	0.000126093	0.000115735	9.19757e-05	0.000136883	0.000177406	0.000121052	0.000120078	0.000135201	8.98786e-05	4.76436e-05	8.88759e-05	9.80262e-05	0.000106204	0.000109934	0.000105133	9.74402e-05	8.59831e-05	0.000133698	0.000130452	0.000106804	0.000116898	9.78578e-05	0.000128771	0.000118005	0.000166467	0.000105935	0.000146068	7.44751e-05	0.000177205	0.00011618	0.00011575	8.37945e-05	0.000141393	0.000116137	0.0001198	0.000115562	0.00011036	0.000149443	0.000112184	0.000128067	0.00012186	0.000166144	5.23522e-05	0.00010941	0.000107507	0.00014494	0.0001083	0.000109311	0.000112304	0.000133394	8.14337e-05	6.73278e-05	8.05538e-05	9.73735e-05	0.000114727	9.27815e-05	0.000118776	0.000108168	0.000128855	7.07157e-05	0.00010985	0.000132557	0.000115251	8.32273e-05	9.51716e-05	0.000140424	9.35499e-05	0.000120926	9.4949e-05	0.000111397	0.000138	0.000119467	0.000127596	0.00014451	0.000158787	7.53246e-05
PWY-7332: superpathway of UDP-N-acetylglucosamine-derived O-antigen building blocks biosynthesis	0	1.65549e-06	1.65434e-06	0	3.14449e-06	0	4.79617e-06	4.38326e-06	7.14644e-06	6.44184e-06	1.4154e-06	1.01093e-05	7.57177e-06	0	3.06723e-06	0	0	2.46234e-06	2.16322e-06	3.32413e-06	3.21151e-06	7.04579e-06	0	0	1.35569e-05	0	0	8.28132e-06	3.22033e-06	0	8.81563e-07	4.71979e-06	0	0	0	3.88597e-06	0	0	7.15495e-06	1.22627e-06	0	0	0	0	8.10326e-06	0	2.60669e-06	5.43984e-06	0	2.85889e-06	0	4.61701e-06	0	0	5.07758e-06	0	4.50447e-06	2.76895e-06	3.61098e-06	3.3649e-06	0	0	0	4.78978e-06	2.89305e-06	5.28621e-06	5.08547e-06	0	0	8.52699e-06	4.10809e-06	0	5.08706e-06	3.18862e-06	2.42517e-06	0	0	0	0	0	4.01642e-06	0	4.83182e-06	4.61786e-06	0	0	0	4.04225e-06	5.75895e-06	4.16016e-06	3.53076e-06	4.57889e-06	6.90669e-06	2.15005e-06	2.51393e-06	0	0	0	6.1704e-06	0	0	3.94986e-06	0	0	5.11611e-06	0	0	2.01289e-06	0	0	4.8032e-06	3.80284e-06	1.1788e-05	4.8502e-06	9.66183e-06	3.39011e-06	1.74042e-06	2.26987e-06	3.57236e-06	0
PWY-7337: 10-cis-heptadecenoyl-CoA degradation (yeast)	0	0	0	0	0	0	0	0	0	0	0	0	0	0	0	0	3.08237e-07	0	0	0	0	0	0	0	0	0	0	0	0	0	0	0	0	0	0	0	0	0	0	0	0	0	0	0	0	0	0	0	0	0	0	0	0	0	0	0	0	0	0	0	0	0	0	0	0	0	0	0	0	0	0	4.88347e-07	0	0	0	0	0	0	0	0	0	0	0	0	0	0	0	0	0	0	0	0	0	0	0	0	0	0	0	0	0	0	0	0	0	0	0	0	0	0	0	0	0	0	0	0	0	0	0	0
"PWY-7338: 10-trans-heptadecenoyl-CoA degradation (reductase-dependent, yeast)"	0	0	0	0	0	0	0	0	0	0	0	0	0	0	0	0	3.08237e-07	0	0	0	0	0	0	0	0	0	0	0	0	0	0	0	0	0	0	0	0	0	0	0	0	0	0	0	0	0	0	0	0	0	0	0	0	0	0	0	0	0	0	0	0	0	0	0	0	0	0	0	0	0	0	4.88347e-07	0	0	0	0	0	0	0	0	0	0	0	0	0	0	0	0	0	0	0	0	0	0	0	0	0	0	0	0	0	0	0	0	0	0	0	0	0	0	0	0	0	0	0	0	0	0	0	0
"PWY-7340: 9-cis, 11-trans-octadecadienoyl-CoA degradation (isomerase-dependent, yeast)"	0	0	0	2.33004e-07	0	0	0	0	3.76377e-07	3.01425e-07	0	0	0	0	7.16101e-07	0	0	0	0	0	0	0	0	0	1.18573e-06	0	0	0	0	4.48405e-07	0	0	0	0	0	0	0	0	0	0	0	0	0	0	0	2.00982e-07	0	0	0	0	0	0	0	0	0	0	0	0	0	0	0	0	0	0	0	0	0	0	0	0	0	0	3.81144e-07	0	0	0	0	0	0	0	0	0	0	2.87092e-07	0	2.69718e-07	0	0	0	0	0	0	0	0	0	0	0	0	0	0	2.20027e-07	0	0	0	0	0	0	0	0	0	0	5.46754e-07	0	0	5.17895e-07	0	0	0	0	0
PWY-7345: superpathway of anaerobic sucrose degradation	7.7551e-05	6.51195e-05	4.5045e-05	4.62074e-05	7.0565e-05	5.64404e-05	6.22024e-05	4.64911e-05	4.71579e-05	4.09917e-05	5.53505e-05	7.21625e-05	6.47944e-05	5.72229e-05	5.4797e-05	3.86829e-05	4.85222e-05	6.52492e-05	6.63199e-05	5.60435e-05	3.08067e-05	6.39418e-05	6.62053e-05	6.80818e-05	8.95092e-05	4.47551e-05	0.000104687	8.59465e-05	5.95345e-05	6.3405e-05	4.72931e-05	8.09849e-05	7.27909e-05	8.02457e-05	4.99454e-05	9.52937e-05	6.70587e-05	6.58945e-05	9.26572e-05	6.0209e-05	8.41483e-05	5.40347e-05	6.87175e-05	6.96024e-05	6.0386e-05	4.22472e-05	5.29028e-05	0.000101499	6.20493e-05	6.05369e-05	6.60951e-05	9.38045e-05	7.21643e-05	6.33298e-05	5.17251e-05	7.69946e-05	4.45409e-05	8.26017e-05	4.40382e-05	6.22023e-05	9.17297e-05	4.56782e-05	8.21651e-05	5.12237e-05	6.34208e-05	6.82176e-05	7.22251e-05	5.41019e-05	6.66374e-05	4.57714e-05	6.08923e-05	6.42909e-05	6.01682e-05	4.0713e-05	5.70829e-05	9.23311e-05	5.94468e-05	5.18933e-05	7.65635e-05	6.67463e-05	6.66113e-05	5.26479e-05	6.33338e-05	4.31453e-05	9.3552e-05	7.29244e-05	8.75234e-05	6.5433e-05	5.91708e-05	4.01586e-05	4.79019e-05	0.000104974	0.000103784	5.05254e-05	5.11809e-05	6.4723e-05	8.28911e-05	7.322e-05	4.16432e-05	4.30995e-05	5.84083e-05	5.14182e-05	6.09579e-05	7.45684e-05	6.61692e-05	5.05873e-05	7.19893e-05	4.83725e-05	5.97e-05	6.12748e-05	7.82726e-05	5.27494e-05	6.94392e-05	5.50871e-05	4.27541e-05	8.07432e-05	7.0499e-05	9.92024e-05	0.000149866	6.76298e-05
PWY-7356: thiamine diphosphate salvage IV (yeast)	3.9139e-05	2.79241e-05	2.81873e-05	2.23086e-05	1.23019e-05	3.96696e-05	1.60255e-05	2.34499e-05	2.59158e-05	2.91364e-05	2.45107e-05	3.25933e-05	2.70351e-05	3.26206e-05	2.92561e-05	2.7687e-05	3.59424e-05	2.29657e-05	2.32446e-05	2.09435e-05	1.01971e-05	3.64114e-05	3.11666e-05	4.3755e-05	2.68321e-05	1.98912e-05	3.43188e-05	3.43213e-05	2.71024e-05	3.73555e-05	4.72876e-05	4.46137e-05	5.11511e-05	3.95537e-05	4.4815e-05	3.20008e-05	1.80174e-05	3.6134e-05	3.80605e-05	4.08759e-05	3.4939e-05	2.09389e-05	4.17524e-05	4.54026e-05	2.13922e-05	4.33252e-05	2.30975e-05	4.68654e-05	5.9654e-05	4.21422e-05	1.96507e-05	3.25374e-05	2.95492e-05	4.07417e-05	1.5633e-05	2.05025e-05	2.05698e-05	2.95976e-05	2.53818e-05	2.8477e-05	2.55325e-05	3.10139e-05	3.10987e-05	1.89179e-05	5.13223e-05	2.69286e-05	3.47136e-05	2.73391e-05	3.57947e-05	1.76545e-05	2.57368e-05	2.69385e-05	6.42138e-05	3.56934e-05	2.49768e-05	3.46055e-05	3.28272e-05	2.31819e-05	3.91481e-05	1.99831e-05	2.64828e-05	3.56173e-05	3.57647e-05	2.80479e-05	3.13877e-05	5.75912e-05	3.56812e-05	2.65466e-05	3.02753e-05	3.24878e-05	2.26049e-05	3.97408e-05	3.56059e-05	3.16927e-05	9.11181e-06	2.16987e-05	3.47175e-05	3.59298e-05	1.89419e-05	1.88984e-05	2.13147e-05	1.98895e-05	2.63401e-05	1.86569e-05	2.89611e-05	2.60469e-05	2.62796e-05	1.92689e-05	3.35463e-05	2.31936e-05	2.29014e-05	2.93316e-05	1.77867e-05	2.50952e-05	3.12259e-05	3.53749e-05	3.08581e-05	5.58541e-05	4.51725e-05	2.8066e-05
PWY-7357: thiamine phosphate formation from pyrithiamine and oxythiamine (yeast)	7.9439e-05	5.54778e-05	7.44573e-05	6.67565e-05	3.04777e-05	8.52208e-05	3.92246e-05	5.51381e-05	8.72525e-05	9.41865e-05	5.33292e-05	7.20868e-05	6.74723e-05	9.69033e-05	7.57403e-05	5.60843e-05	7.97687e-05	5.58601e-05	5.7318e-05	5.06373e-05	2.47489e-05	8.54386e-05	6.62502e-05	8.48995e-05	9.48182e-05	4.16998e-05	7.29602e-05	7.97926e-05	6.74316e-05	8.21693e-05	9.09111e-05	8.29544e-05	9.66927e-05	7.94732e-05	9.31405e-05	7.44826e-05	4.05186e-05	9.86508e-05	7.30984e-05	8.24171e-05	7.64394e-05	5.63869e-05	8.60548e-05	8.88882e-05	6.05149e-05	9.08359e-05	4.44863e-05	8.92523e-05	0.000108104	8.63743e-05	5.55609e-05	7.03937e-05	5.60672e-05	8.28174e-05	3.81061e-05	5.0799e-05	5.07409e-05	5.99838e-05	5.96157e-05	5.54968e-05	4.94415e-05	8.68253e-05	8.23449e-05	6.18938e-05	9.248e-05	5.9568e-05	7.6695e-05	7.1149e-05	8.53629e-05	5.41231e-05	7.13827e-05	5.53803e-05	0.000118923	7.96583e-05	5.39309e-05	6.86422e-05	7.40295e-05	6.38137e-05	7.65487e-05	5.7108e-05	5.81139e-05	8.10037e-05	7.22995e-05	8.66702e-05	6.48137e-05	0.000108867	7.37494e-05	5.70273e-05	5.93008e-05	6.80295e-05	6.12374e-05	7.54004e-05	7.4701e-05	8.1812e-05	2.63788e-05	4.58964e-05	7.1161e-05	6.82257e-05	5.09529e-05	4.58421e-05	5.00859e-05	6.49282e-05	7.25561e-05	4.74104e-05	5.63338e-05	7.6113e-05	5.87501e-05	4.52064e-05	6.27457e-05	8.46294e-05	4.85624e-05	6.60465e-05	4.09094e-05	6.78327e-05	9.26603e-05	7.6781e-05	7.46306e-05	0.000111471	0.000118723	5.88805e-05
"PWY-7371: 1,4-dihydroxy-6-naphthoate biosynthesis II"	2.3825e-06	3.91251e-06	3.93052e-06	2.89737e-06	3.45711e-06	1.22246e-06	2.90192e-06	3.93506e-06	3.33486e-06	1.50201e-06	2.65721e-06	2.5967e-06	2.37276e-06	1.53563e-06	1.97983e-06	3.01474e-06	2.12101e-06	2.75048e-06	3.57172e-06	3.68495e-06	2.64256e-06	2.81654e-06	3.03654e-06	1.6019e-06	1.30306e-06	3.13989e-06	3.12029e-06	1.37994e-06	1.48495e-06	2.88141e-06	1.48809e-06	1.24773e-06	1.36699e-06	0	8.11731e-07	0	3.87802e-06	1.02812e-06	3.96107e-06	1.63524e-06	3.28396e-06	4.80769e-06	4.23347e-07	1.38135e-06	1.71602e-06	0	3.27339e-06	1.22256e-06	0	2.29289e-06	1.92638e-06	2.74724e-06	2.20631e-06	2.17934e-06	3.34684e-06	2.67835e-06	3.88735e-06	2.35907e-06	3.64672e-06	1.51857e-06	2.05626e-06	3.04756e-06	3.12321e-06	3.69519e-06	9.36662e-07	2.65889e-06	1.66646e-06	3.06708e-06	1.25997e-06	3.17515e-06	0	2.90591e-06	1.26671e-06	2.12294e-06	3.10523e-06	0	2.78418e-06	3.5655e-06	2.75143e-06	2.01292e-06	3.33332e-06	1.59335e-06	3.02725e-06	1.78523e-06	2.07056e-06	1.53879e-06	0	2.35747e-06	3.07128e-06	2.6445e-06	3.14619e-06	3.09682e-06	2.56759e-06	3.75264e-06	3.71859e-06	4.37971e-06	4.25693e-06	1.47676e-06	3.49458e-06	4.10693e-06	3.04992e-06	3.54574e-06	2.66262e-06	3.9984e-06	2.62203e-06	1.55213e-06	2.96304e-06	2.51996e-06	1.86021e-06	2.42321e-06	3.02083e-06	2.41526e-06	3.41686e-06	3.80607e-06	2.37982e-06	2.59884e-06	2.17571e-06	0	1.79981e-06	3.74672e-06
"PWY-7383: anaerobic energy metabolism (invertebrates, cytosol)"	8.84654e-05	7.82437e-05	0.000106991	9.07983e-05	0.000111803	4.02324e-05	8.84678e-05	0.000114083	9.41308e-05	7.90945e-05	8.45151e-05	9.48985e-05	9.53726e-05	7.31054e-05	9.34092e-05	0.000101013	6.43968e-05	6.84557e-05	6.4937e-05	5.81013e-05	7.05144e-05	8.20328e-05	8.06305e-05	6.8025e-05	6.59589e-05	0.000100874	0.000103415	7.37391e-05	7.7104e-05	6.99773e-05	9.40583e-05	9.46127e-05	7.66557e-05	6.43098e-05	6.77084e-05	8.2061e-05	0.000121125	5.74114e-05	7.82127e-05	8.60184e-05	6.68375e-05	0.000102263	7.0038e-05	7.70218e-05	8.90012e-05	9.07447e-05	9.41504e-05	8.94e-05	5.29971e-05	9.70906e-05	9.76793e-05	7.85792e-05	7.9251e-05	9.0849e-05	0.000115248	8.76635e-05	0.000116039	9.188e-05	0.000100051	8.02084e-05	9.80779e-05	8.38347e-05	0.000109445	9.4841e-05	7.59104e-05	0.00010693	8.5905e-05	9.67257e-05	4.35432e-05	0.000103708	7.64724e-05	5.32047e-05	2.7433e-05	8.72126e-05	7.62953e-05	9.5402e-05	8.00226e-05	0.000105153	0.00012159	8.0462e-05	9.82518e-05	6.1579e-05	0.000104364	8.14352e-05	7.08382e-05	4.87309e-05	8.21155e-05	8.51177e-05	0.00010309	8.58085e-05	0.000107727	0.00010521	9.741e-05	9.55979e-05	0.000119178	8.72633e-05	9.34955e-05	8.68329e-05	0.000123997	9.38355e-05	6.98875e-05	0.000111725	6.48783e-05	8.80608e-05	9.28977e-05	5.6381e-05	9.74815e-05	8.28442e-05	8.1107e-05	8.52112e-05	0.000103172	8.42234e-05	0.000118762	0.00011175	8.18819e-05	9.27666e-05	7.67811e-05	5.04714e-05	8.71714e-05	9.21466e-05
"PWY-7384: anaerobic energy metabolism (invertebrates, mitochondrial)"	0	0	0	0	0	0	0	0	0	0	0	0	0	0	1.42405e-07	0	0	0	0	0	0	0	0	0	5.79746e-07	0	3.38681e-07	4.7323e-07	0	2.93374e-07	0	0	0	1.76059e-07	0	9.10929e-07	0	0	3.34219e-07	0	0	0	4.85671e-07	0	0	0	0	2.66092e-07	0	0	0	2.37588e-07	0	7.71611e-07	0	0	0	0	0	4.56323e-07	0	0	2.76118e-07	0	2.83599e-07	0	0	0	0	0	0	0	3.05518e-07	0	0	6.28611e-07	0	2.72398e-07	0	0	0	0	0	0	0	0	6.57257e-07	0	0	0	0	0	0	0	0	0	0	2.12422e-07	0	0	0	0	0	0	0	0	0	0	0	0	0	0	0	0	0	0	0	0	0	0
"PWY-7385: 1,3-propanediol biosynthesis (engineered)"	0	3.10317e-07	0	9.91502e-07	0	0	0	5.37453e-07	0	4.22176e-06	0	9.2218e-07	0	3.32053e-07	0	0	1.07256e-06	0	0	0	0	0	0	0	1.65626e-05	0	9.60696e-06	8.94071e-06	1.23585e-06	3.05853e-06	5.92273e-07	0	1.97488e-07	7.01226e-07	0	1.83982e-05	0	0	2.12729e-06	2.45879e-07	0	0	1.66896e-06	0	0	0	0	3.86563e-06	0	0	2.85149e-06	5.28178e-07	0	1.81292e-06	0	1.11011e-06	0	0	0	3.72334e-06	0	0	3.30035e-06	0	9.45188e-07	0	0	0	0	0	0	0	1.99631e-06	0	0	7.57893e-06	0	0	0	0	2.01591e-06	5.45863e-07	5.06153e-06	8.29346e-06	1.45469e-06	8.96313e-07	7.66324e-06	0	6.63422e-07	0	0	6.75992e-07	7.9822e-07	0	0	0	0	8.927e-07	2.18767e-06	0	0	3.88221e-07	0	0	3.2461e-06	4.2305e-07	0	0	0	0	4.06397e-07	0	0	4.99957e-06	2.09942e-06	1.09462e-06	0	1.45365e-06	8.69335e-07	0
"PWY-7388: octanoyl-[acyl-carrier protein] biosynthesis (mitochondria, yeast)"	0	0	0	0	0	0	8.49537e-07	0	0	0	0	0	0	0	0	0	0	0	0	0	0	0	6.66297e-07	0	3.55374e-06	0	2.09482e-06	5.3832e-07	0	0	0	0	0	0	0	0	0	0	0	0	0	0	0	0	0	0	0	0	0	0	0	9.63737e-07	0	0	0	0	0	0	0	0	0	0	0	0	0	0	0	0	0	0	0	0	0	0	0	0	0	0	0	0	0	0	0	0	0	0	0	0	0	0	0	0	0	0	0	0	0	0	0	0	0	0	0	0	0	0	0	0	0	0	0	0	0	0	0	0	0	0	0	0
PWY-7389: superpathway of anaerobic energy metabolism (invertebrates)	0	0	0	0	0	0	0	0	0	0	0	0	0	0	2.3085e-07	0	0	0	0	0	0	0	0	0	9.34047e-07	0	5.49101e-07	7.65235e-07	0	4.75305e-07	0	0	0	2.85565e-07	0	1.46632e-06	0	0	5.41559e-07	0	0	0	7.85809e-07	0	0	0	0	4.31596e-07	0	0	0	3.85268e-07	0	1.24601e-06	0	0	0	0	0	7.38515e-07	0	0	4.47377e-07	0	4.59775e-07	0	0	0	0	0	0	0	4.93035e-07	0	0	1.01674e-06	0	4.41583e-07	0	0	0	0	0	0	0	0	1.06273e-06	0	0	0	0	0	0	0	0	0	0	3.4465e-07	0	0	0	0	0	0	0	0	0	0	0	0	0	0	0	0	0	0	0	0	0	0
PWY-7391: isoprene biosynthesis II (engineered)	0	0	0	0	0	0	0	0	0	0	0	0	0	1.48847e-06	0	0	0	0	0	0	0	2.15598e-06	1.22157e-06	0	7.83338e-07	0	1.55765e-06	1.34329e-06	0	0	1.91374e-06	0	0	0	0	0	0	0	3.72134e-06	0	0	1.86702e-06	0	0	0	0	0	5.6236e-07	0	0	0	0	0	0	0	0	0	0	0	0	0	0	0	0	8.92139e-07	0	0	0	0	0	1.19264e-06	0	0	0	0	0	0	0	0	0	0	0	0	0	0	6.65386e-07	0	0	0	0	0	0	0	0	0	0	0	0	0	0	0	0	0	0	0	0	0	0	0	0	0	0	0	0	0	2.50995e-06	0	0	0	0
PWY-7392: taxadiene biosynthesis (engineered)	2.61003e-05	1.17801e-05	1.28479e-05	1.4419e-05	1.59996e-05	1.6354e-05	1.14441e-05	2.33167e-05	1.22596e-05	1.68278e-05	1.01151e-05	2.01929e-05	9.20316e-06	2.35366e-05	3.01588e-05	2.5333e-05	1.79676e-05	1.83567e-05	3.40631e-05	4.10017e-05	1.07969e-05	1.61643e-05	1.00622e-05	1.95847e-05	1.84608e-05	5.44545e-06	1.54387e-05	1.02427e-05	1.40691e-05	1.95932e-05	1.83501e-05	1.46666e-05	2.67531e-05	2.52168e-05	1.92061e-05	1.34446e-05	1.05973e-05	1.11103e-05	1.1272e-05	1.89155e-05	6.33347e-06	0	2.28443e-05	3.06942e-05	2.2279e-05	2.42795e-05	1.78449e-05	3.40024e-05	2.22599e-05	1.99793e-05	7.56459e-06	1.36717e-05	2.9554e-06	4.17925e-06	7.08565e-06	0	2.65742e-05	9.244e-06	1.02849e-05	8.80359e-06	2.96648e-06	1.87368e-05	6.69093e-06	1.36175e-05	3.39465e-05	8.7733e-06	2.20917e-05	1.67495e-05	2.80247e-05	2.37782e-05	2.58655e-05	6.80983e-06	2.14055e-05	9.66492e-06	3.96591e-06	1.65515e-05	5.87084e-06	1.73476e-05	2.76633e-05	8.37688e-06	8.84993e-06	6.8712e-06	1.98665e-05	1.72351e-05	2.90725e-05	2.55792e-05	2.1015e-05	5.68339e-06	1.10858e-05	1.30906e-05	8.08392e-06	3.21018e-05	3.64148e-05	8.77071e-06	2.13368e-05	7.87377e-06	1.5728e-05	2.10823e-05	2.24342e-05	7.95945e-06	4.38563e-06	4.10106e-06	2.62136e-05	1.92906e-06	1.43943e-05	2.28231e-05	2.39891e-05	5.32186e-06	1.13929e-05	7.19488e-06	9.18119e-06	2.25134e-05	1.79008e-05	1.76822e-05	1.29158e-05	2.2731e-05	2.13323e-05	3.71341e-05	4.33411e-05	6.59781e-06
PWY-7400: L-arginine biosynthesis IV (archaebacteria)	2.73954e-05	3.53499e-05	2.27265e-05	4.62666e-05	3.29748e-05	1.10991e-05	4.18041e-05	3.09633e-05	5.37334e-05	6.38787e-05	2.87029e-05	4.79331e-05	3.07418e-05	3.25549e-05	4.77013e-05	2.14562e-05	2.84196e-05	2.01859e-05	1.7823e-05	2.06615e-05	2.71213e-05	2.22084e-05	1.56464e-05	1.91525e-05	0.00018239	3.66374e-05	0.000199279	0.000172767	4.51654e-05	4.97887e-05	3.0323e-05	3.16746e-05	2.49629e-05	3.97195e-05	0.00032625	0.00024921	6.35312e-05	3.01155e-05	3.64814e-05	4.58017e-05	6.72828e-05	5.14897e-05	0.00038473	4.60199e-05	1.79867e-05	4.6659e-05	1.15466e-05	0.000120423	6.41315e-05	5.39392e-05	3.91666e-05	4.82025e-05	1.30335e-05	0.000122558	1.45786e-05	9.9329e-06	2.44268e-05	1.4163e-05	4.19125e-05	7.53493e-05	3.63265e-05	2.24702e-05	7.71908e-05	4.14484e-05	3.60699e-05	2.87944e-05	2.52108e-05	1.45778e-05	4.07813e-05	2.99527e-05	3.97579e-05	5.40068e-05	6.33842e-05	3.5604e-05	2.72726e-05	7.49258e-05	1.76602e-05	5.93478e-05	3.37179e-05	3.94981e-05	8.15335e-05	3.0732e-05	4.20917e-05	7.60046e-05	4.13045e-05	0.000261793	0.000213749	1.92179e-05	3.41891e-05	3.38956e-05	4.16839e-05	1.14888e-05	1.14437e-05	2.05016e-05	3.79574e-05	4.68046e-05	1.89547e-05	3.00301e-05	1.65501e-05	1.9833e-05	7.45981e-05	3.22968e-05	4.03243e-05	1.93809e-05	3.76103e-05	2.06276e-05	3.68306e-05	1.20399e-05	4.80627e-05	6.52341e-05	4.68598e-05	4.01181e-05	3.75115e-05	0.000100673	5.61557e-05	3.54607e-05	3.6333e-05	1.51504e-05	4.32077e-05	5.61185e-05
PWY-7431: aromatic biogenic amine degradation (bacteria)	0	0	0	0	0	0	0	0	0	0	0	0	0	0	0	0	0	0	0	0	0	0	0	0	0	0	0	0	0	0	0	0	0	0	0	0	3.93807e-07	0	0	0	0	0	0	0	0	0	0	0	0	0	0	0	0	0	0	0	0	0	0	0	0	0	0	0	0	0	0	0	0	0	0	0	0	0	0	0	0	0	0	0	0	0	0	0	0	0	0	0	0	0	0	0	0	0	0	0	0	0	0	0	0	0	0	0	0	0	0	0	0	0	0	0	0	0	0	0	0	0	0	0
PWY-7434: terminal O-glycans residues modification (via type 2 precursor disaccharide)	0	0	0	0	0	0	0	0	0	0	0	0	0	0	0	0	0	0	4.15677e-07	0	0	0	0	0	0	0	0	0	0	0	0	0	0	0	0	0	0	0	0	0	0	0	0	0	0	0	0	0	0	0	0	0	0	0	0	0	0	0	0	0	0	0	0	0	0	0	0	0	0	0	0	0	0	0	0	0	0	0	0	0	0	0	0	0	0	0	0	0	0	0	0	0	0	0	0	0	0	0	0	0	0	2.49769e-07	0	0	0	0	0	0	0	0	0	0	0	0	0	0	0	0	0	0
PWY-7446: sulfoquinovose degradation I	0	0	0	0	0	0	0	0	0	0	0	0	0	0	2.27054e-07	0	0	0	0	0	0	0	0	0	2.10727e-06	0	1.65671e-06	7.63242e-07	0	3.3688e-07	0	0	0	0	0	1.78379e-06	0	0	0	0	0	0	5.75514e-07	0	0	0	0	0	0	0	0	1.77169e-07	0	0	0	0	0	0	0	0	0	0	0	0	2.186e-07	0	0	0	0	0	0	0	5.14904e-07	0	0	3.72194e-07	0	0	0	0	0	0	0	0	0	0	3.83783e-06	0	0	0	0	0	0	0	0	0	0	0	0	0	0	0	0	0	0	0	0	0	0	0	0	0	0	0	0	0	0	0	0	0
"PWY-7456: &beta;-(1,4)-mannan degradation"	2.43624e-06	2.09977e-06	2.74056e-06	0	3.65992e-06	0	1.6437e-06	2.5556e-06	0	1.88718e-06	4.2818e-06	2.12261e-06	2.09436e-06	2.14784e-06	3.81948e-06	0	0	0	0	1.07781e-06	0	8.71584e-06	0	0	0	1.41742e-06	0	0	1.37674e-06	2.42346e-06	3.59341e-06	4.48676e-06	3.22187e-06	2.00023e-06	1.76274e-06	1.82814e-06	7.46801e-06	2.57497e-06	2.36788e-06	8.40167e-06	8.54546e-06	3.83149e-06	3.37462e-06	0	0	3.51462e-06	0	0	0	1.6362e-06	2.49689e-06	0	0	0	2.2768e-06	1.64757e-06	8.99527e-06	1.96826e-06	1.46311e-06	2.38243e-06	0	3.18459e-06	2.70732e-06	4.86693e-06	3.43266e-06	2.69749e-06	0	0	0	4.11031e-06	1.40511e-06	0	0	2.26943e-06	0	4.83711e-06	0	2.32406e-06	2.0289e-06	5.51679e-06	5.43571e-06	0	0	0	0	0	9.33317e-06	3.2743e-06	0	2.08311e-06	1.41646e-06	2.86124e-06	3.68688e-06	1.90098e-06	2.01481e-06	1.96846e-06	5.69679e-06	2.76778e-06	1.81929e-06	1.37321e-06	0	1.64772e-06	0	3.25181e-06	1.17563e-06	0	0	0	0	0	7.29146e-06	3.13931e-06	6.5647e-06	0	0	3.52918e-06	1.15142e-06	1.20879e-06	2.27068e-06	3.04237e-06
PWY-7560: methylerythritol phosphate pathway II	0.000155219	4.14914e-05	0.000136821	0.000149702	9.69639e-05	0.000177021	0.000107253	0.000133851	0.00015121	0.000145267	0.000117771	0.000152444	0.000139323	0.000168929	0.000161328	0.000115667	0.000159584	0.000159806	0.000163426	0.000163662	4.30291e-05	0.000136274	0.000141007	0.000172913	0.000148229	5.5443e-05	0.000131291	0.000156598	0.00010997	0.000141322	0.000171663	0.000194381	0.000185813	0.000179452	0.000186246	8.35029e-05	8.58827e-05	0.000119683	0.000128894	0.000155423	7.75094e-05	0.000108623	8.11413e-05	0.000177235	0.000136781	0.000186504	9.63256e-05	0.000207372	0.000174701	0.000150904	0.000115344	0.000160858	0.000134247	5.01874e-05	0.0001121	0.000102567	0.000136089	0.00015732	0.000116312	0.000112534	0.000120586	0.000150219	0.000153111	0.000118528	0.000204354	0.000115412	0.00014455	0.000150471	0.000170576	0.000129693	0.000166754	7.89698e-05	0.000184174	0.000109603	0.000140086	9.88385e-05	0.0001595	0.000137054	0.000198927	0.00013019	0.000131833	0.000165824	0.000158364	0.000120686	0.000170999	0.000174199	7.18274e-05	0.000141384	0.000154071	0.000159107	0.000125013	0.000159266	0.000176839	0.000166182	8.50399e-05	9.45964e-05	9.02054e-05	0.000191341	0.000136765	0.000119836	8.81635e-05	0.000147462	0.000170812	0.000121338	0.000137127	0.000172735	0.000156477	0.000108864	0.000127097	0.000170358	0.000136751	0.000152158	0.000116886	0.000141291	0.000152501	0.000160274	0.000163172	0.000201268	0.000155448	9.66334e-05
PWY-7616: methanol oxidation to carbon dioxide	0	0	0	1.5148e-07	7.33211e-08	0	0	0	0	8.97869e-07	0	0	0	3.08436e-07	2.46284e-07	0	2.94745e-07	0	0	0	0	0	0	0	1.85701e-06	0	1.08143e-06	1.12266e-06	9.24148e-08	3.96959e-07	0	0	1.97909e-07	8.26391e-08	8.2437e-08	0	0	0	5.82946e-07	1.41069e-06	0	0	0	0	0	0	0	1.51115e-07	0	0	0	0	0	0	0	0	0	0	0	0	0	0	0	6.23211e-07	0	0	0	0	0	7.14168e-07	0	0	5.44684e-07	0	0	1.09071e-07	0	0	7.88511e-07	0	0	0	0	0	0	0	4.02609e-07	0	3.17161e-07	0	0	0	0	0	0	0	0	9.78354e-08	0	0	1.51884e-07	0	0	0	0	0	0	0	0	0	0	9.50694e-08	0	7.37907e-07	0	7.31411e-07	0	1.0701e-07	0	0
PWY-7663: gondoate biosynthesis (anaerobic)	4.88291e-05	2.43922e-05	7.30467e-05	4.65954e-05	8.10081e-05	4.30732e-05	6.82135e-05	9.46557e-05	5.33133e-05	3.7953e-05	6.79211e-05	5.03078e-05	6.49127e-05	5.65371e-05	8.46283e-05	3.61385e-05	5.12776e-05	6.8784e-05	8.84591e-05	8.80667e-05	5.89515e-05	6.00458e-05	4.80703e-05	4.50389e-05	4.9709e-05	6.67938e-05	3.27261e-05	6.88718e-05	5.05994e-05	6.7472e-05	5.44623e-05	5.83112e-05	5.45483e-05	3.96578e-05	3.64594e-05	5.21111e-05	7.19852e-05	2.74379e-05	5.62983e-05	8.04247e-05	3.66932e-05	7.90681e-05	5.24711e-05	6.48565e-05	4.19115e-05	5.30205e-05	5.7426e-05	4.8109e-05	7.73573e-05	4.67397e-05	6.51068e-05	5.02931e-05	5.25085e-05	2.75527e-05	6.61163e-05	4.71221e-05	9.90215e-05	6.60001e-05	5.21203e-05	4.2598e-05	3.63542e-05	4.73151e-05	6.70128e-05	7.01528e-05	5.88793e-05	4.77181e-05	5.07482e-05	5.24142e-05	7.18182e-05	7.65883e-05	5.86147e-05	2.80455e-05	4.59947e-05	6.1768e-05	5.25333e-05	3.92532e-05	6.55789e-05	6.55082e-05	5.89503e-05	5.36149e-05	6.24816e-05	3.46127e-05	6.344e-05	5.63495e-05	7.02721e-05	5.98135e-05	5.14857e-05	5.36893e-05	4.48164e-05	7.11946e-05	6.45901e-05	6.97177e-05	6.43902e-05	5.19616e-05	6.74889e-05	3.66699e-05	4.40626e-05	4.93806e-05	8.03921e-05	4.45754e-05	3.66776e-05	6.53302e-05	6.04679e-05	4.04348e-05	6.18985e-05	5.78057e-05	9.56163e-05	4.40506e-05	5.97457e-05	5.32326e-05	6.15934e-05	6.07389e-05	8.3846e-05	7.8305e-05	5.45923e-05	5.58328e-05	4.99715e-05	4.18319e-05	4.76049e-05	7.3661e-05
PWY-7664: oleate biosynthesis IV (anaerobic)	4.88403e-06	1.689e-05	6.26747e-06	7.21873e-06	6.81178e-06	4.24421e-06	8.72251e-06	1.4564e-05	2.74132e-06	9.42702e-06	9.28109e-07	4.55167e-06	0	0	1.29205e-05	2.08856e-06	3.01378e-06	3.80681e-06	0	0	4.0303e-06	9.96124e-06	1.26255e-06	1.48867e-06	3.64537e-05	9.35295e-07	2.7889e-05	3.05302e-05	2.16914e-06	1.71564e-05	3.02404e-06	7.19819e-06	3.14423e-06	4.04831e-06	1.38775e-06	4.91076e-05	1.08412e-05	0	1.69041e-05	4.12728e-06	1.80972e-05	6.23446e-06	2.10105e-05	2.90335e-06	8.42256e-07	1.35655e-06	0	1.0681e-05	8.09737e-06	3.76359e-06	3.38202e-06	9.82408e-06	8.9777e-06	2.36924e-05	1.78493e-06	4.32682e-06	6.20826e-06	5.37346e-06	5.97332e-06	6.18799e-06	6.5064e-06	1.30521e-06	1.09114e-05	0	9.82615e-06	6.16672e-06	2.83121e-06	0	1.53654e-05	6.08392e-06	1.12299e-05	0	1.3257e-05	4.00384e-06	0	8.69719e-06	2.17924e-06	4.89639e-06	1.42485e-06	2.07984e-06	3.22436e-06	3.04857e-06	2.08321e-06	5.67519e-06	7.06528e-06	4.36983e-06	3.71827e-05	3.05468e-06	1.78677e-06	1.98952e-06	1.44526e-05	4.08982e-06	2.24265e-06	0	1.06564e-06	9.25838e-06	4.2295e-06	1.61813e-05	2.56513e-06	0	4.25669e-06	7.06121e-06	7.61083e-06	4.53079e-06	1.76143e-06	2.11763e-06	5.88699e-06	1.28845e-06	1.60557e-05	0	7.27818e-06	6.54026e-06	9.27309e-06	1.43967e-05	6.98865e-06	2.90309e-06	1.65208e-06	6.12472e-06	2.04556e-05	1.05919e-05
PWY-7688: dTDP-&alpha;-D-ravidosamine and dTDP-4-acetyl-&alpha;-D-ravidosamine biosynthesis	6.8031e-06	1.86163e-06	7.75633e-06	3.43261e-06	8.05755e-06	1.15843e-05	6.04308e-06	1.09539e-05	6.64878e-06	2.85807e-06	4.89234e-06	6.00239e-06	4.50791e-06	8.21672e-06	7.35567e-06	2.28626e-06	2.12857e-05	1.02553e-05	7.70958e-06	1.42819e-05	2.30441e-05	3.80167e-06	7.67426e-06	2.35528e-06	4.41241e-06	1.41898e-06	0	3.2492e-06	3.63756e-06	2.07692e-06	2.8538e-06	6.52283e-06	4.01099e-06	5.38752e-06	3.83285e-06	3.54724e-06	0	1.42061e-06	2.32432e-06	2.89229e-06	6.8158e-07	6.81824e-06	1.92403e-06	5.7762e-06	1.0118e-05	5.5926e-06	5.53864e-06	6.25583e-06	1.24567e-05	4.49728e-06	7.13947e-06	8.05506e-06	4.79485e-06	0	7.55945e-06	5.44617e-06	1.19465e-05	6.4508e-06	1.58627e-06	1.35918e-06	3.86625e-06	3.87689e-06	2.58811e-06	4.62185e-06	3.52116e-06	6.287e-06	4.28963e-06	3.05781e-06	1.31116e-05	3.04875e-06	9.73898e-06	2.29823e-06	1.3543e-05	1.11845e-05	8.28211e-06	2.88466e-06	1.19254e-05	5.3656e-06	3.21547e-06	6.21819e-06	4.66681e-06	1.02883e-05	3.50466e-06	8.12499e-06	5.96695e-06	1.0704e-05	0	4.99235e-06	3.92416e-06	7.11292e-06	3.00833e-06	4.44893e-06	1.16245e-05	3.30541e-06	1.40891e-06	0	8.67592e-07	1.73925e-06	3.66893e-06	5.42916e-06	2.14883e-06	2.85833e-06	1.7799e-05	2.55156e-06	3.62818e-06	9.01443e-06	9.67028e-06	2.7453e-06	2.58951e-06	4.79687e-06	3.50855e-06	4.48928e-06	5.2492e-06	3.25828e-06	9.49797e-06	5.90402e-06	4.49088e-06	8.03291e-06	8.03921e-06	1.37294e-06
PWY-7723: bacterial bioluminescence	0	0	0	0	0	0	0	0	0	0	0	0	0	0	0	0	0	0	0	0	0	0	0	0	0	0	1.89242e-06	0	0	0	0	0	0	0	0	1.43218e-06	0	0	4.57891e-07	0	0	0	3.69032e-07	0	0	0	0	2.04663e-07	0	0	0	0	0	0	0	0	0	0	0	0	0	0	0	0	5.32081e-07	0	0	0	0	0	0	0	0	0	0	9.04077e-07	0	0	0	0	0	0	0	0	0	0	1.66407e-06	0	0	0	0	0	0	0	0	0	0	6.58945e-07	0	0	0	0	0	0	0	0	0	0	0	0	0	0	0	0	0	0	0	0	0	0
PWY-7731: superpathway of photosynthetic hydrogen production	0	0	0	0	0	0	0	0	0	0	0	0	0	0	0	0	0	0	0	0	0	0	0	0	0	0	0	0	8.63002e-07	0	0	0	0	3.78247e-07	0	0	0	0	0	0	0	0	0	0	0	0	0	0	0	0	0	0	0	0	0	0	0	0	0	6.79106e-07	1.08e-06	0	0	0	0	6.22899e-07	0	0	5.03684e-07	0	0	0	0	0	0	0	0	0	0	0	0	0	1.43611e-07	0	0	2.13593e-07	0	8.34296e-07	6.90003e-07	0	0	0	0	0	0	0	0	0	0	0	0	1.96842e-06	3.32851e-07	0	9.16369e-07	0	0	0	0	0	0	0	0	0	0	0	0	0	0	0
PWY-7761: NAD salvage pathway II (PNC IV cycle)	4.33397e-05	2.42528e-05	2.83533e-05	2.42677e-05	1.17079e-05	3.60179e-05	1.1552e-05	2.20527e-05	3.80646e-05	3.51114e-05	2.52157e-05	4.01117e-05	3.2468e-05	3.86869e-05	4.01462e-05	2.35072e-05	2.98974e-05	2.42887e-05	2.30953e-05	1.52902e-05	5.2842e-07	3.59484e-05	2.52205e-05	4.36432e-05	3.92746e-05	8.23943e-06	3.88494e-05	4.02672e-05	1.50593e-05	4.15072e-05	4.93719e-05	3.04496e-05	5.27414e-05	3.7756e-05	4.19175e-05	4.29056e-05	7.38749e-06	4.29031e-05	1.81562e-05	2.95631e-05	1.10699e-05	1.35333e-05	3.92756e-05	2.03997e-05	1.6373e-05	4.55404e-05	9.51051e-06	5.69613e-05	3.51951e-05	3.64703e-05	2.38942e-05	4.05663e-05	1.97738e-05	4.69075e-05	1.45099e-05	1.01347e-05	2.15917e-05	2.82273e-05	2.09313e-05	1.80642e-05	1.07096e-05	4.03349e-05	2.9906e-05	2.6767e-05	5.03274e-05	1.74821e-05	3.68271e-05	3.09526e-05	3.36484e-05	2.27444e-05	3.00016e-05	6.8058e-06	4.14731e-05	1.41177e-05	2.17725e-05	2.91265e-05	2.74964e-05	2.53733e-05	3.40959e-05	1.61739e-05	2.25701e-05	3.16873e-05	3.69414e-05	2.31017e-05	3.10579e-05	3.75782e-05	5.57317e-05	2.08795e-05	2.72181e-05	2.5848e-05	2.16313e-05	4.76667e-05	4.28898e-05	4.03464e-05	5.65184e-06	1.8269e-05	3.06842e-05	3.49911e-05	2.05803e-05	2.69563e-05	8.90858e-06	2.94401e-05	2.34848e-05	5.59888e-06	2.43186e-05	3.08654e-05	1.69499e-05	1.40034e-05	1.6558e-05	3.94059e-05	2.06045e-05	2.67806e-05	1.70902e-05	2.11075e-05	3.14541e-05	3.0947e-05	4.11255e-05	5.84722e-05	7.11701e-05	1.27988e-05
PWY-7783: plasmalogen degradation	0	0	0	0	0	0	0	0	0	0	0	0	0	0	0	0	0	0	0	0	0	0	0	0	0	0	0	0	0	4.63181e-07	0	0	0	0	0	0	0	0	0	5.99453e-07	0	0	0	0	0	0	0	0	0	0	0	0	0	0	0	0	0	0	0	4.97025e-07	0	0	0	0	0	0	0	0	0	0	0	0	0	0	0	0	0	0	0	0	0	0	0	0	0	0	0	0	0	0	0	0	0	0	0	0	0	8.11803e-07	0	0	0	0	0	0	0	0	0	0	0	0	0	0	0	0	0	0	0	0	0	0
PWY-7784: reductive acetyl coenzyme A pathway II (autotrophic methanogens)	0	0	0	0	0	0	0	0	0	0	3.73492e-06	0	0	0	0	8.97847e-06	0	0	0	0	0	0	0	0	0	2.42197e-06	2.60601e-06	0	5.20287e-06	5.16499e-06	0	0	0	0	0	0	0	0	0	0	0	0	0	0	0	0	7.11428e-06	0	0	0	0	0	0	0	2.51832e-06	0	0	0	0	0	0	1.14588e-05	0	0	0	0	0	0	0	0	0	0	0	6.35083e-06	0	0	0	0	0	2.85948e-06	0	0	0	0	0	0	0	0	0	0	0	0	0	0	7.10489e-06	3.14961e-06	6.66208e-06	0	0	4.00922e-06	0	0	0	0	0	0	0	0	0	0	0	0	0	0	0	0	0	0	0	0
PWY-7790: UMP biosynthesis II	0.000488486	0.000564632	0.000496989	0.000493867	0.00049933	0.000516997	0.000460394	0.000522393	0.000480656	0.000495857	0.00039636	0.000476844	0.000499513	0.000507343	0.000513497	0.000433245	0.000515401	0.000528489	0.000494244	0.000511588	0.000552878	0.000420908	0.000520197	0.000444684	0.000408051	0.000512097	0.000575278	0.000451902	0.000358988	0.000361657	0.000430466	0.000542275	0.000474667	0.000496074	0.0004704	0.000517045	0.000572123	0.000371432	0.000567716	0.000468354	0.000561148	0.00058628	0.00061838	0.000497011	0.000457953	0.000498361	0.000460606	0.000541701	0.000482489	0.000502469	0.000518894	0.000495295	0.000544836	0.00145734	0.000486805	0.000532324	0.000514497	0.0004677	0.000466586	0.000478484	0.000513012	0.000468836	0.00049734	0.000426648	0.000491348	0.000520061	0.000461841	0.000516703	0.000502488	0.000499171	0.000521181	0.000586632	0.000501512	0.000486762	0.0004674	0.000625224	0.000516807	0.000509304	0.000601234	0.000523208	0.000482785	0.000491659	0.0005313	0.000493762	0.00047414	0.00048621	0.000658013	0.000481846	0.000555159	0.000554544	0.000514411	0.000521759	0.000507366	0.000521461	0.000499598	0.000517954	0.000526078	0.000495073	0.000529761	0.00051003	0.000661299	0.000577385	0.000546696	0.000617987	0.000514527	0.000501678	0.00052426	0.000508327	0.000492359	0.000528448	0.000537115	0.000462525	0.000482386	0.000530364	0.000493296	0.000474055	0.000466052	0.000489358	0.000461914	0.000604818
PWY-7791: UMP biosynthesis III	0.000488486	0.000564632	0.000496989	0.000493867	0.00049933	0.000516997	0.000460394	0.000522393	0.000480656	0.000495857	0.00039636	0.000476844	0.000499513	0.000507343	0.000513497	0.000433245	0.000515401	0.000528489	0.000494244	0.000511588	0.000552878	0.000420908	0.000520197	0.000444684	0.000408051	0.000512097	0.000575278	0.000451902	0.000358988	0.000361657	0.000430466	0.000542275	0.000474667	0.000496074	0.0004704	0.000517045	0.000572123	0.000371432	0.000567716	0.000468354	0.000561148	0.00058628	0.00061838	0.000497011	0.000457953	0.000498361	0.000460606	0.000541701	0.000482489	0.000502469	0.000518894	0.000495295	0.000544836	0.00145734	0.000486805	0.000532324	0.000514497	0.0004677	0.000466586	0.000478484	0.000513012	0.000468836	0.00049734	0.000426648	0.000491348	0.000520061	0.000461841	0.000516703	0.000502488	0.000499171	0.000521181	0.000586632	0.000501512	0.000486762	0.0004674	0.000625224	0.000516807	0.000509304	0.000601234	0.000523208	0.000482785	0.000491659	0.0005313	0.000493762	0.00047414	0.00048621	0.000658013	0.000481846	0.000555159	0.000554544	0.000514411	0.000521759	0.000507366	0.000521461	0.000499598	0.000517954	0.000526078	0.000495073	0.000529761	0.00051003	0.000661299	0.000577385	0.000546696	0.000617987	0.000514527	0.000501678	0.00052426	0.000508327	0.000492359	0.000528448	0.000537115	0.000462525	0.000482386	0.000530364	0.000493296	0.000474055	0.000466052	0.000489358	0.000461914	0.000604818
PWY-7805: (aminomethyl)phosphonate degradation	0	0	0	0	0	0	0	0	0	0	0	0	0	0	0	0	0	0	0	0	0	0	0	0	4.31803e-07	0	2.80208e-07	0	0	0	0	0	0	0	0	0	0	0	0	0	0	0	0	0	0	0	0	0	0	0	0	0	0	4.64451e-07	0	0	0	0	0	0	0	0	0	0	0	0	0	0	0	0	0	0	0	0	0	0	0	0	0	0	0	0	0	0	0	0	3.07043e-06	0	0	0	0	0	0	0	0	0	0	0	0	0	0	0	0	0	0	0	0	0	0	0	0	0	0	0	0	0	0	0	0	0
PWY-7807: glyphosate degradation III	0	0	0	0	2.31356e-07	0	0	0	0	0	0	0	0	0	0	0	0	0	0	0	0	0	0	0	3.93065e-07	0	2.50443e-07	0	0	0	0	0	0	0	0	0	0	0	0	0	0	0	0	0	0	0	0	0	0	0	0	0	0	5.36171e-07	0	0	0	0	0	0	0	0	0	0	0	0	0	0	0	0	0	0	0	0	0	0	0	0	0	0	0	0	0	0	0	0	2.94088e-06	0	0	0	0	0	0	0	0	0	0	6.22582e-07	0	0	0	0	0	0	0	0	0	0	0	0	0	0	0	0	0	0	0	0	0	0
PWY-7820: teichuronic acid biosynthesis (B. subtilis 168)	0	0	2.78003e-07	0	6.72745e-07	0	1.02916e-06	8.60241e-07	0	0	2.77724e-07	0	0	0	0	6.85631e-07	0	4.4341e-07	9.03066e-07	0	9.77318e-07	0	0	0	3.19707e-07	0	0	0	1.51271e-06	0	0	0	0	0	0	0	0	0	0	0	0	0	0	0	8.61025e-07	0	5.47291e-07	2.54418e-07	0	2.92485e-07	0	4.06106e-07	0	0	0	0	1.28929e-06	5.29083e-07	6.9437e-07	0	0	0	0	0	0	0	0	0	0	1.71088e-06	0	0	0	0	6.60777e-07	0	0	0	0	0	8.98601e-07	0	9.06733e-07	6.0082e-07	0	0	0	0	1.53907e-06	0	0	0	0	0	4.92869e-07	0	0	0	9.7459e-07	0	0	0	0	0	1.01e-06	0	0	0	0	0	0	7.25499e-07	1.11109e-06	0	0	6.20608e-07	3.0367e-07	4.33068e-07	6.79922e-07	0
PWY-7851: coenzyme A biosynthesis II (eukaryotic)	0.000150356	0.00019399	0.000112304	0.000136856	0.00010485	0.000156864	9.41266e-05	0.000139047	0.000110869	0.000108492	0.000114472	0.000142617	0.000137465	0.000117752	0.000133899	9.62109e-05	0.000151789	0.000157078	0.000150355	0.000161422	0.000200073	0.000119659	0.000154106	0.000160609	9.86318e-05	0.000178845	0.000174311	0.000131271	8.60997e-05	9.38771e-05	0.000143936	0.000190349	0.000158893	0.000188067	0.000168948	0.00019736	0.000208859	0.000114531	0.000249099	0.000163985	0.000269047	0.000221564	0.000227849	0.000217069	0.000140126	0.000162988	0.000111799	0.000185554	0.000166116	0.000161438	0.000149639	0.000158742	0.000219956	0.000199962	0.000119022	0.000166845	0.00014928	0.000167199	0.000107382	0.000154056	0.000192479	0.000106984	0.000148422	9.55397e-05	0.000180328	0.000188094	0.000124065	0.000135742	0.000142653	0.000103171	0.000148712	0.000207853	0.000180213	0.000135615	0.000141008	0.000246256	0.000172589	0.000124893	0.000198429	0.000116369	0.000149792	0.00014406	0.000167972	0.000129228	0.00018046	0.000174799	0.000240841	0.000128301	0.000160286	0.000157187	0.000115036	0.000187733	0.000174693	0.000144458	9.28863e-05	0.000158508	0.000192047	0.000168141	0.000130923	9.77617e-05	0.000228841	0.000112394	0.000192184	0.000166355	0.000169936	0.000166146	0.000171827	0.000105969	0.000175464	0.000148178	0.000170504	0.000132167	0.000137548	0.000155011	0.000119849	0.000158492	0.00013999	0.000195627	0.000161467	0.000208372
PWY-7858: (5Z)-dodecenoate biosynthesis II	1.73041e-06	1.26023e-06	0	2.93547e-06	6.25232e-07	2.57603e-06	0	1.46483e-06	1.37295e-06	0	0	0	0	0	9.31983e-07	0	5.73863e-07	1.65641e-06	0	0	1.30153e-06	2.18187e-06	7.31412e-07	8.96673e-07	1.41423e-05	0	5.92284e-06	4.65665e-06	1.09407e-06	1.0424e-06	1.12251e-06	0	1.85198e-06	0	8.27757e-07	9.67951e-06	0	0	7.07366e-06	1.09236e-06	4.26173e-06	1.25616e-06	9.9665e-06	0	0	0	0	1.89397e-06	4.81026e-06	0	0	1.75466e-06	1.93866e-06	0	0	0	2.28238e-06	0	0	1.78834e-06	1.4895e-06	0	1.37705e-06	0	4.60595e-06	3.1597e-06	0	0	9.50078e-06	0	0	0	6.02807e-06	0	0	1.21505e-06	1.33531e-06	1.07784e-06	0	9.19011e-07	1.87348e-06	0	0	0	2.37105e-06	1.8822e-06	8.41451e-06	0	0	1.22945e-06	0	6.74024e-07	1.31381e-06	0	0	0	0	6.36349e-07	8.61372e-07	0	7.71661e-07	0	0	0	7.20371e-07	0	0	0	9.17782e-06	0	0	1.68124e-06	6.58676e-07	2.30805e-06	1.861e-06	1.21023e-06	0	6.4384e-07	3.72715e-06	1.20008e-06
PWY-7873: D-erythronate degradation II	0	0	0	0	0	0	0	0	0	0	0	0	0	0	0	0	0	0	0	0	0	0	0	0	9.88383e-07	0	3.26335e-07	6.10307e-07	0	0	0	0	0	0	0	6.40455e-07	0	0	3.31886e-07	0	0	0	3.02924e-07	0	0	0	0	2.8903e-07	0	0	0	0	0	0	0	0	0	0	0	0	0	0	0	0	0	0	0	0	0	0	0	0	0	0	0	1.82302e-07	0	0	0	0	0	0	0	0	0	0	3.14003e-07	0	0	0	0	0	0	0	0	0	0	0	0	0	0	0	0	0	0	0	0	0	0	0	0	0	0	0	2.08177e-07	0	0	0	0	0
PWY-7874: L-threonate degradation	0	0	0	0	0	0	0	0	0	0	0	0	0	0	0	0	0	0	0	0	0	0	0	0	1.60008e-06	0	9.04648e-07	7.765e-07	0	0	0	0	0	0	1.00536e-07	2.50584e-06	0	0	3.31886e-07	0	0	0	3.30838e-07	0	0	0	0	3.34724e-07	0	0	0	0	0	6.43701e-07	0	0	0	0	0	0	0	0	0	0	0	0	0	0	0	0	0	0	0	0	0	1.82302e-07	0	0	0	0	0	0	0	0	0	0	1.24406e-06	0	0	0	0	0	0	0	0	0	0	0	0	0	0	0	0	0	0	0	0	0	0	0	0	0	0	7.08361e-07	3.75999e-07	0	0	0	0	0
PWY-7883: anhydromuropeptides recycling II	0	0	0	0	0	0	0	2.30888e-07	0	0	0	0	0	0	1.35472e-06	0	0	0	0	0	0	0	0	0	1.89942e-06	0	1.44613e-06	2.85948e-06	0	2.23572e-07	0	0	0	0	0	0	0	0	0	1.04801e-06	0	0	1.4863e-06	0	0	0	0	0	0	0	0	0	0	0	0	0	0	0	0	3.58018e-07	3.17445e-07	0	4.83004e-07	0	0	0	0	0	0	0	0	0	9.49244e-07	0	0	0	0	0	0	0	0	0	0	0	0	0	5.31538e-06	0	0	0	0	0	0	0	0	2.86641e-06	0	0	0	0	0	0	0	0	0	0	0	0	0	0	0	0	0	0	0	0	0	0	0	0
PWY-7942: 5-oxo-L-proline metabolism	0	4.24575e-07	0	0	0	7.42255e-07	0	5.57733e-07	0	1.35387e-06	0	0	0	0	6.6195e-07	0	1.19588e-06	0	0	0	0	0	1.04037e-06	0	8.95374e-06	0	8.11569e-06	5.53113e-06	0	9.52847e-07	1.06561e-06	1.43682e-06	0	1.19772e-06	1.93626e-06	2.02769e-05	5.69777e-06	0	1.23303e-06	0	1.15372e-06	0	0	0	4.78683e-06	1.3885e-06	0	4.53913e-06	0	0	0	4.32782e-06	0	1.48951e-06	0	0	0	0	0	2.06051e-06	0	0	0	0	1.53123e-06	0	0	0	0	0	0	0	7.57367e-06	0	0	3.9021e-06	5.34723e-07	0	0	0	1.53249e-06	0	0	8.60559e-07	4.66027e-06	0	1.60566e-05	0	6.28958e-07	0	0	0	0	0	0	0	0	3.57345e-06	9.52115e-07	0	0	8.80345e-07	0	0	0	0	4.89281e-06	0	0	0	0	6.75895e-07	0	3.74985e-06	1.232e-06	0	0	0	9.91223e-07	0
PWY-7948: 4-oxopentanoate degradation	1.10813e-06	8.37896e-07	1.30905e-06	2.52736e-06	1.92871e-06	0	2.21054e-06	1.85012e-06	2.17312e-06	3.08718e-06	7.94621e-07	1.52096e-06	6.13979e-07	6.72551e-07	7.08206e-07	1.45574e-06	3.81546e-07	0	7.37585e-07	0	7.08565e-07	5.13345e-07	9.81588e-07	0	2.70961e-06	0	0	1.80974e-06	3.03861e-06	0	1.50843e-06	6.08748e-07	5.56769e-07	0	1.27998e-06	0	9.70151e-07	7.41534e-07	1.04333e-06	1.26381e-06	0	1.24125e-06	0	0	2.7679e-06	6.82838e-07	0	1.47321e-06	0	1.06847e-06	2.78541e-06	1.77526e-06	0	0	1.3124e-06	0	1.19128e-06	4.40468e-07	1.98405e-06	2.01807e-06	1.50641e-06	3.7169e-07	1.80536e-06	5.37361e-07	9.18098e-07	5.5149e-07	8.1042e-07	1.03455e-06	0	1.15293e-06	1.7658e-06	0	0	1.02934e-06	0	0	0	3.67111e-06	0	1.43333e-06	2.26665e-06	1.11157e-06	0	2.14213e-06	0	0	0	7.92702e-07	2.07059e-06	1.33327e-06	1.83669e-06	0	0	1.25911e-06	4.0055e-07	0	0	0	1.70813e-06	1.69464e-06	0	1.31449e-06	0	0	1.65321e-06	0	0	7.00644e-07	1.18901e-06	1.38812e-06	9.19713e-07	3.30198e-06	9.24983e-07	0	1.88915e-06	1.25164e-06	4.42381e-07	1.26003e-06	2.67788e-06	0
PWY-7953: UDP-N-acetylmuramoyl-pentapeptide biosynthesis III (meso-diaminopimelate containing)	0.000210065	0.000257992	0.000159208	0.00018176	0.000162822	0.00022836	0.000160849	0.000198596	0.000162164	0.000175284	0.0001648	0.0001884	0.000195389	0.000194668	0.000193162	0.000136726	0.000213328	0.000225207	0.000204974	0.000212942	0.000227372	0.000185321	0.00021025	0.000219666	0.000177145	0.000242218	0.000250498	0.000204993	0.000149322	0.000147623	0.000196812	0.00026852	0.00021498	0.000244128	0.000229051	0.000271885	0.000278636	0.000154976	0.000322228	0.000244336	0.000345194	0.000283305	0.00033268	0.000287842	0.000207013	0.000240988	0.000168284	0.000250648	0.000271034	0.000218239	0.000214598	0.000206364	0.000257813	0.000234124	0.000152183	0.000216554	0.000216603	0.000215926	0.000147646	0.000216332	0.000234117	0.000159052	0.00021499	0.000137235	0.000253208	0.000237129	0.000179206	0.00018248	0.000226076	0.000157041	0.000205003	0.000279464	0.000262774	0.000207529	0.000183075	0.000309878	0.000226535	0.000170575	0.000264978	0.000168565	0.000195128	0.000205897	0.000223202	0.000204937	0.00022134	0.00025537	0.000333806	0.00018618	0.00019751	0.000212073	0.00015592	0.000231809	0.000223063	0.000187359	0.000123672	0.000189415	0.000225699	0.000244348	0.00018935	0.000141143	0.000292383	0.000159393	0.000237057	0.000229316	0.000212088	0.000216321	0.000216578	0.000153259	0.000242488	0.000198726	0.000193042	0.000185924	0.000188698	0.000201768	0.000195929	0.000215399	0.000193309	0.000244086	0.000209431	0.000303465
PWY-7977: L-methionine biosynthesis IV	6.53691e-05	4.36806e-05	7.4326e-05	6.74101e-05	9.13627e-05	7.91611e-05	7.23387e-05	0.0001191	6.52661e-05	6.03352e-05	7.83958e-05	7.66074e-05	9.15231e-05	7.76459e-05	0.000105357	6.04691e-05	5.89282e-05	0.00011201	0.000135864	0.000142802	9.03218e-05	5.52975e-05	6.18323e-05	3.22488e-05	9.75299e-05	8.26978e-05	9.43065e-05	8.45487e-05	8.16111e-05	8.14918e-05	6.63761e-05	6.95801e-05	6.19773e-05	4.78672e-05	5.74951e-05	0.000102672	6.08291e-05	2.79266e-05	8.29657e-05	8.3134e-05	5.0732e-05	0.000100032	9.48016e-05	8.22831e-05	7.78586e-05	4.94153e-05	6.91413e-05	7.7684e-05	7.05115e-05	7.27959e-05	8.39618e-05	6.76443e-05	6.51366e-05	3.90053e-05	8.4971e-05	8.95983e-05	0.000136082	7.70893e-05	7.61494e-05	7.79825e-05	7.10944e-05	5.68027e-05	9.78183e-05	6.37048e-05	6.05554e-05	7.72248e-05	7.55244e-05	7.43103e-05	0.000115934	7.39636e-05	8.67525e-05	5.49471e-05	7.85258e-05	4.87354e-05	4.71833e-05	5.79626e-05	8.65135e-05	8.53709e-05	9.37135e-05	6.09372e-05	7.25031e-05	3.83093e-05	8.96981e-05	6.24501e-05	7.40842e-05	7.10693e-05	7.74143e-05	5.82907e-05	4.39756e-05	8.61416e-05	8.65796e-05	9.98277e-05	0.000106448	7.42415e-05	9.25746e-05	6.1992e-05	6.57654e-05	5.56338e-05	0.00010571	6.30833e-05	7.33874e-05	9.46289e-05	8.05137e-05	2.77743e-05	8.87296e-05	6.36867e-05	0.000121567	3.86909e-05	6.68426e-05	5.73031e-05	8.26214e-05	6.43936e-05	0.000117175	0.000129958	6.6162e-05	8.58697e-05	7.58848e-05	6.23679e-05	7.63801e-05	6.58061e-05
PWY-7992: superpathway of menaquinol-8 biosynthesis III	3.41341e-06	0	0	0	5.94157e-06	2.38009e-06	4.85016e-06	6.88563e-06	1.87957e-06	1.55828e-06	0	0	0	3.25528e-06	4.32031e-06	0	3.82948e-06	5.44689e-06	7.60977e-06	8.14091e-06	4.38991e-06	0	0	0	3.03876e-06	0	5.9253e-06	3.07637e-06	1.38498e-06	5.22405e-06	2.21891e-06	1.85529e-06	0	0	1.46569e-06	0	5.19168e-06	1.32524e-06	5.55881e-06	1.59155e-06	4.44157e-06	1.52908e-06	1.06079e-06	2.41133e-06	3.25555e-06	0	4.2301e-06	2.59119e-06	0	1.81284e-06	1.39322e-06	3.90377e-06	0	4.17814e-06	0	2.59367e-06	7.53241e-06	0	0	2.8509e-06	1.73368e-06	0	5.49543e-06	0	1.95268e-06	0	3.22185e-06	4.73122e-06	2.90702e-06	5.82286e-06	0	0	2.55986e-06	3.00055e-06	0	0	1.9379e-06	4.54859e-06	5.03458e-06	1.94912e-06	4.21062e-06	2.43191e-06	4.99238e-06	1.71429e-06	4.48944e-06	3.25808e-06	0	0	1.54743e-06	0	1.78505e-06	5.55329e-06	5.36943e-06	2.56018e-06	5.98681e-06	2.84377e-06	1.65541e-06	2.63607e-06	6.7374e-06	0	4.17562e-06	0	5.40207e-06	0	2.44825e-06	3.38791e-06	5.57617e-06	3.07549e-06	1.35456e-06	2.25908e-06	1.94469e-06	4.36453e-06	5.26118e-06	7.53793e-06	2.90782e-06	4.42099e-06	3.99309e-06	0	3.35264e-06	4.89438e-06
PWY-8004: Entner-Doudoroff pathway I	2.6034e-05	2.12948e-05	0	6.19676e-06	1.99157e-06	7.52268e-06	4.2597e-06	6.09235e-06	0	3.28824e-06	3.73598e-06	2.3373e-05	4.14197e-06	2.72182e-06	5.79269e-06	1.27592e-06	2.45398e-06	5.23329e-06	1.8739e-06	2.33475e-06	3.19856e-06	4.78278e-06	1.58346e-06	2.05202e-05	2.42128e-05	7.863e-06	4.43328e-05	1.65731e-05	3.09858e-06	2.06782e-05	5.15599e-06	1.95795e-05	2.14185e-05	2.26972e-05	3.421e-06	3.6591e-05	1.48188e-05	5.37457e-06	1.80465e-05	1.87332e-06	2.02486e-05	4.18634e-06	3.49276e-05	3.08677e-06	5.33373e-06	1.14172e-05	0	3.73329e-05	4.3923e-06	1.32429e-05	8.5367e-06	1.8348e-05	1.44684e-05	3.77778e-05	0	3.04183e-06	0	6.6378e-06	3.69687e-06	8.72518e-06	4.48153e-06	1.3508e-06	1.58571e-05	2.99285e-06	2.58457e-05	1.23434e-05	9.78622e-06	5.95915e-06	1.21327e-06	0	5.86817e-06	2.49174e-06	7.08504e-06	1.24725e-06	7.01069e-07	3.57473e-05	4.5693e-06	4.67495e-06	9.8645e-06	1.54793e-06	1.10956e-05	8.89878e-06	1.10596e-05	7.06828e-06	1.70028e-05	1.24104e-05	5.75797e-05	1.61747e-06	1.0596e-05	3.09731e-06	6.18076e-06	4.24235e-05	3.15101e-05	1.8657e-06	0	1.44237e-05	3.81965e-05	1.34735e-05	3.64818e-06	1.06625e-06	3.57262e-06	9.55302e-07	3.5218e-06	1.1342e-06	8.57485e-06	4.37374e-06	7.86498e-06	1.71767e-06	8.70714e-06	2.15205e-06	6.20205e-06	1.47418e-05	1.1195e-05	9.64337e-06	6.78515e-06	1.2389e-05	1.38884e-05	3.28098e-05	4.95409e-05	4.23448e-06
PWY-8011: L-serine biosynthesis II	0	0	0	0	0	0	0	0	0	0	0	0	0	0	0	0	0	0	0	0	0	0	0	0	0	0	1.19276e-06	0	0	0	0	0	0	0	0	0	0	0	0	0	0	0	0	0	0	0	5.78826e-07	0	7.23471e-07	5.4796e-07	0	0	0	0	0	0	0	0	0	0	0	0	0	0	8.29946e-07	0	0	0	0	0	0	3.75265e-07	0	0	0	0	0	0	0	0	0	0	0	0	0	0	0	0	0	0	0	0	0	0	0	0	0	0	0	0	0	0	0	4.62799e-07	0	0	0	0	0	0	0	0	0	0	0	0	0	0	0	0
PWY-801: homocysteine and cysteine interconversion	3.04593e-06	0	0	2.06212e-07	7.31643e-07	0	6.43234e-07	0	0	4.83693e-07	0	0	0	0	3.13529e-07	0	3.46172e-07	0	0	0	0	0	0	0	2.16825e-06	0	2.7357e-06	2.2012e-06	2.38572e-07	1.27056e-06	3.8243e-07	0	0	3.80256e-07	8.23889e-07	4.14954e-06	5.73091e-07	0	2.28776e-06	0	2.11456e-06	0	8.5598e-07	3.09567e-07	0	0	0	7.28035e-07	0	3.49703e-07	3.21119e-07	7.64936e-07	0	1.92124e-06	0	0	0	0	0	1.15496e-06	0	0	7.84623e-07	0	7.53171e-07	0	0	0	0	0	0	0	1.78847e-06	0	0	9.16461e-07	0	0	0	7.96829e-07	0	0	0	5.77554e-07	0	0	3.12726e-06	0	0	0	6.04014e-07	0	0	0	0	2.63379e-06	0	4.53376e-07	0	0	0	0	0	3.33039e-07	0	0	0	5.78366e-07	0	2.49287e-07	3.38151e-07	9.17427e-07	0	1.81447e-06	1.26774e-06	0	0	7.33562e-07	3.01456e-06	0
PWY-8073: lipid IVA biosynthesis (P. putida)	2.15272e-06	3.4323e-06	4.98087e-06	4.44646e-06	6.96432e-06	3.70623e-06	5.69793e-06	8.20885e-06	3.14134e-06	1.40046e-06	1.06259e-06	4.44335e-06	5.51237e-06	5.92516e-06	7.04486e-06	3.02269e-06	1.1034e-06	9.34799e-06	1.8201e-05	1.78605e-05	4.95081e-06	1.32047e-06	3.64315e-06	1.71689e-06	1.63111e-05	1.52073e-06	1.55396e-05	1.36807e-05	1.98425e-06	5.56512e-06	2.11407e-06	7.34064e-06	3.0693e-06	6.37318e-06	2.37074e-06	2.87469e-05	8.28496e-06	1.25176e-06	8.3606e-06	9.83396e-07	4.80631e-06	2.45066e-06	7.03915e-06	2.27155e-06	6.21581e-06	1.89759e-06	3.12424e-06	6.77553e-06	1.89393e-06	1.83943e-06	5.17942e-06	9.98411e-06	3.74957e-06	9.88653e-06	1.71302e-06	6.21089e-06	1.14713e-05	6.37279e-06	2.45301e-06	5.00449e-06	4.46774e-06	1.95833e-06	7.92727e-06	4.68304e-06	7.68617e-06	3.85172e-06	4.11308e-06	5.32183e-06	6.69489e-06	8.10218e-06	8.78338e-06	6.48732e-07	9.90017e-06	2.58244e-06	5.29297e-06	3.8115e-06	5.23847e-06	3.31447e-06	6.3138e-06	4.88529e-06	7.60076e-06	3.27386e-06	6.26522e-06	5.02478e-06	8.9422e-06	2.46693e-06	1.75746e-05	1.37679e-06	2.15108e-06	4.72461e-06	3.32171e-06	7.33355e-06	1.01387e-05	4.08991e-06	6.19523e-06	4.43409e-06	2.60914e-06	4.13907e-06	7.3617e-06	2.18889e-06	5.63126e-06	7.38844e-06	9.50117e-06	1.90556e-06	2.96856e-06	7.84144e-06	7.05267e-06	3.21231e-06	2.48846e-06	4.39867e-06	4.91774e-06	5.90179e-06	6.72889e-06	1.10446e-05	4.35522e-06	5.31951e-06	5.36357e-06	7.85751e-06	5.84894e-06	6.54089e-06
"PWY-8086: (S)-lactate fermentation to propanoate, acetate and hydrogen"	0	0	0	0	0	0	0	0	0	3.0179e-07	0	0	0	0	1.48092e-07	0	0	0	0	0	0	0	2.05458e-07	0	2.64283e-06	0	2.08755e-06	2.24118e-06	0	2.43564e-07	3.3377e-07	1.20947e-06	0	2.70084e-07	0	5.01696e-06	0	0	4.57214e-07	0	0	0	4.02299e-07	0	0	0	0	3.31296e-07	0	0	2.12077e-07	1.94535e-07	0	7.41947e-07	0	0	0	0	0	1.34414e-06	0	0	2.58482e-07	0	1.16909e-06	0	0	0	0	0	0	0	2.82776e-07	0	0	1.79009e-06	0	7.941e-07	0	0	3.24174e-07	0	0	0	2.59876e-07	0	3.08211e-06	0	0	0	0	0	0	0	0	0	0	2.91321e-07	2.02977e-07	0	0	0	0	0	0	0	0	0	0	0	0	0	0	0	0	0	0	0	0	4.18098e-07
PWY-8112: factor 420 biosynthesis I (archaea)	5.2842e-05	3.29467e-06	5.33325e-05	5.62109e-05	1.91228e-05	6.8201e-05	2.66883e-05	3.69058e-05	6.98524e-05	8.73142e-05	3.87279e-05	4.89411e-05	4.78763e-05	8.31681e-05	6.02849e-05	5.82098e-05	5.43715e-05	3.87201e-05	3.68925e-05	3.13601e-05	2.81419e-06	6.55807e-05	4.05021e-05	6.25103e-05	9.30265e-05	5.36792e-06	1.34959e-05	5.3594e-05	3.62715e-05	8.51396e-05	8.93237e-05	5.4846e-05	8.46301e-05	5.70401e-05	7.4167e-05	4.66617e-06	9.16836e-06	9.5116e-05	1.19447e-05	4.88697e-05	8.21901e-06	2.65562e-06	6.10807e-06	4.43277e-05	3.36414e-05	5.64233e-05	2.51779e-05	6.10092e-05	6.16465e-05	4.70326e-05	2.33253e-05	5.23069e-05	1.66249e-05	3.49031e-06	2.96979e-05	1.26275e-05	2.65913e-05	4.61606e-05	4.29847e-05	1.65059e-05	2.1114e-05	9.7463e-05	4.84096e-05	3.78155e-05	6.42589e-05	2.06119e-05	6.41976e-05	6.08948e-05	5.08351e-05	4.63429e-05	5.8547e-05	1.03583e-05	5.62621e-05	2.54442e-05	4.23108e-05	1.25521e-05	4.40693e-05	4.72504e-05	4.6087e-05	3.88059e-05	3.37941e-05	6.38917e-05	5.05239e-05	3.40699e-05	5.00108e-05	5.82571e-05	3.57922e-06	5.38722e-05	4.92342e-05	5.34304e-05	3.64392e-05	3.51507e-05	4.89651e-05	6.47502e-05	2.05915e-05	7.76415e-06	1.1378e-05	4.83753e-05	3.40331e-05	5.02284e-05	1.0607e-05	5.33728e-05	4.3079e-05	8.14685e-06	3.01762e-05	4.99756e-05	3.5075e-05	3.16529e-05	2.42938e-05	8.21563e-05	2.83956e-05	5.06802e-05	2.03458e-05	2.34391e-05	6.35783e-05	5.11628e-05	6.35852e-05	6.54767e-05	4.52731e-05	1.15644e-05
PWY-8113: 3PG-factor 420 biosynthesis	5.2842e-05	2.88129e-06	5.33325e-05	5.62109e-05	1.84995e-05	6.8201e-05	2.43446e-05	3.69058e-05	6.98524e-05	8.73142e-05	3.87279e-05	4.85577e-05	4.75347e-05	8.14981e-05	5.7291e-05	5.44319e-05	4.96724e-05	3.72482e-05	3.68925e-05	3.13601e-05	9.42163e-07	6.55807e-05	4.05021e-05	6.25103e-05	9.30265e-05	4.23344e-06	1.19204e-05	5.3594e-05	3.60094e-05	8.50928e-05	8.78705e-05	5.4846e-05	8.46301e-05	5.70401e-05	7.4167e-05	4.02561e-06	7.82743e-06	9.5116e-05	1.02772e-05	4.88697e-05	7.28172e-06	2.0754e-06	5.22369e-06	4.42637e-05	3.32414e-05	5.64233e-05	2.47598e-05	6.10092e-05	6.16465e-05	4.60619e-05	2.33253e-05	4.96583e-05	1.61132e-05	3.05673e-06	2.7975e-05	1.26275e-05	2.63613e-05	4.3634e-05	4.25618e-05	1.32227e-05	2.10592e-05	9.33885e-05	4.7574e-05	3.34226e-05	6.14845e-05	2.06119e-05	6.41976e-05	6.08948e-05	5.08351e-05	4.48726e-05	5.79515e-05	9.37166e-06	5.62587e-05	2.04932e-05	3.6911e-05	1.20045e-05	4.05582e-05	4.72504e-05	4.6087e-05	3.45685e-05	2.85149e-05	6.38917e-05	4.56026e-05	3.2351e-05	5.00108e-05	5.82571e-05	2.69148e-06	5.13629e-05	4.44431e-05	5.17955e-05	3.55853e-05	3.17019e-05	4.85686e-05	6.37446e-05	1.96197e-05	4.80497e-06	9.77036e-06	4.83753e-05	3.23322e-05	4.69298e-05	9.49401e-06	4.94034e-05	4.3079e-05	6.37708e-06	3.01762e-05	4.99756e-05	3.5075e-05	3.16529e-05	1.93243e-05	7.95474e-05	2.83956e-05	5.06802e-05	2.00905e-05	2.26459e-05	6.10581e-05	5.06883e-05	6.22433e-05	6.54767e-05	4.52731e-05	1.05736e-05
PWY-8125: mevalonate pathway IV (archaea)	0	1.02383e-06	0	0	0	0	0	0	0	0	0	0	1.73366e-06	2.70903e-06	1.46271e-06	0	0	1.47242e-06	0	1.65744e-06	0	3.28552e-06	2.54506e-06	0	2.66223e-06	0	3.242e-06	1.85858e-06	0	1.21806e-06	5.63289e-06	0	0	1.88787e-06	0	0	1.13778e-06	0	5.41509e-06	0	0	2.60387e-06	2.04763e-06	1.06159e-06	0	0	1.02827e-06	1.44661e-06	3.08539e-06	1.48062e-06	0	2.43098e-06	0	0	0	0	0	0	0	0	0	0	0	0	1.08581e-06	0	0	0	1.80633e-06	0	2.17596e-06	0	1.1771e-06	0	0	0	0	0	0	0	0	0	0	0	0	1.07705e-06	0	0	0	0	0	0	0	0	0	0	0	0	0	0	0	0	0	1.72836e-06	0	0	0	0	0	0	0	1.29017e-06	1.14785e-06	0	0	4.04125e-06	0	0	0	0
PWY-8131: 5'-deoxyadenosine degradation II	2.85643e-06	0	3.31687e-06	8.94519e-07	8.28796e-06	5.13965e-06	4.28726e-06	2.85093e-06	6.52808e-06	3.91708e-06	1.07572e-06	2.68139e-06	1.49606e-06	3.39165e-06	8.75409e-07	1.91499e-06	5.59147e-06	3.5026e-06	3.21743e-06	3.76849e-06	2.89039e-06	2.26996e-06	4.9042e-06	9.6651e-07	2.50846e-06	0	0	4.07106e-06	4.84724e-06	1.71795e-06	2.9225e-06	1.0992e-06	4.23821e-06	1.48042e-06	2.74701e-06	0	0	3.77623e-06	1.03732e-06	1.33344e-06	0	5.0449e-07	9.24949e-07	1.90295e-06	0	2.00993e-06	7.15836e-07	1.30239e-06	2.19164e-06	1.52858e-06	1.12234e-06	2.89568e-06	1.78241e-06	0	1.13724e-06	1.86611e-06	3.98285e-06	2.13879e-06	0	9.98911e-07	0	1.66965e-06	1.89976e-06	6.32194e-07	4.91655e-07	2.19927e-06	3.47887e-06	2.80849e-06	1.73497e-06	6.18813e-07	3.16611e-06	0	7.3941e-06	2.00977e-06	8.9404e-07	3.86927e-06	1.68878e-06	0	6.38662e-07	1.82017e-06	2.84304e-06	3.22547e-06	2.35851e-06	6.78036e-07	1.2854e-06	4.57993e-06	0	1.71311e-06	1.23093e-06	2.44165e-06	6.22479e-07	3.22988e-06	4.28162e-06	1.19018e-06	1.30487e-06	9.27307e-07	4.41936e-07	1.16483e-06	1.03953e-06	0	0	1.56469e-06	4.36201e-06	1.39492e-06	1.18117e-06	2.54693e-06	4.8587e-07	0	4.52201e-07	1.66485e-06	2.14309e-06	4.89861e-06	3.04586e-06	2.91208e-06	2.38048e-06	3.97436e-06	4.15799e-06	7.48119e-06	6.26982e-06	0
PWY-8178: pentose phosphate pathway (non-oxidative branch) II	0.00017626	0.000170033	0.000176615	0.000155193	0.000186101	0.000186703	0.000165438	0.000172068	0.000167582	0.000151716	0.00013646	0.000160787	0.000160009	0.000161275	0.000169536	0.000139476	0.000165877	0.00019086	0.000171888	0.000176728	0.000181183	0.000156996	0.000167315	0.000132162	0.000163047	0.00015006	0.000156374	0.000167097	0.00017253	0.000134236	0.00014343	0.000144209	0.000135297	0.00015675	0.000136723	0.000228658	0.00016199	0.000122184	0.000222573	0.000151866	0.000161371	0.000178976	0.00016779	0.000154352	0.000202202	0.0001254	0.000149205	0.000140998	0.000185001	0.000148948	0.000180558	0.000155487	0.000174679	9.84777e-05	0.00015906	0.000205597	0.000175126	0.000149253	0.000151028	0.000171109	0.000162921	0.000143638	0.000182163	0.000169204	0.000121349	0.000152088	0.000157944	0.000151645	0.000200072	0.000166372	0.000160097	0.000183883	0.000194753	0.000194566	0.000162034	0.000173127	0.000180242	0.000164895	0.000129935	0.000177136	0.000166126	0.000160981	0.000170733	0.000207275	0.000143242	0.00017239	0.000154491	0.000156619	0.000156003	0.000174009	0.000169816	0.000156695	0.000157533	0.000192221	0.00014651	0.000140571	0.000145682	0.000126493	0.000189838	0.000143965	0.000197276	0.000167944	0.000178402	0.000186897	0.000170702	0.000167605	0.000172539	0.000152151	0.000172643	0.000160659	0.000166381	0.000166302	0.000197312	0.000212474	0.00020691	0.000161224	0.000166853	0.000161703	0.000190967	0.000179785
PWY-8182: valproate &beta;-oxidation	1.56016e-06	1.32277e-06	1.83685e-06	3.38243e-06	2.72552e-06	0	3.10681e-06	2.70559e-06	2.72479e-06	4.21747e-06	1.34456e-06	2.09298e-06	9.00421e-07	1.22851e-06	1.49728e-06	2.07562e-06	7.90967e-07	0	1.34225e-06	0	1.01751e-06	7.80619e-07	1.81355e-06	0	5.56937e-06	0	0	3.74724e-06	4.04258e-06	0	2.46257e-06	1.14164e-06	1.03404e-06	0	2.48899e-06	0	1.90463e-06	1.14086e-06	2.15096e-06	1.72964e-06	0	2.05106e-06	0	0	2.86166e-06	1.14953e-06	0	2.70335e-06	0	1.57639e-06	3.74171e-06	3.2973e-06	0	0	1.58438e-06	0	1.61711e-06	6.57641e-07	2.70864e-06	3.43182e-06	2.2087e-06	5.80441e-07	3.06663e-06	7.49292e-07	1.74425e-06	7.95799e-07	1.13851e-06	1.54037e-06	0	1.64161e-06	2.88622e-06	0	0	1.44815e-06	0	0	0	4.99302e-06	0	1.94514e-06	3.11212e-06	1.77498e-06	0	2.7681e-06	0	0	0	1.13135e-06	2.69025e-06	1.87931e-06	2.60185e-06	0	0	1.78658e-06	5.83645e-07	0	0	0	2.36507e-06	2.38889e-06	0	2.06429e-06	0	0	2.31402e-06	0	0	1.04415e-06	1.83229e-06	2.33677e-06	1.37127e-06	4.63489e-06	1.24349e-06	0	3.43871e-06	1.77404e-06	6.65767e-07	2.1904e-06	3.62324e-06	0
PWY-8187: L-arginine degradation XIII (reductive Stickland reaction)	5.75084e-05	6.3202e-05	5.87982e-05	4.29543e-05	5.66984e-05	5.17959e-05	6.23219e-05	5.43282e-05	5.08902e-05	6.16866e-05	6.22671e-05	4.72738e-05	4.83853e-05	6.50226e-05	5.72406e-05	4.98964e-05	5.16318e-05	5.42765e-05	4.87019e-05	4.19623e-05	1.89165e-05	7.25834e-05	5.84377e-05	7.52322e-05	5.05839e-05	3.54255e-05	6.39377e-05	8.83343e-05	5.61544e-05	5.70416e-05	6.17959e-05	4.49287e-05	5.61639e-05	5.89533e-05	6.43791e-05	6.34395e-05	4.37943e-05	6.86236e-05	6.81144e-05	6.02688e-05	7.28638e-05	5.97158e-05	5.30478e-05	6.84251e-05	3.73074e-05	6.49015e-05	6.18358e-05	5.02364e-05	4.67558e-05	5.68112e-05	5.37405e-05	4.76362e-05	4.3008e-05	2.39962e-05	5.73369e-05	4.37125e-05	5.42913e-05	3.86234e-05	4.51628e-05	7.99192e-05	3.67429e-05	3.73346e-05	3.73671e-05	4.06506e-05	5.73074e-05	3.93823e-05	4.11752e-05	3.95985e-05	4.23457e-05	5.76991e-05	5.19543e-05	6.96525e-05	4.78431e-05	5.41677e-05	5.75185e-05	5.60895e-05	4.76947e-05	4.63456e-05	4.55084e-05	5.77535e-05	4.41201e-05	5.2021e-05	4.24638e-05	5.37942e-05	4.42195e-05	4.23613e-05	4.45152e-05	4.86927e-05	4.20632e-05	5.39735e-05	4.35405e-05	3.3413e-05	3.81826e-05	3.52407e-05	3.71051e-05	7.34337e-05	4.35813e-05	4.07342e-05	4.84446e-05	4.78951e-05	7.05008e-05	5.03501e-05	4.38098e-05	0.000121908	5.20802e-05	4.49073e-05	4.42216e-05	5.99033e-05	5.20574e-05	4.92472e-05	4.07827e-05	6.05535e-05	4.98509e-05	6.23706e-05	5.64641e-05	4.60517e-05	4.95676e-05	5.13222e-05	5.57342e-05	7.7083e-05
PWY-8188: L-alanine degradation VI (reductive Stickland reaction)	2.5898e-06	1.77566e-06	4.48723e-06	1.98917e-06	2.14367e-06	1.56529e-06	2.72975e-06	2.73699e-06	3.34393e-06	2.63877e-06	4.06229e-06	0	2.12149e-06	3.78828e-06	2.4735e-06	0	0	0	1.75253e-06	2.49968e-06	2.91188e-06	2.99697e-06	2.44106e-06	2.59321e-06	3.2653e-06	2.71854e-06	5.72999e-06	4.98112e-06	2.08947e-06	4.77292e-06	1.88348e-06	1.18217e-06	2.67598e-06	1.86407e-06	0	5.55543e-06	8.13924e-06	1.78617e-06	4.11331e-06	3.18404e-06	4.60577e-06	8.25224e-06	2.71454e-06	1.83598e-06	2.02119e-06	2.06018e-06	0	1.84413e-06	1.76152e-06	3.71285e-06	0	0	1.05334e-06	0	4.01326e-06	0	1.39686e-06	0	1.48282e-06	3.26341e-06	1.56366e-06	4.01943e-06	1.93334e-06	3.76704e-06	2.64573e-06	0	3.5453e-06	2.48834e-06	1.70846e-06	4.11868e-06	2.28069e-06	3.47744e-06	9.88242e-07	1.43855e-06	0	4.22991e-06	0	2.63071e-06	2.03662e-06	1.71906e-06	2.30184e-06	1.26381e-06	1.79582e-06	3.42868e-06	1.31734e-06	1.11522e-06	4.43877e-06	3.37497e-06	2.70887e-06	1.94761e-06	2.73177e-06	0	0	2.68281e-06	4.13414e-06	0	3.97201e-06	2.72272e-06	3.05738e-06	2.81903e-06	5.3142e-06	3.61029e-06	0	3.26262e-06	2.90905e-06	1.57833e-06	0	2.00467e-06	5.06562e-06	3.42376e-06	2.25346e-06	2.70031e-06	2.44043e-06	3.61033e-06	3.26566e-06	1.74131e-06	1.18205e-06	0	1.4014e-06	6.63623e-06
PWY-8189: L-alanine degradation V (oxidative Stickland reaction)	2.5898e-06	1.77566e-06	4.48723e-06	1.98917e-06	2.14367e-06	1.56529e-06	2.72975e-06	2.73699e-06	3.34393e-06	2.63877e-06	4.06229e-06	0	2.12149e-06	3.78828e-06	2.4735e-06	0	0	0	1.75253e-06	2.49968e-06	2.91188e-06	2.99697e-06	2.44106e-06	2.59321e-06	3.2653e-06	2.71854e-06	5.72999e-06	4.98112e-06	2.08947e-06	4.77292e-06	1.88348e-06	1.18217e-06	2.67598e-06	1.86407e-06	0	5.55543e-06	8.13924e-06	1.78617e-06	4.11331e-06	3.18404e-06	4.60577e-06	8.25224e-06	2.71454e-06	1.83598e-06	2.02119e-06	2.06018e-06	0	1.84413e-06	1.76152e-06	3.71285e-06	0	0	1.05334e-06	0	4.01326e-06	0	1.39686e-06	0	1.48282e-06	3.26341e-06	1.56366e-06	4.01943e-06	1.93334e-06	3.76704e-06	2.64573e-06	0	3.5453e-06	2.48834e-06	1.70846e-06	4.11868e-06	2.28069e-06	3.47744e-06	9.88242e-07	1.43855e-06	0	4.22991e-06	0	2.63071e-06	2.03662e-06	1.71906e-06	2.30184e-06	1.26381e-06	1.79582e-06	3.42868e-06	1.31734e-06	1.11522e-06	4.43877e-06	3.37497e-06	2.70887e-06	1.94761e-06	2.73177e-06	0	0	2.68281e-06	4.13414e-06	0	3.97201e-06	2.72272e-06	3.05738e-06	2.81903e-06	5.3142e-06	3.61029e-06	0	3.26262e-06	2.90905e-06	1.57833e-06	0	2.00467e-06	5.06562e-06	3.42376e-06	2.25346e-06	2.70031e-06	2.44043e-06	3.61033e-06	3.26566e-06	1.74131e-06	1.18205e-06	0	1.4014e-06	6.63623e-06
PWY-8190: L-glutamate degradation XI (reductive Stickland reaction)	0	0	0	3.0372e-07	4.54931e-07	0	0	0	0	0	0	0	0	0	3.6579e-07	0	0	0	0	0	0	1.81493e-07	0	0	1.31372e-06	0	3.21673e-07	1.03273e-06	0	3.23518e-07	0	0	0	2.21589e-07	3.50154e-07	2.1882e-06	2.64221e-07	0	2.78965e-07	0	2.68254e-07	3.14028e-07	8.48772e-07	0	0	1.74741e-07	0	2.94704e-07	0	0	2.00838e-07	0	0	6.4094e-07	0	0	0	0	0	0	0	0	2.43055e-07	0	1.59737e-07	0	0	0	0	0	0	0	1.14979e-06	0	0	4.2253e-07	0	0	2.25886e-07	0	2.17856e-07	0	0	1.83154e-07	0	2.02356e-07	1.69575e-06	0	0	0	3.1045e-07	4.69274e-07	0	0	0	0	0	1.61019e-07	0	0	0	2.82931e-07	0	0	0	0	0	0	0	0	0	3.50615e-07	0	1.70387e-06	1.12662e-06	0	1.7118e-07	0	1.35464e-07	0
PWY-821: superpathway of sulfur amino acid biosynthesis (Saccharomyces cerevisiae)	5.41939e-06	3.35694e-06	4.38578e-06	5.74524e-06	3.72675e-06	2.30091e-06	4.25236e-06	4.60848e-06	7.01381e-06	6.7087e-06	0	5.4925e-06	3.39769e-06	5.53441e-06	6.75928e-06	3.65944e-06	4.67329e-06	0	0	0	2.05052e-06	4.94908e-06	1.45192e-06	4.19957e-06	2.16321e-05	0	1.94225e-05	1.47992e-05	6.27803e-06	7.4839e-06	6.91825e-06	3.84521e-06	5.18377e-06	4.78665e-06	6.92882e-06	2.33496e-05	2.17662e-06	1.84865e-06	7.17681e-06	6.01861e-06	8.02309e-06	2.35687e-06	5.23154e-06	8.23485e-06	6.03697e-06	3.79313e-06	5.50761e-06	8.43072e-06	5.78991e-06	6.72355e-06	5.41202e-06	7.80872e-06	1.94063e-06	1.30835e-05	0	3.87354e-06	3.35687e-06	5.00412e-06	4.62176e-06	5.68129e-06	3.51678e-06	3.23422e-06	6.01604e-06	6.23017e-06	8.35757e-06	4.06525e-06	4.68506e-06	2.36242e-06	3.4534e-06	3.31298e-06	6.08106e-06	9.63911e-07	6.80836e-06	1.88069e-06	0	2.99586e-06	4.37312e-06	1.00505e-05	7.4223e-06	4.90274e-06	4.87513e-06	4.64382e-06	6.95227e-06	7.26106e-06	5.96e-06	7.47134e-06	2.00256e-05	1.89358e-06	3.03907e-06	2.84767e-06	7.89928e-06	2.44461e-06	4.07115e-06	4.90603e-06	2.69131e-06	1.42029e-06	0	5.29806e-06	0	3.01008e-06	1.99924e-06	2.93705e-06	3.78954e-06	1.15593e-06	4.60226e-06	6.3502e-06	4.74049e-06	0	5.20909e-06	4.17464e-06	3.9257e-06	7.25634e-06	7.00378e-06	9.2935e-06	9.31896e-06	5.78224e-06	4.19414e-06	4.90722e-06	5.27351e-06	2.3351e-06
PWY-822: fructan biosynthesis	0	0	0	0	0	0	0	0	0	0	0	0	0	0	0	0	0	0	0	0	0	0	0	0	0	0	0	0	0	0	0	0	0	0	0	0	0	0	0	0	0	0	0	0	0	0	0	0	0	0	0	2.90802e-07	0	0	0	0	0	0	0	0	0	0	0	0	0	0	0	0	0	0	0	0	0	0	0	0	0	0	0	0	0	0	0	0	0	0	0	0	0	0	0	0	0	0	0	0	0	0	0	0	0	0	0	0	0	0	0	0	0	0	0	0	0	0	0	0	0	0	0	0
PWY-841: superpathway of purine nucleotides de novo biosynthesis I	0.000206352	0.000122577	0.000222606	0.00020268	0.000183273	0.000165503	0.000171931	0.000220065	0.000237298	0.00020257	0.000163251	0.000212008	0.00021665	0.000225344	0.000216751	0.00019001	0.000177352	0.000200345	0.000238553	0.000253872	0.000107872	0.000200789	0.000174165	0.000214055	0.000224853	0.000148133	0.000181028	0.000210779	0.000167604	0.000239312	0.000262813	0.000224278	0.000258997	0.000213502	0.00022973	0.000120646	0.000170335	0.00019612	0.00013689	0.000215091	0.000133331	0.00013294	9.71158e-05	0.000211536	0.000208163	0.000211318	0.00016132	0.000260203	0.000196665	0.000204274	0.000165029	0.000212873	0.0001428	0.000102759	0.000175831	0.000150277	0.000226804	0.000218649	0.000179127	0.000134268	0.000141439	0.000212931	0.000199335	0.000194797	0.000246957	0.000148377	0.000221081	0.000196875	0.000216763	0.000210877	0.00022138	0.000100382	0.00017224	0.000143092	0.00015358	0.000134927	0.00018104	0.000220941	0.000243236	0.000186232	0.000198193	0.00016255	0.000217943	0.000139773	0.000233089	0.000214521	0.000119579	0.000182835	0.000209653	0.000197452	0.000199992	0.000217995	0.000256846	0.000201373	0.000170048	0.000132241	0.000143257	0.000230649	0.000214331	0.00017253	0.000144495	0.000216608	0.000190587	0.000142882	0.000176032	0.000196828	0.00022253	0.000157612	0.00013542	0.000205011	0.000197486	0.000216599	0.000202146	0.000198925	0.000210555	0.000219697	0.000217992	0.000250335	0.000203811	0.000169498
PWY-922: mevalonate pathway I (eukaryotes and bacteria)	0	8.21859e-07	0	0	0	0	0	0	0	0	0	0	0	2.00381e-06	4.68644e-07	0	1.77239e-06	7.96471e-07	0	8.38294e-07	0	2.7497e-06	1.75178e-06	0	1.57521e-06	0	2.54683e-06	1.78629e-06	0	8.98413e-07	3.15548e-06	0	0	0	0	5.50625e-07	9.36245e-07	2.76428e-06	4.4725e-06	0	0	3.05777e-06	0	9.11862e-07	0	0	7.67819e-07	1.07283e-06	1.65551e-06	8.76642e-07	0	6.50183e-07	0	0	0	0	0	0	0	0	7.42814e-07	0	0	0	1.79074e-06	0	0	0	1.21739e-06	0	1.47993e-06	1.30997e-06	8.89739e-07	0	0	0	0	0	0	0	0	0	0	0	0	8.95624e-07	0	0	0	0	0	0	0	0	0	0	0	0	0	0	0	0	0	1.06019e-06	0	0	0	0	5.32261e-07	0	0	5.78958e-07	0	0	0	3.04089e-06	0	5.92284e-07	0	0
PWY-I9: L-cysteine biosynthesis VI (from L-methionine)	2.96685e-05	2.31316e-05	2.20991e-05	2.25206e-05	2.56345e-05	4.26975e-05	2.89833e-05	2.57911e-05	1.48739e-05	1.77737e-05	2.18956e-05	1.68736e-05	2.06568e-05	2.90162e-05	2.84923e-05	1.60688e-05	2.76059e-05	2.68941e-05	2.34635e-05	2.0399e-05	2.35801e-05	1.92205e-05	2.82182e-05	1.57924e-05	5.12373e-05	1.77613e-05	4.41089e-05	3.4542e-05	2.14208e-05	2.75201e-05	2.71724e-05	4.1177e-05	1.51701e-05	2.6657e-05	1.88901e-05	6.14636e-05	1.68713e-05	1.21928e-05	2.96384e-05	3.27293e-05	3.30057e-05	2.90427e-05	2.59048e-05	2.31686e-05	1.38367e-05	1.62375e-05	2.0382e-05	2.00336e-05	3.78367e-05	1.80374e-05	2.61682e-05	2.49315e-05	2.6683e-05	2.91675e-05	4.85637e-05	1.72248e-05	2.64626e-05	1.8543e-05	3.32095e-05	2.29987e-05	1.71522e-05	1.02134e-05	2.21979e-05	5.92012e-05	1.77355e-05	1.68971e-05	1.53482e-05	1.58364e-05	3.00237e-05	1.59076e-05	2.13673e-05	2.15378e-05	3.41387e-05	0.000144058	1.53621e-05	2.95605e-05	2.25049e-05	1.51191e-05	1.91921e-05	1.95762e-05	3.84626e-05	1.93031e-05	1.74418e-05	0.000188053	2.03236e-05	3.37325e-05	3.24442e-05	3.45291e-05	1.40778e-05	2.08144e-05	2.22336e-05	2.17538e-05	2.25907e-05	1.90051e-05	1.55769e-05	2.74556e-05	1.82695e-05	1.67208e-05	2.50663e-05	1.62302e-05	2.65904e-05	2.06882e-05	2.17057e-05	1.9539e-05	2.09987e-05	2.86838e-05	2.91386e-05	1.65803e-05	2.57073e-05	2.10882e-05	2.26717e-05	1.95257e-05	1.68376e-05	3.70392e-05	2.45013e-05	2.46514e-05	1.86722e-05	1.95015e-05	6.11507e-05	2.89923e-05
PWY0-1061: superpathway of L-alanine biosynthesis	9.87409e-05	7.74434e-05	2.68018e-05	3.75398e-05	3.95004e-05	2.63785e-05	3.9308e-05	3.8736e-05	2.67886e-05	3.5546e-05	3.73094e-05	9.50924e-05	5.84458e-05	3.39541e-05	2.55524e-05	3.5063e-05	2.63374e-05	2.40587e-05	2.35863e-05	2.80624e-05	5.55836e-05	3.63274e-05	3.02017e-05	0.000100801	3.66845e-05	0.000147781	0.000283747	6.17108e-05	3.79153e-05	6.29646e-05	0.000138358	0.000226963	0.000157307	9.67994e-05	0.000133505	5.79151e-05	0.000154413	5.04809e-05	9.04672e-05	7.85101e-05	0.0001198	4.22971e-05	0.000261452	0.000162673	3.19512e-05	0.000222422	7.46009e-05	0.000226999	3.57024e-05	0.000136791	4.97768e-05	7.90353e-05	0.000141122	0.00112453	3.74783e-05	4.36764e-05	3.22388e-05	0.000120747	5.72347e-05	7.35489e-05	0.000161543	3.63106e-05	4.45365e-05	3.61953e-05	0.000216711	0.000154591	5.445e-05	4.86793e-05	2.86982e-05	3.29714e-05	4.25787e-05	4.04087e-05	3.38527e-05	2.80551e-05	3.45216e-05	0.000188084	3.07372e-05	5.91161e-05	0.000250912	6.12674e-05	8.62175e-05	3.98035e-05	0.000127804	3.99536e-05	0.000111224	7.85683e-05	0.000344536	5.70935e-05	0.000126472	3.21996e-05	4.38978e-05	0.000140906	0.00012469	3.69044e-05	3.63387e-05	8.05827e-05	0.00011803	0.000168258	2.84525e-05	3.18685e-05	3.09085e-05	3.81704e-05	3.15622e-05	4.90358e-05	6.79062e-05	2.80914e-05	6.17322e-05	3.73801e-05	0.00014016	2.51507e-05	7.88154e-05	7.65806e-05	7.14693e-05	3.22774e-05	2.66388e-05	0.000120062	6.13747e-05	0.000153215	8.58449e-05	6.67579e-05
PWY0-1221: putrescine degradation II	0	0	0	0	0	0	0	0	0	0	0	0	0	0	1.51932e-07	0	0	0	0	0	0	0	0	0	1.45633e-06	0	1.59849e-06	4.85933e-07	0	1.28428e-07	0	0	0	3.59007e-07	0	2.98446e-06	0	0	2.60601e-07	0	1.83687e-07	0	2.76348e-07	0	0	0	0	6.17999e-07	0	0	2.05638e-07	0	0	4.8591e-07	0	0	0	0	0	1.50429e-07	1.21125e-07	0	2.63639e-07	0	2.38425e-07	0	0	0	0	0	0	0	1.69128e-07	0	0	2.31424e-07	0	1.33037e-07	0	0	0	0	0	0	0	0	1.28624e-06	0	0	0	1.00775e-07	0	0	0	0	0	0	0	0	0	0	0	0	0	0	0	0	0	0	2.36793e-07	0	1.40889e-07	0	7.4622e-07	0	0	0	0	1.72534e-07	0
PWY0-1241: ADP-L-glycero-&beta;-D-manno-heptose biosynthesis	1.39188e-06	0	0	9.45546e-07	1.1915e-06	9.37382e-07	5.09144e-07	7.72134e-07	0	9.65228e-07	5.47263e-07	0	0	7.12135e-07	2.13834e-06	0	2.57638e-06	8.38708e-07	5.55498e-07	6.71889e-07	4.17371e-07	1.29372e-06	6.81672e-07	5.95625e-07	6.40475e-06	0	2.59161e-06	2.48385e-06	5.30042e-07	9.22072e-07	5.8614e-07	1.44375e-06	5.49511e-07	1.44649e-06	6.42954e-07	5.21104e-06	7.74674e-07	1.04143e-06	4.59409e-06	4.21137e-06	1.27822e-06	5.6763e-07	1.29968e-06	1.36713e-06	5.07452e-07	3.33305e-07	0	1.47531e-06	6.17449e-06	0	1.17969e-06	8.29912e-07	0	2.27691e-06	0	0	1.41065e-06	1.12448e-06	0	3.66639e-07	7.00739e-07	0	1.05701e-06	0	1.65353e-06	7.55074e-07	3.29385e-07	0	2.81603e-06	1.37311e-06	2.1865e-06	0	8.00996e-06	1.10847e-06	0	1.27675e-06	1.24544e-06	1.01899e-06	0	1.18201e-06	8.99629e-07	0	1.1885e-06	1.17763e-06	4.56052e-07	2.87191e-06	6.2509e-06	0	1.34987e-07	8.03255e-07	1.42876e-07	0	0	0	0	0	0	1.81125e-06	0	0	6.91605e-07	6.48654e-07	4.01546e-06	0	4.23416e-07	3.21196e-06	0	0	1.29789e-06	0	1.16696e-06	3.38622e-07	6.49064e-07	9.03065e-07	1.87881e-06	6.80842e-07	0	1.05998e-06	1.35164e-06	1.18068e-06
PWY0-1261: anhydromuropeptides recycling I	4.96163e-06	0	8.25125e-06	7.30272e-06	5.71615e-06	1.38399e-06	3.51141e-06	5.86637e-06	1.53541e-06	8.19965e-06	1.77557e-06	7.99944e-07	6.76188e-06	6.72915e-06	1.5598e-05	3.49071e-06	3.52646e-06	4.51135e-06	9.58718e-07	0	1.88695e-06	3.91105e-06	2.19629e-06	7.43714e-06	1.87695e-05	3.5856e-06	1.46944e-05	1.6365e-05	6.0413e-06	1.08849e-05	9.15073e-06	1.63262e-06	8.1283e-06	4.13995e-06	7.41153e-06	1.8876e-05	7.35039e-06	0	7.00729e-06	1.04801e-06	7.56046e-06	7.7895e-06	7.26089e-06	1.51131e-05	0	6.06126e-06	5.78311e-06	8.47256e-06	1.15478e-05	5.01513e-06	6.54431e-06	5.50443e-06	3.776e-06	7.34374e-06	5.26679e-06	0	7.42622e-06	3.95099e-06	4.67808e-06	3.90665e-06	4.40888e-06	6.55378e-06	1.22192e-05	4.77891e-06	8.75159e-06	2.13391e-06	9.87645e-07	3.84144e-06	1.04194e-05	9.21659e-06	7.22783e-06	0	8.15295e-06	5.83105e-07	3.34591e-06	7.43967e-06	5.43482e-06	1.02381e-05	7.32631e-06	3.58394e-06	7.30323e-06	1.92216e-06	7.12294e-06	1.13782e-05	7.10096e-07	9.39211e-06	1.15457e-05	0	3.48601e-06	5.79514e-06	6.75173e-06	3.52707e-06	4.5746e-06	3.81076e-06	3.84368e-06	6.20313e-06	0	5.37773e-06	5.65305e-06	5.18856e-06	6.27261e-06	2.91713e-06	5.36828e-06	0	6.66398e-06	4.94084e-06	1.07812e-05	0	6.43906e-07	3.23153e-06	1.84906e-06	2.96335e-06	4.76026e-06	5.57192e-06	8.42041e-06	3.79389e-06	4.48709e-06	3.85688e-06	1.18433e-06	7.28796e-06
PWY0-1277: 3-phenylpropanoate and 3-(3-hydroxyphenyl)propanoate degradation	8.11135e-07	0	0	0	1.04921e-06	0	0	0	0	8.8629e-07	0	0	0	0	2.00074e-06	0	0	0	0	0	0	0	0	0	1.04122e-05	0	1.09478e-05	6.61027e-06	6.75826e-07	1.78282e-06	6.13521e-07	0	0	5.4118e-07	1.16591e-06	1.60468e-05	0	0	2.70827e-06	0	3.816e-06	0	1.58457e-06	0	0	0	0	1.19211e-06	0	5.66546e-07	6.57476e-07	1.55351e-06	0	3.82352e-06	0	0	0	0	0	2.26658e-06	1.04409e-06	0	1.88991e-06	0	1.55101e-06	0	0	0	0	0	6.82042e-07	0	2.28831e-06	0	0	3.84418e-06	0	7.46478e-07	0	0	8.2315e-07	6.15382e-07	0	1.6289e-06	7.93952e-07	7.40719e-07	1.35231e-05	0	0	0	6.89035e-07	1.60094e-06	0	0	0	0	0	1.3724e-06	6.09479e-07	0	0	4.08353e-07	0	0	0	6.61335e-07	0	0	1.18909e-06	0	0	0	0	3.12356e-06	1.24921e-06	3.2885e-07	0	1.80287e-06	4.72028e-07	0
PWY0-1296: purine ribonucleosides degradation	0.000275275	0.000328424	0.000282983	0.000309818	0.00031419	0.000375151	0.000286571	0.000372535	0.000299209	0.000274563	0.000267964	0.000266639	0.000309313	0.000284776	0.00032099	0.000216468	0.000358861	0.000385656	0.000347482	0.00038452	0.000488915	0.000275265	0.000366151	0.000253792	0.000227216	0.000294441	0.000156234	0.000284329	0.000227641	0.000182458	0.000166159	0.000258015	0.000194891	0.00034116	0.000243168	0.000418532	0.000329285	0.000200943	0.000407564	0.000306554	0.000419434	0.000452103	0.000306369	0.000301696	0.000300148	0.000220781	0.000248956	0.000242163	0.000369644	0.000270294	0.000353701	0.000308793	0.000377394	0.000144602	0.000306227	0.000396258	0.000357458	0.000261425	0.000257476	0.000281338	0.000300081	0.000249293	0.000313815	0.000228534	0.000197211	0.000335785	0.000278359	0.000300439	0.000387108	0.000276997	0.000328676	0.000431312	0.000413438	0.000338536	0.000355549	0.000358392	0.000389711	0.000283067	0.000252021	0.000295449	0.00030334	0.00032753	0.000301313	0.000355318	0.00028714	0.000360162	0.000265483	0.000307238	0.000314224	0.000392024	0.000307131	0.000284966	0.000270784	0.000358594	0.000263048	0.000296296	0.000273497	0.000228034	0.000309876	0.000258486	0.000397845	0.000300914	0.000421916	0.000347991	0.000351009	0.000361239	0.000366619	0.000291728	0.000298812	0.00030054	0.000342764	0.000281197	0.000291488	0.000377327	0.00032143	0.00027525	0.000283069	0.00026089	0.000326884	0.000442675
PWY0-1297: superpathway of purine deoxyribonucleosides degradation	0.000102394	7.10193e-05	8.26786e-06	1.02406e-05	1.12521e-05	1.26087e-05	1.01396e-05	8.39849e-06	1.0903e-05	8.6977e-06	3.48954e-05	0.000101055	4.65742e-05	2.16328e-05	9.58994e-06	1.31441e-05	1.64415e-05	1.37645e-05	1.25068e-05	8.61023e-06	4.88211e-05	2.39799e-05	1.17297e-05	0.000121536	4.33011e-05	0.000191927	0.000151912	6.60272e-05	1.51965e-05	7.28308e-05	0.000133531	0.000219124	0.000158729	0.000108228	0.000148732	6.86729e-05	0.000210835	2.9985e-05	0.000123734	0.000100565	0.000167913	2.11292e-05	0.000273655	0.000184153	1.48785e-05	0.000192505	6.97071e-05	0.000211649	3.25577e-05	0.000153287	1.38341e-05	7.42269e-05	0.000176298	0.000150546	2.3567e-05	1.14317e-05	7.21976e-06	0.000141659	4.67582e-05	7.83487e-05	0.000194833	2.2677e-05	3.15205e-05	1.07004e-05	0.000178235	0.000181715	5.6896e-05	2.61473e-05	2.81019e-05	1.19608e-05	2.88678e-05	1.2368e-05	2.44697e-05	7.12952e-06	5.53011e-06	0.0002388	1.36264e-05	5.5272e-05	0.000221776	2.85819e-05	8.7624e-05	1.41649e-05	0.000154853	9.64737e-06	0.000125221	8.49565e-05	0.000260875	4.50759e-05	0.000146238	8.49401e-06	2.58917e-05	0.000150941	0.000130541	2.20163e-05	0	5.46697e-05	0.000127937	0.000188359	1.47146e-05	7.43634e-06	1.22449e-05	5.04721e-06	9.87675e-06	2.24028e-05	6.61363e-05	1.67737e-05	5.4153e-05	6.37221e-06	0.00017053	9.58694e-06	7.58253e-05	7.33767e-05	7.34992e-05	2.08745e-05	1.70665e-05	0.000130822	5.19275e-05	0.000161182	3.01004e-05	6.25097e-05
PWY0-1298: superpathway of pyrimidine deoxyribonucleosides degradation	4.53835e-05	2.75769e-05	1.34339e-05	1.37409e-05	9.61448e-06	1.10018e-05	9.19429e-06	7.88034e-06	1.43347e-05	1.54003e-05	1.53452e-05	3.95278e-05	2.12017e-05	1.77668e-05	1.26443e-05	1.09713e-05	1.32242e-05	1.07475e-05	8.17371e-06	5.27298e-06	1.38788e-05	1.92034e-05	9.73849e-06	3.15714e-05	3.51663e-05	2.13217e-05	3.10672e-05	3.20414e-05	1.47343e-05	2.81186e-05	4.19635e-05	2.44869e-05	3.73238e-05	4.33439e-05	3.35152e-05	4.53314e-05	3.47282e-05	1.55139e-05	1.79642e-05	4.00903e-05	4.63152e-05	1.5932e-05	3.21043e-05	4.45852e-05	1.36545e-05	5.95915e-05	3.44358e-05	4.1413e-05	2.72465e-05	5.37017e-05	1.10255e-05	3.28955e-05	2.38698e-05	1.83834e-05	1.68697e-05	9.40807e-06	1.06512e-05	2.65996e-05	3.20337e-05	3.50412e-05	2.40295e-05	1.72936e-05	2.05448e-05	1.70841e-05	3.98497e-05	3.58989e-05	2.66108e-05	1.45184e-05	2.30193e-05	1.13372e-05	2.1635e-05	1.07782e-05	2.01847e-05	8.50453e-06	4.79114e-06	2.14422e-05	1.10547e-05	3.6335e-05	3.84801e-05	1.98003e-05	3.4585e-05	1.16872e-05	3.59438e-05	1.61504e-05	2.99332e-05	4.14174e-05	4.39449e-05	1.18606e-05	4.16933e-05	1.0805e-05	2.11748e-05	2.18338e-05	1.4572e-05	1.58663e-05	6.73016e-06	2.2557e-05	2.78096e-05	1.8631e-05	1.2329e-05	8.92827e-06	1.12965e-05	8.95264e-06	8.55712e-06	1.4753e-05	2.54829e-05	1.30503e-05	2.74767e-05	5.8012e-06	3.02641e-05	8.7243e-06	1.61371e-05	3.6191e-05	3.21138e-05	1.50405e-05	1.51335e-05	3.22985e-05	2.11738e-05	4.6224e-05	2.20783e-05	2.70281e-05
PWY0-1319: CDP-diacylglycerol biosynthesis II	4.13785e-05	2.18991e-05	4.17747e-05	3.87469e-05	2.98902e-05	7.50798e-05	3.16776e-05	4.62411e-05	5.0392e-05	4.26087e-05	3.05454e-05	3.84697e-05	2.8773e-05	4.58541e-05	6.27168e-05	2.85738e-05	7.82372e-05	4.64888e-05	3.5167e-05	3.26085e-05	2.07374e-05	5.58666e-05	4.33872e-05	2.92591e-05	4.95142e-05	1.575e-05	3.60107e-05	5.64856e-05	4.06862e-05	3.22592e-05	4.35424e-05	3.05545e-05	4.0006e-05	5.48352e-05	5.40051e-05	8.93945e-05	2.04691e-05	4.47913e-05	5.5872e-05	6.76042e-05	4.3493e-05	2.41365e-05	4.47462e-05	8.30607e-05	3.62474e-05	5.01546e-05	3.22975e-05	4.07612e-05	9.19517e-05	4.63993e-05	3.5285e-05	4.55003e-05	3.74529e-05	1.94732e-05	2.55625e-05	2.67677e-05	4.32806e-05	2.88388e-05	3.51077e-05	3.55098e-05	1.98203e-05	3.27457e-05	4.60962e-05	4.20911e-05	4.33467e-05	2.82468e-05	3.78543e-05	3.27519e-05	0.000103318	3.41131e-05	5.81691e-05	3.935e-05	0.000103644	3.66865e-05	3.34385e-05	3.28084e-05	4.31143e-05	4.152e-05	3.68119e-05	3.43977e-05	4.16919e-05	4.0144e-05	2.73228e-05	5.37663e-05	4.44694e-05	8.29771e-05	4.04049e-05	2.10393e-05	2.63546e-05	4.31858e-05	3.64226e-05	2.62467e-05	3.27377e-05	2.77143e-05	1.91027e-05	1.58358e-05	2.09631e-05	3.2128e-05	4.96345e-05	2.38362e-05	2.98659e-05	2.44585e-05	6.00098e-05	2.71915e-05	3.63702e-05	6.4239e-05	4.68386e-05	2.28802e-05	2.89452e-05	2.88884e-05	2.55831e-05	3.86798e-05	3.92333e-05	3.06924e-05	5.21735e-05	3.75776e-05	3.14163e-05	6.43003e-05	4.74889e-05	3.64958e-05
PWY0-1337: oleate &beta;-oxidation	0	0	0	0	0	0	5.12628e-07	0	0	0	0	0	0	0	2.21403e-07	0	0	0	0	0	0	0	0	0	2.40941e-06	0	2.5765e-06	0	0	3.80532e-07	0	0	0	1.51446e-07	3.19018e-07	2.35104e-06	0	0	3.50709e-07	0	2.17569e-07	3.56846e-07	2.47345e-07	0	0	0	0	6.53954e-07	0	0	0	3.74693e-07	0	6.16932e-07	0	0	0	0	0	0	0	0	1.35095e-06	0	6.76382e-07	0	0	0	0	0	0	0	6.84636e-07	0	0	0	0	4.61548e-07	0	0	0	0	0	0	0	0	2.31468e-06	0	0	0	0	0	0	0	0	0	0	0	0	0	7.5654e-07	0	0	0	0	0	0	0	0	0	0	0	0	7.09373e-07	8.96434e-07	0	0	3.43021e-07	2.26252e-07	2.38409e-07
PWY0-1338: polymyxin resistance	0	0	0	1.61308e-07	5.42102e-07	0	0	0	0	0	0	0	0	0	0	0	0	0	0	0	0	0	0	0	4.33553e-06	0	4.18698e-06	2.93004e-06	0	5.31623e-07	0	0	0	0	3.03875e-07	5.33817e-06	0	0	2.90153e-07	0	0	0	2.73324e-07	0	0	0	0	1.18135e-06	0	0	0	5.27614e-07	0	1.73248e-06	0	0	0	0	0	0	0	0	6.66606e-07	0	4.55463e-07	0	0	0	0	0	0	0	8.78797e-07	0	0	5.70942e-07	0	0	0	0	0	0	0	0	3.75422e-07	3.28324e-07	1.32326e-06	0	0	0	0	0	0	0	0	0	0	2.15e-07	0	0	0	2.21395e-07	0	0	0	0	0	0	0	0	3.53897e-07	0	0	1.06372e-06	7.83968e-07	0	0	2.76804e-07	0	0
PWY0-1415: superpathway of heme b biosynthesis from uroporphyrinogen-III	7.90603e-07	0	0	0	6.02515e-07	0	5.97726e-07	1.09993e-06	0	0	0	0	2.95121e-07	5.16968e-07	5.89026e-07	0	1.1908e-06	0	0	0	0	3.44105e-07	4.7475e-07	0	1.006e-05	0	6.38165e-06	3.93057e-06	5.70593e-07	2.28053e-06	8.59565e-07	1.4391e-06	9.15911e-07	1.33577e-06	2.46502e-06	1.13172e-05	1.43516e-06	0	1.54921e-06	0	2.96502e-06	0	2.26191e-06	4.96987e-07	7.03813e-07	0	0	2.71136e-06	0	5.98202e-07	0	0	0	2.51718e-06	0	6.6765e-07	0	0	0	0	4.23017e-07	0	9.03856e-07	0	4.81469e-07	0	0	0	0	0	0	0	1.2697e-06	0	0	7.01438e-07	0	1.44606e-06	5.82418e-07	0	0	0	0	8.01411e-07	1.79765e-06	5.67208e-07	9.72133e-06	0	4.03045e-07	0	4.03085e-07	0	0	6.98444e-07	0	0	0	0	7.18094e-07	0	0	0	0	0	0	0	5.37497e-07	0	0	0	0	0	0	2.01548e-06	2.17935e-06	2.97191e-07	0	1.98061e-06	1.09521e-06	0
PWY0-1477: ethanolamine utilization	8.38876e-05	0.000105717	6.38929e-05	6.3795e-05	6.29963e-05	8.17759e-05	6.16146e-05	8.20225e-05	6.10984e-05	6.17108e-05	6.73422e-05	7.40553e-05	7.45695e-05	6.69794e-05	7.15219e-05	4.89874e-05	7.97676e-05	8.44172e-05	7.83974e-05	8.25795e-05	0.000113148	5.81959e-05	8.02657e-05	8.60725e-05	7.21862e-05	0.000114581	0.000122151	7.9774e-05	4.75887e-05	4.34687e-05	9.18071e-05	0.000102373	9.87595e-05	0.000100962	8.85024e-05	0.000151041	0.000123967	4.10283e-05	0.000126574	8.18822e-05	0.000146207	9.71328e-05	0.000151915	0.000102451	6.46448e-05	0.000113743	6.68692e-05	0.000118506	8.15659e-05	9.46647e-05	7.18939e-05	8.4975e-05	0.000119839	0.00011077	7.28066e-05	8.17798e-05	7.30688e-05	8.59544e-05	6.27059e-05	8.67283e-05	0.000112923	5.26681e-05	7.80956e-05	5.06652e-05	0.00011665	0.000104249	6.83374e-05	7.16493e-05	8.26024e-05	6.02851e-05	7.50894e-05	9.9598e-05	8.69247e-05	7.5535e-05	7.79137e-05	0.000144573	8.63706e-05	7.73599e-05	0.000115086	7.29469e-05	8.77392e-05	7.25609e-05	9.23279e-05	7.51543e-05	9.06901e-05	9.22665e-05	0.000177596	7.56363e-05	8.68745e-05	7.21261e-05	6.98314e-05	9.38461e-05	7.80971e-05	8.53676e-05	5.69e-05	9.06339e-05	0.000103825	9.8073e-05	7.42113e-05	5.6601e-05	9.37348e-05	7.29461e-05	9.39375e-05	8.76674e-05	9.47122e-05	8.13648e-05	8.14704e-05	5.65981e-05	0.000102331	6.66286e-05	9.1308e-05	7.28327e-05	7.957e-05	9.55234e-05	7.65904e-05	7.92103e-05	7.86471e-05	0.000104367	8.04475e-05	0.000112041
PWY0-1479: tRNA processing	2.33102e-05	3.8774e-05	5.16498e-06	3.04665e-06	5.241e-06	0	2.82533e-06	6.8769e-06	0	1.11729e-06	2.0801e-06	5.56498e-06	7.41297e-06	1.61272e-06	8.91506e-06	2.10597e-06	0	0	0	0	0	4.60427e-06	0	1.42023e-05	3.44104e-05	8.38361e-06	4.59308e-05	1.33934e-05	6.11148e-06	1.62912e-05	1.06583e-05	1.37274e-05	1.05197e-05	1.09288e-05	9.02478e-06	5.22482e-05	8.07351e-06	1.20193e-05	1.47133e-05	3.1081e-06	2.27847e-05	5.08812e-06	2.97873e-05	8.76803e-06	0	1.06946e-05	0	1.89322e-05	8.4789e-07	6.94668e-06	1.73583e-05	1.93414e-05	5.97609e-06	7.45666e-05	2.50949e-06	2.38794e-06	5.40288e-06	5.04565e-06	1.30346e-06	2.89255e-06	4.56751e-06	0	8.16169e-06	0	1.07794e-05	8.47863e-06	5.59193e-06	9.67358e-07	0	3.3318e-06	8.97668e-07	1.04467e-06	7.58188e-06	0	0	3.59798e-05	0	6.5699e-06	6.00503e-06	3.99903e-06	5.45303e-06	1.81026e-05	5.14624e-06	7.06391e-06	1.2206e-05	2.67689e-06	5.50433e-05	0	6.92205e-06	1.58174e-06	1.29237e-05	2.87773e-05	1.69286e-05	2.26754e-06	5.13601e-06	1.43472e-05	4.31263e-05	2.00156e-05	7.8922e-06	3.34212e-06	2.72024e-06	0	1.0297e-06	0	1.11784e-05	1.77416e-06	0	0	9.42794e-06	9.96443e-07	1.34553e-05	1.00466e-05	3.48928e-06	7.38732e-06	5.81389e-06	8.6391e-06	1.17567e-05	2.19516e-05	8.58475e-05	6.54173e-06
PWY0-1533: methylphosphonate degradation I	0	0	0	0	1.43305e-07	0	0	0	0	0	0	0	0	0	0	0	0	0	0	0	0	0	0	0	2.26204e-07	0	1.43539e-07	0	0	0	1.41478e-07	0	0	0	0	0	0	0	0	0	0	0	0	0	0	0	0	0	0	0	0	0	0	3.10053e-07	0	0	0	0	0	0	0	0	0	0	0	0	0	0	0	0	0	0	0	0	0	0	0	0	0	0	0	0	0	0	0	0	1.72222e-06	0	0	0	0	0	0	0	0	0	0	4.41381e-07	0	0	0	0	0	0	0	0	0	0	0	0	0	0	0	0	0	0	0	0	0	0
PWY0-1586: peptidoglycan maturation (meso-diaminopimelate containing)	4.12096e-05	8.01788e-06	2.78224e-05	2.09994e-05	1.38385e-05	1.70934e-05	1.54099e-05	1.77415e-05	3.33795e-05	3.54407e-05	9.24704e-06	3.63511e-05	1.84303e-05	2.02816e-05	3.09135e-05	1.5297e-05	1.66926e-05	1.01871e-05	9.9478e-06	6.79519e-06	6.72265e-06	2.88783e-05	8.80962e-06	2.07014e-05	6.13958e-05	6.51213e-06	4.67782e-05	3.64816e-05	2.98173e-05	2.95716e-05	3.58763e-05	2.32926e-05	3.3644e-05	3.84824e-05	2.84304e-05	8.63929e-05	1.76483e-05	1.10649e-05	3.59327e-05	4.18381e-05	2.99171e-05	1.56844e-05	4.5814e-05	3.99439e-05	3.36977e-05	5.2932e-05	2.02893e-05	4.55093e-05	4.47068e-05	4.48185e-05	2.26945e-05	2.7329e-05	1.04529e-05	3.4901e-05	1.41226e-05	1.21675e-05	2.48233e-05	1.91637e-05	3.28514e-05	1.10857e-05	1.20579e-05	1.75206e-05	2.45674e-05	3.38938e-05	4.79054e-05	2.29863e-05	1.58666e-05	9.73257e-06	3.20226e-05	2.13372e-05	2.3454e-05	6.01433e-06	5.05899e-05	1.48306e-05	4.81283e-06	1.95247e-05	1.63653e-05	3.44608e-05	2.91273e-05	2.43006e-05	2.98639e-05	1.84828e-05	2.88231e-05	4.26672e-05	3.3615e-05	4.14453e-05	5.14963e-05	8.04639e-06	1.97697e-05	2.7237e-05	3.90796e-05	1.62434e-05	2.31539e-05	2.23241e-05	1.14421e-05	9.36057e-06	9.62684e-06	2.55905e-05	1.71516e-05	1.40457e-05	8.87008e-06	1.03235e-05	1.50349e-05	6.72805e-06	2.10982e-05	1.44892e-05	2.37551e-05	3.12485e-06	1.98992e-05	1.35886e-05	1.95098e-05	2.93165e-05	2.62569e-05	2.48939e-05	3.46174e-05	2.95591e-05	2.3279e-05	5.58847e-05	7.23097e-05	1.48565e-05
PWY0-162: superpathway of pyrimidine ribonucleotides de novo biosynthesis	0.000134658	0.000100554	2.17837e-05	2.7711e-05	3.06146e-05	1.29489e-05	1.46051e-05	2.39337e-05	3.31498e-05	2.53629e-05	5.61189e-05	0.000139628	7.4363e-05	2.33842e-05	2.29617e-05	4.25549e-05	1.12423e-05	3.10161e-05	3.31185e-05	3.63118e-05	6.17575e-05	5.00694e-05	2.48447e-05	0.000167512	5.80568e-05	0.000133947	0.000171809	7.60998e-05	2.69315e-05	0.00011286	0.00021006	0.000206816	0.000231359	0.000125352	0.00019192	5.49365e-05	0.000152828	5.43353e-05	0.000104967	0.000124261	0.000118568	9.63064e-06	8.80477e-05	0.000184183	5.09762e-05	0.000193205	9.04166e-05	0.000241126	2.73478e-05	0.000171988	4.44814e-05	0.000102448	0.000124463	9.77337e-05	3.65659e-05	2.11743e-06	4.02671e-05	0.000181005	7.34523e-05	8.17579e-05	0.000126392	3.60402e-05	4.20905e-05	3.94452e-05	0.000228646	0.000127318	8.09705e-05	4.80407e-05	1.32949e-05	3.129e-05	4.33265e-05	5.31646e-06	8.26544e-06	1.09213e-05	2.13349e-05	0.000123984	1.98411e-05	8.98437e-05	0.000226776	4.64003e-05	0.000121096	1.89642e-05	0.000181276	1.94144e-05	0.000159929	9.42194e-05	0.00010986	6.75843e-05	0.0001732	3.11181e-05	3.97591e-05	0.000180959	0.00018434	4.35827e-05	2.56984e-05	8.09986e-05	0.000126107	0.000212457	2.45763e-05	1.79674e-05	2.97456e-06	1.91455e-05	1.36329e-05	7.63595e-06	9.63359e-05	1.49165e-05	9.73365e-05	1.82439e-05	0.000119303	1.27119e-05	9.92579e-05	0.000102168	0.000113608	3.15284e-05	2.74483e-05	0.000159994	8.71969e-05	0.000200039	0.000133009	7.29231e-05
PWY0-166: superpathway of pyrimidine deoxyribonucleotides de novo biosynthesis (E. coli)	4.29933e-06	4.03159e-06	0	2.11101e-06	4.91392e-06	0	2.15472e-06	1.74639e-06	0	2.63877e-06	0	0	0	0	2.22971e-06	0	2.05194e-06	0	0	0	1.79409e-06	0	3.96907e-06	0	5.17056e-05	2.1082e-06	4.99962e-05	1.29268e-05	2.28917e-06	1.42509e-05	2.17238e-06	1.07171e-05	1.51664e-06	4.40548e-06	1.78773e-06	5.01706e-05	5.36228e-07	0	5.32419e-06	0	3.39473e-06	0	1.4711e-05	0	1.28506e-06	5.60203e-06	0	2.30985e-05	0	0	2.22732e-06	3.70874e-06	0	9.35331e-06	0	0	4.97147e-07	0	0	5.7798e-06	1.67537e-06	0	3.55854e-05	0	2.29466e-05	0	0	0	0	6.97783e-07	1.04621e-06	0	1.77302e-06	0	0	2.50732e-06	0	0	4.91454e-07	0	1.47201e-06	3.20822e-06	0	0	0	1.02085e-06	1.80301e-05	0	0	0	2.48558e-05	0	0	0	0	5.93504e-07	0	1.26506e-06	2.94409e-05	0	3.64902e-06	2.14598e-06	0	0	0	1.19543e-06	0	0	1.55281e-06	0	0	3.6395e-07	0	2.57765e-05	3.39678e-06	2.90316e-06	0	2.56512e-06	0	2.70117e-05
"PWY0-301: L-ascorbate degradation I (bacterial, anaerobic)"	8.70444e-07	0	0	2.55636e-06	1.84874e-06	0	0	1.60292e-06	0	6.92466e-07	0	0	6.00145e-07	0	1.28837e-06	0	7.91124e-07	0	0	0	0	0	0	0	1.5391e-05	0	1.71464e-05	7.31026e-06	0	9.28934e-07	2.32657e-06	1.2769e-06	3.0049e-07	8.09194e-07	1.35498e-06	2.70751e-05	1.23181e-06	0	2.80625e-06	3.2126e-07	2.65504e-06	1.15494e-06	2.15316e-06	0	0	0	0	2.67824e-06	5.07236e-07	0	7.94218e-07	1.23996e-06	0	4.26522e-06	0	0	0	0	0	1.13657e-06	5.23728e-07	0	1.98307e-06	0	1.96786e-06	0	0	0	0	0	0	0	3.06593e-06	0	0	2.91409e-06	0	7.89999e-07	1.6484e-06	0	1.10984e-06	0	4.052e-07	1.23885e-06	3.39402e-07	1.23884e-06	1.45048e-05	0	3.61683e-07	0	6.51e-07	7.1734e-07	5.70392e-07	6.45249e-07	0	0	0	3.35219e-06	6.94096e-07	6.18494e-07	0	0	4.25389e-07	0	0	3.36971e-06	0	0	0	1.31236e-06	0	0	0	3.88684e-06	2.54e-06	7.00801e-07	0	7.65981e-07	8.06109e-07	1.52628e-06
PWY0-321: phenylacetate degradation I (aerobic)	0	0	0	0	0	0	0	0	0	0	0	0	0	0	0	0	0	0	0	0	0	0	0	0	2.01567e-07	0	0	0	0	2.30035e-07	0	0	0	1.38381e-07	0	1.79412e-06	0	0	0	0	0	0	0	0	0	0	0	2.5197e-07	0	0	0	0	0	4.69107e-07	0	0	0	0	0	0	0	0	0	0	0	0	0	0	0	0	0	0	0	0	0	0	0	0	0	0	0	0	0	0	0	0	6.11524e-07	0	0	0	0	0	0	0	0	0	0	0	0	0	0	0	0	0	0	0	0	0	0	0	0	0	0	1.96314e-07	0	0	0	0	0	0
PWY0-41: allantoin degradation IV (anaerobic)	0	0	0	0	2.66224e-07	0	0	0	0	0	0	0	0	0	0	0	0	0	0	0	0	0	0	0	1.70164e-06	0	1.88109e-06	6.57081e-07	0	7.80118e-07	0	7.90003e-07	0	1.66149e-07	0	4.1793e-06	3.80891e-07	0	4.35745e-07	0	3.31357e-07	0	5.35475e-07	0	0	0	0	9.45006e-07	0	0	1.15736e-07	0	8.92774e-07	5.16631e-07	0	0	0	0	0	1.28109e-07	0	0	1.94036e-07	0	7.74786e-07	0	0	0	0	0	0	0	1.9424e-07	0	0	0	0	0	0	0	5.58369e-07	0	0	0	0	0	2.38718e-06	0	0	0	0	0	0	0	0	0	0	7.28359e-07	0	0	0	0	0	0	0	0	0	0	0	0	0	2.03378e-07	0	0	0	0	0	0	1.65332e-07	0
PWY0-42: 2-methylcitrate cycle I	0	0	0	0	6.68651e-07	0	1.10574e-06	0	0	4.66938e-07	0	0	0	0	7.20893e-07	0	0	0	0	0	0	0	0	0	6.76854e-06	0	6.44134e-06	3.79365e-06	0	9.77408e-07	5.84056e-07	0	1.06759e-07	8.01473e-07	4.68582e-07	9.65872e-06	4.33736e-07	0	1.95828e-06	0	1.29401e-06	6.15619e-07	8.30263e-07	0	0	0	0	1.75065e-06	0	1.20803e-07	5.12691e-07	1.47585e-06	0	2.44159e-06	0	0	0	0	0	8.14235e-07	0	0	7.19667e-07	0	9.99873e-07	0	0	0	0	0	3.97225e-07	0	1.27315e-06	0	0	9.71817e-07	0	5.56139e-07	0	0	3.79064e-07	0	0	0	5.58282e-07	3.09744e-07	6.64041e-06	0	3.58227e-07	0	4.62576e-07	0	0	0	0	0	0	5.73299e-07	0	0	0	7.23427e-07	0	0	0	4.59926e-07	3.45211e-07	0	0	4.13146e-07	0	1.5563e-07	0	2.02413e-06	2.32728e-07	2.48824e-07	0	2.29486e-07	2.07008e-07	0
PWY0-461: L-lysine degradation I	0	0	0	0	0	0	0	0	0	0	0	0	0	0	4.11245e-07	0	0	0	0	0	0	0	0	0	2.49085e-06	0	2.97607e-06	0	0	3.85149e-07	0	0	0	0	3.59456e-07	0	0	0	0	0	0	0	0	0	0	0	0	0	0	0	0	4.70202e-07	0	0	0	0	0	0	0	8.75008e-07	0	0	0	0	3.64746e-07	0	0	0	0	0	0	0	2.36272e-07	0	0	0	0	0	0	0	0	0	0	1.693e-07	3.23613e-07	9.59645e-08	0	0	0	0	0	0	0	0	0	0	0	0	0	0	0	0	0	0	0	0	0	0	0	0	0	0	0	9.48994e-07	3.32776e-07	0	0	1.25704e-07	0	0
PWY0-781: aspartate superpathway	1.77961e-06	0	0	2.73734e-06	3.24806e-06	3.99413e-06	1.81654e-06	3.43413e-06	0	2.79394e-06	0	0	4.14701e-06	4.74923e-06	5.15129e-06	0	6.21575e-06	2.95719e-06	3.18281e-06	0	3.19289e-06	0	3.76688e-06	0	1.87678e-05	1.99637e-06	1.69104e-05	9.93637e-06	4.47128e-06	7.6062e-06	1.82641e-06	5.01494e-06	3.05221e-06	3.99101e-06	3.54924e-06	3.36278e-05	4.918e-06	3.91275e-06	1.00698e-05	0	8.47714e-06	0	5.81657e-06	0	2.43124e-06	1.78096e-06	1.52919e-06	6.02163e-06	1.90037e-06	1.43085e-06	5.48299e-06	5.17585e-06	3.44361e-06	9.69844e-06	0	0	3.75692e-06	0	0	5.00164e-06	3.75896e-06	0	7.52332e-06	1.59059e-06	3.85827e-06	0	1.85585e-06	0	0	0	3.76483e-06	0	7.35585e-06	0	0	5.79684e-06	4.58938e-06	0	2.20694e-06	1.79977e-06	3.74492e-06	4.96816e-06	0	4.71852e-06	5.64771e-06	5.68213e-06	1.85084e-05	0	0	0	2.20485e-06	4.59292e-06	0	1.87366e-06	0	4.69693e-06	0	5.07763e-06	1.50692e-06	2.51665e-06	1.11798e-06	0	4.9585e-06	0	0	5.23398e-06	5.58479e-06	0	5.8529e-06	4.65745e-06	1.99879e-06	3.78002e-06	1.56503e-06	7.00208e-06	5.4038e-06	3.00569e-06	0	3.29412e-06	3.38035e-06	0
PWY0-845: superpathway of pyridoxal 5'-phosphate biosynthesis and salvage	6.51909e-07	1.44936e-06	0	3.50825e-06	2.99498e-06	5.72973e-06	6.18292e-07	6.92676e-07	0	0	1.88215e-06	0	0	0	1.35808e-06	0	0	1.9379e-06	1.33363e-06	0	1.12287e-06	4.08083e-06	0	0	1.70686e-05	4.19313e-06	1.0659e-05	1.2425e-05	7.58626e-07	0	3.15152e-06	7.08981e-07	2.06292e-06	2.38079e-06	0	1.3889e-05	9.15968e-06	0	3.71409e-06	6.81503e-06	1.25814e-06	2.14697e-06	5.46484e-06	1.98215e-06	0	1.49193e-06	2.6662e-06	6.83573e-07	4.06079e-06	0	0	0	1.27639e-06	5.81771e-06	1.5976e-06	0	0	2.10117e-06	0	5.81008e-06	0	0	5.36293e-06	1.47625e-06	1.14557e-05	3.76899e-06	0	0	8.93437e-06	2.16953e-06	8.71351e-07	3.53364e-06	4.33909e-06	1.87628e-06	2.0442e-06	2.14073e-06	0	1.74487e-06	0	0	2.47033e-06	8.79884e-07	0	1.48788e-06	7.42405e-07	4.41775e-06	7.25123e-06	0	2.54333e-06	2.69138e-06	1.65538e-06	1.31093e-06	2.00401e-06	0	0	5.46559e-06	1.36784e-06	3.27465e-06	0	0	0	8.35244e-07	1.18887e-06	9.91974e-07	1.15455e-06	0	0	1.45472e-06	1.02558e-05	0	0	2.55992e-06	2.86882e-06	1.41441e-06	4.79364e-06	0	0	1.72019e-06	3.86673e-06	5.38174e-06
PWY0-862: (5Z)-dodecenoate biosynthesis I	4.24567e-06	1.59478e-05	5.442e-06	6.33189e-06	5.91467e-06	5.03012e-06	7.62047e-06	1.27936e-05	2.36741e-06	8.36773e-06	7.97131e-07	3.95115e-06	0	0	1.1334e-05	1.80453e-06	2.60652e-06	3.29142e-06	2.06117e-06	0	3.49003e-06	8.75165e-06	1.1371e-06	1.9683e-06	3.48938e-05	8.03265e-07	2.6862e-05	2.79779e-05	1.87022e-06	1.52835e-05	2.61256e-06	6.27777e-06	2.92284e-06	3.5202e-06	1.61549e-06	4.81417e-05	9.47364e-06	0	1.51384e-05	3.56528e-06	1.65899e-05	5.40189e-06	1.90406e-05	2.50567e-06	7.24053e-07	1.167e-06	0	9.44516e-06	7.29486e-06	3.26231e-06	2.92117e-06	8.65861e-06	7.89298e-06	2.27079e-05	1.53598e-06	3.7565e-06	5.37401e-06	4.66267e-06	5.20489e-06	5.41163e-06	5.72017e-06	1.12319e-06	9.57416e-06	0	8.62812e-06	5.38396e-06	2.44714e-06	0	1.44373e-05	5.27622e-06	9.90644e-06	0	1.18813e-05	3.46534e-06	8.10857e-07	7.66749e-06	3.77776e-06	4.24242e-06	1.22569e-06	1.79319e-06	2.78543e-06	2.64753e-06	1.79408e-06	4.94048e-06	6.14754e-06	3.78781e-06	3.49916e-05	2.64058e-06	1.5398e-06	4.16894e-06	1.27987e-05	3.53441e-06	2.17267e-06	0	9.15528e-07	8.21148e-06	3.67086e-06	1.45202e-05	2.20913e-06	0	3.70653e-06	6.14927e-06	6.64737e-06	3.94569e-06	1.5161e-06	1.82521e-06	5.09448e-06	1.10901e-06	1.43345e-05	6.90467e-07	6.3448e-06	5.69367e-06	8.07908e-06	1.26781e-05	6.10427e-06	2.50702e-06	1.42278e-06	5.35985e-06	1.8676e-05	9.25472e-06
PWY1G-0: mycothiol biosynthesis	2.59296e-07	0	0	0	0	0	7.4623e-07	0	0	0	5.4783e-07	1.27988e-06	0	0	0	0	9.78049e-07	0	0	0	0	6.05744e-07	0	0	0	0	1.42429e-06	0	0	0	7.71876e-07	0	2.14668e-06	1.93195e-06	0	0	7.31077e-07	0	1.52606e-06	8.395e-07	0	8.49592e-07	0	7.0331e-07	0	0	5.96675e-07	0	1.48151e-06	6.81996e-07	0	1.6214e-06	1.84569e-06	0	0	1.84095e-06	1.12887e-06	0	3.12742e-07	0	0	0	0	9.77789e-07	6.8041e-07	5.01286e-07	7.13044e-07	0	5.91534e-07	1.14236e-06	1.35529e-06	6.60315e-07	0	8.24484e-07	0	0	7.60642e-07	5.29039e-07	0	0	0	1.46439e-06	0	0	0	0	0	0	0	0	0	9.17418e-07	1.49201e-06	0	0	0	0	0	0	0	0	5.93268e-07	0	7.86849e-07	3.60983e-07	0	4.04679e-07	0	0	0	4.88746e-07	0	3.6692e-07	4.50903e-07	0	0	6.26915e-07	0	1.94241e-06	0
PWY1ZNC-1: assimilatory sulfate reduction IV	2.62115e-06	1.42033e-06	3.9023e-06	2.6459e-06	1.74005e-06	1.88325e-06	2.94421e-06	2.17195e-06	4.92702e-06	4.20731e-06	2.72281e-06	3.23984e-06	1.97792e-06	2.78113e-06	3.24557e-06	2.03079e-06	3.13219e-06	2.48614e-06	1.78905e-06	1.52952e-06	1.6597e-06	2.33959e-06	3.42316e-06	2.55775e-06	1.03745e-05	3.99652e-07	8.73987e-06	6.65412e-06	3.57966e-06	3.39766e-06	4.04029e-06	1.98012e-06	2.4733e-06	2.60485e-06	2.9693e-06	1.05244e-05	7.85558e-07	1.04692e-06	3.22272e-06	4.03722e-06	3.44032e-06	8.44205e-07	2.54146e-06	3.80487e-06	3.33015e-06	2.99133e-06	3.33181e-06	4.28819e-06	3.85449e-06	5.74013e-06	2.85139e-06	4.58362e-06	1.1381e-06	6.0164e-06	3.05931e-06	1.93662e-06	2.67852e-06	2.7598e-06	4.18295e-06	3.36489e-06	2.18253e-06	1.59498e-06	2.70797e-06	5.19484e-06	3.75862e-06	2.04972e-06	2.84572e-06	2.47292e-06	2.71086e-06	1.94487e-06	3.30659e-06	8.41827e-07	4.79646e-06	2.34503e-06	1.35915e-06	1.02173e-06	2.64768e-06	5.7189e-06	3.4231e-06	2.93853e-06	6.16403e-06	2.26368e-06	3.55401e-06	7.17336e-06	3.49783e-06	4.1301e-06	8.24707e-06	3.12027e-06	1.45726e-06	2.81611e-06	4.09929e-06	1.27183e-06	2.14087e-06	2.89993e-06	1.94805e-06	6.20167e-07	0	2.62585e-06	2.42293e-06	1.99361e-06	1.16814e-06	1.92572e-06	2.92202e-06	1.52046e-06	3.16061e-06	3.39504e-06	3.58909e-06	2.06431e-06	2.76398e-06	1.98922e-06	2.0399e-06	3.58117e-06	3.63776e-06	4.63765e-06	4.60377e-06	2.70111e-06	3.15685e-06	2.77377e-06	3.08905e-06	7.7861e-07
PWY3O-4107: NAD salvage pathway V (PNC V cycle)	5.24245e-06	1.5772e-05	0	0	7.50185e-07	2.95012e-07	0	0	0	1.23578e-06	2.07914e-06	5.06195e-06	2.51429e-06	6.8487e-07	0	1.39742e-06	0	0	0	0	0	0	0	9.20388e-06	1.21399e-05	5.15714e-07	1.57941e-05	2.32623e-06	0	2.85872e-06	7.37156e-07	6.2311e-06	9.99453e-06	5.44247e-06	5.01665e-06	2.08586e-05	2.02852e-06	3.35661e-06	6.38806e-06	0	8.84263e-06	8.29573e-07	2.31387e-05	2.06328e-06	0	3.68655e-06	0	1.67646e-05	0	3.19605e-06	3.70093e-06	5.62142e-06	4.45604e-06	4.03671e-05	2.18632e-06	0	0	0	0	0	1.24725e-06	0	0	0	1.35877e-05	3.24632e-06	1.8304e-06	1.6608e-06	0	0	1.5569e-06	0	0	6.22835e-07	7.26135e-07	1.61754e-05	0	8.94858e-07	2.06288e-06	0	1.92434e-06	8.53357e-07	2.70993e-06	1.6228e-06	9.15555e-06	0	2.8326e-05	8.67161e-07	1.68157e-06	0	1.86682e-06	2.12974e-05	1.82304e-05	0	0	0	2.43974e-05	9.62625e-06	8.46201e-07	0	5.33583e-07	0	1.62589e-06	0	1.97438e-06	0	8.634e-07	0	0	0	5.54778e-06	1.28194e-06	0	1.73628e-06	1.22382e-06	4.14438e-06	8.13511e-06	2.31011e-05	1.3298e-05	1.92808e-06
PWY490-3: nitrate reduction VI (assimilatory)	0	0	0	0	0	0	0	0	0	0	0	0	0	0	0	0	0	0	0	0	0	0	0	0	0	0	0	0	0	0	0	0	0	0	0	0	0	0	0	0	0	0	0	0	0	0	0	0	4.06614e-07	0	0	0	0	0	0	0	0	0	0	0	0	0	0	0	0	0	0	0	0	0	0	0	0	0	0	0	0	0	0	0	0	0	0	0	0	0	0	0	0	0	0	0	0	0	0	0	0	0	0	0	0	0	0	0	0	0	0	0	0	0	0	0	0	0	0	0	0	0	0	0
PWY4FS-7: phosphatidylglycerol biosynthesis I (plastidic)	2.23853e-06	1.20617e-06	0	6.08612e-06	2.13699e-06	3.09681e-06	6.52171e-06	4.82205e-06	1.00396e-06	8.47258e-06	1.93435e-06	0	0	4.98182e-06	6.40547e-06	0	4.05201e-06	1.77441e-06	0	6.46145e-07	2.24636e-06	4.78662e-06	2.34313e-06	2.31661e-06	4.08067e-05	3.06504e-06	2.81117e-05	3.06348e-05	1.61262e-06	1.10035e-05	6.39381e-06	4.80421e-06	5.41364e-06	1.2229e-05	3.09261e-06	4.67438e-05	1.80404e-06	0	1.92516e-05	8.16971e-06	1.65724e-05	5.45024e-06	2.36693e-05	8.16807e-06	6.02155e-06	9.08664e-06	6.4193e-07	9.15365e-06	9.75362e-06	2.15903e-06	8.56409e-06	4.58617e-06	2.10772e-06	1.31802e-05	0	2.41512e-06	1.09081e-06	2.82379e-06	0	7.42686e-06	3.69604e-06	5.38066e-07	1.4998e-05	7.09605e-07	1.17464e-05	2.63217e-06	2.29451e-06	3.44698e-06	8.38564e-06	2.60089e-06	4.32765e-06	3.74823e-06	1.74557e-05	2.23117e-06	6.69938e-07	1.11434e-05	3.90628e-06	6.82883e-06	1.37922e-06	0	7.07231e-06	1.91368e-06	1.69587e-06	2.87728e-06	4.11339e-06	7.88254e-06	2.13501e-05	0	2.98298e-06	1.67406e-06	4.03939e-06	7.68472e-07	1.46466e-06	2.3511e-06	1.30459e-06	5.61817e-06	0	1.30174e-05	3.27409e-06	5.46609e-07	4.13068e-06	6.64098e-06	3.01177e-06	1.43822e-06	2.9431e-06	2.62969e-06	3.42136e-06	0	9.75486e-06	2.18914e-06	6.19612e-06	1.16961e-05	1.40802e-06	1.04792e-05	1.16047e-05	2.89655e-06	8.1119e-07	5.47621e-06	4.50481e-06	9.12199e-06
PWY4FS-8: phosphatidylglycerol biosynthesis II (non-plastidic)	2.23853e-06	1.20617e-06	0	6.08612e-06	2.13699e-06	3.09681e-06	6.52171e-06	4.82205e-06	1.00396e-06	8.47258e-06	1.93435e-06	0	0	4.98182e-06	6.40547e-06	0	4.05201e-06	1.77441e-06	0	6.46145e-07	2.24636e-06	4.78662e-06	2.34313e-06	2.31661e-06	4.08067e-05	3.06504e-06	2.81117e-05	3.06348e-05	1.61262e-06	1.10035e-05	6.39381e-06	4.80421e-06	5.41364e-06	1.2229e-05	3.09261e-06	4.67438e-05	1.80404e-06	0	1.92516e-05	8.16971e-06	1.65724e-05	5.45024e-06	2.36693e-05	8.16807e-06	6.02155e-06	9.08664e-06	6.4193e-07	9.15365e-06	9.75362e-06	2.15903e-06	8.56409e-06	4.58617e-06	2.10772e-06	1.31802e-05	0	2.41512e-06	1.09081e-06	2.82379e-06	0	7.42686e-06	3.69604e-06	5.38066e-07	1.4998e-05	7.09605e-07	1.17464e-05	2.63217e-06	2.29451e-06	3.44698e-06	8.38564e-06	2.60089e-06	4.32765e-06	3.74823e-06	1.74557e-05	2.23117e-06	6.69938e-07	1.11434e-05	3.90628e-06	6.82883e-06	1.37922e-06	0	7.07231e-06	1.91368e-06	1.69587e-06	2.87728e-06	4.11339e-06	7.88254e-06	2.13501e-05	0	2.98298e-06	1.67406e-06	4.03939e-06	7.68472e-07	1.46466e-06	2.3511e-06	1.30459e-06	5.61817e-06	0	1.30174e-05	3.27409e-06	5.46609e-07	4.13068e-06	6.64098e-06	3.01177e-06	1.43822e-06	2.9431e-06	2.62969e-06	3.42136e-06	0	9.75486e-06	2.18914e-06	6.19612e-06	1.16961e-05	1.40802e-06	1.04792e-05	1.16047e-05	2.89655e-06	8.1119e-07	5.47621e-06	4.50481e-06	9.12199e-06
PWY4LZ-257: superpathway of fermentation (Chlamydomonas reinhardtii)	3.90717e-05	6.27838e-06	6.53008e-06	7.84644e-06	8.17574e-06	9.873e-06	7.87472e-06	6.63592e-06	8.49866e-06	6.82022e-06	1.23458e-05	1.80451e-05	1.62404e-05	1.35934e-05	7.55872e-06	9.84115e-06	1.26896e-05	1.05984e-05	9.62986e-06	6.77617e-06	7.17809e-06	1.46451e-05	9.04434e-06	2.02271e-05	2.99408e-05	1.42894e-05	5.09654e-05	2.84785e-05	1.12988e-05	2.18605e-05	1.85403e-05	1.91134e-05	2.52322e-05	2.38018e-05	2.54334e-05	4.64586e-05	1.61056e-05	1.27799e-05	4.00153e-05	2.79677e-05	2.8428e-05	1.54414e-05	2.17475e-05	4.02382e-05	1.04291e-05	2.46776e-05	7.82535e-06	2.60778e-05	2.32584e-05	2.11345e-05	6.66093e-06	1.94839e-05	3.27419e-05	1.87666e-05	7.53679e-06	8.77022e-06	5.71255e-06	1.82476e-05	1.91303e-05	3.06324e-05	1.4083e-05	1.27736e-05	1.99507e-05	8.33957e-06	2.8266e-05	1.74741e-05	1.47297e-05	1.46709e-05	2.04424e-05	8.50246e-06	1.32578e-05	9.36137e-06	1.80547e-05	5.38865e-06	4.42963e-06	3.58714e-05	9.32199e-06	2.49867e-05	2.07514e-05	1.37953e-05	3.82212e-05	1.0749e-05	2.13423e-05	7.57669e-06	2.50892e-05	3.35432e-05	4.70545e-05	1.08229e-05	1.8167e-05	6.59949e-06	1.33902e-05	1.73272e-05	1.58999e-05	1.22906e-05	0	1.51123e-05	1.24235e-05	2.61547e-05	1.09176e-05	5.86798e-06	9.3014e-06	4.07877e-06	7.7479e-06	7.30056e-06	1.77619e-05	1.23924e-05	2.62349e-05	5.00484e-06	2.52192e-05	7.23071e-06	1.59286e-05	2.09161e-05	1.26114e-05	1.40595e-05	1.30005e-05	2.14227e-05	1.96266e-05	3.19863e-05	2.18257e-05	2.46312e-05
PWY66-367: ketogenesis	0	0	0	0	0	0	0	0	0	0	0	0	0	0	6.31596e-07	0	0	0	0	0	0	0	0	0	0	0	0	0	0	0	0	0	0	3.91396e-07	0	0	0	0	0	0	0	1.20207e-06	0	0	0	0	0	0	0	0	0	0	0	0	0	0	0	0	0	0	0	0	0	0	0	0	0	0	0	0	0	0	0	0	0	0	0	0	0	0	0	0	0	0	0	0	0	0	0	0	0	0	0	0	0	0	0	0	0	0	0	0	0	0	0	0	0	0	0	0	0	0	0	0	0	0	0	0	0	0
PWY66-388: ceramide degradation by &alpha;-oxidation	0	0	0	0	0	0	0	0	0	0	0	0	0	0	0	0	0	0	0	0	0	0	0	0	0	0	0	0	0	0	0	0	0	0	0	0	0	0	0	0	0	0	0	0	0	0	0	0	0	0	0	4.04766e-07	8.46944e-07	0	0	0	0	0	0	0	0	0	0	0	0	0	0	0	0	0	0	0	0	0	0	0	0	0	0	0	0	0	0	0	0	0	0	0	0	0	0	0	0	0	0	0	0	0	0	0	0	0	0	0	0	0	0	0	0	0	0	0	0	0	0	0	0	0	0	0
PWY66-389: phytol degradation	0	2.36233e-08	0	1.7566e-07	2.50192e-08	0	7.10784e-07	0	0	0	0	0	0	0	1.05268e-06	0	1.05263e-07	0	0	0	0	0	0	0	1.88289e-05	0	2.21408e-06	4.21506e-06	0	0	2.22879e-07	0	2.09659e-06	0	1.09448e-07	2.85915e-07	7.57514e-07	0	1.48882e-05	0	1.44144e-06	0	1.26215e-07	0	7.92734e-07	0	0	0	0	0	0	3.34492e-06	5.62974e-06	2.77313e-06	0	1.75871e-06	0	0	0	0	0	0	0	0	4.68483e-07	0	0	0	0	0	0	0	2.17102e-07	0	0	1.05946e-06	0	3.35222e-06	0	0	1.31697e-06	0	0	0	0	0	1.30071e-05	0	0	0	3.93566e-06	0	0	0	0	0	0	1.06335e-06	0	0	0	0	3.65403e-06	0	0	0	0	0	0	0	6.15996e-07	5.57647e-07	2.15275e-07	2.72104e-06	1.1114e-06	0	0	0	7.37727e-07	0
PWY66-391: fatty acid &beta;-oxidation VI (mammalian peroxisome)	6.61261e-07	8.95376e-07	5.36157e-07	6.31682e-07	0	0	0	1.20018e-06	8.03451e-07	1.97165e-06	0	8.18529e-07	0	0	1.86029e-06	0	9.38227e-07	0	0	6.46113e-07	0	5.53663e-07	0	0	1.83386e-06	0	0	0	0	6.92134e-07	1.13339e-06	0	5.59963e-07	0	0	0	0	0	0	5.27085e-07	0	0	0	0	0	5.44959e-07	4.344e-07	1.09109e-06	1.22412e-06	0	0	1.66814e-06	1.30862e-06	0	0	8.79345e-07	7.46139e-07	0	1.02027e-06	1.1459e-06	0	0	0	0	8.07772e-07	0	0	1.07228e-06	0	9.48942e-07	0	1.08805e-06	1.44034e-06	0	0	0	0	0	6.31695e-07	1.03928e-06	9.72174e-07	0	0	1.61392e-06	0	6.51319e-07	0	6.35846e-07	0	8.87662e-07	0	0	0	0	0	0	0	0	0	5.79033e-07	1.12443e-06	0	7.35736e-07	8.8033e-07	0	0	5.45047e-07	0	9.99359e-07	0	0	1.85039e-06	5.85587e-07	0	8.92585e-07	0	4.52247e-07	0	0	0
PWY66-399: gluconeogenesis III	0.000126143	0.000138255	5.72157e-05	6.16814e-05	0.000108964	5.66835e-05	0.000111216	5.12127e-05	7.37083e-05	7.6749e-05	8.71383e-05	0.000115592	0.000102791	8.50534e-05	6.92815e-05	8.85211e-05	5.83972e-05	6.7907e-05	6.01146e-05	4.72714e-05	5.49339e-05	8.92958e-05	7.4144e-05	0.000106481	8.49537e-05	0.000140458	0.000139884	0.000102945	0.000125343	0.000103306	0.000127095	0.00010565	0.000114994	9.33107e-05	9.62705e-05	0.000112907	0.000144103	0.000103753	0.000123924	0.000106673	0.000113191	0.000141638	0.000101021	0.000112198	8.57311e-05	0.000107533	0.000130381	0.00011547	7.07218e-05	0.000121092	0.000106856	0.000112195	0.000107353	0.000101943	8.25765e-05	0.000135303	4.20053e-05	0.000124867	0.000103741	0.000118269	0.000110123	0.000103133	0.000114345	9.11476e-05	0.000108277	0.000112632	0.00010382	9.17602e-05	5.60034e-05	6.94211e-05	6.71122e-05	8.823e-05	4.59034e-05	4.41954e-05	7.01416e-05	0.000122536	6.51843e-05	0.000102017	0.000134873	0.000103322	0.000108971	7.07977e-05	0.000125148	6.82926e-05	0.000101286	7.2014e-05	0.000108341	9.92454e-05	0.000121265	4.89869e-05	7.33374e-05	0.000136669	0.000129415	7.32597e-05	8.63295e-05	0.000152914	0.000132553	0.000119433	4.40255e-05	9.22427e-05	0.000104016	6.33226e-05	5.96126e-05	0.000158837	0.000114218	4.58698e-05	9.38093e-05	9.52552e-05	0.000112239	7.4569e-05	0.000109455	9.98891e-05	0.000126572	5.64982e-05	4.48668e-05	0.000112473	9.19788e-05	7.43372e-05	0.000115445	0.000130091
PWY66-409: superpathway of purine nucleotide salvage	8.69313e-05	1.76204e-06	7.87443e-05	5.43046e-05	2.06824e-05	8.73322e-05	2.60658e-05	6.70732e-05	8.41115e-05	0.000111898	4.13869e-05	5.77544e-05	4.99649e-05	8.41643e-05	8.47603e-05	7.59693e-05	6.30271e-05	5.22912e-05	8.39769e-05	5.89972e-05	4.938e-06	0.000112221	4.53119e-05	7.98709e-05	8.72703e-05	3.03856e-06	2.41094e-05	5.37737e-05	4.95638e-05	0.000119962	0.000137301	7.21942e-05	0.00010219	7.96184e-05	6.76343e-05	5.0024e-05	1.39874e-05	0.000109125	3.30876e-05	7.28709e-05	1.44231e-05	2.0533e-05	1.29797e-05	7.83863e-05	7.30377e-05	5.7407e-05	4.00966e-05	7.4144e-05	7.86759e-05	5.13417e-05	2.48759e-05	6.57086e-05	4.24451e-05	1.19022e-05	4.0671e-05	1.2543e-05	5.42826e-05	6.5139e-05	6.8311e-05	4.13845e-05	3.33027e-05	8.53511e-05	9.16237e-05	5.06145e-05	9.05684e-05	8.69655e-06	0.000120014	7.91492e-05	6.54256e-05	5.37906e-05	5.88865e-05	1.99165e-05	9.28603e-05	4.27958e-05	7.02085e-05	2.78539e-05	7.62303e-05	9.46325e-05	5.82748e-05	6.68987e-05	4.95742e-05	9.92712e-05	2.16173e-05	7.4783e-05	4.17952e-05	9.76316e-05	1.93412e-05	5.38142e-05	4.03202e-05	7.52129e-05	3.5621e-05	5.4353e-05	5.19407e-05	4.81721e-05	8.39197e-06	0	2.22892e-05	5.82262e-05	7.23228e-05	7.26715e-05	2.75164e-05	5.47964e-05	5.17078e-05	1.63983e-05	6.08114e-05	6.81313e-05	4.9804e-05	4.96237e-05	2.62855e-05	0.00012788	7.9563e-05	5.16277e-05	3.42618e-05	7.22507e-05	9.78259e-05	5.28411e-05	5.04813e-05	7.76319e-05	7.61161e-05	4.39351e-05
PWY66-429: fatty acid biosynthesis initiation (mitochondria)	0.000101092	0.000111694	0.000125017	0.000127059	9.0077e-05	0.000140715	9.17528e-05	0.00012843	0.000134341	0.000104252	0.000109858	0.000108716	0.000110839	0.000134497	0.000149001	7.33302e-05	0.000151909	0.000121607	0.000122567	0.000108249	7.32579e-05	0.000130859	0.000120745	8.64824e-05	0.000144376	5.90333e-05	7.09644e-05	0.000138543	9.38193e-05	0.000127602	0.000121525	0.00012337	8.32608e-05	9.32141e-05	8.26783e-05	9.88732e-05	7.21688e-05	7.96251e-05	0.000145183	0.000159658	0.000141929	8.21713e-05	9.93692e-05	0.000138503	0.000111858	8.69898e-05	8.55478e-05	8.24732e-05	0.000203236	9.55706e-05	0.000106084	0.000107277	7.52763e-05	4.15031e-05	0.000106981	7.75657e-05	0.000119748	0.000102903	0.000100001	0.000111331	7.84508e-05	0.000105417	0.000135734	0.000126111	9.26085e-05	7.95926e-05	0.000108196	0.000107359	0.000186658	0.000125115	0.00013563	8.77541e-05	0.000180113	0.000186598	9.48599e-05	8.54484e-05	0.000147792	0.00011173	0.000108485	9.79764e-05	0.000108092	0.000112181	0.000106078	0.000163382	9.48467e-05	0.00014787	7.35305e-05	0.000126649	8.99639e-05	0.000130462	0.000115571	9.75019e-05	0.000104347	0.000132617	7.22698e-05	5.74812e-05	8.64759e-05	0.000100887	0.000153812	8.34127e-05	0.000176121	0.000132121	0.000136648	6.94345e-05	9.45617e-05	0.000130771	0.000121253	6.55613e-05	9.8967e-05	0.000147191	8.32718e-05	0.000125081	0.000103133	0.000154651	0.000175016	0.000116748	0.000121622	0.0001002	0.000102599	0.000106663
PWY66-430: myristate biosynthesis (mitochondria)	0	0	0	0	0	0	8.38044e-07	0	0	0	0	0	0	0	0	0	0	0	0	0	0	0	0	0	3.6646e-06	0	2.17421e-06	5.61878e-07	0	0	0	0	0	0	0	0	0	0	0	0	0	0	0	0	0	0	0	0	0	0	0	9.8354e-07	0	0	0	0	0	0	0	0	0	0	0	0	0	0	0	0	0	0	0	0	0	0	0	0	0	0	0	0	0	0	0	0	0	0	0	0	0	0	0	0	0	0	0	0	0	0	0	0	0	0	0	0	0	0	0	0	0	0	0	0	0	0	0	0	0	0	0	0
PYRIDNUCSAL-PWY: NAD salvage pathway I (PNC VI cycle)	6.97512e-06	1.70188e-05	0	0	1.0195e-06	4.11581e-07	0	0	0	1.70758e-06	2.80996e-06	6.72826e-06	3.40853e-06	9.52491e-07	0	1.90987e-06	0	0	0	0	0	0	0	1.17905e-05	1.55152e-05	7.0029e-07	1.83726e-05	3.18134e-06	0	3.89729e-06	1.02533e-06	7.93196e-06	1.28939e-05	7.15442e-06	6.66123e-06	2.44088e-05	2.49951e-06	4.56825e-06	7.63664e-06	0	8.87776e-06	1.128e-06	2.5004e-05	2.75297e-06	0	4.96903e-06	0	2.05941e-05	0	4.30287e-06	4.84693e-06	7.43475e-06	5.62343e-06	3.86411e-05	2.86355e-06	0	0	0	0	0	1.65159e-06	0	0	0	1.68434e-05	4.17075e-06	2.51049e-06	2.27437e-06	0	0	2.13241e-06	0	0	8.54449e-07	1.00158e-06	1.78053e-05	0	1.23392e-06	2.80556e-06	0	2.59228e-06	1.18224e-06	3.67164e-06	2.20536e-06	1.13304e-05	0	3.14662e-05	1.19177e-06	2.28878e-06	0	2.52914e-06	2.47845e-05	2.14556e-05	0	0	0	2.49455e-05	1.18977e-05	1.16332e-06	0	7.25971e-07	0	2.20568e-06	0	2.66493e-06	0	1.18045e-06	0	0	0	6.89785e-06	1.75731e-06	0	2.34205e-06	1.68711e-06	5.46683e-06	1.05414e-05	2.76274e-05	1.73279e-05	2.5165e-06
PYRIDNUCSYN-PWY: NAD de novo biosynthesis I (from aspartate)	0.000111226	0.000106798	0.000128563	0.000111577	0.000106627	0.000116322	9.17724e-05	0.00015181	0.000120468	0.000100255	0.000105739	0.00012133	0.000113939	0.000127737	0.00013438	8.46754e-05	0.000127289	0.000133417	0.000146639	0.000154194	9.85616e-05	0.000105429	0.000123162	9.92508e-05	0.000100352	0.000102289	0.000111492	0.000107651	8.36615e-05	0.000124352	0.000119354	0.00012064	0.000130529	9.77158e-05	0.000102563	8.78095e-05	0.000123919	7.90367e-05	0.000136589	0.000119728	9.82361e-05	0.000133627	9.92513e-05	0.00011549	9.6552e-05	0.000111021	9.25116e-05	0.000125007	0.000138882	0.000118099	0.000112253	0.000110844	0.000114628	9.09894e-05	0.000117622	0.000106587	0.000162938	0.000130823	0.000100435	0.00010363	0.00010737	0.000111114	0.000127538	0.000112804	0.000113682	0.000116019	0.000115629	0.000106742	0.00014474	0.000119502	0.000127038	0.000103356	0.000132728	0.000114073	0.000101162	9.78936e-05	0.000125148	0.00011274	0.000147594	0.000104487	0.000112363	0.000111978	0.000131479	0.000102448	0.000117034	0.000127569	8.94617e-05	0.000114551	0.000117359	0.000120387	0.000109765	0.000137454	0.000142242	0.000125927	9.80999e-05	0.000112335	0.000123255	0.000120518	0.000141615	9.56366e-05	0.000125972	0.000128547	0.000122928	0.000138185	0.000114999	0.000117776	0.000143057	8.48155e-05	0.000114489	0.000121776	0.00011234	0.00011349	0.000117456	0.000132912	0.00012383	0.000119834	0.000115877	0.000119206	0.000128863	0.000110412
PYRIDOXSYN-PWY: pyridoxal 5'-phosphate biosynthesis I	8.828e-07	3.57028e-06	0	2.8462e-06	2.45043e-06	4.639e-06	1.22843e-06	3.32192e-06	1.11316e-06	0	1.5382e-06	0	0	0	2.23461e-06	0	1.021e-06	1.57674e-06	1.08535e-06	0	9.09314e-07	3.31357e-06	0	0	1.77403e-05	3.37797e-06	1.80818e-05	1.63038e-05	8.80796e-07	4.07756e-06	2.52992e-06	1.15809e-06	1.65687e-06	1.91557e-06	2.63878e-06	2.74994e-05	7.39247e-06	0	2.99907e-06	5.51339e-06	1.48696e-06	2.42229e-06	4.85104e-06	1.59302e-06	7.45869e-07	1.19575e-06	2.16738e-06	3.61657e-06	3.28225e-06	0	1.52586e-06	0	1.0318e-06	4.98102e-06	1.29995e-06	0	0	1.69901e-06	0	4.70312e-06	0	0	4.37802e-06	1.19898e-06	8.84025e-06	3.03454e-06	0	1.01142e-06	7.38875e-06	1.76795e-06	1.93689e-06	2.85762e-06	3.88621e-06	1.53053e-06	1.65939e-06	2.42863e-06	7.03512e-07	3.84871e-06	6.48478e-07	0	3.43282e-06	7.11698e-07	0	4.12043e-06	1.22062e-06	3.54671e-06	1.2909e-05	0	2.04005e-06	2.18953e-06	1.34169e-06	1.06129e-06	1.62334e-06	0	0	4.56233e-06	1.10723e-06	2.6226e-06	8.95101e-07	0	0	6.76731e-07	9.6377e-07	8.03659e-07	1.42525e-06	6.65255e-07	8.5699e-07	1.17704e-06	8.11911e-06	8.40718e-07	3.56473e-06	2.08042e-06	2.33431e-06	8.98536e-06	3.94166e-06	0	8.01581e-07	1.3821e-06	3.1274e-06	4.373e-06
REDCITCYC: TCA cycle VI (Helicobacter)	4.54483e-06	4.34797e-06	5.15861e-06	3.66614e-06	4.03365e-06	2.22486e-06	4.15528e-06	4.62591e-06	5.16466e-06	5.04773e-06	6.10487e-06	0	1.18536e-06	5.41835e-06	5.33365e-06	6.04467e-06	3.56152e-06	5.03552e-06	1.95215e-06	0	0	6.18573e-06	4.15664e-06	4.08778e-06	2.06294e-05	6.41314e-06	1.35959e-05	7.49377e-06	8.15777e-06	5.86697e-06	9.26514e-06	3.94535e-06	5.342e-06	3.66077e-06	7.38529e-06	2.28763e-05	3.92676e-06	6.1653e-06	7.25206e-06	4.61797e-07	9.5505e-06	8.64721e-06	7.85834e-06	0	4.4045e-06	4.94159e-06	6.82686e-06	5.52915e-06	2.53936e-06	4.06292e-06	3.30861e-06	4.7228e-06	6.0347e-06	3.92201e-06	3.88259e-06	5.06854e-06	1.24857e-06	1.27578e-06	5.13066e-06	2.99909e-06	4.22303e-06	6.52608e-06	6.34679e-06	4.1421e-06	2.86017e-06	0	6.61057e-06	5.00122e-06	0	5.62771e-06	4.20886e-06	3.54246e-06	7.5631e-06	4.52091e-06	8.57117e-07	6.04508e-06	1.90881e-06	5.8186e-06	5.32847e-06	4.66074e-06	7.86257e-06	3.98472e-06	0	5.20106e-06	5.38331e-07	7.44817e-07	1.55229e-05	3.25135e-06	4.23688e-06	0	9.0678e-06	0	1.34152e-06	5.65659e-06	5.04318e-06	6.03659e-06	6.18219e-06	0	4.37495e-06	3.54689e-06	2.15398e-06	3.3595e-06	4.41851e-06	8.31141e-06	5.0385e-06	3.04779e-06	2.21412e-06	3.45218e-06	2.33256e-06	5.77182e-06	0	5.53145e-06	9.92102e-07	8.2143e-06	3.74906e-06	3.41231e-06	3.91633e-06	4.38027e-06	4.2178e-06	7.27549e-06
RHAMCAT-PWY: L-rhamnose degradation I	2.26988e-05	3.03645e-05	3.57203e-05	3.87615e-05	4.86542e-05	3.29738e-05	4.66208e-05	4.73119e-05	2.85226e-05	3.32906e-05	3.04227e-05	3.46658e-05	3.88746e-05	3.50516e-05	3.94971e-05	2.58885e-05	4.55325e-05	3.91765e-05	3.86991e-05	4.05723e-05	3.71251e-05	2.30283e-05	3.3715e-05	1.54148e-05	3.12079e-05	2.37441e-05	3.34634e-05	3.25524e-05	2.67996e-05	2.39025e-05	2.46753e-05	2.42085e-05	2.1582e-05	2.56508e-05	1.48584e-05	5.31702e-05	3.09733e-05	1.87688e-05	4.13674e-05	3.13826e-05	2.38432e-05	3.57284e-05	4.10199e-05	2.09812e-05	2.7677e-05	2.49954e-05	3.92792e-05	2.37832e-05	3.08184e-05	2.28486e-05	3.19374e-05	3.28507e-05	3.24079e-05	2.43327e-05	3.47263e-05	2.88678e-05	5.33917e-05	2.89537e-05	3.93445e-05	2.90724e-05	2.2386e-05	2.72215e-05	3.61063e-05	3.95203e-05	1.8148e-05	3.34651e-05	2.83258e-05	2.81716e-05	3.54831e-05	5.29992e-05	3.49743e-05	2.31163e-05	3.80267e-05	2.98305e-05	1.97652e-05	2.24572e-05	3.06445e-05	3.94604e-05	3.55711e-05	5.10982e-05	3.41813e-05	3.04156e-05	3.35547e-05	1.97028e-05	3.70373e-05	3.21406e-05	3.81724e-05	4.21734e-05	3.72172e-05	3.76452e-05	4.17809e-05	3.59822e-05	3.41054e-05	2.57974e-05	3.64591e-05	4.20764e-05	2.41707e-05	1.45127e-05	5.48244e-05	3.93535e-05	3.45317e-05	6.01112e-05	3.94772e-05	4.90134e-05	2.95802e-05	3.53868e-05	4.54395e-05	4.98333e-05	2.39178e-05	2.86827e-05	3.57456e-05	3.33338e-05	5.59032e-05	4.30545e-05	3.88463e-05	2.95173e-05	3.74151e-05	2.95072e-05	3.2665e-05	3.56234e-05
RIBOSYN2-PWY: flavin biosynthesis I (bacteria and plants)	4.71002e-05	3.84528e-05	5.48094e-05	4.66921e-05	4.41077e-05	5.3841e-05	4.09034e-05	5.01149e-05	5.66777e-05	4.03672e-05	4.79582e-05	4.91094e-05	4.77793e-05	6.95085e-05	5.59598e-05	4.42311e-05	5.20638e-05	6.2076e-05	5.61835e-05	6.62565e-05	2.45356e-05	5.65743e-05	5.16703e-05	4.68163e-05	6.35486e-05	3.52397e-05	4.13662e-05	6.40568e-05	4.01101e-05	5.50429e-05	5.26439e-05	4.79073e-05	5.81539e-05	4.91966e-05	4.74582e-05	4.63268e-05	4.02569e-05	6.827e-05	5.62708e-05	5.72347e-05	4.91788e-05	4.03143e-05	3.39199e-05	6.56784e-05	6.06509e-05	4.12185e-05	3.3511e-05	5.17246e-05	6.9897e-05	3.55715e-05	4.57098e-05	5.60695e-05	3.75444e-05	1.49594e-05	3.61144e-05	4.48861e-05	4.85171e-05	5.25521e-05	3.76185e-05	5.11128e-05	3.73013e-05	4.70351e-05	6.61251e-05	4.85898e-05	5.30476e-05	3.49746e-05	5.04836e-05	5.22238e-05	6.31111e-05	5.22337e-05	5.90067e-05	4.48056e-05	7.71772e-05	5.16454e-05	4.55655e-05	3.75285e-05	5.04323e-05	4.76721e-05	4.52189e-05	4.3378e-05	3.82535e-05	5.21466e-05	4.88681e-05	4.51522e-05	4.86264e-05	6.83114e-05	3.46971e-05	4.66512e-05	3.66907e-05	5.02961e-05	4.25325e-05	5.8493e-05	5.69817e-05	5.8442e-05	3.24953e-05	3.20752e-05	3.80634e-05	5.03285e-05	5.14475e-05	4.13282e-05	4.94039e-05	5.63952e-05	5.75167e-05	4.19097e-05	4.25931e-05	5.5015e-05	5.82038e-05	3.03603e-05	4.05094e-05	6.75943e-05	4.46508e-05	4.97772e-05	4.51792e-05	7.03661e-05	5.53489e-05	4.36673e-05	5.23806e-05	6.05794e-05	5.81616e-05	4.73773e-05
RUMP-PWY: formaldehyde oxidation I	1.51856e-05	8.55959e-06	0	3.79047e-06	1.16474e-06	5.29446e-06	2.51321e-06	3.83126e-06	0	9.54728e-07	2.26381e-06	1.35143e-05	2.48757e-06	1.66908e-06	3.62472e-06	7.77025e-07	1.56784e-06	3.32716e-06	1.15646e-06	1.43001e-06	1.45519e-06	2.96945e-06	9.66194e-07	1.2935e-05	1.59026e-05	3.78415e-06	1.37787e-05	9.71287e-06	1.34438e-06	1.38368e-05	3.1067e-06	1.08281e-05	1.30899e-05	1.43747e-05	2.07232e-06	8.24507e-06	5.11281e-06	3.38417e-06	9.57737e-06	1.12144e-06	9.73658e-06	0	1.11391e-05	1.83761e-06	3.18604e-06	6.43867e-06	0	2.05456e-05	2.76594e-06	7.00649e-06	4.89205e-06	1.15804e-05	8.1551e-06	9.89828e-06	0	8.76622e-07	0	3.95314e-06	2.18122e-06	4.90197e-06	2.56461e-06	0	9.64744e-06	1.794e-06	1.4981e-05	6.30796e-06	6.06528e-06	3.70352e-06	7.34054e-07	0	3.66392e-06	1.44259e-06	5.15684e-06	0	0	1.40853e-05	2.8901e-06	2.78665e-06	5.5927e-06	9.22e-07	5.79917e-06	6.30702e-06	6.03888e-06	4.32559e-06	1.00402e-05	7.81741e-06	6.32944e-06	9.75316e-07	4.79244e-06	1.9531e-06	3.38575e-06	2.33278e-05	1.74984e-05	1.12386e-06	0	6.68619e-06	1.89762e-05	7.85367e-06	2.25419e-06	6.24355e-07	1.96611e-06	2.76699e-07	2.289e-06	0	5.01491e-06	7.09864e-07	4.32225e-06	1.03622e-06	4.74147e-06	1.33608e-06	3.68991e-06	8.53664e-06	5.87474e-06	5.71145e-06	4.48637e-06	7.05562e-06	8.98188e-06	2.16201e-05	2.78381e-05	2.29584e-06
SALVADEHYPOX-PWY: adenosine nucleotides degradation II	1.36462e-05	2.39103e-05	1.35601e-05	1.1389e-05	8.57917e-06	1.6772e-05	8.91813e-06	1.10934e-05	1.62617e-05	1.76073e-05	1.51147e-05	9.92782e-06	1.20419e-05	2.6816e-05	2.11801e-05	1.38601e-05	2.37646e-05	1.3891e-05	1.26943e-05	1.40617e-05	8.14662e-06	1.36158e-05	2.3238e-05	1.85435e-05	4.46194e-05	1.56727e-05	5.28175e-05	4.34015e-05	1.79878e-05	2.13424e-05	1.15152e-05	1.49765e-05	1.77893e-05	1.88024e-05	2.74465e-05	7.97508e-05	2.86141e-05	1.52167e-05	3.00958e-05	1.64586e-05	4.10045e-05	1.78417e-05	2.7728e-05	1.38649e-05	7.07439e-06	1.08158e-05	1.05372e-05	1.7808e-05	2.16447e-05	1.75442e-05	1.60415e-05	1.63908e-05	1.58382e-05	2.70885e-05	8.42283e-06	2.22076e-05	1.32621e-05	1.20899e-05	9.75329e-06	2.55502e-05	1.96905e-05	1.21578e-05	3.03425e-05	6.68115e-06	1.47128e-05	9.84717e-06	1.20592e-05	1.6546e-05	2.6552e-05	1.16931e-05	1.17157e-05	3.1999e-05	3.16175e-05	1.70799e-05	1.5477e-05	3.45135e-05	1.60154e-05	1.55085e-05	1.14871e-05	6.47257e-06	1.16525e-05	2.79824e-05	1.14414e-05	1.27498e-05	1.1403e-05	3.21471e-05	5.14099e-05	1.27955e-05	1.04444e-05	1.32299e-05	1.03389e-05	1.7584e-05	1.12075e-05	1.93256e-05	8.2421e-07	1.76212e-05	2.28383e-05	1.56853e-05	1.58099e-05	1.38095e-05	4.48599e-05	1.56015e-05	2.01814e-05	1.82649e-05	1.59802e-05	1.98581e-05	1.39937e-05	1.47791e-05	1.24015e-05	2.78777e-05	7.70033e-06	1.5484e-05	7.74696e-06	2.52731e-05	1.345e-05	1.14181e-05	1.43964e-05	2.00188e-05	1.06658e-05	2.77992e-05
SER-GLYSYN-PWY: superpathway of L-serine and glycine biosynthesis I	0.000154617	7.98528e-05	0.000158502	0.000164584	0.000116362	0.00018488	0.000113146	0.000149745	0.000201193	0.000191027	0.000116655	0.000165588	0.000145293	0.000190518	0.000169873	0.000151637	0.00016459	0.000148531	0.000137733	0.000125769	8.75281e-05	0.000167131	0.000142049	0.000144676	0.00019479	5.82201e-05	9.96153e-05	0.000158706	0.000138786	0.000186088	0.000193751	0.000150395	0.000181543	0.000142384	0.000156206	0.00010826	9.38137e-05	0.000176961	9.10963e-05	0.000135045	5.90457e-05	7.61936e-05	6.43872e-05	0.00012163	0.000132662	0.000142442	0.000114952	0.000168621	0.000162025	0.000146571	0.000123934	0.000147859	8.79879e-05	5.97941e-05	0.000129821	0.000122003	0.000139182	0.000138061	0.000155802	8.17635e-05	9.42422e-05	0.000202055	0.00014703	0.000128023	0.000148596	0.000108427	0.000160544	0.000145723	0.000149187	0.000168236	0.000163835	6.23077e-05	0.000157749	0.000106686	0.000124261	7.54902e-05	0.000150859	0.000154512	0.000140874	0.000143009	0.000133402	0.000154774	0.000156369	0.00012814	0.00015205	0.000160761	7.44133e-05	0.000149807	0.000145255	0.00014247	0.000146389	0.000146893	0.000167382	0.000188978	0.00010516	6.91186e-05	8.97049e-05	0.000141814	0.000122115	0.000151837	8.67258e-05	0.000169363	0.000144263	7.65003e-05	0.000117361	0.000150204	0.000138634	0.000114984	8.50754e-05	0.000189147	0.000117265	0.000150849	0.00013734	0.000122115	0.000162764	0.000156395	0.000166605	0.000165202	0.000186599	7.48233e-05
SO4ASSIM-PWY: assimilatory sulfate reduction I	3.48282e-06	3.11598e-06	5.5555e-06	4.07047e-06	3.01489e-06	2.22695e-06	2.94421e-06	4.22416e-06	4.85004e-06	4.46488e-06	2.67757e-06	3.42583e-06	1.99208e-06	3.2925e-06	4.2239e-06	2.25334e-06	4.10409e-06	2.48614e-06	1.78905e-06	1.52952e-06	1.6597e-06	3.25312e-06	3.42316e-06	2.82666e-06	1.72363e-05	3.99652e-07	1.41574e-05	1.26803e-05	4.89547e-06	6.35295e-06	7.96572e-06	2.40151e-06	3.61191e-06	3.60403e-06	4.69388e-06	2.10529e-05	3.0591e-06	1.08718e-06	5.76791e-06	4.5105e-06	6.92338e-06	3.77056e-06	3.69323e-06	6.92478e-06	4.037e-06	3.12708e-06	3.33181e-06	6.79948e-06	3.76087e-06	5.97617e-06	3.65062e-06	4.68461e-06	1.1381e-06	9.65919e-06	3.05931e-06	2.83842e-06	2.14911e-06	3.07377e-06	4.22632e-06	3.39373e-06	2.18253e-06	2.04543e-06	5.50384e-06	5.15147e-06	5.51025e-06	2.57146e-06	2.84572e-06	2.47292e-06	2.62879e-06	2.13852e-06	3.78423e-06	8.41827e-07	5.33764e-06	1.23014e-06	8.68769e-07	5.45786e-06	2.68216e-06	6.36246e-06	4.81624e-06	2.96884e-06	5.15011e-06	3.24337e-06	4.7184e-06	6.77469e-06	5.13786e-06	4.65742e-06	1.65782e-05	3.12027e-06	2.05175e-06	2.50085e-06	5.06499e-06	1.57259e-06	2.62046e-06	2.90547e-06	1.94805e-06	1.21193e-06	1.94077e-06	3.66173e-06	5.19042e-06	1.99361e-06	1.18019e-06	1.92572e-06	2.92202e-06	1.52046e-06	2.7765e-06	4.57811e-06	4.11344e-06	2.06431e-06	3.32596e-06	2.94675e-06	2.64861e-06	4.4461e-06	4.90115e-06	6.92029e-06	7.53367e-06	3.99075e-06	3.48778e-06	2.97711e-06	3.31604e-06	5.44404e-06
SULFATE-CYS-PWY: superpathway of sulfate assimilation and cysteine biosynthesis	7.52094e-06	6.68066e-06	1.18275e-05	8.79148e-06	6.498e-06	4.90977e-06	6.30747e-06	9.07024e-06	1.0452e-05	9.66089e-06	5.79762e-06	7.43413e-06	4.37797e-06	7.20952e-06	9.16757e-06	4.92643e-06	8.81964e-06	5.44442e-06	3.95114e-06	3.38301e-06	3.61355e-06	7.07685e-06	7.4123e-06	6.15086e-06	3.34684e-05	8.90926e-07	2.57598e-05	2.52941e-05	1.02251e-05	1.33411e-05	1.6563e-05	5.25331e-06	7.84633e-06	7.79117e-06	9.92781e-06	3.76111e-05	6.51069e-06	2.41185e-06	1.19115e-05	9.5611e-06	1.36475e-05	7.835e-06	7.7605e-06	1.41557e-05	8.56055e-06	6.67909e-06	7.07354e-06	1.42174e-05	8.15986e-06	1.24559e-05	7.76139e-06	1.00171e-05	2.5083e-06	1.77178e-05	6.60785e-06	6.1168e-06	4.72299e-06	6.65137e-06	9.02749e-06	7.22764e-06	4.7223e-06	4.51471e-06	1.16865e-05	1.08556e-05	1.16053e-05	5.5473e-06	6.21985e-06	5.41127e-06	5.76806e-06	4.70645e-06	8.21801e-06	1.86188e-06	1.12681e-05	2.71888e-06	1.93086e-06	1.12444e-05	5.84874e-06	1.3278e-05	1.0213e-05	6.39362e-06	1.08216e-05	7.04975e-06	1.00782e-05	1.40864e-05	1.08931e-05	1.00146e-05	2.89667e-05	6.764e-06	4.48156e-06	5.463e-06	1.07774e-05	3.47689e-06	5.73938e-06	6.3424e-06	4.23837e-06	2.66821e-06	4.24456e-06	7.88239e-06	1.1059e-05	4.36959e-06	2.61253e-06	4.25106e-06	6.33741e-06	3.34192e-06	6.00462e-06	9.74407e-06	8.82519e-06	4.51037e-06	7.08228e-06	6.46436e-06	5.72961e-06	9.48775e-06	1.03087e-05	1.44176e-05	1.58819e-05	8.58799e-06	7.57423e-06	6.50541e-06	7.21983e-06	1.11535e-05
TCA-GLYOX-BYPASS: superpathway of glyoxylate bypass and TCA	0	0	0	2.4451e-06	0	0	1.31499e-06	0	0	2.03386e-06	0	0	0	0	2.19252e-06	0	0	0	0	0	0	0	1.11875e-06	0	3.29987e-05	0	2.25323e-05	1.49059e-05	1.7484e-06	7.62606e-06	1.45802e-06	4.04532e-06	1.65811e-06	1.69348e-06	1.57767e-06	4.203e-05	0	0	7.23106e-06	0	5.37111e-06	0	8.41225e-06	0	0	0	8.49615e-07	7.27043e-06	0	1.54896e-06	3.15573e-06	5.50951e-06	4.08971e-06	1.20263e-05	0	0	0	0	0	4.10143e-06	4.97747e-06	0	5.96471e-06	0	3.82751e-06	0	0	0	0	0	2.17374e-06	1.17446e-06	8.45536e-06	0	0	3.41076e-06	0	4.89082e-06	0	0	3.92333e-06	0	0	0	0	0	2.41749e-05	0	0	0	2.34821e-06	0	1.02381e-06	0	0	0	0	0	8.84687e-07	0	2.65777e-06	0	2.26516e-06	0	0	1.2292e-06	0	0	1.81413e-06	0	0	9.38148e-07	0	9.65192e-06	5.38434e-06	9.57105e-07	0	2.92627e-06	0	1.37585e-06
TCA: TCA cycle I (prokaryotic)	0	8.95046e-06	0	7.41842e-06	0	0	2.52561e-06	0	0	1.99334e-06	0	0	0	0	3.52934e-06	0	0	0	0	0	0	0	2.89379e-06	0	4.51539e-05	0	3.08655e-05	2.82155e-05	4.43227e-06	1.22328e-05	2.00322e-06	5.91597e-06	4.9487e-06	7.69518e-06	7.43872e-06	5.24475e-05	3.04764e-06	0	1.25799e-05	0	1.27009e-05	6.88658e-06	1.67205e-05	0	0	0	3.19261e-06	9.71354e-06	0	3.10876e-06	4.60582e-06	1.02215e-05	6.54009e-06	2.33715e-05	0	0	0	2.57279e-06	9.15616e-07	6.0958e-06	8.59788e-06	1.75174e-06	8.54257e-06	0	5.95518e-06	0	2.0071e-06	0	0	0	7.25471e-06	7.61753e-06	1.72097e-05	0	1.73336e-06	3.46518e-06	0	1.20222e-05	0	0	1.62916e-05	1.91692e-06	0	0	0	1.50375e-06	3.45051e-05	0	0	0	1.8555e-05	0	2.70729e-06	0	2.20493e-06	0	0	0	2.91548e-06	0	4.30634e-06	0	3.84436e-06	5.48022e-06	3.56565e-06	6.63415e-06	4.47511e-06	0	3.75763e-06	1.61419e-06	0	7.63749e-06	1.97705e-06	1.69705e-05	7.76593e-06	3.07145e-06	0	9.49956e-06	0	3.05236e-06
THISYNARA-PWY: superpathway of thiamine diphosphate biosynthesis III (eukaryotes)	2.21495e-06	0	6.40926e-06	2.16044e-06	3.73163e-06	7.1077e-06	6.67712e-06	5.22135e-06	3.30459e-06	2.85138e-06	7.32954e-06	3.60765e-06	2.86195e-06	6.65405e-06	7.48944e-06	5.34678e-06	6.66072e-06	7.07469e-06	3.30245e-06	1.06294e-05	1.57355e-06	7.99981e-06	4.36837e-06	4.9945e-06	5.03797e-06	2.37847e-06	1.73922e-06	3.89149e-06	2.16596e-06	1.06897e-06	7.0905e-06	3.0288e-06	3.41345e-06	6.43194e-06	5.61129e-06	4.48125e-06	8.38744e-07	4.43203e-06	9.35486e-06	7.07707e-06	2.4341e-06	7.41871e-06	3.03403e-06	8.55865e-06	5.23396e-06	8.07282e-06	5.12425e-06	6.97593e-06	4.54128e-06	5.02026e-06	3.10827e-06	3.45775e-06	1.18337e-06	0	1.85198e-06	6.95882e-07	1.16704e-05	9.04493e-07	1.28078e-06	3.12822e-06	9.00483e-07	2.18363e-06	8.00492e-06	6.33952e-06	7.38133e-06	3.2914e-06	1.97394e-06	3.74578e-06	1.45043e-05	3.14372e-06	6.61804e-06	0	2.59813e-06	7.13716e-06	3.42752e-06	2.2826e-06	1.19733e-06	1.3628e-06	3.77155e-06	3.54004e-06	5.81213e-06	2.01182e-06	2.58987e-06	2.25792e-06	4.69315e-06	8.68722e-06	1.51526e-06	1.03473e-06	6.40035e-07	5.67536e-06	3.19077e-06	8.87173e-06	4.89207e-06	4.4248e-06	0	3.88324e-06	2.57988e-06	1.04466e-06	2.00082e-06	1.40496e-06	2.37903e-06	7.64943e-06	7.00581e-06	9.79333e-06	3.14068e-06	7.38699e-06	6.81924e-06	1.6211e-06	3.01933e-06	1.41139e-06	3.99578e-06	9.5524e-06	5.18915e-06	9.19705e-06	2.17432e-06	8.04955e-06	1.97263e-06	8.6657e-06	4.49546e-06	1.51624e-06
THREOCAT-PWY: superpathway of L-threonine metabolism	9.65718e-07	0	0	0	0	0	9.82258e-07	0	0	0	0	0	0	0	1.1645e-06	0	0	0	0	0	0	0	0	0	3.0342e-06	0	0	0	1.06682e-06	9.29137e-07	0	0	0	0	1.43766e-06	0	0	0	6.80645e-07	0	0	0	1.57685e-06	0	0	0	0	0	0	0	0	0	0	0	0	0	0	0	0	0	0	0	7.03823e-07	0	4.45551e-07	0	0	0	0	0	0	0	1.04336e-06	0	0	0	0	1.14144e-06	0	0	0	0	0	9.96454e-07	9.57334e-07	0	0	0	0	0	0	0	7.52217e-07	0	0	0	0	0	0	0	0	0	0	0	0	0	0	0	0	0	0	1.09244e-06	0	0	4.18217e-06	0	0	3.9392e-07	5.02891e-07	0
THRESYN-PWY: superpathway of L-threonine biosynthesis	0.000184585	0.000179435	0.000171529	0.000169849	0.000175749	0.000230294	0.000154959	0.000213606	0.000165454	0.000171632	0.000158925	0.000173697	0.000174881	0.000191749	0.000199007	0.000157769	0.000205346	0.000220207	0.000228595	0.000245055	0.000154167	0.000170175	0.000197027	0.000220188	0.00017311	0.000185312	0.000213363	0.000204971	0.000143445	0.000164783	0.000212653	0.0002067	0.000230984	0.000207374	0.000227832	0.000194159	0.000236946	0.000186898	0.000209693	0.000183743	0.000208672	0.000222816	0.00017673	0.000196555	0.00016005	0.000183315	0.000148513	0.000221451	0.000220006	0.000171736	0.000167676	0.000195003	0.00016856	0.000134122	0.000165232	0.000189422	0.000233314	0.00018719	0.000147172	0.000179577	0.000149818	0.000175987	0.000186096	0.000140536	0.00022826	0.000167865	0.000191511	0.000182947	0.000199497	0.000177902	0.000196611	0.000221507	0.000244497	0.000169704	0.000204909	0.000184833	0.000203036	0.000175913	0.000215035	0.000157815	0.000173204	0.000225883	0.000189443	0.00017456	0.000201244	0.00022578	0.000171825	0.000177784	0.000173801	0.000188864	0.000159828	0.000205719	0.000211267	0.000192327	0.000173462	0.000163941	0.000170641	0.00020927	0.000191876	0.000163605	0.000220561	0.000187024	0.000227191	0.000171339	0.000170948	0.000213758	0.000222241	0.000156921	0.000161289	0.000217632	0.000182093	0.000179195	0.000200189	0.000206469	0.00019803	0.000184442	0.00019659	0.000230037	0.000210352	0.000185852
TRNA-CHARGING-PWY: tRNA charging	0.000598941	0.000603015	0.000629186	0.000622203	0.00066303	0.000599215	0.000615574	0.000684941	0.000619548	0.000614244	0.000540492	0.000588383	0.00063167	0.000597613	0.000614577	0.000546696	0.000589095	0.000640899	0.000627982	0.000656273	0.000638668	0.000569869	0.00062105	0.000544068	0.000510288	0.000580689	0.000604871	0.000570858	0.000526478	0.000491127	0.000514891	0.00060633	0.000519919	0.000598568	0.00054271	0.000599569	0.000689342	0.00045694	0.000635258	0.000592045	0.000604534	0.000711661	0.000632224	0.000606865	0.000592945	0.000558161	0.000620905	0.00058931	0.000583495	0.000613827	0.000674838	0.00060029	0.000615012	0.00102972	0.000662758	0.000634806	0.000685348	0.000578236	0.000600592	0.000571369	0.000572821	0.000554019	0.000606851	0.000560715	0.000550973	0.000641743	0.000555568	0.000615617	0.000595496	0.000668192	0.000622924	0.00062927	0.000570935	0.000619595	0.000596787	0.000644154	0.000628132	0.0006379	0.000647487	0.000633889	0.000615568	0.000593668	0.00065946	0.0006431	0.000572981	0.000554714	0.000693587	0.000615988	0.000676841	0.000670271	0.000648609	0.000612066	0.000606172	0.000650542	0.000632151	0.000575125	0.000594689	0.000557853	0.000685586	0.000624041	0.000699221	0.000692955	0.000644956	0.000627616	0.000636278	0.000598262	0.000658576	0.000625218	0.000569872	0.000609311	0.000644855	0.000584218	0.000675176	0.000679085	0.000631297	0.000598155	0.000597501	0.000548885	0.000590492	0.000650678
UBISYN-PWY: superpathway of ubiquinol-8 biosynthesis (early decarboxylation)	0	0	0	0	0	0	0	0	0	0	0	0	0	0	0	0	0	0	0	0	0	0	0	0	0	0	0	0	0	0	0	0	0	0	0	0	0	0	0	0	0	0	0	0	0	0	0	0	0	0	0	0	0	5.06406e-07	0	0	0	0	0	0	0	0	0	0	0	0	0	0	0	0	0	0	1.91376e-07	0	0	0	0	0	0	0	0	0	0	0	0	0	0	0	0	0	0	0	0	0	0	0	0	0	0	0	0	0	0	0	0	0	0	0	0	0	0	0	0	0	0	0	0	0	0	0
UDPNACETYLGALSYN-PWY: UDP-N-acetyl-D-glucosamine biosynthesis II	0	0	0	0	0	0	0	0	0	0	0	0	0	0	0	0	0	0	0	0	0	0	0	0	0	0	0	0	0	0	0	0	0	0	0	0	0	0	0	0	0	0	0	0	0	0	0	0	0	0	0	0	7.45622e-07	0	0	0	0	0	1.11342e-06	0	0	0	0	0	9.87595e-07	0	0	0	0	0	0	0	0	0	0	0	0	0	0	0	0	0	0	0	0	0	0	0	0	0	0	0	0	0	0	0	0	0	0	0	0	0	0	0	0	0	0	0	0	0	0	0	0	0	0	0	0	0	0	0
UDPNAGSYN-PWY: UDP-N-acetyl-D-glucosamine biosynthesis I	0.000166764	9.06245e-05	6.88307e-05	6.62588e-05	5.52588e-05	9.09523e-05	6.20478e-05	4.79669e-05	0.000103417	0.000111104	5.09683e-05	0.000147653	8.23237e-05	9.49742e-05	8.14702e-05	7.16156e-05	8.0474e-05	4.42019e-05	4.24333e-05	3.30147e-05	5.39999e-05	8.1388e-05	3.88884e-05	0.000160083	0.000124685	0.000187456	0.000403704	0.00010749	9.98578e-05	0.00012506	0.000218351	0.000265238	0.000249393	0.000162992	0.000201807	0.000100271	0.000199696	0.000104026	0.00016406	0.000159241	0.000191545	8.25593e-05	0.000354342	0.000252191	9.04775e-05	0.000331431	0.00011202	0.00030675	0.000119689	0.000220028	6.69515e-05	0.000123554	0.000154778	0.00136234	4.55465e-05	2.8686e-05	4.78325e-05	0.000175418	0.000106952	7.27569e-05	0.000177979	8.34466e-05	5.46051e-05	8.96631e-05	0.000315552	0.000182729	9.09015e-05	4.27408e-05	9.08139e-05	7.15901e-05	9.20848e-05	4.45132e-05	0.000103356	2.91154e-05	3.76039e-05	0.000234479	4.98609e-05	0.000111813	0.000325845	8.67858e-05	0.000111298	6.51001e-05	0.000163204	9.50112e-05	0.000165237	0.000147871	0.000475136	6.03112e-05	0.000151036	8.20441e-05	8.48442e-05	0.000154179	0.000146325	4.87084e-05	4.09042e-05	9.87925e-05	0.000142071	0.00024295	4.19483e-05	6.41365e-05	3.88311e-05	2.66747e-05	4.97683e-05	0.000161281	0.000100016	7.76308e-05	8.42655e-05	4.58131e-05	0.000190178	5.58018e-05	8.52884e-05	0.000111701	0.000110003	2.99693e-05	7.43407e-05	0.000156102	9.22826e-05	0.000221791	0.000142061	8.05323e-05
URDEGR-PWY: superpathway of allantoin degradation in plants	0	0	0	0	0	0	0	0	0	0	0	0	0	0	0	0	0	0	0	0	0	0	0	0	2.24063e-07	0	1.18253e-06	2.28592e-07	0	6.3473e-07	4.65718e-07	7.82319e-07	0	1.18592e-06	1.0002e-06	3.4603e-06	3.06343e-07	0	0	0	6.48967e-07	0	4.32129e-07	5.18573e-07	0	0	0	7.73563e-07	0	0	0	0	4.42878e-07	4.17476e-07	0	0	0	0	0	0	0	0	0	0	6.34326e-07	0	0	0	0	0	0	0	1.5918e-07	0	0	0	0	0	0	0	4.50854e-07	0	0	0	0	0	1.65136e-06	0	0	0	0	0	0	0	0	0	0	5.9205e-07	0	0	0	0	0	0	0	0	0	0	0	0	0	0	0	0	0	0	0	6.03278e-07	1.32772e-07	0
URSIN-PWY: ureide biosynthesis	0	0	0	0	0	0	0	0	0	0	0	0	0	0	0	0	0	0	0	0	0	0	0	0	0	0	0	0	0	0	0	0	0	0	0	0	0	0	0	0	0	0	0	0	0	0	0	0	0	0	0	1.09164e-06	0	0	0	0	0	0	0	0	0	0	0	0	0	0	0	0	0	0	0	0	0	0	0	0	0	0	0	0	0	0	0	0	0	0	0	0	0	0	0	0	0	0	0	0	0	0	0	0	0	0	0	0	0	0	0	0	0	0	0	0	0	0	0	0	0	0	0	0
VALSYN-PWY: L-valine biosynthesis	0.000480063	0.000527235	0.000506255	0.000465768	0.000479023	0.000546882	0.000478673	0.000489072	0.00049434	0.000521532	0.000401565	0.000474035	0.000487282	0.000541401	0.000546374	0.000428596	0.000528474	0.000489682	0.000457837	0.000436796	0.000383761	0.000501629	0.000509851	0.000502151	0.000481148	0.000466543	0.000656978	0.000500052	0.000453261	0.00044761	0.000515353	0.000594466	0.000526136	0.000490847	0.000518072	0.000478026	0.00048294	0.000479016	0.00061348	0.000485604	0.000616532	0.000532194	0.000656302	0.000548162	0.000512286	0.000505837	0.000427242	0.000565458	0.000575435	0.000480451	0.00048386	0.000483444	0.000477757	0.00161788	0.000448249	0.000459296	0.000453093	0.000474974	0.000415095	0.000514994	0.000475346	0.000498936	0.000519919	0.00044812	0.000555417	0.000463235	0.000466075	0.0005299	0.000534331	0.000431027	0.000504587	0.000492786	0.000549636	0.000553296	0.0004282	0.000633647	0.000505003	0.000478848	0.000572956	0.000499642	0.00046377	0.00048878	0.000506741	0.000553717	0.000435445	0.000525568	0.000724731	0.000480089	0.000501256	0.000499137	0.000437336	0.000514741	0.000488591	0.000547174	0.000427975	0.000463268	0.000486522	0.000525021	0.000556787	0.000449975	0.000585577	0.00051924	0.000482324	0.000541458	0.000466886	0.000487781	0.000480905	0.000479506	0.000492398	0.000536842	0.000491902	0.000466118	0.000452039	0.000584609	0.000573329	0.000472079	0.000494707	0.000535903	0.000478183	0.000596603
