"Pathway","Group_ref","Group_test","Comparison","Mean_ref","Mean_test","Median_ref","Median_test","Prevalence_ref","Prevalence_test","Mean_difference","Log2FC","P_value","FDR","Pathway_ID","Description","Direction","NegLog10P","NegLog10FDR"
"PWY4LZ-257: superpathway of fermentation (Chlamydomonas reinhardtii)","ITM","OTM1","OTM1 vs ITM",1.99051086666667e-05,1.21273363333333e-05,2.083375e-05,1.16041e-05,30,29,-7.77777233333334e-06,-0.714871389620975,0.000421750846830314,0.0650872781790266,"PWY4LZ-257","superpathway of fermentation (Chlamydomonas reinhardtii)","Not significant",3.37494403672138,1.18650388941287
"PWY0-1586: peptidoglycan maturation (meso-diaminopimelate containing)","ITM","OTM1","OTM1 vs ITM",3.21407196666667e-05,2.10866896666667e-05,2.94378e-05,1.94667e-05,30,30,-1.105403e-05,-0.608067251155966,0.000769728869832386,0.0650872781790266,"PWY0-1586","peptidoglycan maturation (meso-diaminopimelate containing)","Not significant",3.11366222427102,1.18650388941287
"PWY1ZNC-1: assimilatory sulfate reduction IV","ITM","OTM1","OTM1 vs ITM",3.66648366666667e-06,2.58038056666667e-06,3.377455e-06,2.534415e-06,30,29,-1.0861031e-06,-0.50679669430182,0.000856411554987192,0.0650872781790266,"PWY1ZNC-1","assimilatory sulfate reduction IV","Not significant",3.06731748169366,1.18650388941287
"""PWY-7371: 1,4-dihydroxy-6-naphthoate biosynthesis II""","ITM","OTM1","OTM1 vs ITM",2.22543833333333e-06,3.08301733333333e-06,2.32518e-06,3.110015e-06,27,30,8.57579e-07,0.470235444319069,0.000769207769416211,0.0650872781790266,"""PWY-7371","1,4-dihydroxy-6-naphthoate biosynthesis II""","Not significant",3.11395633780128,1.18650388941287
"PWY-5838: superpathway of menaquinol-8 biosynthesis I","ITM","OTM1","OTM1 vs ITM",1.983563e-06,7.04447666666667e-07,1.828975e-06,0,18,6,-1.27911533333333e-06,-1.49339772886465,0.00465478747913681,0.0702966183136677,"PWY-5838","superpathway of menaquinol-8 biosynthesis I","Not significant",2.33210014255484,1.15306556663079
"PWY-5840: superpathway of menaquinol-7 biosynthesis","ITM","OTM1","OTM1 vs ITM",2.22573766666667e-06,7.96377e-07,1.94903e-06,0,19,7,-1.42936066666667e-06,-1.48264377230979,0.00293158613568824,0.0702966183136677,"PWY-5840","superpathway of menaquinol-7 biosynthesis","Not significant",2.53289734087726,1.15306556663079
"PWY-5897: superpathway of menaquinol-11 biosynthesis","ITM","OTM1","OTM1 vs ITM",2.10266333333333e-06,7.65683e-07,1.75561e-06,0,19,7,-1.33698033333333e-06,-1.45727894488442,0.00362075391346919,0.0702966183136677,"PWY-5897","superpathway of menaquinol-11 biosynthesis","Not significant",2.44120099124325,1.15306556663079
"PWY-5898: superpathway of menaquinol-12 biosynthesis","ITM","OTM1","OTM1 vs ITM",2.10266333333333e-06,7.65683e-07,1.75561e-06,0,19,7,-1.33698033333333e-06,-1.45727894488442,0.00362075391346919,0.0702966183136677,"PWY-5898","superpathway of menaquinol-12 biosynthesis","Not significant",2.44120099124325,1.15306556663079
"PWY-5899: superpathway of menaquinol-13 biosynthesis","ITM","OTM1","OTM1 vs ITM",2.10266333333333e-06,7.65683e-07,1.75561e-06,0,19,7,-1.33698033333333e-06,-1.45727894488442,0.00362075391346919,0.0702966183136677,"PWY-5899","superpathway of menaquinol-13 biosynthesis","Not significant",2.44120099124325,1.15306556663079
"GLYOXYLATE-BYPASS: glyoxylate cycle","ITM","OTM1","OTM1 vs ITM",3.10585426666667e-06,1.45419416666667e-06,2.176475e-06,6.196505e-07,27,17,-1.6516601e-06,-1.09471746781892,0.00172157689096859,0.0702966183136677,"GLYOXYLATE-BYPASS","glyoxylate cycle","Not significant",2.7640735755863,1.15306556663079
"GLUCOSE1PMETAB-PWY: glucose and glucose-1-phosphate degradation","ITM","OTM1","OTM1 vs ITM",9.06883566666667e-05,5.25353e-05,9.80275e-05,7.656455e-05,26,16,-3.81530566666667e-05,-0.787629044542864,0.00265574787974618,0.0702966183136677,"GLUCOSE1PMETAB-PWY","glucose and glucose-1-phosphate degradation","Not significant",2.57581315657518,1.15306556663079
"PWY-6901: superpathway of glucose and xylose degradation","ITM","OTM1","OTM1 vs ITM",4.83687033333333e-05,3.17007963333333e-05,4.785035e-05,2.347285e-05,30,30,-1.6667907e-05,-0.609553212568866,0.00442719316717302,0.0702966183136677,"PWY-6901","superpathway of glucose and xylose degradation","Not significant",2.35387152848261,1.15306556663079
"PWY0-1298: superpathway of pyrimidine deoxyribonucleosides degradation","ITM","OTM1","OTM1 vs ITM",2.90890166666667e-05,1.95220346666667e-05,3.10235e-05,1.64752e-05,30,30,-9.566982e-06,-0.575368673161644,0.00333861225944255,0.0702966183136677,"PWY0-1298","superpathway of pyrimidine deoxyribonucleosides degradation","Not significant",2.47643401621445,1.15306556663079
"PWY-821: superpathway of sulfur amino acid biosynthesis (Saccharomyces cerevisiae)","ITM","OTM1","OTM1 vs ITM",5.84169266666667e-06,4.08369733333333e-06,5.786075e-06,4.0682e-06,29,28,-1.75799533333333e-06,-0.51649988447996,0.00117301513643851,0.0702966183136677,"PWY-821","superpathway of sulfur amino acid biosynthesis (Saccharomyces cerevisiae)","Not significant",2.93069638376742,1.15306556663079
"PWY-6895: superpathway of thiamine diphosphate biosynthesis II","ITM","OTM1","OTM1 vs ITM",1.8687355e-05,1.31246753333333e-05,1.842935e-05,8.978205e-06,30,28,-5.56267966666667e-06,-0.509777377966016,0.00226546109366781,0.0702966183136677,"PWY-6895","superpathway of thiamine diphosphate biosynthesis II","Not significant",2.64484339186064,1.15306556663079
"SO4ASSIM-PWY: assimilatory sulfate reduction I","ITM","OTM1","OTM1 vs ITM",4.34063433333333e-06,3.26787566666667e-06,4.013875e-06,2.97955e-06,30,30,-1.07275866666667e-06,-0.409541886572134,0.00422591773137863,0.0702966183136677,"SO4ASSIM-PWY","assimilatory sulfate reduction I","Not significant",2.3740789618876,1.15306556663079
"PWY-5345: superpathway of L-methionine biosynthesis (by sulfhydrylation)","ITM","OTM1","OTM1 vs ITM",1.13024716666667e-05,8.602529e-06,1.053505e-05,7.913335e-06,30,30,-2.69994266666667e-06,-0.393801539390537,0.00367089339245066,0.0702966183136677,"PWY-5345","superpathway of L-methionine biosynthesis (by sulfhydrylation)","Not significant",2.43522822779312,1.15306556663079
"SULFATE-CYS-PWY: superpathway of sulfate assimilation and cysteine biosynthesis","ITM","OTM1","OTM1 vs ITM",9.228907e-06,7.03985366666667e-06,8.57427e-06,6.4202e-06,30,30,-2.18905333333333e-06,-0.390609494846738,0.00442719316717302,0.0702966183136677,"SULFATE-CYS-PWY","superpathway of sulfate assimilation and cysteine biosynthesis","Not significant",2.35387152848261,1.15306556663079
"PWY-5497: purine nucleobases degradation II (anaerobic)","ITM","OTM1","OTM1 vs ITM",7.40233166666667e-06,5.70467033333333e-06,7.444395e-06,5.810225e-06,30,30,-1.69766133333333e-06,-0.375830461007822,0.00275484821205465,0.0702966183136677,"PWY-5497","purine nucleobases degradation II (anaerobic)","Not significant",2.55990232511823,1.15306556663079
"PWY-702: L-methionine biosynthesis II","ITM","OTM1","OTM1 vs ITM",2.16561266666667e-05,1.72856853333333e-05,2.052425e-05,1.707025e-05,30,30,-4.37044133333333e-06,-0.325195742757849,0.00485601639666783,0.0702966183136677,"PWY-702","L-methionine biosynthesis II","Not significant",2.31371985550563,1.15306556663079
"P42-PWY: incomplete reductive TCA cycle","ITM","OTM1","OTM1 vs ITM",3.93172666666667e-05,4.522851e-05,4.06278e-05,4.51902e-05,30,30,5.91124333333334e-06,0.202068960170653,0.00442719316717302,0.0702966183136677,"P42-PWY","incomplete reductive TCA cycle","Not significant",2.35387152848261,1.15306556663079
"PENTOSE-P-PWY: pentose phosphate pathway","ITM","OTM1","OTM1 vs ITM",5.288233e-05,3.34553898333333e-05,5.034805e-05,1.161515e-05,30,30,-1.94269401666667e-05,-0.660545504250924,0.00532207780514421,0.0703439849027756,"PENTOSE-P-PWY","pentose phosphate pathway","Not significant",2.27391878064938,1.15277303305822
"PYRIDNUCSAL-PWY: NAD salvage pathway I (PNC VI cycle)","ITM","OTM1","OTM1 vs ITM",5.24902666666667e-06,3.6624967e-06,2.834555e-06,0,24,13,-1.58652996666667e-06,-0.519210561520101,0.00522857771815001,0.0703439849027756,"PYRIDNUCSAL-PWY","NAD salvage pathway I (PNC VI cycle)","Not significant",2.28161643219653,1.15277303305822
"ANAEROFRUCAT-PWY: homolactic fermentation","ITM","OTM1","OTM1 vs ITM",0.000154456673333333,0.00011495076,0.000139669,0.0001058635,30,30,-3.95059133333333e-05,-0.426185878743774,0.00582816843911527,0.07382346689546,"ANAEROFRUCAT-PWY","homolactic fermentation","Not significant",2.23446790523403,1.13180556333688
"PWY-6606: guanosine nucleotides degradation II","ITM","OTM1","OTM1 vs ITM",7.52017966666667e-06,5.31059216666667e-06,6.618435e-06,5.008785e-06,30,30,-2.2095875e-06,-0.501886408033441,0.00637724609817312,0.0745647236094088,"PWY-6606","guanosine nucleotides degradation II","Not significant",2.19536682324854,1.1274665876106
"PWY3O-4107: NAD salvage pathway V (PNC V cycle)","ITM","OTM1","OTM1 vs ITM",4.1137882e-06,3.1976096e-06,2.1246e-06,0,24,13,-9.16178599999999e-07,-0.363463660957733,0.00630029264356345,0.0745647236094088,"PWY3O-4107","NAD salvage pathway V (PNC V cycle)","Not significant",2.20063927744594,1.1274665876106
"PWY-7118: chitin deacetylation","ITM","OTM1","OTM1 vs ITM",2.3367246e-06,1.1244591e-06,1.984065e-06,3.32238e-07,25,16,-1.2122655e-06,-1.05518996836112,0.00732193622151814,0.0771862516366081,"PWY-7118","chitin deacetylation","Not significant",2.13537405840496,1.1124600490177
"PWY-622: starch biosynthesis","ITM","OTM1","OTM1 vs ITM",0.000117802235666667,6.9882077e-05,0.0001315265,3.42369e-05,30,26,-4.79201586666667e-05,-0.753371686232209,0.00728023748051012,0.0771862516366081,"PWY-622","starch biosynthesis","Not significant",2.1378544538198,1.1124600490177
"""PWY-241: C4 photosynthetic carbon assimilation cycle, NADP-ME type""","ITM","OTM1","OTM1 vs ITM",4.19164283333333e-05,2.82443293333333e-05,4.328135e-05,2.202155e-05,30,30,-1.3672099e-05,-0.569552881079857,0.00761706430624423,0.0771862516366081,"""PWY-241","C4 photosynthetic carbon assimilation cycle, NADP-ME type""","Not significant",2.1182123779068,1.1124600490177
"PWY-6353: purine nucleotides degradation II (aerobic)","ITM","OTM1","OTM1 vs ITM",1.59190603333333e-05,1.1843414e-05,1.41837e-05,1.119675e-05,30,30,-4.07564633333333e-06,-0.426667046301047,0.00761706430624423,0.0771862516366081,"PWY-6353","purine nucleotides degradation II (aerobic)","Not significant",2.1182123779068,1.1124600490177
"DAPLYSINESYN-PWY: L-lysine biosynthesis I","ITM","OTM1","OTM1 vs ITM",3.25814933333333e-05,2.393762e-05,3.16522e-05,2.03807e-05,30,30,-8.64387333333333e-06,-0.444771411302177,0.00831460908674944,0.0815368116894138,"DAPLYSINESYN-PWY","L-lysine biosynthesis I","Not significant",2.08015816441902,1.08864627464454
"PWY-5189: tetrapyrrole biosynthesis II (from glycine)","ITM","OTM1","OTM1 vs ITM",5.394941e-06,3.37316416666667e-06,4.77151e-06,3.225705e-06,30,27,-2.02177683333333e-06,-0.677488620674644,0.0122071304555862,0.092810741455538,"PWY-5189","tetrapyrrole biosynthesis II (from glycine)","Not significant",1.91338641416888,1.03240175777997
"P161-PWY: acetylene degradation (anaerobic)","ITM","OTM1","OTM1 vs ITM",4.77763023333333e-05,3.1567516e-05,3.950645e-05,1.2234e-05,30,29,-1.62087863333333e-05,-0.597852908008356,0.0117106837928731,0.092810741455538,"P161-PWY","acetylene degradation (anaerobic)","Not significant",1.93141774550822,1.03240175777997
"""PWY-7117: C4 photosynthetic carbon assimilation cycle, PEPCK type""","ITM","OTM1","OTM1 vs ITM",4.84950146666667e-05,3.2623011e-05,4.817135e-05,2.46009e-05,30,30,-1.58720036666667e-05,-0.571945052772141,0.0117106837928731,0.092810741455538,"""PWY-7117","C4 photosynthetic carbon assimilation cycle, PEPCK type""","Not significant",1.93141774550822,1.03240175777997
"LACTOSECAT-PWY: lactose and galactose degradation I","ITM","OTM1","OTM1 vs ITM",5.952183e-06,4.07379266666667e-06,5.401725e-06,3.55489e-06,30,30,-1.87839033333333e-06,-0.54703515004299,0.0107626125954115,0.092810741455538,"LACTOSECAT-PWY","lactose and galactose degradation I","Not significant",1.96808229204838,1.03240175777997
"P164-PWY: purine nucleobases degradation I (anaerobic)","ITM","OTM1","OTM1 vs ITM",9.450698e-06,6.913998e-06,8.57689e-06,6.198445e-06,30,30,-2.5367e-06,-0.450895099355349,0.00988340129168582,0.092810741455538,"P164-PWY","purine nucleobases degradation I (anaerobic)","Not significant",2.00509357079651,1.03240175777997
"OANTIGEN-PWY: O-antigen building blocks biosynthesis (E. coli)","ITM","OTM1","OTM1 vs ITM",0.000170158583333333,0.00012836254,0.0001508065,0.0001242225,30,30,-4.17960433333333e-05,-0.40665540850057,0.0122119396652024,0.092810741455538,"OANTIGEN-PWY","O-antigen building blocks biosynthesis (E. coli)","Not significant",1.91321535006077,1.03240175777997
"POLYISOPRENSYN-PWY: polyisoprenoid biosynthesis (E. coli)","ITM","OTM1","OTM1 vs ITM",1.897927e-05,1.45582246666667e-05,1.87209e-05,1.4216e-05,30,30,-4.42104533333333e-06,-0.382587760851169,0.0122119396652024,0.092810741455538,"POLYISOPRENSYN-PWY","polyisoprenoid biosynthesis (E. coli)","Not significant",1.91321535006077,1.03240175777997
"CENTFERM-PWY: pyruvate fermentation to butanoate","ITM","OTM1","OTM1 vs ITM",1.183998e-05,9.403239e-06,1.219285e-05,1.01129e-05,30,29,-2.436741e-06,-0.332433794269852,0.0112277644666888,0.092810741455538,"CENTFERM-PWY","pyruvate fermentation to butanoate","Not significant",1.94970670646601,1.03240175777997
"PWY-6590: superpathway of Clostridium acetobutylicum acidogenic fermentation","ITM","OTM1","OTM1 vs ITM",1.53761276666667e-05,1.2261639e-05,1.585135e-05,1.32275e-05,30,29,-3.11448866666667e-06,-0.326538001233921,0.0117106837928731,0.092810741455538,"PWY-6590","superpathway of Clostridium acetobutylicum acidogenic fermentation","Not significant",1.93141774550822,1.03240175777997
"PWY0-1297: superpathway of purine deoxyribonucleosides degradation","ITM","OTM1","OTM1 vs ITM",8.42250323333333e-05,5.5362964e-05,7.343795e-05,2.234665e-05,30,29,-2.88620683333333e-05,-0.605327000741852,0.0127321146163066,0.0944039717892,"PWY0-1297","superpathway of purine deoxyribonucleosides degradation","Not significant",1.89509946045274,1.02500973356373
"PWY-7111: pyruvate fermentation to isobutanol (engineered)","ITM","OTM1","OTM1 vs ITM",0.00014110868,0.000106356463333333,0.000115775,8.106895e-05,30,30,-3.47522166666667e-05,-0.407898691674287,0.0156381195256908,0.110557868274651,"PWY-7111","pyruvate fermentation to isobutanol (engineered)","Not significant",1.80581547178234,0.956410343753173
"PWY-7198: pyrimidine deoxyribonucleotides de novo biosynthesis IV","ITM","OTM1","OTM1 vs ITM",0.00010082266,8.237809e-05,0.000100672,7.688565e-05,30,30,-1.844457e-05,-0.291487020437715,0.0156381195256908,0.110557868274651,"PWY-7198","pyrimidine deoxyribonucleotides de novo biosynthesis IV","Not significant",1.80581547178234,0.956410343753173
"PWY-6859: all-trans-farnesol biosynthesis","ITM","OTM1","OTM1 vs ITM",1.22641216666667e-05,9.317126e-06,1.14722e-05,9.094885e-06,30,29,-2.94699566666667e-06,-0.396483284915756,0.0162848089481173,0.11251322545972,"PWY-6859","all-trans-farnesol biosynthesis","Not significant",1.78821733217219,0.948796425049623
"P122-PWY: heterolactic fermentation","ITM","OTM1","OTM1 vs ITM",8.64526333333333e-06,5.09407533333333e-06,8.36629e-06,2.822225e-06,28,24,-3.551188e-06,-0.763077980680223,0.0175169175662682,0.113956319985739,"P122-PWY","heterolactic fermentation","Not significant",1.7565423137922,0.943261583964786
"PWY0-162: superpathway of pyrimidine ribonucleotides de novo biosynthesis","ITM","OTM1","OTM1 vs ITM",0.000106580956666667,6.96838843333333e-05,0.00010071295,4.00131e-05,30,30,-3.68970723333333e-05,-0.613052020824993,0.0183679594713855,0.113956319985739,"PWY0-162","superpathway of pyrimidine ribonucleotides de novo biosynthesis","Not significant",1.73593908754503,0.943261583964786
"UDPNAGSYN-PWY: UDP-N-acetyl-D-glucosamine biosynthesis I","ITM","OTM1","OTM1 vs ITM",0.000136466826666667,9.51678233333333e-05,0.0001119165,8.725365e-05,30,30,-4.12990033333333e-05,-0.520004054909094,0.0183679594713855,0.113956319985739,"UDPNAGSYN-PWY","UDP-N-acetyl-D-glucosamine biosynthesis I","Not significant",1.73593908754503,0.943261583964786
"P441-PWY: superpathway of N-acetylneuraminate degradation","ITM","OTM1","OTM1 vs ITM",3.32244433333333e-05,2.65381633333333e-05,3.11828e-05,2.44989e-05,30,29,-6.68628e-06,-0.324175406311619,0.0183679594713855,0.113956319985739,"P441-PWY","superpathway of N-acetylneuraminate degradation","Not significant",1.73593908754503,0.943261583964786
"PWY-7560: methylerythritol phosphate pathway II","ITM","OTM1","OTM1 vs ITM",0.00015131882,0.000130726233333333,0.0001523295,0.000136427,30,30,-2.05925866666667e-05,-0.211042599752091,0.0176490281291738,0.113956319985739,"PWY-7560","methylerythritol phosphate pathway II","Not significant",1.75327920471003,0.943261583964786
"P124-PWY: Bifidobacterium shunt","ITM","OTM1","OTM1 vs ITM",5.84031893333333e-05,3.66533993333333e-05,4.53305e-05,1.59301e-05,30,29,-2.174979e-05,-0.672098685497532,0.0198830764139107,0.118518729996644,"P124-PWY","Bifidobacterium shunt","Not significant",1.70151641841867,0.926213010907853
"PWY-6270: isoprene biosynthesis I","ITM","OTM1","OTM1 vs ITM",0.000163943733333333,0.00014248901,0.0001645135,0.000149073,30,30,-2.14547233333333e-05,-0.202349973696356,0.0198830764139107,0.118518729996644,"PWY-6270","isoprene biosynthesis I","Not significant",1.70151641841867,0.926213010907853
"PWY-5121: superpathway of geranylgeranyl diphosphate biosynthesis II (via MEP)","ITM","OTM1","OTM1 vs ITM",3.16782466666667e-05,2.50832226666667e-05,3.012735e-05,2.521765e-05,30,30,-6.595024e-06,-0.336768573641141,0.0206807491399781,0.120902841126026,"PWY-5121","superpathway of geranylgeranyl diphosphate biosynthesis II (via MEP)","Not significant",1.68443373339889,0.917563493424939
"RUMP-PWY: formaldehyde oxidation I","ITM","OTM1","OTM1 vs ITM",7.47185453333333e-06,5.06158833333333e-06,5.95681e-06,2.97518e-06,28,25,-2.4102662e-06,-0.56186699813687,0.0231362681090895,0.12788046373024,"RUMP-PWY","formaldehyde oxidation I","Not significant",1.63570669163904,0.893195797524535
"PWY-6902: chitin degradation II (Vibrio)","ITM","OTM1","OTM1 vs ITM",2.0556726e-06,1.4225978e-06,1.23445e-06,1.538095e-07,24,15,-6.330748e-07,-0.531051442418731,0.0229512561093793,0.12788046373024,"PWY-6902","chitin degradation II (Vibrio)","Not significant",1.63919354078276,0.893195797524535
"""PWY-724: superpathway of L-lysine, L-threonine and L-methionine biosynthesis II""","ITM","OTM1","OTM1 vs ITM",0.000251300433333333,0.000231240866666667,0.0002544345,0.0002352305,30,30,-2.00595666666667e-05,-0.120016724602397,0.0223601480626597,0.12788046373024,"""PWY-724","superpathway of L-lysine, L-threonine and L-methionine biosynthesis II""","Not significant",1.65052532499925,0.893195797524535
"PWY0-781: aspartate superpathway","ITM","OTM1","OTM1 vs ITM",2.97247766666667e-06,1.817695e-06,2.718465e-06,1.548755e-06,25,16,-1.15478266666667e-06,-0.709524994565008,0.0288130944227195,0.153608305987438,"PWY0-781","aspartate superpathway","Not significant",1.54041009754935,0.813585300274671
"ARG+POLYAMINE-SYN: superpathway of arginine and polyamine biosynthesis","ITM","OTM1","OTM1 vs ITM",8.898686e-06,6.79838366666667e-06,8.61522e-06,6.33339e-06,30,30,-2.10030233333333e-06,-0.388395528929831,0.029205409568445,0.153608305987438,"ARG+POLYAMINE-SYN","superpathway of arginine and polyamine biosynthesis","Not significant",1.53453669895798,0.813585300274671
"P108-PWY: pyruvate fermentation to propanoate I","ITM","OTM1","OTM1 vs ITM",2.783421e-05,3.13748666666667e-05,2.649305e-05,3.14266e-05,30,30,3.54065666666667e-06,0.17274960643168,0.0303174288133101,0.153608305987438,"P108-PWY","pyruvate fermentation to propanoate I","Not significant",1.51830763349978,0.813585300274671
"PWY-7328: superpathway of UDP-glucose-derived O-antigen building blocks biosynthesis","ITM","OTM1","OTM1 vs ITM",0.00012303877,0.000109698746666667,0.000120502,0.0001088055,30,30,-1.33400233333333e-05,-0.165565800777059,0.0303174288133101,0.153608305987438,"PWY-7328","superpathway of UDP-glucose-derived O-antigen building blocks biosynthesis","Not significant",1.51830763349978,0.813585300274671
"GALACTUROCAT-PWY: D-galacturonate degradation I","ITM","OTM1","OTM1 vs ITM",3.436991e-05,3.82760133333333e-05,3.3321e-05,3.811255e-05,30,30,3.90610333333334e-06,0.155294070391885,0.0303174288133101,0.153608305987438,"GALACTUROCAT-PWY","D-galacturonate degradation I","Not significant",1.51830763349978,0.813585300274671
"HOMOSER-METSYN-PWY: L-methionine biosynthesis I","ITM","OTM1","OTM1 vs ITM",1.486597e-06,8.40040166666667e-07,1.106805e-06,6.55732e-07,27,18,-6.46556833333333e-07,-0.823408696934949,0.0349908536015237,0.156429698453871,"HOMOSER-METSYN-PWY","L-methionine biosynthesis I","Not significant",1.45604546277832,0.805680791875803
"METSYN-PWY: superpathway of L-homoserine and L-methionine biosynthesis","ITM","OTM1","OTM1 vs ITM",2.5885684e-06,1.46420876666667e-06,1.93359e-06,1.14577e-06,27,18,-1.12435963333333e-06,-0.821990377673657,0.0349908536015237,0.156429698453871,"METSYN-PWY","superpathway of L-homoserine and L-methionine biosynthesis","Not significant",1.45604546277832,0.805680791875803
"PWY-5347: superpathway of L-methionine biosynthesis (transsulfuration)","ITM","OTM1","OTM1 vs ITM",2.93637553333333e-06,1.66534846666667e-06,2.202825e-06,1.30678e-06,27,18,-1.27102706666667e-06,-0.81817490343025,0.0349908536015237,0.156429698453871,"PWY-5347","superpathway of L-methionine biosynthesis (transsulfuration)","Not significant",1.45604546277832,0.805680791875803
"MET-SAM-PWY: superpathway of S-adenosyl-L-methionine biosynthesis","ITM","OTM1","OTM1 vs ITM",2.91782086666667e-06,1.65493223333333e-06,2.20485e-06,1.307405e-06,27,18,-1.26288863333333e-06,-0.818081443063478,0.0337232745328517,0.156429698453871,"MET-SAM-PWY","superpathway of S-adenosyl-L-methionine biosynthesis","Not significant",1.47207026196834,0.805680791875803
"""PWY-5464: superpathway of cytosolic glycolysis (plants), pyruvate dehydrogenase and TCA cycle""","ITM","OTM1","OTM1 vs ITM",2.1984957e-06,1.27695893333333e-06,1.55663e-06,0,19,10,-9.21536766666666e-07,-0.783757227600552,0.0348843461359717,0.156429698453871,"""PWY-5464","superpathway of cytosolic glycolysis (plants), pyruvate dehydrogenase and TCA cycle""","Not significant",1.45736941292278,0.805680791875803
"""P4-PWY: superpathway of L-lysine, L-threonine and L-methionine biosynthesis I""","ITM","OTM1","OTM1 vs ITM",2.82123866666667e-06,1.72765733333333e-06,2.575635e-06,1.467875e-06,25,16,-1.09358133333333e-06,-0.707479251358243,0.0335084924137888,0.156429698453871,"""P4-PWY","superpathway of L-lysine, L-threonine and L-methionine biosynthesis I""","Not significant",1.47484511114118,0.805680791875803
"ORNDEG-PWY: superpathway of ornithine degradation","ITM","OTM1","OTM1 vs ITM",2.16462986666667e-06,1.6091579e-06,1.89403e-06,1.246375e-06,27,26,-5.55471966666667e-07,-0.42779145328154,0.0325156490279743,0.156429698453871,"ORNDEG-PWY","superpathway of ornithine degradation","Not significant",1.48790757284308,0.805680791875803
"""PWY-7115: C4 photosynthetic carbon assimilation cycle, NAD-ME type""","ITM","OTM1","OTM1 vs ITM",4.86717666666667e-05,3.68239166666667e-05,4.98608e-05,2.612885e-05,30,30,-1.184785e-05,-0.40244110537066,0.0338742801295203,0.156429698453871,"""PWY-7115","C4 photosynthetic carbon assimilation cycle, NAD-ME type""","Not significant",1.47012992531603,0.805680791875803
"PWY-6731: starch degradation III","ITM","OTM1","OTM1 vs ITM",1.02979773333333e-05,7.69287833333333e-06,9.5167e-06,6.93466e-06,30,29,-2.605099e-06,-0.42076085896979,0.0364388559134511,0.158248745681273,"PWY-6731","starch degradation III","Not significant",1.43843526721702,0.800659723622521
"HEMESYN2-PWY: heme b biosynthesis II (oxygen-independent)","ITM","OTM1","OTM1 vs ITM",2.25962213333333e-06,1.72000773333333e-06,2.34236e-06,1.61847e-06,29,28,-5.396144e-07,-0.393646456340727,0.0364284567390514,0.158248745681273,"HEMESYN2-PWY","heme b biosynthesis II (oxygen-independent)","Not significant",1.43855922688904,0.800659723622521
"GLYCOLYSIS-E-D: superpathway of glycolysis and the Entner-Doudoroff pathway","ITM","OTM1","OTM1 vs ITM",1.70346773333333e-05,1.2298014e-05,1.453135e-05,7.12656e-06,28,26,-4.73666333333334e-06,-0.470046004295872,0.037688866531453,0.159524075553151,"GLYCOLYSIS-E-D","superpathway of glycolysis and the Entner-Doudoroff pathway","Not significant",1.42378692348267,0.797173763447955
"PWY-7688: dTDP-&alpha;-D-ravidosamine and dTDP-4-acetyl-&alpha;-D-ravidosamine biosynthesis","ITM","OTM1","OTM1 vs ITM",6.47762e-06,5.08657806666667e-06,5.935485e-06,4.186545e-06,30,29,-1.39104193333333e-06,-0.348762319228689,0.0377820178941672,0.159524075553151,"PWY-7688","dTDP-&alpha;-D-ravidosamine and dTDP-4-acetyl-&alpha;-D-ravidosamine biosynthesis","Not significant",1.42271485062544,0.797173763447955
"PWY-561: superpathway of glyoxylate cycle and fatty acid degradation","ITM","OTM1","OTM1 vs ITM",2.26916253333333e-06,1.11890346666667e-06,1.26626e-06,0,20,12,-1.15025906666667e-06,-1.02000901976702,0.0418045314531695,0.163952739518539,"PWY-561","superpathway of glyoxylate cycle and fatty acid degradation","Not significant",1.37877663979335,0.785281322222158
"PWY-5677: succinate fermentation to butanoate","ITM","OTM1","OTM1 vs ITM",2.35248423333333e-06,1.37130883333333e-06,1.8187e-06,0,22,12,-9.811754e-07,-0.778587659156155,0.0394778770056052,0.163952739518539,"PWY-5677","succinate fermentation to butanoate","Not significant",1.40364621034742,0.785281322222158
"PWY-5265: peptidoglycan biosynthesis II (staphylococci)","ITM","OTM1","OTM1 vs ITM",1.32431703333333e-05,8.90213333333333e-06,1.201935e-05,9.62049e-06,28,27,-4.341037e-06,-0.573020209253826,0.0420097480170098,0.163952739518539,"PWY-5265","peptidoglycan biosynthesis II (staphylococci)","Not significant",1.37664992344059,0.785281322222158
"PWY0-1061: superpathway of L-alanine biosynthesis","ITM","OTM1","OTM1 vs ITM",9.17619266666667e-05,6.57410266666667e-05,7.757445e-05,4.15884e-05,30,30,-2.60209e-05,-0.481101073800891,0.0420668213238357,0.163952739518539,"PWY0-1061","superpathway of L-alanine biosynthesis","Not significant",1.37606030314043,0.785281322222158
"PWY-8004: Entner-Doudoroff pathway I","ITM","OTM1","OTM1 vs ITM",1.27180636666667e-05,9.50294033333333e-06,1.10776e-05,5.28694e-06,28,26,-3.21512333333333e-06,-0.42042932199884,0.0419669548492107,0.163952739518539,"PWY-8004","Entner-Doudoroff pathway I","Not significant",1.37709254234828,0.785281322222158
"PWY0-1477: ethanolamine utilization","ITM","OTM1","OTM1 vs ITM",8.61220033333333e-05,7.730766e-05,8.10067e-05,7.615345e-05,30,30,-8.81434333333334e-06,-0.155770318134869,0.0420668213238357,0.163952739518539,"PWY0-1477","ethanolamine utilization","Not significant",1.37606030314043,0.785281322222158
"PWY-7356: thiamine diphosphate salvage IV (yeast)","ITM","OTM1","OTM1 vs ITM",3.301125e-05,2.6413667e-05,3.1042e-05,2.742635e-05,30,30,-6.597583e-06,-0.321672072652348,0.0451462083807951,0.173727181617237,"PWY-7356","thiamine diphosphate salvage IV (yeast)","Not significant",1.34537871818424,0.760132225865933
"GLUTORN-PWY: L-ornithine biosynthesis I","ITM","OTM1","OTM1 vs ITM",0.000248643866666667,0.000222900133333333,0.00024445,0.000231826,30,30,-2.57437333333333e-05,-0.157683297822367,0.0467558423927718,0.177672201092533,"GLUTORN-PWY","L-ornithine biosynthesis I","Not significant",1.33016411398056,0.750380517363755
"HISDEG-PWY: L-histidine degradation I","ITM","OTM1","OTM1 vs ITM",8.92162066666667e-05,9.96098733333333e-05,8.941915e-05,9.83305e-05,30,30,1.03936666666667e-05,0.15898277233795,0.0484134994648137,0.179484193137846,"HISDEG-PWY","L-histidine degradation I","Not significant",1.31503352418974,0.745973792964703
"PWY-5941: glycogen degradation II","ITM","OTM1","OTM1 vs ITM",0.000316575,0.000295843333333333,0.000307879,0.000289256,30,30,-2.07316666666667e-05,-0.0977139129658935,0.0484134994648137,0.179484193137846,"PWY-5941","glycogen degradation II","Not significant",1.31503352418974,0.745973792964703
"""PWY-7383: anaerobic energy metabolism (invertebrates, cytosol)""","ITM","OTM1","OTM1 vs ITM",8.79036166666667e-05,9.62163566666667e-05,8.87333e-05,9.52482e-05,30,30,8.31274e-06,0.130359505314497,0.0518771310539591,0.190007805306067,"""PWY-7383","anaerobic energy metabolism (invertebrates, cytosol)""","Not significant",1.28502404958654,0.721228558353861
"""P461-PWY: hexitol fermentation to lactate, formate, ethanol and acetate""","ITM","OTM1","OTM1 vs ITM",4.13078033333333e-05,3.22564466666667e-05,4.53382e-05,2.53042e-05,30,30,-9.05135666666667e-06,-0.356825840950608,0.0574595460285453,0.200778183823882,"""P461-PWY","hexitol fermentation to lactate, formate, ethanol and acetate""","Not significant",1.24063780956712,0.697283478576988
"PWY-5667: CDP-diacylglycerol biosynthesis I","ITM","OTM1","OTM1 vs ITM",4.24758833333333e-05,3.51160766666667e-05,3.968865e-05,3.39267e-05,30,30,-7.35980666666667e-06,-0.274511569120146,0.0574595460285453,0.200778183823882,"PWY-5667","CDP-diacylglycerol biosynthesis I","Not significant",1.24063780956712,0.697283478576988
"PWY0-1319: CDP-diacylglycerol biosynthesis II","ITM","OTM1","OTM1 vs ITM",4.24758833333333e-05,3.51160766666667e-05,3.968865e-05,3.39267e-05,30,30,-7.35980666666667e-06,-0.274511569120146,0.0574595460285453,0.200778183823882,"PWY0-1319","CDP-diacylglycerol biosynthesis II","Not significant",1.24063780956712,0.697283478576988
"PWY-6507: 4-deoxy-L-threo-hex-4-enopyranuronate degradation","ITM","OTM1","OTM1 vs ITM",3.14589333333333e-05,3.51262866666667e-05,3.042025e-05,3.516125e-05,30,30,3.66735333333333e-06,0.159080838402918,0.0555456931343456,0.200778183823882,"PWY-6507","4-deoxy-L-threo-hex-4-enopyranuronate degradation","Not significant",1.2553496094594,0.697283478576988
"PWY-6749: CMP-legionaminate biosynthesis I","ITM","OTM1","OTM1 vs ITM",4.97899566666667e-06,3.80318966666667e-06,4.72181e-06,3.40179e-06,30,24,-1.175806e-06,-0.388635913237109,0.0593041872588946,0.202989732711927,"PWY-6749","CMP-legionaminate biosynthesis I","Not significant",1.22691464155595,0.692525928290342
"ARO-PWY: chorismate biosynthesis I","ITM","OTM1","OTM1 vs ITM",0.0001813357,0.000160790183333333,0.000171373,0.0001525595,30,30,-2.05455166666667e-05,-0.173483549412664,0.0594279151689524,0.202989732711927,"ARO-PWY","chorismate biosynthesis I","Not significant",1.22600950525418,0.692525928290342
"PWY-6470: peptidoglycan biosynthesis V (&beta;-lactam resistance)","ITM","OTM1","OTM1 vs ITM",1.5522681e-05,1.16779423333333e-05,1.36812e-05,1.088415e-05,30,30,-3.84473866666667e-06,-0.410588602138568,0.061451911011257,0.207570899415801,"PWY-6470","peptidoglycan biosynthesis V (&beta;-lactam resistance)","Not significant",1.21146460702099,0.682833532851564
"PWY-7400: L-arginine biosynthesis IV (archaebacteria)","ITM","OTM1","OTM1 vs ITM",5.179245e-05,3.44071266666667e-05,4.07113e-05,3.404235e-05,30,30,-1.73853233333333e-05,-0.590032980242748,0.0635326507348074,0.209933976341103,"PWY-7400","L-arginine biosynthesis IV (archaebacteria)","Not significant",1.19700302447768,0.677917268214477
"PWY-6305: superpathway of putrescine biosynthesis","ITM","OTM1","OTM1 vs ITM",1.14110096666667e-05,9.3993506e-06,1.126695e-05,7.5274e-06,30,30,-2.01165906666667e-06,-0.279790753963643,0.0635326507348074,0.209933976341103,"PWY-6305","superpathway of putrescine biosynthesis","Not significant",1.19700302447768,0.677917268214477
"PWY-5913: partial TCA cycle (obligate autotrophs)","ITM","OTM1","OTM1 vs ITM",4.85261073333333e-05,3.53250803333333e-05,4.603085e-05,1.980575e-05,30,30,-1.3201027e-05,-0.458067182210319,0.0678688608194432,0.21949078392671,"PWY-5913","partial TCA cycle (obligate autotrophs)","Not significant",1.16832944039129,0.658583710382236
"PWY-6936: seleno-amino acid biosynthesis (plants)","ITM","OTM1","OTM1 vs ITM",6.04414466666667e-05,4.46145763333333e-05,5.073825e-05,3.740325e-05,30,30,-1.58268703333333e-05,-0.43802220515881,0.0678688608194432,0.21949078392671,"PWY-6936","seleno-amino acid biosynthesis (plants)","Not significant",1.16832944039129,0.658583710382236
"PWY-7392: taxadiene biosynthesis (engineered)","ITM","OTM1","OTM1 vs ITM",1.8976671e-05,1.46017933333333e-05,1.888365e-05,1.296925e-05,30,29,-4.37487766666667e-06,-0.378079084699188,0.0701265940712882,0.224405101028122,"PWY-7392","taxadiene biosynthesis (engineered)","Not significant",1.15411725352907,0.648967275209163
"PWY4FS-7: phosphatidylglycerol biosynthesis I (plastidic)","ITM","OTM1","OTM1 vs ITM",4.77163166666667e-06,3.10514543333333e-06,4.3091e-06,2.38311e-06,27,26,-1.66648623333333e-06,-0.61980561574743,0.0722234772700197,0.224729195054775,"PWY4FS-7","phosphatidylglycerol biosynthesis I (plastidic)","Not significant",1.14132160587282,0.648340503782217
"PWY4FS-8: phosphatidylglycerol biosynthesis II (non-plastidic)","ITM","OTM1","OTM1 vs ITM",4.77163166666667e-06,3.10514543333333e-06,4.3091e-06,2.38311e-06,27,26,-1.66648623333333e-06,-0.61980561574743,0.0722234772700197,0.224729195054775,"PWY4FS-8","phosphatidylglycerol biosynthesis II (non-plastidic)","Not significant",1.14132160587282,0.648340503782217
"PWY-5384: sucrose degradation IV (sucrose phosphorylase)","ITM","OTM1","OTM1 vs ITM",5.36513966666667e-05,3.92108766666667e-05,4.208635e-05,2.48168e-05,30,30,-1.444052e-05,-0.452360840147838,0.0724455957742367,0.224729195054775,"PWY-5384","sucrose degradation IV (sucrose phosphorylase)","Not significant",1.13998801169848,0.648340503782217
"HISTSYN-PWY: L-histidine biosynthesis","ITM","OTM1","OTM1 vs ITM",0.000251520066666667,0.000225371166666667,0.0002484745,0.0002232175,30,30,-2.61489e-05,-0.158370485454153,0.0748270080049043,0.229771822560514,"HISTSYN-PWY","L-histidine biosynthesis","Not significant",1.12594161991045,0.638703230899241
"HEXITOLDEGSUPER-PWY: superpathway of hexitol degradation (bacteria)","ITM","OTM1","OTM1 vs ITM",3.35899e-06,2.5081752e-06,2.811885e-06,2.421075e-06,27,22,-8.508148e-07,-0.421374805427811,0.0763674057699801,0.23030079100509,"HEXITOLDEGSUPER-PWY","superpathway of hexitol degradation (bacteria)","Not significant",1.11709196229669,0.637704570378991
"PWY-6165: chorismate biosynthesis II (archaea)","ITM","OTM1","OTM1 vs ITM",9.36105033333333e-05,8.00112966666667e-05,9.5842e-05,7.80656e-05,30,30,-1.35992066666667e-05,-0.226466444767823,0.0772719759293395,0.23030079100509,"PWY-6165","chorismate biosynthesis II (archaea)","Not significant",1.11197798222583,0.637704570378991
"PWY-7357: thiamine phosphate formation from pyrithiamine and oxythiamine (yeast)","ITM","OTM1","OTM1 vs ITM",7.34339066666667e-05,6.306195e-05,7.13466e-05,6.06106e-05,30,30,-1.03719566666667e-05,-0.219676248238281,0.0772719759293395,0.23030079100509,"PWY-7357","thiamine phosphate formation from pyrithiamine and oxythiamine (yeast)","Not significant",1.11197798222583,0.637704570378991
"PWY-6531: mannitol cycle","ITM","OTM1","OTM1 vs ITM",2.62581203333333e-06,2.0207412e-06,2.65146e-06,1.985845e-06,30,28,-6.05070833333333e-07,-0.377862629963646,0.0797774615881014,0.235459692454202,"PWY-6531","mannitol cycle","Not significant",1.09811978647465,0.628083427571068
"PWY-7238: sucrose biosynthesis II","ITM","OTM1","OTM1 vs ITM",0.000514347866666667,0.000472623366666667,0.000492584,0.0004601875,30,30,-4.17245e-05,-0.122053438026147,0.0823571708823862,0.240736345656206,"PWY-7238","sucrose biosynthesis II","Not significant",1.08429858059786,0.618458336287884
"PWY-4041: &gamma;-glutamyl cycle","ITM","OTM1","OTM1 vs ITM",2.752352e-05,2.40661e-05,2.712655e-05,2.283115e-05,30,30,-3.45742e-06,-0.193661869247891,0.0849996974869641,0.243772717321105,"PWY-4041","&gamma;-glutamyl cycle","Not significant",1.07058261993248,0.6130149015885
"GLUCUROCAT-PWY: superpathway of &beta;-D-glucuronosides degradation","ITM","OTM1","OTM1 vs ITM",3.42603866666667e-05,3.74012933333333e-05,3.479895e-05,3.6098e-05,30,30,3.14090666666667e-06,0.126546371672883,0.0849996974869641,0.243772717321105,"GLUCUROCAT-PWY","superpathway of &beta;-D-glucuronosides degradation","Not significant",1.07058261993248,0.6130149015885
"PWY-5656: mannosylglycerate biosynthesis I","ITM","OTM1","OTM1 vs ITM",2.36367053333333e-06,1.14603293333333e-06,1.508615e-06,5.627175e-07,22,20,-1.2176376e-06,-1.04431560681166,0.0917763181567073,0.246744366471607,"PWY-5656","mannosylglycerate biosynthesis I","Not significant",1.03726936913318,0.607752754112122
"PHOSLIPSYN-PWY: superpathway of phospholipid biosynthesis I (bacteria)","ITM","OTM1","OTM1 vs ITM",6.700694e-06,4.40198473333333e-06,5.328325e-06,3.80049e-06,27,25,-2.29870926666667e-06,-0.606145140420884,0.0887185327877441,0.246744366471607,"PHOSLIPSYN-PWY","superpathway of phospholipid biosynthesis I (bacteria)","Not significant",1.05198564908901,0.607752754112122
"PWY-6876: isopropanol biosynthesis (engineered)","ITM","OTM1","OTM1 vs ITM",1.52864026666667e-06,2.08982776666667e-06,1.5486e-06,2.01693e-06,28,28,5.611875e-07,0.451109766589302,0.0876663283659677,0.246744366471607,"PWY-6876","isopropanol biosynthesis (engineered)","Not significant",1.05716718215093,0.607752754112122
"PWY-7323: superpathway of GDP-mannose-derived O-antigen building blocks biosynthesis","ITM","OTM1","OTM1 vs ITM",1.44547183333333e-05,1.1865032e-05,1.391485e-05,1.107925e-05,30,30,-2.58968633333333e-06,-0.284822326633456,0.0933407965270883,0.246744366471607,"PWY-7323","superpathway of GDP-mannose-derived O-antigen building blocks biosynthesis","Not significant",1.02992849736726,0.607752754112122
"PWY-7345: superpathway of anaerobic sucrose degradation","ITM","OTM1","OTM1 vs ITM",6.97475e-05,6.162426e-05,6.63532e-05,5.78056e-05,30,30,-8.12324000000001e-06,-0.178642816513971,0.0933407965270883,0.246744366471607,"PWY-7345","superpathway of anaerobic sucrose degradation","Not significant",1.02992849736726,0.607752754112122
"COMPLETE-ARO-PWY: superpathway of aromatic amino acid biosynthesis","ITM","OTM1","OTM1 vs ITM",0.000163216066666667,0.000148158063333333,0.000165107,0.000151691,30,30,-1.50580033333333e-05,-0.139645845043203,0.0877103774809814,0.246744366471607,"COMPLETE-ARO-PWY","superpathway of aromatic amino acid biosynthesis","Not significant",1.05694901990535,0.607752754112122
"PWY-6151: S-adenosyl-L-methionine salvage I","ITM","OTM1","OTM1 vs ITM",0.0002623862,0.000238784066666667,0.00025145,0.0002394845,30,30,-2.36021333333333e-05,-0.135985217000518,0.0933407965270883,0.246744366471607,"PWY-6151","S-adenosyl-L-methionine salvage I","Not significant",1.02992849736726,0.607752754112122
"PWY-6385: peptidoglycan biosynthesis III (mycobacteria)","ITM","OTM1","OTM1 vs ITM",0.000222982966666667,0.000204637166666667,0.0002162795,0.000206653,30,30,-1.83458e-05,-0.123865256618725,0.0933407965270883,0.246744366471607,"PWY-6385","peptidoglycan biosynthesis III (mycobacteria)","Not significant",1.02992849736726,0.607752754112122
"THRESYN-PWY: superpathway of L-threonine biosynthesis","ITM","OTM1","OTM1 vs ITM",0.000189672833333333,0.000179830233333333,0.0001845135,0.000174775,30,30,-9.84259999999999e-06,-0.0768774266863206,0.090490360906144,0.246744366471607,"THRESYN-PWY","superpathway of L-threonine biosynthesis","Not significant",1.04339767967019,0.607752754112122
"PWY-7229: superpathway of adenosine nucleotides de novo biosynthesis I","ITM","OTM1","OTM1 vs ITM",0.000231993066666667,0.000213106033333333,0.0002313785,0.000219529,30,30,-1.88870333333333e-05,-0.12251019613296,0.0962628310361518,0.252275005474053,"PWY-7229","superpathway of adenosine nucleotides de novo biosynthesis I","Not significant",1.01654137011244,0.598125775730606
"PWY0-1479: tRNA processing","ITM","OTM1","OTM1 vs ITM",1.13842256666667e-05,8.225136e-06,7.005295e-06,5.150495e-06,27,26,-3.15908966666667e-06,-0.468919859515381,0.10205921803713,0.254976930664821,"PWY0-1479","tRNA processing","Not significant",0.991147763492133,0.593499111088361
"PWY-6160: 3-dehydroquinate biosynthesis II (archaea)","ITM","OTM1","OTM1 vs ITM",5.76417966666667e-05,5.01785443333333e-05,6.05248e-05,4.670495e-05,30,30,-7.46325233333334e-06,-0.200044312911781,0.10232626822733,0.254976930664821,"PWY-6160","3-dehydroquinate biosynthesis II (archaea)","Not significant",0.990012864022367,0.593499111088361
"PWY-5690: TCA cycle II (plants and fungi)","ITM","OTM1","OTM1 vs ITM",3.455953e-05,3.0199355e-05,3.528265e-05,3.16655e-05,30,30,-4.360175e-06,-0.194565257974086,0.10232626822733,0.254976930664821,"PWY-5690","TCA cycle II (plants and fungi)","Not significant",0.990012864022367,0.593499111088361
"PWY-6163: chorismate biosynthesis from 3-dehydroquinate","ITM","OTM1","OTM1 vs ITM",0.000176012933333333,0.000154130303333333,0.000168285,0.000153062,30,30,-2.188263e-05,-0.191530788923665,0.0992576082398258,0.254976930664821,"PWY-6163","chorismate biosynthesis from 3-dehydroquinate","Not significant",1.00323619398617,0.593499111088361
"PWY-7220: adenosine deoxyribonucleotides de novo biosynthesis II","ITM","OTM1","OTM1 vs ITM",9.19852733333333e-05,8.35916533333333e-05,9.38949e-05,8.83895e-05,30,30,-8.39362e-06,-0.138043853742716,0.10232626822733,0.254976930664821,"PWY-7220","adenosine deoxyribonucleotides de novo biosynthesis II","Not significant",0.990012864022367,0.593499111088361
"PWY-7222: guanosine deoxyribonucleotides de novo biosynthesis II","ITM","OTM1","OTM1 vs ITM",9.19852733333333e-05,8.35916533333333e-05,9.38949e-05,8.83895e-05,30,30,-8.39362e-06,-0.138043853742716,0.10232626822733,0.254976930664821,"PWY-7222","guanosine deoxyribonucleotides de novo biosynthesis II","Not significant",0.990012864022367,0.593499111088361
"PWY-6630: superpathway of L-tyrosine biosynthesis","ITM","OTM1","OTM1 vs ITM",3.18080733333333e-05,2.69073566666667e-05,2.85444e-05,2.656925e-05,30,30,-4.90071666666667e-06,-0.241391492045812,0.105469946521778,0.258571481795326,"PWY-6630","superpathway of L-tyrosine biosynthesis","Not significant",0.976871274197172,0.587419375750653
"PANTOSYN-PWY: superpathway of coenzyme A biosynthesis I (bacteria)","ITM","OTM1","OTM1 vs ITM",0.0001283598,0.000122045146666667,0.000127703,0.00012205,30,30,-6.31465333333335e-06,-0.0727784636567195,0.105469946521778,0.258571481795326,"PANTOSYN-PWY","superpathway of coenzyme A biosynthesis I (bacteria)","Not significant",0.976871274197172,0.587419375750653
"PWY66-409: superpathway of purine nucleotide salvage","ITM","OTM1","OTM1 vs ITM",6.28742333333333e-05,5.0320032e-05,6.19917e-05,5.311165e-05,30,29,-1.25542013333333e-05,-0.321335491165372,0.108689773214447,0.262235643311048,"PWY66-409","superpathway of purine nucleotide salvage","Not significant",0.963811317417636,0.581308278926446
"PWY-7286: 7-(3-amino-3-carboxypropyl)-wyosine biosynthesis","ITM","OTM1","OTM1 vs ITM",5.56358766666667e-05,4.78203136666667e-05,5.86849e-05,4.632165e-05,30,30,-7.815563e-06,-0.218391484680229,0.108689773214447,0.262235643311048,"PWY-7286","7-(3-amino-3-carboxypropyl)-wyosine biosynthesis","Not significant",0.963811317417636,0.581308278926446
"PWY-8187: L-arginine degradation XIII (reductive Stickland reaction)","ITM","OTM1","OTM1 vs ITM",5.09018566666667e-05,4.84038133333333e-05,5.004365e-05,4.443765e-05,30,30,-2.49804333333334e-06,-0.0725974239940644,0.11198687208269,0.268063063882974,"PWY-8187","L-arginine degradation XIII (reductive Stickland reaction)","Not significant",0.950832885510287,0.57176302285749
"PWY-3841: folate transformations II (plants)","ITM","OTM1","OTM1 vs ITM",0.0004669092,0.000482672466666667,0.000464503,0.000484674,30,30,1.57632666666666e-05,0.0479025068561698,0.115362359692063,0.273985604268649,"PWY-3841","folate transformations II (plants)","Not significant",0.93793586920959,0.562272255248705
"PWY-7953: UDP-N-acetylmuramoyl-pentapeptide biosynthesis III (meso-diaminopimelate containing)","ITM","OTM1","OTM1 vs ITM",0.000210699566666667,0.000193562966666667,0.0002066885,0.0001934625,30,30,-1.71366e-05,-0.122384330292965,0.118817344483297,0.280003664518778,"PWY-7953","UDP-N-acetylmuramoyl-pentapeptide biosynthesis III (meso-diaminopimelate containing)","Not significant",0.925120158146322,0.552836284836817
"CRNFORCAT-PWY: creatinine degradation I","ITM","OTM1","OTM1 vs ITM",3.309277e-06,3.62307956666667e-06,3.375335e-06,3.73915e-06,30,30,3.13802566666667e-07,0.130696657292404,0.122352925844741,0.286117611206165,"CRNFORCAT-PWY","creatinine degradation I","Not significant",0.912385640835829,0.543455409533912
"PWY-1861: formaldehyde assimilation II (assimilatory RuMP Cycle)","ITM","OTM1","OTM1 vs ITM",0.000101375383333333,9.00225766666667e-05,0.000106215,9.315955e-05,30,30,-1.13528066666667e-05,-0.171348426388724,0.125970193170972,0.292327776518898,"PWY-1861","formaldehyde assimilation II (assimilatory RuMP Cycle)","Not significant",0.899732204666189,0.5341299167132
"PWY-5723: Rubisco shunt","ITM","OTM1","OTM1 vs ITM",1.92689296666667e-06,1.46464393333333e-06,1.581375e-06,8.01605e-07,23,16,-4.62249033333333e-07,-0.395702831335813,0.136629783029246,0.306956924952102,"PWY-5723","Rubisco shunt","Not significant",0.864454621332461,0.51292256448417
"PWY-5188: tetrapyrrole biosynthesis I (from glutamate)","ITM","OTM1","OTM1 vs ITM",5.49948133333333e-05,4.66816773333333e-05,5.420765e-05,4.742545e-05,30,30,-8.313136e-06,-0.236438694658352,0.137322834846993,0.306956924952102,"PWY-5188","tetrapyrrole biosynthesis I (from glutamate)","Not significant",0.862257239722706,0.51292256448417
"PWY-5198: factor 420 biosynthesis II (mycobacteria)","ITM","OTM1","OTM1 vs ITM",4.79412966666667e-05,4.1834621e-05,5.102195e-05,4.02095e-05,30,30,-6.10667566666666e-06,-0.196571125691877,0.133454087587793,0.306956924952102,"PWY-5198","factor 420 biosynthesis II (mycobacteria)","Not significant",0.874668119593702,0.51292256448417
"PEPTIDOGLYCANSYN-PWY: peptidoglycan biosynthesis I (meso-diaminopimelate containing)","ITM","OTM1","OTM1 vs ITM",0.000251876966666667,0.000231734966666667,0.000239221,0.000233553,30,30,-2.0142e-05,-0.120243398539329,0.137322834846993,0.306956924952102,"PEPTIDOGLYCANSYN-PWY","peptidoglycan biosynthesis I (meso-diaminopimelate containing)","Not significant",0.862257239722706,0.51292256448417
"ASPASN-PWY: superpathway of L-aspartate and L-asparagine biosynthesis","ITM","OTM1","OTM1 vs ITM",8.78091866666667e-05,8.11486966666667e-05,8.55572e-05,7.356685e-05,30,30,-6.66049e-06,-0.113803824941205,0.137322834846993,0.306956924952102,"ASPASN-PWY","superpathway of L-aspartate and L-asparagine biosynthesis","Not significant",0.862257239722706,0.51292256448417
"PWY-5209: methyl-coenzyme M oxidation to CO2","ITM","OTM1","OTM1 vs ITM",6.077444e-05,5.29978183333333e-05,6.172855e-05,4.98708e-05,30,30,-7.77662166666667e-06,-0.197531374375696,0.141277506440492,0.31122001418775,"PWY-5209","methyl-coenzyme M oxidation to CO2","Not significant",0.849926979031879,0.506932481824361
"PWY-5030: L-histidine degradation III","ITM","OTM1","OTM1 vs ITM",4.66224533333333e-05,5.06598e-05,4.66244e-05,5.17886e-05,30,30,4.03734666666667e-06,0.119816211901692,0.141277506440492,0.31122001418775,"PWY-5030","L-histidine degradation III","Not significant",0.849926979031879,0.506932481824361
"GALACTARDEG-PWY: D-galactarate degradation I","ITM","OTM1","OTM1 vs ITM",1.6991959e-06,1.0482198e-06,9.589415e-07,4.304715e-07,22,16,-6.509761e-07,-0.696858200282393,0.147620289080147,0.315502824264311,"GALACTARDEG-PWY","D-galactarate degradation I","Not significant",0.83085394854281,0.500996748759258
"GLUCARGALACTSUPER-PWY: superpathway of D-glucarate and D-galactarate degradation","ITM","OTM1","OTM1 vs ITM",1.6991959e-06,1.0482198e-06,9.589415e-07,4.304715e-07,22,16,-6.509761e-07,-0.696858200282393,0.147620289080147,0.315502824264311,"GLUCARGALACTSUPER-PWY","superpathway of D-glucarate and D-galactarate degradation","Not significant",0.83085394854281,0.500996748759258
"POLYAMSYN-PWY: superpathway of polyamine biosynthesis I","ITM","OTM1","OTM1 vs ITM",6.70770666666667e-06,5.83728033333333e-06,7.21686e-06,5.833025e-06,30,30,-8.70426333333334e-07,-0.200520038159379,0.149448706230463,0.315502824264311,"POLYAMSYN-PWY","superpathway of polyamine biosynthesis I","Not significant",0.825507840272762,0.500996748759258
"PWY-6628: superpathway of L-phenylalanine biosynthesis","ITM","OTM1","OTM1 vs ITM",4.485735e-05,4.04854666666667e-05,4.427195e-05,3.482615e-05,30,30,-4.37188333333333e-06,-0.147939939518607,0.149448706230463,0.315502824264311,"PWY-6628","superpathway of L-phenylalanine biosynthesis","Not significant",0.825507840272762,0.500996748759258
"PWY-6386: UDP-N-acetylmuramoyl-pentapeptide biosynthesis II (lysine-containing)","ITM","OTM1","OTM1 vs ITM",0.000226500466666667,0.000205138733333333,0.000208515,0.0002060765,30,30,-2.13617333333333e-05,-0.142914035933058,0.145319127240865,0.315502824264311,"PWY-6386","UDP-N-acetylmuramoyl-pentapeptide biosynthesis II (lysine-containing)","Not significant",0.837677219091833,0.500996748759258
"PWY-7228: superpathway of guanosine nucleotides de novo biosynthesis I","ITM","OTM1","OTM1 vs ITM",0.00014709025,0.00013594267,0.000148612,0.000140502,30,30,-1.114758e-05,-0.1137031754391,0.149448706230463,0.315502824264311,"PWY-7228","superpathway of guanosine nucleotides de novo biosynthesis I","Not significant",0.825507840272762,0.500996748759258
"GLUCARDEG-PWY: D-glucarate degradation I","ITM","OTM1","OTM1 vs ITM",1.58129466666667e-06,1.0057418e-06,9.489465e-07,4.298275e-07,22,16,-5.75552866666667e-07,-0.6527940500229,0.151907501060596,0.31778802440454,"GLUCARDEG-PWY","D-glucarate degradation I","Not significant",0.818420780523037,0.497862472871311
"PWY-6126: superpathway of adenosine nucleotides de novo biosynthesis II","ITM","OTM1","OTM1 vs ITM",0.000179072266666667,0.0001651571,0.0001815515,0.0001747895,30,30,-1.39151666666667e-05,-0.116702861738979,0.15366723548509,0.31778802440454,"PWY-6126","superpathway of adenosine nucleotides de novo biosynthesis II","Not significant",0.813418721731889,0.497862472871311
"PWY-5097: L-lysine biosynthesis VI","ITM","OTM1","OTM1 vs ITM",0.000310875433333333,0.000286803766666667,0.0002966295,0.0002946825,30,30,-2.40716666666667e-05,-0.116272603040501,0.15366723548509,0.31778802440454,"PWY-5097","L-lysine biosynthesis VI","Not significant",0.813418721731889,0.497862472871311
"PWY-5675: nitrate reduction V (assimilatory)","ITM","OTM1","OTM1 vs ITM",1.9744859e-06,1.2926579e-06,1.174275e-06,8.343005e-07,24,22,-6.81828e-07,-0.611098009316894,0.1597109526477,0.319614526664668,"PWY-5675","nitrate reduction V (assimilatory)","Not significant",0.796665299820484,0.49537348997465
"PWY-5971: palmitate biosynthesis (type II fatty acid synthase)","ITM","OTM1","OTM1 vs ITM",3.01329466666667e-06,2.08959966666667e-06,0,0,11,5,-9.23694999999999e-07,-0.528094024308171,0.159807263332334,0.319614526664668,"PWY-5971","palmitate biosynthesis (type II fatty acid synthase)","Not significant",0.796403485638632,0.49537348997465
"METH-ACETATE-PWY: methanogenesis from acetate","ITM","OTM1","OTM1 vs ITM",4.78517333333333e-05,4.31385533333333e-05,4.28787e-05,4.14686e-05,30,30,-4.71318e-06,-0.149593058979239,0.157975689150513,0.319614526664668,"METH-ACETATE-PWY","methanogenesis from acetate","Not significant",0.801409741400833,0.49537348997465
"PWY-6897: thiamine diphosphate salvage II","ITM","OTM1","OTM1 vs ITM",6.460922e-05,5.888342e-05,6.75112e-05,5.812555e-05,30,30,-5.7258e-06,-0.133878374158193,0.157975689150513,0.319614526664668,"PWY-6897","thiamine diphosphate salvage II","Not significant",0.801409741400833,0.49537348997465
"PWY-6125: superpathway of guanosine nucleotides de novo biosynthesis II","ITM","OTM1","OTM1 vs ITM",0.000129189766666667,0.0001191769,0.000131801,0.000125494,30,30,-1.00128666666667e-05,-0.116387076467072,0.157975689150513,0.319614526664668,"PWY-6125","superpathway of guanosine nucleotides de novo biosynthesis II","Not significant",0.801409741400833,0.49537348997465
"POLYAMINSYN3-PWY: superpathway of polyamine biosynthesis II","ITM","OTM1","OTM1 vs ITM",6.52628966666667e-06,5.48786766666667e-06,6.41358e-06,5.852425e-06,30,28,-1.038422e-06,-0.250013146361137,0.162369186573185,0.322615900119269,"POLYAMINSYN3-PWY","superpathway of polyamine biosynthesis II","Not significant",0.789496385014429,0.491314232223274
"PWY-6387: UDP-N-acetylmuramoyl-pentapeptide biosynthesis I (meso-diaminopimelate containing)","ITM","OTM1","OTM1 vs ITM",0.000239852866666667,0.000220409833333333,0.00022565,0.0002208695,30,30,-1.94430333333333e-05,-0.121961039805847,0.16686617046326,0.327273005295683,"PWY-6387","UDP-N-acetylmuramoyl-pentapeptide biosynthesis I (meso-diaminopimelate containing)","Not significant",0.777631700890059,0.485089815451597
"PWY-2942: L-lysine biosynthesis III","ITM","OTM1","OTM1 vs ITM",0.000327851166666667,0.0003146422,0.000317354,0.0003138515,30,30,-1.32089666666666e-05,-0.0593288314122185,0.16686617046326,0.327273005295683,"PWY-2942","L-lysine biosynthesis III","Not significant",0.777631700890059,0.485089815451597
"PWY-8113: 3PG-factor 420 biosynthesis","ITM","OTM1","OTM1 vs ITM",4.39168166666667e-05,3.87643206666667e-05,4.66687e-05,3.624555e-05,30,30,-5.152496e-06,-0.180043664650393,0.17145004745971,0.329878572327544,"PWY-8113","3PG-factor 420 biosynthesis","Not significant",0.765862390330388,0.481645893676057
"PWY-5676: acetyl-CoA fermentation to butanoate II","ITM","OTM1","OTM1 vs ITM",1.37382986666667e-05,1.45057043333333e-05,1.41185e-05,1.464035e-05,30,30,7.67405666666667e-07,0.0784164389142391,0.17145004745971,0.329878572327544,"PWY-5676","acetyl-CoA fermentation to butanoate II","Not significant",0.765862390330388,0.481645893676057
"BRANCHED-CHAIN-AA-SYN-PWY: superpathway of branched chain amino acid biosynthesis","ITM","OTM1","OTM1 vs ITM",0.000361922933333333,0.0003460923,0.0003537625,0.00034811,30,30,-1.58306333333334e-05,-0.0645256648865756,0.17145004745971,0.329878572327544,"BRANCHED-CHAIN-AA-SYN-PWY","superpathway of branched chain amino acid biosynthesis","Not significant",0.765862390330388,0.481645893676057
"PWY-7851: coenzyme A biosynthesis II (eukaryotic)","ITM","OTM1","OTM1 vs ITM",0.0001536898,0.000143001786666667,0.0001526835,0.00014644,30,30,-1.06880133333333e-05,-0.103988177884953,0.176127545483988,0.33674700520209,"PWY-7851","coenzyme A biosynthesis II (eukaryotic)","Not significant",0.754172717194661,0.472696257906358
"PWY-6147: 6-hydroxymethyl-dihydropterin diphosphate biosynthesis I","ITM","OTM1","OTM1 vs ITM",5.61985466666667e-05,5.016358e-05,5.975035e-05,5.09695e-05,30,30,-6.03496666666667e-06,-0.16389220106011,0.180899533497923,0.343709113646053,"PWY-6147","6-hydroxymethyl-dihydropterin diphosphate biosynthesis I","Not significant",0.742562553093415,0.463808952140586
"PWY-7211: superpathway of pyrimidine deoxyribonucleotides de novo biosynthesis","ITM","OTM1","OTM1 vs ITM",2.21634696666667e-06,1.62559536666667e-06,0,0,14,8,-5.907516e-07,-0.447191902094523,0.184664439276613,0.346460885365997,"PWY-7211","superpathway of pyrimidine deoxyribonucleotides de novo biosynthesis","Not significant",0.733616728343454,0.460345789128898
"PWY-5392: reductive TCA cycle II","ITM","OTM1","OTM1 vs ITM",1.0476698e-05,1.19202683333333e-05,1.08368e-05,1.09946e-05,30,30,1.44357033333333e-06,0.186230958403843,0.185766856298216,0.346460885365997,"PWY-5392","reductive TCA cycle II","Not significant",0.731031768333694,0.460345789128898
"PWY-6168: flavin biosynthesis III (fungi)","ITM","OTM1","OTM1 vs ITM",4.07380833333333e-05,3.72069286666667e-05,4.203145e-05,3.947805e-05,30,30,-3.53115466666666e-06,-0.130806464403865,0.185766856298216,0.346460885365997,"PWY-6168","flavin biosynthesis III (fungi)","Not significant",0.731031768333694,0.460345789128898
"COA-PWY-1: superpathway of coenzyme A biosynthesis III (mammals)","ITM","OTM1","OTM1 vs ITM",0.0001623857,0.000151002733333333,0.000161632,0.000152626,30,30,-1.13829666666667e-05,-0.10484986029441,0.190730333471568,0.353548910825345,"COA-PWY-1","superpathway of coenzyme A biosynthesis III (mammals)","Not significant",0.719580231905732,0.451550496344676
"BIOTIN-BIOSYNTHESIS-PWY: biotin biosynthesis I","ITM","OTM1","OTM1 vs ITM",1.56600926666667e-06,1.18913133333333e-06,1.603315e-06,0,19,12,-3.76877933333333e-07,-0.397155491917554,0.206392254973431,0.364786311115832,"BIOTIN-BIOSYNTHESIS-PWY","biotin biosynthesis I","Not significant",0.68530660397027,0.437961467269065
"PWY-7761: NAD salvage pathway II (PNC IV cycle)","ITM","OTM1","OTM1 vs ITM",3.1344847e-05,2.58808813333333e-05,3.100245e-05,2.505785e-05,30,30,-5.46396566666667e-06,-0.27634056910902,0.200948896975928,0.364786311115832,"PWY-7761","NAD salvage pathway II (PNC IV cycle)","Not significant",0.696914373341478,0.437961467269065
"PWY-8112: factor 420 biosynthesis I (archaea)","ITM","OTM1","OTM1 vs ITM",4.49409233333333e-05,4.00628073333333e-05,4.86306e-05,3.736065e-05,30,30,-4.878116e-06,-0.165765855718287,0.200948896975928,0.364786311115832,"PWY-8112","factor 420 biosynthesis I (archaea)","Not significant",0.696914373341478,0.437961467269065
"ILEUSYN-PWY: L-isoleucine biosynthesis I (from threonine)","ITM","OTM1","OTM1 vs ITM",0.0003935302,0.000378451,0.0003866815,0.000378072,30,30,-1.50792e-05,-0.056367820451155,0.206205487053013,0.364786311115832,"ILEUSYN-PWY","L-isoleucine biosynthesis I (from threonine)","Not significant",0.685699782480533,0.437961467269065
"PWY-6121: 5-aminoimidazole ribonucleotide biosynthesis I","ITM","OTM1","OTM1 vs ITM",0.000424308366666667,0.0004348024,0.000421489,0.0004314205,30,30,1.04940333333333e-05,0.0352467690005608,0.20355856013672,0.364786311115832,"PWY-6121","5-aminoimidazole ribonucleotide biosynthesis I","Not significant",0.691310629752411,0.437961467269065
"PWY-5686: UMP biosynthesis I","ITM","OTM1","OTM1 vs ITM",0.000498346933333333,0.000504717933333333,0.0004905085,0.000510189,30,30,6.37100000000002e-06,0.0183268942639472,0.206205487053013,0.364786311115832,"PWY-5686","UMP biosynthesis I","Not significant",0.685699782480533,0.437961467269065
"PWY-7790: UMP biosynthesis II","ITM","OTM1","OTM1 vs ITM",0.000498346933333333,0.000504717933333333,0.0004905085,0.000510189,30,30,6.37100000000002e-06,0.0183268942639472,0.206205487053013,0.364786311115832,"PWY-7790","UMP biosynthesis II","Not significant",0.685699782480533,0.437961467269065
"PWY-7791: UMP biosynthesis III","ITM","OTM1","OTM1 vs ITM",0.000498346933333333,0.000504717933333333,0.0004905085,0.000510189,30,30,6.37100000000002e-06,0.0183268942639472,0.206205487053013,0.364786311115832,"PWY-7791","UMP biosynthesis III","Not significant",0.685699782480533,0.437961467269065
"P105-PWY: TCA cycle IV (2-oxoglutarate decarboxylase)","ITM","OTM1","OTM1 vs ITM",1.897646e-06,1.40405606666667e-06,1.743495e-06,9.772185e-07,20,17,-4.93589933333333e-07,-0.434583615978262,0.214860190132891,0.37755779075375,"P105-PWY","TCA cycle IV (2-oxoglutarate decarboxylase)","Not significant",0.667844044290813,0.423016563810855
"PWY-6167: flavin biosynthesis II (archaea)","ITM","OTM1","OTM1 vs ITM",4.30081733333333e-05,3.7389896e-05,4.48731e-05,3.86334e-05,30,29,-5.61827733333333e-06,-0.201961895258099,0.217016824548622,0.379155831395293,"PWY-6167","flavin biosynthesis II (archaea)","Not significant",0.663506595527581,0.421182260201427
"PWY-6969: TCA cycle V (2-oxoglutarate synthase)","ITM","OTM1","OTM1 vs ITM",6.68706966666667e-05,6.939295e-05,6.60042e-05,6.76608e-05,30,30,2.52225333333333e-06,0.0534148731841179,0.222572896466565,0.38664091729049,"PWY-6969","TCA cycle V (2-oxoglutarate synthase)","Not significant",0.6525277224437,0.412692187521241
"TCA-GLYOX-BYPASS: superpathway of glyoxylate bypass and TCA","ITM","OTM1","OTM1 vs ITM",1.70319626666667e-06,8.36475566666667e-07,0,0,13,9,-8.667207e-07,-1.02576162742063,0.22426236879433,0.387362273372025,"TCA-GLYOX-BYPASS","superpathway of glyoxylate bypass and TCA","Not significant",0.649243594879236,0.411882679084632
"""PWY-7456: &beta;-(1,4)-mannan degradation""","ITM","OTM1","OTM1 vs ITM",1.86986833333333e-06,2.33567766666667e-06,1.422495e-06,2.04896e-06,17,25,4.65809333333333e-07,0.320889117141444,0.230525898896271,0.395931487369866,"""PWY-7456","&beta;-(1,4)-mannan degradation""","Not significant",0.637280275845315,0.402379958598368
"PWY-5103: L-isoleucine biosynthesis III","ITM","OTM1","OTM1 vs ITM",0.000347392966666667,0.000332035666666667,0.000339487,0.0003333595,30,30,-1.53573e-05,-0.0652303046981741,0.233988916281058,0.399621519940684,"PWY-5103","L-isoleucine biosynthesis III","Not significant",0.630804714008576,0.398351132708716
"PWY-6122: 5-aminoimidazole ribonucleotide biosynthesis II","ITM","OTM1","OTM1 vs ITM",0.000599868666666667,0.000610854233333333,0.0005932835,0.000612122,30,30,1.09855666666666e-05,0.0261814737234512,0.23984999119108,0.405079985122712,"PWY-6122","5-aminoimidazole ribonucleotide biosynthesis II","Not significant",0.620060293148326,0.392459214642878
"PWY-6277: superpathway of 5-aminoimidazole ribonucleotide biosynthesis","ITM","OTM1","OTM1 vs ITM",0.000599868666666667,0.000610854233333333,0.0005932835,0.000612122,30,30,1.09855666666666e-05,0.0261814737234512,0.23984999119108,0.405079985122712,"PWY-6277","superpathway of 5-aminoimidazole ribonucleotide biosynthesis","Not significant",0.620060293148326,0.392459214642878
"PWY-841: superpathway of purine nucleotides de novo biosynthesis I","ITM","OTM1","OTM1 vs ITM",0.000202056233333333,0.000189656766666667,0.000205313,0.0001996635,30,30,-1.23994666666667e-05,-0.0913659662167334,0.245813802458941,0.410590087623726,"PWY-841","superpathway of purine nucleotides de novo biosynthesis I","Not significant",0.609393735105135,0.386591539481456
"GLUCONEO-PWY: gluconeogenesis I","ITM","OTM1","OTM1 vs ITM",0.000181863366666667,0.0001898884,0.000178349,0.0001829145,30,30,8.02503333333335e-06,0.0622967770895217,0.245813802458941,0.410590087623726,"GLUCONEO-PWY","gluconeogenesis I","Not significant",0.609393735105135,0.386591539481456
"THISYNARA-PWY: superpathway of thiamine diphosphate biosynthesis III (eukaryotes)","ITM","OTM1","OTM1 vs ITM",4.52793633333333e-06,3.85431843333333e-06,4.24562e-06,3.297995e-06,30,28,-6.736179e-07,-0.232372336282779,0.264319576451963,0.436712873316428,"THISYNARA-PWY","superpathway of thiamine diphosphate biosynthesis III (eukaryotes)","Not significant",0.577870670276489,0.359804005862298
"PWY-7977: L-methionine biosynthesis IV","ITM","OTM1","OTM1 vs ITM",7.505761e-05,7.987968e-05,7.26495e-05,7.684835e-05,30,30,4.82207000000001e-06,0.0898300849280663,0.264326212796785,0.436712873316428,"PWY-7977","L-methionine biosynthesis IV","Not significant",0.577859766461515,0.359804005862298
"PWY-6823: molybdopterin biosynthesis","ITM","OTM1","OTM1 vs ITM",6.97815133333333e-05,6.487796e-05,7.07892e-05,5.954025e-05,30,30,-4.90355333333334e-06,-0.105116272292329,0.277189189773048,0.453040396188207,"PWY-6823","molybdopterin biosynthesis","Not significant",0.557223710977475,0.343863071586637
"RHAMCAT-PWY: L-rhamnose degradation I","ITM","OTM1","OTM1 vs ITM",3.38448766666667e-05,3.61758066666667e-05,3.309225e-05,3.585125e-05,30,30,2.33093e-06,0.0960874528209594,0.277189189773048,0.453040396188207,"RHAMCAT-PWY","L-rhamnose degradation I","Not significant",0.557223710977475,0.343863071586637
"PWY-I9: L-cysteine biosynthesis VI (from L-methionine)","ITM","OTM1","OTM1 vs ITM",3.10887733333333e-05,2.30441e-05,2.152685e-05,2.21485e-05,30,30,-8.04467333333334e-06,-0.431994649988325,0.283778047945624,0.461329019120159,"PWY-I9","L-cysteine biosynthesis VI (from L-methionine)","Not significant",0.547021203046329,0.335989225974074
"P185-PWY: formaldehyde assimilation III (dihydroxyacetone cycle)","ITM","OTM1","OTM1 vs ITM",1.64273406666667e-06,1.365494e-06,9.91355e-07,6.4616e-07,28,24,-2.77240066666667e-07,-0.266658144484961,0.289908579208986,0.467214462677914,"P185-PWY","formaldehyde assimilation III (dihydroxyacetone cycle)","Not significant",0.537738932461522,0.33048372205149
"NONOXIPENT-PWY: pentose phosphate pathway (non-oxidative branch) I","ITM","OTM1","OTM1 vs ITM",0.000120278933333333,0.000115290726666667,0.0001167445,0.00011353,30,30,-4.98820666666668e-06,-0.0611074515336487,0.290472149493835,0.467214462677914,"NONOXIPENT-PWY","pentose phosphate pathway (non-oxidative branch) I","Not significant",0.536895501486999,0.33048372205149
"PWY-7200: superpathway of pyrimidine deoxyribonucleoside salvage","ITM","OTM1","OTM1 vs ITM",5.02906566666667e-06,3.958339e-06,4.637755e-06,3.914355e-06,25,21,-1.07072666666667e-06,-0.345387458820627,0.297636900943307,0.473725748098247,"PWY-7200","superpathway of pyrimidine deoxyribonucleoside salvage","Not significant",0.526313226074505,0.324473009713479
"NONMEVIPP-PWY: methylerythritol phosphate pathway I","ITM","OTM1","OTM1 vs ITM",0.000236230633333333,0.000222413933333333,0.000226293,0.000225093,30,30,-1.38167e-05,-0.0869488512746736,0.297271689089307,0.473725748098247,"NONMEVIPP-PWY","methylerythritol phosphate pathway I","Not significant",0.526846449213321,0.324473009713479
"PWY-6906: chitin derivatives degradation","ITM","OTM1","OTM1 vs ITM",1.54323433333333e-06,1.286745e-06,5.82055e-07,0,15,10,-2.56489333333333e-07,-0.262212335611752,0.302046753081979,0.47664820968036,"PWY-6906","chitin derivatives degradation","Not significant",0.519925828453498,0.321802033875227
"PWY-6519: 8-amino-7-oxononanoate biosynthesis I","ITM","OTM1","OTM1 vs ITM",1.41516103333333e-06,1.19168883333333e-06,1.406655e-06,0,19,13,-2.234722e-07,-0.247939535858626,0.303278391380298,0.47664820968036,"PWY-6519","8-amino-7-oxononanoate biosynthesis I","Not significant",0.518158532118,0.321802033875227
"PWY-6549: L-glutamine biosynthesis III","ITM","OTM1","OTM1 vs ITM",5.904127e-05,5.443118e-05,5.80404e-05,5.577245e-05,30,30,-4.61009e-06,-0.117290235461428,0.304176818019704,0.47664820968036,"PWY-6549","L-glutamine biosynthesis III","Not significant",0.516873887553754,0.321802033875227
"PWY-6350: archaetidylinositol biosynthesis","ITM","OTM1","OTM1 vs ITM",2.7349681e-05,2.49489062333333e-05,2.814105e-05,2.497615e-05,30,30,-2.40077476666667e-06,-0.132546929458965,0.311187643410275,0.482658385697569,"PWY-6350","archaetidylinositol biosynthesis","Not significant",0.506977656236575,0.316360143984298
"P23-PWY: reductive TCA cycle I","ITM","OTM1","OTM1 vs ITM",2.20708396666667e-05,2.36824933333333e-05,2.18728e-05,2.4708e-05,30,30,1.61165366666667e-06,0.101679016736221,0.311187643410275,0.482658385697569,"P23-PWY","reductive TCA cycle I","Not significant",0.506977656236575,0.316360143984298
"ANAGLYCOLYSIS-PWY: glycolysis III (from glucose)","ITM","OTM1","OTM1 vs ITM",0.000260682633333333,0.000232881996666667,0.0002486475,0.0002167005,30,30,-2.78006366666667e-05,-0.16269529382231,0.318304227472228,0.488709520967461,"ANAGLYCOLYSIS-PWY","glycolysis III (from glucose)","Not significant",0.49715759337501,0.310949200027788
"PWY-7221: guanosine ribonucleotides de novo biosynthesis","ITM","OTM1","OTM1 vs ITM",0.0002837445,0.000270580233333333,0.0002766065,0.000270202,30,30,-1.31642666666667e-05,-0.068535953133556,0.318304227472228,0.488709520967461,"PWY-7221","guanosine ribonucleotides de novo biosynthesis","Not significant",0.49715759337501,0.310949200027788
"PWY-6349: CDP-archaeol biosynthesis","ITM","OTM1","OTM1 vs ITM",3.20344366666667e-05,2.91383196666667e-05,3.31622e-05,2.872795e-05,30,30,-2.896117e-06,-0.136705489744795,0.325526586779152,0.497286846134986,"PWY-6349","CDP-archaeol biosynthesis","Not significant",0.487413535452332,0.303393028253285
"TCA: TCA cycle I (prokaryotic)","ITM","OTM1","OTM1 vs ITM",3.867959e-06,2.52489753333333e-06,1.710335e-06,0,16,14,-1.34306146666667e-06,-0.615327822096774,0.33106901081175,0.498462198217288,"TCA","TCA cycle I (prokaryotic)","Not significant",0.480081468789803,0.302367771611368
"COBALSYN-PWY: superpathway of adenosylcobalamin salvage from cobinamide I","ITM","OTM1","OTM1 vs ITM",4.43225096666667e-06,3.61261053333333e-06,4.106405e-06,3.4597e-06,29,30,-8.19640433333333e-07,-0.294990458607281,0.332854691572728,0.498462198217288,"COBALSYN-PWY","superpathway of adenosylcobalamin salvage from cobinamide I","Not significant",0.477745317306909,0.302367771611368
"P41-PWY: pyruvate fermentation to acetate and (S)-lactate I","ITM","OTM1","OTM1 vs ITM",0.0001505462,0.0001452359,0.000146282,0.000145753,30,30,-5.31030000000001e-06,-0.0518081491720379,0.332854691572728,0.498462198217288,"P41-PWY","pyruvate fermentation to acetate and (S)-lactate I","Not significant",0.477745317306909,0.302367771611368
"ARGSYN-PWY: L-arginine biosynthesis I (via L-ornithine)","ITM","OTM1","OTM1 vs ITM",0.000414059866666667,0.000399529466666667,0.0004024725,0.0004073235,30,30,-1.45304e-05,-0.0515374507938544,0.332854691572728,0.498462198217288,"ARGSYN-PWY","L-arginine biosynthesis I (via L-ornithine)","Not significant",0.477745317306909,0.302367771611368
"GLYCOCAT-PWY: glycogen degradation I","ITM","OTM1","OTM1 vs ITM",1.16133799e-05,6.31581863333333e-06,7.03684e-06,5.73763e-06,27,25,-5.29756126666667e-06,-0.878735840216967,0.335993807473771,0.500696654274638,"GLYCOCAT-PWY","glycogen degradation I","Not significant",0.47366872679097,0.300425310608115
"PWY-7254: TCA cycle VII (acetate-producers)","ITM","OTM1","OTM1 vs ITM",2.13415583333333e-06,1.42988446666667e-06,9.273275e-07,0,16,14,-7.04271366666667e-07,-0.577733646755464,0.338992104883306,0.502700487241585,"PWY-7254","TCA cycle VII (acetate-producers)","Not significant",0.469810416385538,0.298690693832539
"PWY-7234: inosine-5'-phosphate biosynthesis III","ITM","OTM1","OTM1 vs ITM",0.000150558726666667,0.000131384803333333,0.000145788,0.000137043,30,30,-1.91739233333333e-05,-0.196527776448651,0.347827782975812,0.510819546012786,"PWY-7234","inosine-5'-phosphate biosynthesis III","Not significant",0.458635731386833,0.291732493234997
"PWY-5154: L-arginine biosynthesis III (via N-acetyl-L-citrulline)","ITM","OTM1","OTM1 vs ITM",6.19804333333333e-05,6.831906e-05,5.995905e-05,6.691755e-05,30,30,6.33862666666666e-06,0.140475067640329,0.347827782975812,0.510819546012786,"PWY-5154","L-arginine biosynthesis III (via N-acetyl-L-citrulline)","Not significant",0.458635731386833,0.291732493234997
"VALSYN-PWY: L-valine biosynthesis","ITM","OTM1","OTM1 vs ITM",0.0004998169,0.000487620333333333,0.00048632,0.0004875565,30,30,-1.21965666666667e-05,-0.0356413896756742,0.363222312552739,0.530863379884772,"VALSYN-PWY","L-valine biosynthesis","Not significant",0.439827480853339,0.275017232207347
"PWY-7197: pyrimidine deoxyribonucleotide phosphorylation","ITM","OTM1","OTM1 vs ITM",9.132356e-05,8.578941e-05,9.058115e-05,8.951085e-05,30,30,-5.53415e-06,-0.0901874284541197,0.379036310773936,0.551325542943907,"PWY-7197","pyrimidine deoxyribonucleotide phosphorylation","Not significant",0.421319183664154,0.258591886166454
"""GOLPDLCAT-PWY: superpathway of glycerol degradation to 1,3-propanediol""","ITM","OTM1","OTM1 vs ITM",1.8003941e-06,1.5265414e-06,1.300035e-06,8.5948e-07,28,24,-2.738527e-07,-0.238031651514351,0.386545017018644,0.557527102021441,"""GOLPDLCAT-PWY","superpathway of glycerol degradation to 1,3-propanediol""","Not significant",0.412799920880685,0.253734016221913
"PWY0-1261: anhydromuropeptides recycling I","ITM","OTM1","OTM1 vs ITM",5.2932432e-06,4.54228946666667e-06,5.14096e-06,4.49174e-06,28,27,-7.50953733333333e-07,-0.220727787081444,0.386967824100408,0.557527102021441,"PWY0-1261","anhydromuropeptides recycling I","Not significant",0.412325144532974,0.253734016221913
"PANTO-PWY: phosphopantothenate biosynthesis I","ITM","OTM1","OTM1 vs ITM",0.000108296183333333,0.000103668913333333,0.000104167,0.0001016775,30,30,-4.62727e-06,-0.062998994268644,0.395267011333117,0.566797978515412,"PANTO-PWY","phosphopantothenate biosynthesis I","Not significant",0.403109430012778,0.246571707332776
"SER-GLYSYN-PWY: superpathway of L-serine and glycine biosynthesis I","ITM","OTM1","OTM1 vs ITM",0.000145010796666667,0.000138831133333333,0.000148833,0.0001438625,30,30,-6.17966333333331e-06,-0.062829141443144,0.407704862147632,0.581888629544038,"SER-GLYSYN-PWY","superpathway of L-serine and glycine biosynthesis I","Not significant",0.38965410927069,0.235160129100674
"PWY-3001: superpathway of L-isoleucine biosynthesis I","ITM","OTM1","OTM1 vs ITM",0.000220741133333333,0.000216339966666667,0.000218812,0.0002137835,30,30,-4.40116666666665e-06,-0.0290552624349156,0.420386329607813,0.597184318695211,"PWY-3001","superpathway of L-isoleucine biosynthesis I","Not significant",0.376351415080575,0.223891604821012
"PWY-7992: superpathway of menaquinol-8 biosynthesis III","ITM","OTM1","OTM1 vs ITM",2.90039866666667e-06,2.59133866666667e-06,3.256815e-06,1.83231e-06,24,20,-3.0906e-07,-0.162547707243509,0.424553327399999,0.600298658277208,"PWY-7992","superpathway of menaquinol-8 biosynthesis III","Not significant",0.372067751024358,0.22163262733121
"""PWY-7090: UDP-2,3-diacetamido-2,3-dideoxy-&alpha;-D-mannuronate biosynthesis""","ITM","OTM1","OTM1 vs ITM",1.88140486666667e-06,1.5405479e-06,1.48097e-06,1.622015e-06,27,20,-3.40856966666667e-07,-0.288349835368951,0.426615103968282,0.600421257436842,"""PWY-7090","UDP-2,3-diacetamido-2,3-dideoxy-&alpha;-D-mannuronate biosynthesis""","Not significant",0.369963772763851,0.221543940306029
"PWY-1042: glycolysis IV","ITM","OTM1","OTM1 vs ITM",0.000510226466666667,0.0005189935,0.0005123335,0.000521674,30,30,8.76703333333329e-06,0.0245787283362357,0.442011572344872,0.619223585220466,"PWY-1042","glycolysis IV","Not significant",0.354566360199031,0.208152510438807
"RIBOSYN2-PWY: flavin biosynthesis I (bacteria and plants)","ITM","OTM1","OTM1 vs ITM",4.931671e-05,4.67101833333333e-05,4.738615e-05,4.77761e-05,30,30,-2.60652666666667e-06,-0.0783392875170414,0.446419435959973,0.619687253570008,"RIBOSYN2-PWY","flavin biosynthesis I (bacteria and plants)","Not significant",0.350256905588364,0.207827436819728
"PWY-7199: pyrimidine deoxyribonucleosides salvage","ITM","OTM1","OTM1 vs ITM",0.000189509033333333,0.000195221133333333,0.0001868645,0.0001927885,30,30,5.71210000000001e-06,0.0428425965620549,0.446413119683513,0.619687253570008,"PWY-7199","pyrimidine deoxyribonucleosides salvage","Not significant",0.350263050355365,0.207827436819728
"ARGININE-SYN4-PWY: L-ornithine biosynthesis II","ITM","OTM1","OTM1 vs ITM",8.30415566666667e-06,9.32632433333333e-06,7.55701e-06,8.06229e-06,30,30,1.02216866666667e-06,0.167473209612336,0.455296906903138,0.626290767866759,"ARGININE-SYN4-PWY","L-ornithine biosynthesis II","Not significant",0.341705300096955,0.203223990173312
"GLYCOLYSIS: glycolysis I (from glucose 6-phosphate)","ITM","OTM1","OTM1 vs ITM",0.000307268833333333,0.000312124966666667,0.000314648,0.000327074,30,30,4.85613333333333e-06,0.0226223148083212,0.455296906903138,0.626290767866759,"GLYCOLYSIS","glycolysis I (from glucose 6-phosphate)","Not significant",0.341705300096955,0.203223990173312
"PWY-6700: queuosine biosynthesis I (de novo)","ITM","OTM1","OTM1 vs ITM",0.000355551633333333,0.000370215966666667,0.0003608085,0.0003639095,30,30,1.46643333333333e-05,0.058308017260004,0.47334655725845,0.648186276606165,"PWY-6700","queuosine biosynthesis I (de novo)","Not significant",0.32482077724333,0.188300168085215
"LIPASYN-PWY: phospholipases","ITM","OTM1","OTM1 vs ITM",2.28529566666667e-06,1.91085036666667e-06,2.18633e-06,1.676e-06,22,24,-3.744453e-07,-0.258153650728973,0.479726902136607,0.651933950785814,"LIPASYN-PWY","phospholipases","Not significant",0.319005926474938,0.185796401602856
"PWY-7208: superpathway of pyrimidine nucleobases salvage","ITM","OTM1","OTM1 vs ITM",0.00013214917,0.000125709393333333,0.000129251,0.0001306225,30,30,-6.43977666666667e-06,-0.0720748521126042,0.482516904364501,0.651933950785814,"PWY-7208","superpathway of pyrimidine nucleobases salvage","Not significant",0.316487467100247,0.185796401602856
"PWY-5484: glycolysis II (from fructose 6-phosphate)","ITM","OTM1","OTM1 vs ITM",0.000223653866666667,0.0002257039,0.000227285,0.0002342365,30,30,2.05003333333332e-06,0.0131636408479192,0.482516904364501,0.651933950785814,"PWY-5484","glycolysis II (from fructose 6-phosphate)","Not significant",0.316487467100247,0.185796401602856
"METHANOGENESIS-PWY: methanogenesis from H2 and CO2","ITM","OTM1","OTM1 vs ITM",9.748366e-06,8.58457033333333e-06,1.0443875e-05,8.181275e-06,29,29,-1.16379566666667e-06,-0.183412483758537,0.487131981221857,0.655257178280728,"METHANOGENESIS-PWY","methanogenesis from H2 and CO2","Not significant",0.312353357161473,0.18358821270012
"P241-PWY: coenzyme B biosynthesis","ITM","OTM1","OTM1 vs ITM",3.55045703333333e-06,3.82603616666667e-06,3.16366e-06,3.783345e-06,30,30,2.75579133333334e-07,0.107842836743776,0.491782956953405,0.658599202263591,"P241-PWY","coenzyme B biosynthesis","Not significant",0.308226526083973,0.181378799668342
"PWY-5136: fatty acid &beta;-oxidation II (plant peroxisome)","ITM","OTM1","OTM1 vs ITM",3.0920265e-06,2.49751036666667e-06,2.3701e-06,2.35249e-06,29,30,-5.94516133333333e-07,-0.308050911099644,0.501143667603293,0.668191556804391,"PWY-5136","fatty acid &beta;-oxidation II (plant peroxisome)","Not significant",0.300037752969207,0.175099016360907
"GLUDEG-I-PWY: GABA shunt","ITM","OTM1","OTM1 vs ITM",6.37964333333333e-06,6.841725e-06,6.03317e-06,6.22281e-06,30,30,4.62081666666667e-07,0.100882819999134,0.510597936605645,0.669059365207396,"GLUDEG-I-PWY","GABA shunt","Not significant",0.291920944570141,0.174535345852287
"PWY-6317: D-galactose degradation I (Leloir pathway)","ITM","OTM1","OTM1 vs ITM",0.000123887716666667,0.0001272863,0.000121192,0.0001261075,30,30,3.39858333333332e-06,0.039043964331619,0.510597936605645,0.669059365207396,"PWY-6317","D-galactose degradation I (Leloir pathway)","Not significant",0.291920944570141,0.174535345852287
"PWY-5100: pyruvate fermentation to acetate and lactate II","ITM","OTM1","OTM1 vs ITM",0.000152027866666667,0.0001487495,0.000148465,0.000146489,30,30,-3.27836666666668e-06,-0.0314509535852579,0.510597936605645,0.669059365207396,"PWY-5100","pyruvate fermentation to acetate and lactate II","Not significant",0.291920944570141,0.174535345852287
"""PWY-7013: (S)-propane-1,2-diol degradation""","ITM","OTM1","OTM1 vs ITM",1.3859697e-05,1.35939396666667e-05,1.380085e-05,1.371725e-05,30,30,-2.65757333333332e-07,-0.0279318892995008,0.510597936605645,0.669059365207396,"""PWY-7013","(S)-propane-1,2-diol degradation""","Not significant",0.291920944570141,0.174535345852287
"PWY-6292: superpathway of L-cysteine biosynthesis (mammalian)","ITM","OTM1","OTM1 vs ITM",4.42444033333333e-06,3.00362466666667e-06,2.56206e-06,2.70913e-06,30,30,-1.42081566666667e-06,-0.558775005255826,0.520144612161604,0.675743427765502,"PWY-6292","superpathway of L-cysteine biosynthesis (mammalian)","Not significant",0.283875895725823,0.170218169527212
"PWY-621: sucrose degradation III (sucrose invertase)","ITM","OTM1","OTM1 vs ITM",1.6527576e-05,1.48847116666667e-05,1.5265e-05,1.43184e-05,30,30,-1.64286433333333e-06,-0.151042910069401,0.520144612161604,0.675743427765502,"PWY-621","sucrose degradation III (sucrose invertase)","Not significant",0.283875895725823,0.170218169527212
"FUC-RHAMCAT-PWY: superpathway of fucose and rhamnose degradation","ITM","OTM1","OTM1 vs ITM",9.85471566666667e-06,9.23277433333333e-06,1.015144e-05,9.85343e-06,30,29,-6.21941333333334e-07,-0.0940490354870745,0.539510316799405,0.689122421458063,"FUC-RHAMCAT-PWY","superpathway of fucose and rhamnose degradation","Not significant",0.268000246094671,0.161703619542429
"PROPFERM-PWY: superpathway of L-alanine fermentation (Stickland reaction)","ITM","OTM1","OTM1 vs ITM",1.95450966666667e-06,2.06905366666667e-06,1.93266e-06,2.06642e-06,26,23,1.14544e-07,0.0821602598672244,0.538265790080762,0.689122421458063,"PROPFERM-PWY","superpathway of L-alanine fermentation (Stickland reaction)","Not significant",0.269003221245563,0.161703619542429
"PWY-8188: L-alanine degradation VI (reductive Stickland reaction)","ITM","OTM1","OTM1 vs ITM",1.95450966666667e-06,2.06905366666667e-06,1.93266e-06,2.06642e-06,26,23,1.14544e-07,0.0821602598672244,0.538265790080762,0.689122421458063,"PWY-8188","L-alanine degradation VI (reductive Stickland reaction)","Not significant",0.269003221245563,0.161703619542429
"PWY-8189: L-alanine degradation V (oxidative Stickland reaction)","ITM","OTM1","OTM1 vs ITM",1.95450966666667e-06,2.06905366666667e-06,1.93266e-06,2.06642e-06,26,23,1.14544e-07,0.0821602598672244,0.538265790080762,0.689122421458063,"PWY-8189","L-alanine degradation V (oxidative Stickland reaction)","Not significant",0.269003221245563,0.161703619542429
"PWY-8131: 5'-deoxyadenosine degradation II","ITM","OTM1","OTM1 vs ITM",2.4649428e-06,2.33338853333333e-06,2.167365e-06,1.882935e-06,28,27,-1.31554266666667e-07,-0.0791243180443077,0.549215783886058,0.692926732022696,"PWY-8131","5'-deoxyadenosine degradation II","Not significant",0.260256990087656,0.159312683945845
"GLYCOGENSYNTH-PWY: glycogen biosynthesis I (from ADP-D-Glucose)","ITM","OTM1","OTM1 vs ITM",0.000331033133333333,0.0003354788,0.0003210575,0.0003306645,30,30,4.44566666666664e-06,0.0192459703281143,0.549326784267993,0.692926732022696,"GLYCOGENSYNTH-PWY","glycogen biosynthesis I (from ADP-D-Glucose)","Not significant",0.260169224979731,0.159312683945845
"TRNA-CHARGING-PWY: tRNA charging","ITM","OTM1","OTM1 vs ITM",0.0006144967,0.0006199297,0.0006144195,0.000614909,30,30,5.433e-06,0.0126993581771182,0.549326784267993,0.692926732022696,"TRNA-CHARGING-PWY","tRNA charging","Not significant",0.260169224979731,0.159312683945845
"PWY-7184: pyrimidine deoxyribonucleotides de novo biosynthesis I","ITM","OTM1","OTM1 vs ITM",2.5380444e-06,3.48217253333333e-06,6.80596e-07,0,17,13,9.44128133333333e-07,0.456254967891241,0.558710340283081,0.696746241314507,"PWY-7184","pyrimidine deoxyribonucleotides de novo biosynthesis I","Not significant",0.252813290898065,0.156925365464708
"PWY-6545: pyrimidine deoxyribonucleotides de novo biosynthesis III","ITM","OTM1","OTM1 vs ITM",2.47667746666667e-06,3.3493987e-06,6.79653e-07,0,17,13,8.72721233333333e-07,0.43548094070483,0.558710340283081,0.696746241314507,"PWY-6545","pyrimidine deoxyribonucleotides de novo biosynthesis III","Not significant",0.252813290898065,0.156925365464708
"COA-PWY: coenzyme A biosynthesis I (prokaryotic)","ITM","OTM1","OTM1 vs ITM",0.000188234533333333,0.000183518466666667,0.000185724,0.000182952,30,30,-4.71606666666667e-06,-0.0366060656371713,0.559230535791907,0.696746241314507,"COA-PWY","coenzyme A biosynthesis I (prokaryotic)","Not significant",0.252409122734732,0.156925365464708
"PWY0-862: (5Z)-dodecenoate biosynthesis I","ITM","OTM1","OTM1 vs ITM",4.86727043333333e-06,5.30665126666667e-06,4.015115e-06,5.117505e-06,29,28,4.39380833333333e-07,0.12468635388811,0.569198698669457,0.70627103834904,"PWY0-862","(5Z)-dodecenoate biosynthesis I","Not significant",0.244736101492392,0.15102860224817
"PYRIDOXSYN-PWY: pyridoxal 5'-phosphate biosynthesis I","ITM","OTM1","OTM1 vs ITM",1.9831752e-06,1.63345503333333e-06,1.341025e-06,1.213705e-06,24,20,-3.49720166666667e-07,-0.279869821366863,0.575664321010713,0.710102580713396,"PYRIDOXSYN-PWY","pyridoxal 5'-phosphate biosynthesis I","Not significant",0.239830686765717,0.148678908999543
"PWY-7315: dTDP-N-acetylthomosamine biosynthesis","ITM","OTM1","OTM1 vs ITM",1.57270423333333e-05,1.4994174e-05,1.47666e-05,1.428285e-05,30,30,-7.32868333333332e-07,-0.0688448819660567,0.579294210581981,0.710102580713396,"PWY-7315","dTDP-N-acetylthomosamine biosynthesis","Not significant",0.23710081178208,0.148678908999543
"PWY-8178: pentose phosphate pathway (non-oxidative branch) II","ITM","OTM1","OTM1 vs ITM",0.000169241866666667,0.000166108033333333,0.0001663415,0.00016651,30,30,-3.13383333333333e-06,-0.0269646403827807,0.579294210581981,0.710102580713396,"PWY-8178","pentose phosphate pathway (non-oxidative branch) II","Not significant",0.23710081178208,0.148678908999543
"""GLCMANNANAUT-PWY: superpathway of N-acetylglucosamine, N-acetylmannosamine and N-acetylneuraminate degradation""","ITM","OTM1","OTM1 vs ITM",1.41466746666667e-05,1.490724e-05,1.390635e-05,1.439765e-05,30,30,7.60565333333333e-07,0.0755496829790796,0.59968948451237,0.729222413167042,"""GLCMANNANAUT-PWY","superpathway of N-acetylglucosamine, N-acetylmannosamine and N-acetylneuraminate degradation""","Not significant",0.222073566400325,0.137139991463609
"PWY-5130: 2-oxobutanoate degradation I","ITM","OTM1","OTM1 vs ITM",2.04033966666667e-05,2.14802043333333e-05,1.99878e-05,2.146165e-05,30,30,1.07680766666666e-06,0.0741980171173972,0.59968948451237,0.729222413167042,"PWY-5130","2-oxobutanoate degradation I","Not significant",0.222073566400325,0.137139991463609
"CITRULBIO-PWY: L-citrulline biosynthesis","ITM","OTM1","OTM1 vs ITM",2.07689726666667e-05,1.91086801e-05,1.832705e-05,1.854255e-05,30,30,-1.66029256666667e-06,-0.120201121742143,0.63087629216172,0.761057114353821,"CITRULBIO-PWY","L-citrulline biosynthesis","Not significant",0.200055792734771,0.118582749907561
"FERMENTATION-PWY: mixed acid fermentation","ITM","OTM1","OTM1 vs ITM",9.549101e-05,9.77296966666667e-05,9.21305e-05,9.425375e-05,30,30,2.23868666666667e-06,0.033432062176706,0.63087629216172,0.761057114353821,"FERMENTATION-PWY","mixed acid fermentation","Not significant",0.200055792734771,0.118582749907561
"PWY-7332: superpathway of UDP-N-acetylglucosamine-derived O-antigen building blocks biosynthesis","ITM","OTM1","OTM1 vs ITM",3.06968166666667e-06,3.314215e-06,3.1245e-06,3.44783e-06,19,22,2.44533333333334e-07,0.110574676221631,0.636024013394407,0.764234387635967,"PWY-7332","superpathway of UDP-N-acetylglucosamine-derived O-antigen building blocks biosynthesis","Not significant",0.196526487043715,0.116773424610779
"""PWY-7237: myo-, chiro- and scyllo-inositol degradation""","ITM","OTM1","OTM1 vs ITM",3.20918666666667e-05,3.174687e-05,4.89032e-05,4.69941e-05,18,17,-3.44996666666666e-07,-0.0155932993738345,0.639675801999819,0.76559623546435,"""PWY-7237","myo-, chiro- and scyllo-inositol degradation""","Not significant",0.194040077696882,0.116000210708067
"PWY-5695: inosine 5'-phosphate degradation","ITM","OTM1","OTM1 vs ITM",0.000177263333333333,0.00017192545,0.000186657,0.0001803095,30,30,-5.33788333333332e-06,-0.0441110006965457,0.652043622400636,0.777338279254091,"PWY-5695","inosine 5'-phosphate degradation","Not significant",0.185723348540855,0.109389945366057
"ARGSYNBSUB-PWY: L-arginine biosynthesis II (acetyl cycle)","ITM","OTM1","OTM1 vs ITM",0.000433384033333333,0.0004268905,0.0004296135,0.0004225965,30,30,-6.49353333333333e-06,-0.0217799405233378,0.662734758176107,0.786997525334127,"ARGSYNBSUB-PWY","L-arginine biosynthesis II (acetyl cycle)","Not significant",0.178660251548288,0.104026633251384
"PWY-6953: dTDP-3-acetamido-&alpha;-D-fucose biosynthesis","ITM","OTM1","OTM1 vs ITM",2.365301e-06,2.3354491e-06,2.45905e-06,2.044605e-06,27,23,-2.98518999999999e-08,-0.0183230053846508,0.667388747190861,0.789440385782186,"PWY-6953","dTDP-3-acetamido-&alpha;-D-fucose biosynthesis","Not significant",0.175621120237586,0.102680659960127
"PWY-4984: urea cycle","ITM","OTM1","OTM1 vs ITM",1.77885526666667e-05,1.63579473333333e-05,1.55671e-05,1.5718e-05,30,29,-1.43060533333333e-06,-0.120956699863054,0.673495052801603,0.790511567767133,"PWY-4984","urea cycle","Not significant",0.171665590065503,0.102091770538001
"PWY-7242: D-fructuronate degradation","ITM","OTM1","OTM1 vs ITM",4.250492e-05,4.33630466666667e-05,4.07631e-05,4.110015e-05,30,30,8.58126666666662e-07,0.0288362113883713,0.673495052801603,0.790511567767133,"PWY-7242","D-fructuronate degradation","Not significant",0.171665590065503,0.102091770538001
"COLANSYN-PWY: colanic acid building blocks biosynthesis","ITM","OTM1","OTM1 vs ITM",3.189702e-05,3.00729666666667e-05,3.04271e-05,3.085495e-05,30,30,-1.82405333333333e-06,-0.0849541759320765,0.69521539906691,0.812867235832079,"COLANSYN-PWY","colanic acid building blocks biosynthesis","Not significant",0.157880616801453,0.0899803811635168
"PWY-6609: adenine and adenosine salvage III","ITM","OTM1","OTM1 vs ITM",0.000382306266666667,0.000375122866666667,0.0003819335,0.000372689,30,30,-7.18339999999999e-06,-0.0273656322252994,0.70617148828123,0.822513917385034,"PWY-6609","adenine and adenosine salvage III","Not significant",0.151089821086289,0.0848567448158162
"PWY-6282: palmitoleate biosynthesis I (from (5Z)-dodec-5-enoate)","ITM","OTM1","OTM1 vs ITM",4.82520306666667e-06,5.11531143333333e-06,4.00084e-06,4.91907e-06,29,28,2.90108366666667e-07,0.0842307230956633,0.717173771689903,0.832140559518056,"PWY-6282","palmitoleate biosynthesis I (from (5Z)-dodec-5-enoate)","Not significant",0.144375601734831,0.0798033094458229
"PWY-6471: peptidoglycan biosynthesis IV (Enterococcus faecium)","ITM","OTM1","OTM1 vs ITM",3.13334333333333e-06,3.02840333333333e-07,0,0,2,3,-2.830503e-06,-3.37064332721256,0.722827035096664,0.832346282838582,"PWY-6471","peptidoglycan biosynthesis IV (Enterococcus faecium)","Not significant",0.140965612373247,0.0796959556343239
"PWY-5022: 4-aminobutanoate degradation V","ITM","OTM1","OTM1 vs ITM",9.80417633333333e-06,9.92840566666667e-06,9.433275e-06,9.12137e-06,30,30,1.24229333333334e-07,0.0181654478331116,0.722716098281243,0.832346282838582,"PWY-5022","4-aminobutanoate degradation V","Not significant",0.141032271396778,0.0796959556343239
"PWY-7664: oleate biosynthesis IV (anaerobic)","ITM","OTM1","OTM1 vs ITM",5.5376032e-06,5.86927666666667e-06,4.62693e-06,5.67339e-06,29,28,3.31673466666666e-07,0.0839195631322295,0.728250792144085,0.83542732381812,"PWY-7664","oleate biosynthesis IV (anaerobic)","Not significant",0.137719034302605,0.0780913246306593
"PWY-5659: GDP-mannose biosynthesis","ITM","OTM1","OTM1 vs ITM",1.87253933333333e-05,1.75477086666667e-05,1.73376e-05,1.74807e-05,30,30,-1.17768466666667e-06,-0.0937128467080396,0.73939881931145,0.845027222070228,"PWY-5659","GDP-mannose biosynthesis","Not significant",0.131121247253488,0.073129300275801
"FUCCAT-PWY: fucose degradation","ITM","OTM1","OTM1 vs ITM",5.79403e-06,5.85741033333333e-06,5.82328e-06,6.018165e-06,30,30,6.33803333333327e-08,0.015695540174156,0.750587231522306,0.848247280233387,"FUCCAT-PWY","fucose degradation","Not significant",0.12459882778141,0.0714775241750647
"PWY-6124: inosine-5'-phosphate biosynthesis II","ITM","OTM1","OTM1 vs ITM",0.000313069566666667,0.0003104853,0.0003077635,0.000306561,30,30,-2.5842666666667e-06,-0.0119583024814232,0.750587231522306,0.848247280233387,"PWY-6124","inosine-5'-phosphate biosynthesis II","Not significant",0.12459882778141,0.0714775241750647
"PWY-6123: inosine-5'-phosphate biosynthesis I","ITM","OTM1","OTM1 vs ITM",0.000335649466666667,0.0003343368,0.0003317795,0.0003293515,30,30,-1.31266666666664e-06,-0.00565318915452646,0.750587231522306,0.848247280233387,"PWY-6123","inosine-5'-phosphate biosynthesis I","Not significant",0.12459882778141,0.0714775241750647
"PWY-5989: stearate biosynthesis II (bacteria and plants)","ITM","OTM1","OTM1 vs ITM",4.84147e-06,5.12247646666667e-06,3.995805e-06,4.91223e-06,29,28,2.81006466666666e-07,0.0813946617901986,0.761815509781374,0.854597111307691,"PWY-5989","stearate biosynthesis II (bacteria and plants)","Not significant",0.118150189795447,0.0682385795099876
"PWY66-429: fatty acid biosynthesis initiation (mitochondria)","ITM","OTM1","OTM1 vs ITM",0.000114066586666667,0.00010798032,0.000107129,0.0001070665,30,30,-6.08626666666666e-06,-0.0791077786538344,0.761828345935475,0.854597111307691,"PWY66-429","fatty acid biosynthesis initiation (mitochondria)","Not significant",0.118142872244336,0.0682385795099876
"PWY-6803: phosphatidylcholine acyl editing","ITM","OTM1","OTM1 vs ITM",1.8673725e-06,1.09801273333333e-06,2.04057e-07,0,15,14,-7.69359766666667e-07,-0.766060827914725,0.76832875615836,0.855574878652532,"PWY-6803","phosphatidylcholine acyl editing","Not significant",0.114452912214501,0.067741975646503
"PWY-7282: 4-amino-2-methyl-5-diphosphomethylpyrimidine biosynthesis II","ITM","OTM1","OTM1 vs ITM",3.111359e-06,3.63415333333333e-06,2.53954e-06,3.13577e-06,19,18,5.22794333333334e-07,0.224067753376987,0.766648483027166,0.855574878652532,"PWY-7282","4-amino-2-methyl-5-diphosphomethylpyrimidine biosynthesis II","Not significant",0.115403719329828,0.067741975646503
"FASYN-ELONG-PWY: fatty acid elongation -- saturated","ITM","OTM1","OTM1 vs ITM",6.18508863333333e-06,6.50813233333333e-06,5.22191e-06,6.39211e-06,29,28,3.23043700000001e-07,0.0734481592103676,0.77310767897041,0.857754505135054,"FASYN-ELONG-PWY","fatty acid elongation -- saturated","Not significant",0.111760013034033,0.0666369922456674
"PWY-7948: 4-oxopentanoate degradation","ITM","OTM1","OTM1 vs ITM",1.23529556666667e-06,1.21531516666667e-06,1.10985e-06,1.32116e-06,22,24,-1.99804000000001e-08,-0.0235238586594276,0.783118520151173,0.865701927730751,"PWY-7948","4-oxopentanoate degradation","Not significant",0.106172505180347,0.0626316154018559
"PWY0-166: superpathway of pyrimidine deoxyribonucleotides de novo biosynthesis (E. coli)","ITM","OTM1","OTM1 vs ITM",2.71396746666667e-06,3.86747736666667e-06,1.81975e-07,0,15,13,1.1535099e-06,0.510973567587094,0.797320165770932,0.871889677677566,"PWY0-166","superpathway of pyrimidine deoxyribonucleotides de novo biosynthesis (E. coli)","Not significant",0.0983672516193151,0.0595384639286377
"PWY-6608: guanosine nucleotides degradation III","ITM","OTM1","OTM1 vs ITM",1.73016876666667e-05,1.7695361e-05,1.55294e-05,1.566555e-05,30,30,3.93673333333332e-07,0.0324582385209502,0.795845542466455,0.871889677677566,"PWY-6608","guanosine nucleotides degradation III","Not significant",0.0991712118647521,0.0595384639286377
"PWY-2941: L-lysine biosynthesis II","ITM","OTM1","OTM1 vs ITM",0.000147765166666667,0.0001452562,0.0001477445,0.0001463185,30,30,-2.50896666666666e-06,-0.0247064560548548,0.795845542466455,0.871889677677566,"PWY-2941","L-lysine biosynthesis II","Not significant",0.0991712118647521,0.0595384639286377
"PWY0-845: superpathway of pyridoxal 5'-phosphate biosynthesis and salvage","ITM","OTM1","OTM1 vs ITM",1.3798407e-06,1.68503893333333e-06,1.078137e-06,1.339385e-06,19,18,3.05198233333333e-07,0.288261269459866,0.813519992575125,0.885760422266478,"PWY0-845","superpathway of pyridoxal 5'-phosphate biosynthesis and salvage","Not significant",0.0896317696375525,0.05268372885514
"HSERMETANA-PWY: L-methionine biosynthesis III","ITM","OTM1","OTM1 vs ITM",0.000122105176666667,0.00011426401,0.0001073275,0.000110075,30,30,-7.84116666666666e-06,-0.0957532177072446,0.81874565347658,0.885760422266478,"HSERMETANA-PWY","L-methionine biosynthesis III","Not significant",0.0868509925588139,0.05268372885514
"1CMET2-PWY: folate transformations III (E. coli)","ITM","OTM1","OTM1 vs ITM",9.86387166666667e-05,0.00010122835,9.842065e-05,0.0001020925,30,30,2.58963333333333e-06,0.0373874153356647,0.81874565347658,0.885760422266478,"1CMET2-PWY","folate transformations III (E. coli)","Not significant",0.0868509925588139,0.05268372885514
"PWY-5005: biotin biosynthesis II","ITM","OTM1","OTM1 vs ITM",3.10198893333333e-06,3.10993256666667e-06,2.540425e-06,2.82619e-06,25,20,7.94363333333303e-09,0.00368964021810026,0.840572765075816,0.906149363769674,"PWY-5005","biotin biosynthesis II","Not significant",0.0754246854332488,0.0428002101438561
"PWY-6703: preQ0 biosynthesis","ITM","OTM1","OTM1 vs ITM",6.100211e-05,6.16183866666667e-05,6.010565e-05,6.012065e-05,30,30,6.1627666666667e-07,0.0145017407526078,0.853381736754793,0.916706883298435,"PWY-6703","preQ0 biosynthesis","Not significant",0.0688566557249923,0.0377695076405287
"PPGPPMET-PWY: ppGpp metabolism","ITM","OTM1","OTM1 vs ITM",5.08076633333333e-06,5.06160666666667e-06,4.77348e-06,4.769505e-06,30,30,-1.91596666666664e-08,-0.00545060685574075,0.888302842153389,0.950859380333205,"PPGPPMET-PWY","ppGpp metabolism","Not significant",0.0514389483497136,0.0218837047879976
"ALLANTOINDEG-PWY: superpathway of allantoin degradation in yeast","ITM","OTM1","OTM1 vs ITM",2.9867635e-06,3.36929356666667e-06,2.155495e-06,2.532725e-06,29,27,3.82530066666666e-07,0.173857646459515,0.905836423944943,0.96571264284706,"ALLANTOINDEG-PWY","superpathway of allantoin degradation in yeast","Not significant",0.0429502201950622,0.015152082892361
"PWY-7663: gondoate biosynthesis (anaerobic)","ITM","OTM1","OTM1 vs ITM",5.73488866666667e-05,5.81086e-05,5.609115e-05,5.27168e-05,30,30,7.59713333333331e-07,0.0189861846143504,0.911708975319428,0.96571264284706,"PWY-7663","gondoate biosynthesis (anaerobic)","Not significant",0.0401437697671224,0.015152082892361
"CALVIN-PWY: Calvin-Benson-Bassham cycle","ITM","OTM1","OTM1 vs ITM",0.000281270533333333,0.000283248233333333,0.00028239,0.000281032,30,30,1.97770000000003e-06,0.0101085342523186,0.911708975319428,0.96571264284706,"CALVIN-PWY","Calvin-Benson-Bassham cycle","Not significant",0.0401437697671224,0.015152082892361
"PWY66-399: gluconeogenesis III","ITM","OTM1","OTM1 vs ITM",9.945114e-05,9.68532833333333e-05,0.000105089,0.0001063525,30,30,-2.59785666666667e-06,-0.0381869126104821,0.923442131978236,0.971371654399251,"PWY66-399","gluconeogenesis III","Not significant",0.0345903146795735,0.0126145738273677
"SALVADEHYPOX-PWY: adenosine nucleotides degradation II","ITM","OTM1","OTM1 vs ITM",1.45185726666667e-05,1.46275013333333e-05,1.312275e-05,1.3246e-05,30,30,1.08928666666668e-07,0.0107836479465109,0.923442131978236,0.971371654399251,"SALVADEHYPOX-PWY","adenosine nucleotides degradation II","Not significant",0.0345903146795735,0.0126145738273677
"PWY-7312: dTDP-&beta;-D-fucofuranose biosynthesis","ITM","OTM1","OTM1 vs ITM",3.15138856666667e-06,3.51223593333333e-06,2.84415e-06,2.79547e-06,29,30,3.60847366666667e-07,0.156397407615062,0.946955942225594,0.97916532801558,"PWY-7312","dTDP-&beta;-D-fucofuranose biosynthesis","Not significant",0.0236702263752005,0.00914397317860407
"PWY-8182: valproate &beta;-oxidation","ITM","OTM1","OTM1 vs ITM",1.77136656666667e-06,1.72793293333333e-06,1.580385e-06,1.85808e-06,22,24,-4.34336333333335e-08,-0.0358135243197629,0.946617930910856,0.97916532801558,"PWY-8182","valproate &beta;-oxidation","Not significant",0.0238252733500804,0.00914397317860407
"PYRIDNUCSYN-PWY: NAD de novo biosynthesis I (from aspartate)","ITM","OTM1","OTM1 vs ITM",0.000117156553333333,0.000118773976666667,0.0001152525,0.0001161705,30,30,1.61742333333334e-06,0.0197811042145429,0.946955942225594,0.97916532801558,"PYRIDNUCSYN-PWY","NAD de novo biosynthesis I (from aspartate)","Not significant",0.0236702263752005,0.00914397317860407
"PWY-5505: L-glutamate and L-glutamine biosynthesis","ITM","OTM1","OTM1 vs ITM",2.19843933333333e-05,2.220028e-05,2.066715e-05,2.061785e-05,30,30,2.15886666666667e-07,0.0140980873498957,0.946955942225594,0.97916532801558,"PWY-5505","L-glutamate and L-glutamine biosynthesis","Not significant",0.0236702263752005,0.00914397317860407
"PWY0-1296: purine ribonucleosides degradation","ITM","OTM1","OTM1 vs ITM",0.000303541766666667,0.000305399533333333,0.0003007305,0.000299645,30,30,1.85776666666664e-06,0.00880281298755778,0.946955942225594,0.97916532801558,"PWY0-1296","purine ribonucleosides degradation","Not significant",0.0236702263752005,0.00914397317860407
"GALACT-GLUCUROCAT-PWY: superpathway of hexuronide and hexuronate degradation","ITM","OTM1","OTM1 vs ITM",1.03609036666667e-05,9.883391e-06,1.005079e-05,1.008644e-05,30,29,-4.77512666666668e-07,-0.0680711442724012,0.970516051300281,0.980188968755101,"GALACT-GLUCUROCAT-PWY","superpathway of hexuronide and hexuronate degradation","Not significant",0.0129972774487324,0.00869018943382209
"REDCITCYC: TCA cycle VI (Helicobacter)","ITM","OTM1","OTM1 vs ITM",4.08673966666667e-06,3.91083833333333e-06,4.299035e-06,4.292425e-06,28,26,-1.75901333333333e-07,-0.0634708570008082,0.970501710914601,0.980188968755101,"REDCITCYC","TCA cycle VI (Helicobacter)","Not significant",0.0130036946495337,0.00869018943382209
"DTDPRHAMSYN-PWY: dTDP-&beta;-L-rhamnose biosynthesis","ITM","OTM1","OTM1 vs ITM",0.0004704031,0.000463554566666667,0.000468629,0.000474068,30,30,-6.84853333333333e-06,-0.0211583895262421,0.958731490813444,0.980188968755101,"DTDPRHAMSYN-PWY","dTDP-&beta;-L-rhamnose biosynthesis","Not significant",0.0183030074134243,0.00869018943382209
"NAGLIPASYN-PWY: lipid IVA biosynthesis (E. coli)","ITM","OTM1","OTM1 vs ITM",5.04424133333333e-06,5.10608033333333e-06,5.1021e-06,4.57539e-06,30,30,6.1839e-08,0.017578588632316,0.970516051300281,0.980188968755101,"NAGLIPASYN-PWY","lipid IVA biosynthesis (E. coli)","Not significant",0.0129972774487324,0.00869018943382209
"PWY-8073: lipid IVA biosynthesis (P. putida)","ITM","OTM1","OTM1 vs ITM",5.04424133333333e-06,5.10608033333333e-06,5.1021e-06,4.57539e-06,30,30,6.1839e-08,0.017578588632316,0.970516051300281,0.980188968755101,"PWY-8073","lipid IVA biosynthesis (P. putida)","Not significant",0.0129972774487324,0.00869018943382209
"PWY-5973: cis-vaccenate biosynthesis","ITM","OTM1","OTM1 vs ITM",6.54072266666667e-05,6.61233966666667e-05,6.443505e-05,6.11324e-05,30,30,7.16169999999996e-07,0.0157107678933406,0.970516051300281,0.980188968755101,"PWY-5973","cis-vaccenate biosynthesis","Not significant",0.0129972774487324,0.00869018943382209
"PWY-6527: stachyose degradation","ITM","OTM1","OTM1 vs ITM",0.00010378705,0.000104668103333333,0.0001036145,0.0001028565,30,30,8.81053333333322e-07,0.0121954060994999,0.970516051300281,0.980188968755101,"PWY-6527","stachyose degradation","Not significant",0.0129972774487324,0.00869018943382209
"PWY-1269: CMP-3-deoxy-D-manno-octulosonate biosynthesis","ITM","OTM1","OTM1 vs ITM",8.99148766666667e-06,8.30814033333333e-06,7.95545e-06,8.545175e-06,30,30,-6.83347333333332e-07,-0.114032928655002,0.982307053080085,0.988812397802469,"PWY-1269","CMP-3-deoxy-D-manno-octulosonate biosynthesis","Not significant",0.00775273765661403,0.00488609700501089
"NAD-BIOSYNTHESIS-II: NAD salvage pathway III (to nicotinamide riboside)","ITM","OTM1","OTM1 vs ITM",6.67974733333333e-06,7.12641e-06,6.22501e-06,5.98612e-06,30,30,4.46662666666667e-07,0.0933806013277884,0.994101921325495,0.997382785752312,"NAD-BIOSYNTHESIS-II","NAD salvage pathway III (to nicotinamide riboside)","Not significant",0.00256908682997657,0.00113813172352787
"PWY-6588: pyruvate fermentation to acetone","ITM","OTM1","OTM1 vs ITM",6.14617933333333e-06,6.177685e-06,5.8956e-06,6.0291e-06,30,30,3.15056666666662e-08,0.00737632762184161,1,1,"PWY-6588","pyruvate fermentation to acetone","Not significant",0,0
"PENTOSE-P-PWY: pentose phosphate pathway","ITM","OTM2","OTM2 vs ITM",5.288233e-05,1.06175042666667e-05,5.034805e-05,5.91708e-06,30,30,-4.22648257333333e-05,-2.31633019537006,1.69795260171024e-08,5.16177590919913e-06,"PENTOSE-P-PWY","pentose phosphate pathway","Enriched in ITM",7.77007443723871,5.28720085362996
"PWY-622: starch biosynthesis","ITM","OTM2","OTM2 vs ITM",0.000117802235666667,2.38156576666667e-05,0.0001315265,5.058255e-06,30,22,-9.3986578e-05,-2.30637979179424,8.06384551471391e-08,8.46335586211026e-06,"PWY-622","starch biosynthesis","Enriched in ITM",7.09345780093203,5.0724573977872
"PWY-6901: superpathway of glucose and xylose degradation","ITM","OTM2","OTM2 vs ITM",4.83687033333333e-05,1.66109693333333e-05,4.785035e-05,1.2304e-05,30,30,-3.1757734e-05,-1.54193189586625,8.35199591655617e-08,8.46335586211026e-06,"PWY-6901","superpathway of glucose and xylose degradation","Enriched in ITM",7.07820972667629,5.0724573977872
"P124-PWY: Bifidobacterium shunt","ITM","OTM2","OTM2 vs ITM",5.84031893333333e-05,9.343964e-06,4.53305e-05,5.11371e-06,30,28,-4.90592253333333e-05,-2.64392756469269,2.37590765352535e-07,1.80568981667926e-05,"P124-PWY","Bifidobacterium shunt","Enriched in ITM",6.62417044346516,4.74335685118436
"PWY0-162: superpathway of pyrimidine ribonucleotides de novo biosynthesis","ITM","OTM2","OTM2 vs ITM",0.000106580956666667,3.1501917e-05,0.00010071295,2.21483e-05,30,30,-7.50790396666667e-05,-1.75843493240867,3.80526281010078e-07,1.92799982378439e-05,"PWY0-162","superpathway of pyrimidine ribonucleotides de novo biosynthesis","Enriched in ITM",6.41961534335201,4.7148930101269
"""PWY-241: C4 photosynthetic carbon assimilation cycle, NADP-ME type""","ITM","OTM2","OTM2 vs ITM",4.19164283333333e-05,1.62104559e-05,4.328135e-05,1.338385e-05,30,29,-2.57059724333333e-05,-1.3705856677287,3.80526281010078e-07,1.92799982378439e-05,"""PWY-241","C4 photosynthetic carbon assimilation cycle, NADP-ME type""","Enriched in ITM",6.41961534335201,4.7148930101269
"PWY0-1061: superpathway of L-alanine biosynthesis","ITM","OTM2","OTM2 vs ITM",9.17619266666667e-05,3.72534766666667e-05,7.757445e-05,3.341205e-05,30,30,-5.450845e-05,-1.30051831176531,5.18567513938217e-07,2.25206463196026e-05,"PWY0-1061","superpathway of L-alanine biosynthesis","Enriched in ITM",6.28519469342722,4.64741914983272
"""PWY-7117: C4 photosynthetic carbon assimilation cycle, PEPCK type""","ITM","OTM2","OTM2 vs ITM",4.84950146666667e-05,1.78617686666667e-05,4.817135e-05,1.508925e-05,30,29,-3.0633246e-05,-1.44095639972576,7.04298006785359e-07,2.67633242578436e-05,"""PWY-7117","C4 photosynthetic carbon assimilation cycle, PEPCK type""","Enriched in ITM",6.15224354069094,4.57245994407413
"PWY0-1297: superpathway of purine deoxyribonucleosides degradation","ITM","OTM2","OTM2 vs ITM",8.42250323333333e-05,2.09314183333333e-05,7.343795e-05,1.338525e-05,30,30,-6.3293614e-05,-2.00857382429166,9.53320851128169e-07,2.89809538742963e-05,"PWY0-1297","superpathway of purine deoxyribonucleosides degradation","Enriched in ITM",6.020760907942,4.53788732433324
"PWY0-1298: superpathway of pyrimidine deoxyribonucleosides degradation","ITM","OTM2","OTM2 vs ITM",2.90890166666667e-05,1.36358893333333e-05,3.10235e-05,1.131685e-05,30,30,-1.54531273333333e-05,-1.09306011151844,8.84109491732822e-07,2.89809538742963e-05,"PWY0-1298","superpathway of pyrimidine deoxyribonucleosides degradation","Enriched in ITM",6.05349394685258,4.53788732433324
"P161-PWY: acetylene degradation (anaerobic)","ITM","OTM2","OTM2 vs ITM",4.77763023333333e-05,1.17756526666667e-05,3.950645e-05,7.891e-06,30,30,-3.60006496666667e-05,-2.02047894480056,1.19368010017254e-06,3.29889773138592e-05,"P161-PWY","acetylene degradation (anaerobic)","Enriched in ITM",5.923112046192,4.48163114774147
"PWY0-1586: peptidoglycan maturation (meso-diaminopimelate containing)","ITM","OTM2","OTM2 vs ITM",3.21407196666667e-05,1.5672049e-05,2.94378e-05,1.46599e-05,30,30,-1.64686706666667e-05,-1.03620370267228,2.00229270152938e-06,5.03712599497696e-05,"PWY0-1586","peptidoglycan maturation (meso-diaminopimelate containing)","Enriched in ITM",5.69847243566424,4.29781718588263
"""PWY-7115: C4 photosynthetic carbon assimilation cycle, NAD-ME type""","ITM","OTM2","OTM2 vs ITM",4.86717666666667e-05,2.40781966666667e-05,4.98608e-05,2.146375e-05,30,30,-2.459357e-05,-1.01535476862821,2.15403414258883e-06,5.03712599497696e-05,"""PWY-7115","C4 photosynthetic carbon assimilation cycle, NAD-ME type""","Enriched in ITM",5.66674741718455,4.29781718588263
"P122-PWY: heterolactic fermentation","ITM","OTM2","OTM2 vs ITM",8.64526333333333e-06,1.96248846666667e-06,8.36629e-06,1.331965e-06,28,24,-6.68277486666667e-06,-2.13916890924506,2.60744832363441e-06,5.66188778846328e-05,"P122-PWY","heterolactic fermentation","Enriched in ITM",5.58378428998976,4.24703874205924
"RUMP-PWY: formaldehyde oxidation I","ITM","OTM2","OTM2 vs ITM",7.47185453333333e-06,1.98976803333333e-06,5.95681e-06,1.44889e-06,28,26,-5.4820865e-06,-1.90881292090126,5.4049410209095e-06,8.30228995042605e-05,"RUMP-PWY","formaldehyde oxidation I","Enriched in ITM",5.26720904073626,4.08080210332667
"PWY-8004: Entner-Doudoroff pathway I","ITM","OTM2","OTM2 vs ITM",1.27180636666667e-05,3.48216703333333e-06,1.10776e-05,2.60678e-06,28,29,-9.23589663333333e-06,-1.86879163609704,5.45548320923212e-06,8.30228995042605e-05,"PWY-8004","Entner-Doudoroff pathway I","Enriched in ITM",5.26316677654969,4.08080210332667
"PWY-5189: tetrapyrrole biosynthesis II (from glycine)","ITM","OTM2","OTM2 vs ITM",5.394941e-06,2.32316363333333e-06,4.77151e-06,2.579935e-06,30,27,-3.07177736666667e-06,-1.21548104974703,5.08503036592324e-06,8.30228995042605e-05,"PWY-5189","tetrapyrrole biosynthesis II (from glycine)","Enriched in ITM",5.29370644928725,4.08080210332667
"PWY-6895: superpathway of thiamine diphosphate biosynthesis II","ITM","OTM2","OTM2 vs ITM",1.8687355e-05,8.62457866666667e-06,1.842935e-05,6.41766e-06,30,27,-1.00627763333333e-05,-1.11552749347096,5.08503036592324e-06,8.30228995042605e-05,"PWY-6895","superpathway of thiamine diphosphate biosynthesis II","Enriched in ITM",5.29370644928725,4.08080210332667
"UDPNAGSYN-PWY: UDP-N-acetyl-D-glucosamine biosynthesis I","ITM","OTM2","OTM2 vs ITM",0.000136466826666667,6.60065066666667e-05,0.0001119165,5.996915e-05,30,30,-7.046032e-05,-1.04786901271231,5.4620328621224e-06,8.30228995042605e-05,"UDPNAGSYN-PWY","UDP-N-acetyl-D-glucosamine biosynthesis I","Enriched in ITM",5.26264569127144,4.08080210332667
"ANAEROFRUCAT-PWY: homolactic fermentation","ITM","OTM2","OTM2 vs ITM",0.000154456673333333,9.07461533333333e-05,0.000139669,8.54948e-05,30,30,-6.371052e-05,-0.767293153816755,4.11775641582192e-06,8.30228995042605e-05,"ANAEROFRUCAT-PWY","homolactic fermentation","Enriched in ITM",5.38533934746866,4.08080210332667
"PWY-6902: chitin degradation II (Vibrio)","ITM","OTM2","OTM2 vs ITM",2.0556726e-06,2.852867e-07,1.23445e-06,0,24,9,-1.7703859e-06,-2.84869068219343,7.14628408616823e-06,9.14638463864235e-05,"PWY-6902","chitin degradation II (Vibrio)","Enriched in ITM",5.1459197232857,4.03875053891342
"GLYCOLYSIS-E-D: superpathway of glycolysis and the Entner-Doudoroff pathway","ITM","OTM2","OTM2 vs ITM",1.70346773333333e-05,4.77416263333333e-06,1.453135e-05,3.492675e-06,28,29,-1.22605147e-05,-1.83513325294361,6.72828589084118e-06,9.14638463864235e-05,"GLYCOLYSIS-E-D","superpathway of glycolysis and the Entner-Doudoroff pathway","Enriched in ITM",5.17209556325996,4.03875053891342
"SO4ASSIM-PWY: assimilatory sulfate reduction I","ITM","OTM2","OTM2 vs ITM",4.34063433333333e-06,2.58684353333333e-06,4.013875e-06,2.47953e-06,30,30,-1.7537908e-06,-0.746690563941462,7.22082997787554e-06,9.14638463864235e-05,"SO4ASSIM-PWY","assimilatory sulfate reduction I","Enriched in ITM",5.14141288081056,4.03875053891342
"PWY-5345: superpathway of L-methionine biosynthesis (by sulfhydrylation)","ITM","OTM2","OTM2 vs ITM",1.13024716666667e-05,6.78624133333333e-06,1.053505e-05,6.63974e-06,30,30,-4.51623033333333e-06,-0.735945165067157,6.73621289312261e-06,9.14638463864235e-05,"PWY-5345","superpathway of L-methionine biosynthesis (by sulfhydrylation)","Enriched in ITM",5.17158419572941,4.03875053891342
"PWY-5913: partial TCA cycle (obligate autotrophs)","ITM","OTM2","OTM2 vs ITM",4.85261073333333e-05,1.92023804e-05,4.603085e-05,1.189065e-05,30,30,-2.93237269333333e-05,-1.33747143060239,7.73868568857663e-06,9.41024179730918e-05,"PWY-5913","partial TCA cycle (obligate autotrophs)","Enriched in ITM",5.11133279211648,4.02639921717976
"PWY0-1479: tRNA processing","ITM","OTM2","OTM2 vs ITM",1.13842256666667e-05,2.01676963333333e-06,7.005295e-06,9.32513e-07,27,16,-9.36745603333333e-06,-2.49685909916572,9.2441459052091e-06,9.97323146763324e-05,"PWY0-1479","tRNA processing","Enriched in ITM",5.03413320844097,4.00116410134984
"DAPLYSINESYN-PWY: L-lysine biosynthesis I","ITM","OTM2","OTM2 vs ITM",3.25814933333333e-05,1.7977922e-05,3.16522e-05,1.67993e-05,30,30,-1.46035713333333e-05,-0.857822857893263,9.51393791320276e-06,9.97323146763324e-05,"DAPLYSINESYN-PWY","L-lysine biosynthesis I","Enriched in ITM",5.02163968705963,4.00116410134984
"PWY-7111: pyruvate fermentation to isobutanol (engineered)","ITM","OTM2","OTM2 vs ITM",0.00014110868,7.906398e-05,0.000115775,7.608305e-05,30,30,-6.20447e-05,-0.835713446767672,8.88287979083056e-06,9.97323146763324e-05,"PWY-7111","pyruvate fermentation to isobutanol (engineered)","Enriched in ITM",5.05144621501951,4.00116410134984
"SULFATE-CYS-PWY: superpathway of sulfate assimilation and cysteine biosynthesis","ITM","OTM2","OTM2 vs ITM",9.228907e-06,5.623959e-06,8.57427e-06,5.427845e-06,30,30,-3.604948e-06,-0.714563699378386,8.88287979083056e-06,9.97323146763324e-05,"SULFATE-CYS-PWY","superpathway of sulfate assimilation and cysteine biosynthesis","Enriched in ITM",5.05144621501951,4.00116410134984
"PWY-7198: pyrimidine deoxyribonucleotides de novo biosynthesis IV","ITM","OTM2","OTM2 vs ITM",0.00010082266,6.48826666666667e-05,0.000100672,6.17951e-05,30,30,-3.59399933333333e-05,-0.635914109495003,1.24932420981477e-05,0.000126598186594563,"PWY-7198","pyrimidine deoxyribonucleotides de novo biosynthesis IV","Enriched in ITM",4.903324844042,3.89757251515291
"OANTIGEN-PWY: O-antigen building blocks biosynthesis (E. coli)","ITM","OTM2","OTM2 vs ITM",0.000170158583333333,0.00010181135,0.0001508065,9.474875e-05,30,30,-6.83472333333333e-05,-0.740980955008962,1.63505720817052e-05,0.000160341093962528,"OANTIGEN-PWY","O-antigen building blocks biosynthesis (E. coli)","Enriched in ITM",4.78646704743298,3.7949551576585
"PWY-1042: glycolysis IV","ITM","OTM2","OTM2 vs ITM",0.000510226466666667,0.000548208633333333,0.0005123335,0.0005497225,30,30,3.79821666666667e-05,0.103587291769614,1.86816777705281e-05,0.000177475938820017,"PWY-1042","glycolysis IV","Enriched in OTM2",4.72858412308655,3.7508605177977
"PWY-821: superpathway of sulfur amino acid biosynthesis (Saccharomyces cerevisiae)","ITM","OTM2","OTM2 vs ITM",5.84169266666667e-06,3.1402327e-06,5.786075e-06,3.355335e-06,29,25,-2.70145996666667e-06,-0.895493743455877,2.18403590261603e-05,0.000201196034665235,"PWY-821","superpathway of sulfur amino acid biosynthesis (Saccharomyces cerevisiae)","Enriched in ITM",4.6607402266908,3.69638058295994
"PYRIDNUCSAL-PWY: NAD salvage pathway I (PNC VI cycle)","ITM","OTM2","OTM2 vs ITM",5.24902666666667e-06,7.27374033333333e-07,2.834555e-06,0,24,12,-4.52165263333333e-06,-2.85110975355805,2.38803622329038e-05,0.000205428984761299,"PYRIDNUCSAL-PWY","NAD salvage pathway I (PNC VI cycle)","Enriched in ITM",4.62195908983085,3.6873382801457
"PWY-5677: succinate fermentation to butanoate","ITM","OTM2","OTM2 vs ITM",2.35248423333333e-06,3.481204e-07,1.8187e-06,0,22,7,-2.00436383333333e-06,-2.75617375016745,2.36451470711432e-05,0.000205428984761299,"PWY-5677","succinate fermentation to butanoate","Enriched in ITM",4.62625798035918,3.6873382801457
"PWY-6305: superpathway of putrescine biosynthesis","ITM","OTM2","OTM2 vs ITM",1.14110096666667e-05,7.24230366666667e-06,1.126695e-05,7.18673e-06,30,30,-4.168706e-06,-0.655898597455058,2.43271166164696e-05,0.000205428984761299,"PWY-6305","superpathway of putrescine biosynthesis","Enriched in ITM",4.61390936298717,3.6873382801457
"PWY3O-4107: NAD salvage pathway V (PNC V cycle)","ITM","OTM2","OTM2 vs ITM",4.1137882e-06,5.330301e-07,2.1246e-06,0,24,12,-3.5807581e-06,-2.94794304473353,2.55541934766008e-05,0.000207788798503566,"PWY3O-4107","NAD salvage pathway V (PNC V cycle)","Enriched in ITM",4.59253782138803,3.68237786813213
"PWY-6936: seleno-amino acid biosynthesis (plants)","ITM","OTM2","OTM2 vs ITM",6.04414466666667e-05,2.63845515e-05,5.073825e-05,2.67873e-05,30,30,-3.40568951666667e-05,-1.19584165085444,2.59735998129458e-05,0.000207788798503566,"PWY-6936","seleno-amino acid biosynthesis (plants)","Enriched in ITM",4.58546785512407,3.68237786813213
"""PWY-7237: myo-, chiro- and scyllo-inositol degradation""","ITM","OTM2","OTM2 vs ITM",3.20918666666667e-05,5.42912133333333e-05,4.89032e-05,5.798065e-05,18,26,2.21993466666667e-05,0.758509179915096,3.22566228962028e-05,0.000251436240011427,"""PWY-7237","myo-, chiro- and scyllo-inositol degradation""","Enriched in OTM2",4.49138110298292,3.59957212640067
"ANAGLYCOLYSIS-PWY: glycolysis III (from glucose)","ITM","OTM2","OTM2 vs ITM",0.000260682633333333,0.000161929146666667,0.0002486475,0.0001422905,30,30,-9.87534866666667e-05,-0.686931447319963,3.36813988124458e-05,0.000255978630974588,"ANAGLYCOLYSIS-PWY","glycolysis III (from glucose)","Enriched in ITM",4.47260988023915,3.59179628795836
"PWY4LZ-257: superpathway of fermentation (Chlamydomonas reinhardtii)","ITM","OTM2","OTM2 vs ITM",1.99051086666667e-05,1.0807703e-05,2.083375e-05,9.34168e-06,30,30,-9.09740566666667e-06,-0.881072712117901,4.08395345182803e-05,0.000302810207159932,"PWY4LZ-257","superpathway of fermentation (Chlamydomonas reinhardtii)","Enriched in ITM",4.38891921656785,3.51882948967883
"PWY1ZNC-1: assimilatory sulfate reduction IV","ITM","OTM2","OTM2 vs ITM",3.66648366666667e-06,2.4351499e-06,3.377455e-06,2.408975e-06,30,30,-1.23133376666667e-06,-0.59036663407397,5.97055584341916e-05,0.000432154518190339,"PWY1ZNC-1","assimilatory sulfate reduction IV","Enriched in ITM",4.22398523528729,3.36436094207644
"PWY-7323: superpathway of GDP-mannose-derived O-antigen building blocks biosynthesis","ITM","OTM2","OTM2 vs ITM",1.44547183333333e-05,9.26231533333333e-06,1.391485e-05,8.6392e-06,30,30,-5.192403e-06,-0.642090122203384,7.19878817481735e-05,0.000508937582591738,"PWY-7323","superpathway of GDP-mannose-derived O-antigen building blocks biosynthesis","Enriched in ITM",4.14274060541379,3.29333547738462
"ORNDEG-PWY: superpathway of ornithine degradation","ITM","OTM2","OTM2 vs ITM",2.16462986666667e-06,8.90679766666667e-07,1.89403e-06,6.535985e-07,27,20,-1.2739501e-06,-1.2810463105002,0.000115206539421955,0.000795972454188052,"ORNDEG-PWY","superpathway of ornithine degradation","Enriched in ITM",3.93852286853204,3.09910196140947
"GLYCOCAT-PWY: glycogen degradation I","ITM","OTM2","OTM2 vs ITM",1.16133799e-05,2.31632343333333e-06,7.03684e-06,1.28081e-06,27,20,-9.29705646666667e-06,-2.32582942903209,0.000175366616893765,0.00115361886649741,"GLYCOCAT-PWY","glycogen degradation I","Enriched in ITM",3.75605307618481,2.93793765003387
"""P461-PWY: hexitol fermentation to lactate, formate, ethanol and acetate""","ITM","OTM2","OTM2 vs ITM",4.13078033333333e-05,2.41445226666667e-05,4.53382e-05,2.204775e-05,30,30,-1.71632806666667e-05,-0.774715917951957,0.000178355548438745,0.00115361886649741,"""P461-PWY","hexitol fermentation to lactate, formate, ethanol and acetate""","Enriched in ITM",3.74871337570691,2.93793765003387
"GLYCOGENSYNTH-PWY: glycogen biosynthesis I (from ADP-D-Glucose)","ITM","OTM2","OTM2 vs ITM",0.000331033133333333,0.0003809795,0.0003210575,0.0003760345,30,30,4.99463666666666e-05,0.202737688575495,0.000178355548438745,0.00115361886649741,"GLYCOGENSYNTH-PWY","glycogen biosynthesis I (from ADP-D-Glucose)","Enriched in OTM2",3.74871337570691,2.93793765003387
"PWY66-399: gluconeogenesis III","ITM","OTM2","OTM2 vs ITM",9.945114e-05,7.706463e-05,0.000105089,6.978135e-05,30,30,-2.238651e-05,-0.367918622329012,0.000253057845560828,0.00160269968855191,"PWY66-399","gluconeogenesis III","Enriched in ITM",3.59678019370016,2.79514784746699
"PWY-5497: purine nucleobases degradation II (anaerobic)","ITM","OTM2","OTM2 vs ITM",7.40233166666667e-06,4.9330968e-06,7.444395e-06,4.981175e-06,30,29,-2.46923486666667e-06,-0.585476425748783,0.000377039564083169,0.00233918423431191,"PWY-5497","purine nucleobases degradation II (anaerobic)","Enriched in ITM",3.42361307536062,2.63093557178038
"""GLCMANNANAUT-PWY: superpathway of N-acetylglucosamine, N-acetylmannosamine and N-acetylneuraminate degradation""","ITM","OTM2","OTM2 vs ITM",1.41466746666667e-05,1.979347e-05,1.390635e-05,1.97569e-05,30,30,5.64679533333333e-06,0.484558673176376,0.000398810193846611,0.00242476597858739,"""GLCMANNANAUT-PWY","superpathway of N-acetylglucosamine, N-acetylmannosamine and N-acetylneuraminate degradation""","Enriched in OTM2",3.39923374937053,2.6153301700978
"PWY-5656: mannosylglycerate biosynthesis I","ITM","OTM2","OTM2 vs ITM",2.36367053333333e-06,3.931747e-07,1.508615e-06,0,22,11,-1.97049583333333e-06,-2.58748070700462,0.000528615901232891,0.00315096537205488,"PWY-5656","mannosylglycerate biosynthesis I","Enriched in ITM",3.27685977704647,2.50155636953565
"PWY-5265: peptidoglycan biosynthesis II (staphylococci)","ITM","OTM2","OTM2 vs ITM",1.32431703333333e-05,6.48171366666667e-06,1.201935e-05,6.03114e-06,28,22,-6.76145666666667e-06,-1.03078997656018,0.000602542836594887,0.00352255812163165,"PWY-5265","peptidoglycan biosynthesis II (staphylococci)","Enriched in ITM",3.22001207234567,2.45314183237172
"POLYAMINSYN3-PWY: superpathway of polyamine biosynthesis II","ITM","OTM2","OTM2 vs ITM",6.52628966666667e-06,4.1670185e-06,6.41358e-06,3.99883e-06,30,28,-2.35927116666667e-06,-0.64723500158167,0.000620156882282792,0.00355712626818809,"POLYAMINSYN3-PWY","superpathway of polyamine biosynthesis II","Enriched in ITM",3.20749843229027,2.4489007182823
"P164-PWY: purine nucleobases degradation I (anaerobic)","ITM","OTM2","OTM2 vs ITM",9.450698e-06,5.69311806666667e-06,8.57689e-06,5.347875e-06,30,29,-3.75757993333333e-06,-0.731191791604365,0.000654864616854614,0.00368664525044079,"P164-PWY","purine nucleobases degradation I (anaerobic)","Enriched in ITM",3.18384847440541,2.43336865061963
"POLYAMSYN-PWY: superpathway of polyamine biosynthesis I","ITM","OTM2","OTM2 vs ITM",6.70770666666667e-06,4.24932793333333e-06,7.21686e-06,3.89935e-06,30,30,-2.45837873333333e-06,-0.658572472175576,0.000691251692584525,0.00382073662810356,"POLYAMSYN-PWY","superpathway of polyamine biosynthesis I","Enriched in ITM",3.1603637922815,2.41785289816699
"PWY-702: L-methionine biosynthesis II","ITM","OTM2","OTM2 vs ITM",2.16561266666667e-05,1.67564016666667e-05,2.052425e-05,1.705375e-05,30,30,-4.899725e-06,-0.370060910556607,0.00090306948957134,0.00490237722910156,"PWY-702","L-methionine biosynthesis II","Enriched in ITM",3.04427883022221,2.30959327361966
"PWY-6606: guanosine nucleotides degradation II","ITM","OTM2","OTM2 vs ITM",7.52017966666667e-06,4.69167783333333e-06,6.618435e-06,4.251555e-06,30,28,-2.82850183333333e-06,-0.680651614329146,0.00105738402482594,0.00563938146573834,"PWY-6606","guanosine nucleotides degradation II","Enriched in ITM",2.97576725529118,2.24876852735492
"CITRULBIO-PWY: L-citrulline biosynthesis","ITM","OTM2","OTM2 vs ITM",2.07689726666667e-05,1.32828686666667e-05,1.832705e-05,1.190555e-05,30,30,-7.486104e-06,-0.644859184969029,0.0013016645094379,0.00682251742877797,"CITRULBIO-PWY","L-citrulline biosynthesis","Enriched in ITM",2.88550093625538,2.16605534620956
"PWY-5840: superpathway of menaquinol-7 biosynthesis","ITM","OTM2","OTM2 vs ITM",2.22573766666667e-06,6.41932e-07,1.94903e-06,0,19,7,-1.58380566666667e-06,-1.79363126812639,0.00135695235156837,0.00694301830931375,"PWY-5840","superpathway of menaquinol-7 biosynthesis","Enriched in ITM",2.86743540201914,2.15845168947145
"PWY-4984: urea cycle","ITM","OTM2","OTM2 vs ITM",1.77885526666667e-05,1.12736386666667e-05,1.55671e-05,1.0072065e-05,30,30,-6.514914e-06,-0.657991213059836,0.00137033256104877,0.00694301830931375,"PWY-4984","urea cycle","Enriched in ITM",2.86317402269656,2.15845168947145
"CENTFERM-PWY: pyruvate fermentation to butanoate","ITM","OTM2","OTM2 vs ITM",1.183998e-05,8.71328233333333e-06,1.219285e-05,8.507075e-06,30,30,-3.12669766666667e-06,-0.442374075394079,0.00144232820319545,0.00718799629133471,"CENTFERM-PWY","pyruvate fermentation to butanoate","Enriched in ITM",2.84093590423635,2.14339215563837
"PWY-6590: superpathway of Clostridium acetobutylicum acidogenic fermentation","ITM","OTM2","OTM2 vs ITM",1.53761276666667e-05,1.13914053333333e-05,1.585135e-05,1.115325e-05,30,30,-3.98472233333333e-06,-0.432743197568588,0.00151779619061312,0.00744209745074818,"PWY-6590","superpathway of Clostridium acetobutylicum acidogenic fermentation","Enriched in ITM",2.8187865415068,2.1283046473963
"PWY-5897: superpathway of menaquinol-11 biosynthesis","ITM","OTM2","OTM2 vs ITM",2.10266333333333e-06,6.39019466666667e-07,1.75561e-06,0,19,7,-1.46364386666667e-06,-1.71812894783829,0.00160707867621486,0.00751618334722026,"PWY-5897","superpathway of menaquinol-11 biosynthesis","Enriched in ITM",2.79396286137631,2.12400263441041
"PWY-5898: superpathway of menaquinol-12 biosynthesis","ITM","OTM2","OTM2 vs ITM",2.10266333333333e-06,6.39019466666667e-07,1.75561e-06,0,19,7,-1.46364386666667e-06,-1.71812894783829,0.00160707867621486,0.00751618334722026,"PWY-5898","superpathway of menaquinol-12 biosynthesis","Enriched in ITM",2.79396286137631,2.12400263441041
"PWY-5899: superpathway of menaquinol-13 biosynthesis","ITM","OTM2","OTM2 vs ITM",2.10266333333333e-06,6.39019466666667e-07,1.75561e-06,0,19,7,-1.46364386666667e-06,-1.71812894783829,0.00160707867621486,0.00751618334722026,"PWY-5899","superpathway of menaquinol-13 biosynthesis","Enriched in ITM",2.79396286137631,2.12400263441041
"PWY-6549: L-glutamine biosynthesis III","ITM","OTM2","OTM2 vs ITM",5.904127e-05,4.722689e-05,5.80404e-05,4.744865e-05,30,30,-1.181438e-05,-0.322114609558372,0.00215663782122977,0.00978534175602761,"PWY-6549","L-glutamine biosynthesis III","Enriched in ITM",2.66622278278258,2.00942400187465
"FERMENTATION-PWY: mixed acid fermentation","ITM","OTM2","OTM2 vs ITM",9.549101e-05,0.000108364756666667,9.21305e-05,0.0001080795,30,30,1.28737466666667e-05,0.182458625451863,0.00215663782122977,0.00978534175602761,"FERMENTATION-PWY","mixed acid fermentation","Enriched in OTM2",2.66622278278258,2.00942400187465
"PWY-5384: sucrose degradation IV (sucrose phosphorylase)","ITM","OTM2","OTM2 vs ITM",5.36513966666667e-05,2.61489566666667e-05,4.208635e-05,2.283245e-05,30,30,-2.750244e-05,-1.0368595152354,0.00226578132742753,0.0101293753461466,"PWY-5384","sucrose degradation IV (sucrose phosphorylase)","Enriched in ITM",2.64478200659714,1.99441733569462
"P441-PWY: superpathway of N-acetylneuraminate degradation","ITM","OTM2","OTM2 vs ITM",3.32244433333333e-05,2.51047866666667e-05,3.11828e-05,2.37757e-05,30,30,-8.11965666666667e-06,-0.404281157870086,0.00249939232722768,0.0108545038211031,"P441-PWY","superpathway of N-acetylneuraminate degradation","Enriched in ITM",2.60216556773239,1.96439002413789
"PWY-6121: 5-aminoimidazole ribonucleotide biosynthesis I","ITM","OTM2","OTM2 vs ITM",0.000424308366666667,0.0004561662,0.000421489,0.000449472,30,30,3.18578333333333e-05,0.104446402725159,0.00249939232722768,0.0108545038211031,"PWY-6121","5-aminoimidazole ribonucleotide biosynthesis I","Enriched in OTM2",2.60216556773239,1.96439002413789
"ARG+POLYAMINE-SYN: superpathway of arginine and polyamine biosynthesis","ITM","OTM2","OTM2 vs ITM",8.898686e-06,5.97938953333333e-06,8.61522e-06,5.680105e-06,30,30,-2.91929646666667e-06,-0.573586205195939,0.00275484821205465,0.0117954064290791,"ARG+POLYAMINE-SYN","superpathway of arginine and polyamine biosynthesis","Enriched in ITM",2.55990232511823,1.92828709022855
"GLYOXYLATE-BYPASS: glyoxylate cycle","ITM","OTM2","OTM2 vs ITM",3.10585426666667e-06,1.33687303333333e-06,2.176475e-06,7.70279e-07,27,21,-1.76898123333333e-06,-1.21606622040186,0.00299058286265659,0.0126269054201056,"GLYOXYLATE-BYPASS","glyoxylate cycle","Enriched in ITM",2.52424415971369,1.8987030725362
"PWY0-1296: purine ribonucleosides degradation","ITM","OTM2","OTM2 vs ITM",0.000303541766666667,0.0003453848,0.0003007305,0.0003495,30,30,4.18430333333333e-05,0.186309493539718,0.00318295916165074,0.0130759403397544,"PWY0-1296","purine ribonucleosides degradation","Enriched in OTM2",2.49716893347561,1.88352706959783
"PWY-5103: L-isoleucine biosynthesis III","ITM","OTM2","OTM2 vs ITM",0.000347392966666667,0.0003189368,0.000339487,0.000319966,30,30,-2.84561666666667e-05,-0.123297938225897,0.00318295916165074,0.0130759403397544,"PWY-5103","L-isoleucine biosynthesis III","Enriched in ITM",2.49716893347561,1.88352706959783
"PWY-6353: purine nucleotides degradation II (aerobic)","ITM","OTM2","OTM2 vs ITM",1.59190603333333e-05,1.11116363333333e-05,1.41837e-05,1.037795e-05,30,29,-4.807424e-06,-0.518679970370799,0.00333861225944255,0.0133544490377702,"PWY-6353","purine nucleotides degradation II (aerobic)","Enriched in ITM",2.47643401621445,1.87437402488649
"PWY-6700: queuosine biosynthesis I (de novo)","ITM","OTM2","OTM2 vs ITM",0.000355551633333333,0.000408851633333333,0.0003608085,0.0003896535,30,30,5.33e-05,0.201518267196867,0.00333861225944255,0.0133544490377702,"PWY-6700","queuosine biosynthesis I (de novo)","Enriched in OTM2",2.47643401621445,1.87437402488649
"PWY-6969: TCA cycle V (2-oxoglutarate synthase)","ITM","OTM2","OTM2 vs ITM",6.68706966666667e-05,7.183761e-05,6.60042e-05,7.626255e-05,30,30,4.96691333333333e-06,0.103365056434008,0.00350116735385488,0.0138227905918427,"PWY-6969","TCA cycle V (2-oxoglutarate synthase)","Enriched in OTM2",2.4557871297038,1.85940427126753
"PWY-5838: superpathway of menaquinol-8 biosynthesis I","ITM","OTM2","OTM2 vs ITM",1.983563e-06,6.78976666666667e-07,1.828975e-06,0,18,7,-1.30458633333333e-06,-1.54652058362508,0.00395793294663186,0.0154257899458472,"PWY-5838","superpathway of menaquinol-8 biosynthesis I","Enriched in ITM",2.40253156767244,1.81175258675416
"PWY-7242: D-fructuronate degradation","ITM","OTM2","OTM2 vs ITM",4.250492e-05,5.28017566666667e-05,4.07631e-05,5.064775e-05,30,30,1.02968366666667e-05,0.312955420893522,0.00422591773137863,0.016261759371381,"PWY-7242","D-fructuronate degradation","Enriched in OTM2",2.3740789618876,1.78883246956929
"HEMESYN2-PWY: heme b biosynthesis II (oxygen-independent)","ITM","OTM2","OTM2 vs ITM",2.25962213333333e-06,1.5052978e-06,2.34236e-06,1.355535e-06,29,26,-7.54324333333334e-07,-0.586000614375991,0.00530936949093432,0.019974217935356,"HEMESYN2-PWY","heme b biosynthesis II (oxygen-independent)","Enriched in ITM",2.27495705007981,1.69953021591928
"""PWY-7013: (S)-propane-1,2-diol degradation""","ITM","OTM2","OTM2 vs ITM",1.3859697e-05,1.184238e-05,1.380085e-05,1.15471e-05,30,30,-2.017317e-06,-0.22693489149163,0.00532207780514421,0.019974217935356,"""PWY-7013","(S)-propane-1,2-diol degradation""","Enriched in ITM",2.27391878064938,1.69953021591928
"PWY-561: superpathway of glyoxylate cycle and fatty acid degradation","ITM","OTM2","OTM2 vs ITM",2.26916253333333e-06,7.33506333333333e-07,1.26626e-06,0,20,10,-1.5356562e-06,-1.62914552644796,0.00704670806732738,0.0258096295478015,"PWY-561","superpathway of glyoxylate cycle and fatty acid degradation","Enriched in ITM",2.15201372018359,1.58821822895091
"BRANCHED-CHAIN-AA-SYN-PWY: superpathway of branched chain amino acid biosynthesis","ITM","OTM2","OTM2 vs ITM",0.000361922933333333,0.000335216666666667,0.0003537625,0.000337065,30,30,-2.67062666666667e-05,-0.11058861526518,0.00697244149457026,0.0258096295478015,"BRANCHED-CHAIN-AA-SYN-PWY","superpathway of branched chain amino acid biosynthesis","Enriched in ITM",2.15661512119126,1.58821822895091
"CALVIN-PWY: Calvin-Benson-Bassham cycle","ITM","OTM2","OTM2 vs ITM",0.000281270533333333,0.000299892933333333,0.00028239,0.000297546,30,30,1.86224e-05,0.092489075230961,0.00795899566104558,0.0288039842971173,"CALVIN-PWY","Calvin-Benson-Bassham cycle","Enriched in OTM2",2.09914173205947,1.5405474345126
"PWY-7118: chitin deacetylation","ITM","OTM2","OTM2 vs ITM",2.3367246e-06,1.06692836666667e-06,1.984065e-06,5.87588e-07,25,18,-1.26979623333333e-06,-1.13095092042521,0.00830172018094318,0.0293338761521017,"PWY-7118","chitin deacetylation","Enriched in ITM",2.08083190910738,1.532630545944
"ASPASN-PWY: superpathway of L-aspartate and L-asparagine biosynthesis","ITM","OTM2","OTM2 vs ITM",8.78091866666667e-05,7.28544466666667e-05,8.55572e-05,7.13757e-05,30,30,-1.495474e-05,-0.269354516520808,0.00868437122924062,0.0293338761521017,"ASPASN-PWY","superpathway of L-aspartate and L-asparagine biosynthesis","Enriched in ITM",2.06126162011343,1.532630545944
"GLUCONEO-PWY: gluconeogenesis I","ITM","OTM2","OTM2 vs ITM",0.000181863366666667,0.000194619133333333,0.000178349,0.000193976,30,30,1.27557666666667e-05,0.0977985333971628,0.00868437122924062,0.0293338761521017,"GLUCONEO-PWY","gluconeogenesis I","Enriched in OTM2",2.06126162011343,1.532630545944
"PWY-5686: UMP biosynthesis I","ITM","OTM2","OTM2 vs ITM",0.000498346933333333,0.000520917633333333,0.0004905085,0.000514012,30,30,2.25707e-05,0.0639048107513326,0.00868437122924062,0.0293338761521017,"PWY-5686","UMP biosynthesis I","Enriched in OTM2",2.06126162011343,1.532630545944
"PWY-7790: UMP biosynthesis II","ITM","OTM2","OTM2 vs ITM",0.000498346933333333,0.000520917633333333,0.0004905085,0.000514012,30,30,2.25707e-05,0.0639048107513326,0.00868437122924062,0.0293338761521017,"PWY-7790","UMP biosynthesis II","Enriched in OTM2",2.06126162011343,1.532630545944
"PWY-7791: UMP biosynthesis III","ITM","OTM2","OTM2 vs ITM",0.000498346933333333,0.000520917633333333,0.0004905085,0.000514012,30,30,2.25707e-05,0.0639048107513326,0.00868437122924062,0.0293338761521017,"PWY-7791","UMP biosynthesis III","Enriched in OTM2",2.06126162011343,1.532630545944
"PWY-7312: dTDP-&beta;-D-fucofuranose biosynthesis","ITM","OTM2","OTM2 vs ITM",3.15138856666667e-06,4.321059e-06,2.84415e-06,4.06149e-06,29,29,1.16967043333333e-06,0.455384888088478,0.00926561751283219,0.0309532716912196,"PWY-7312","dTDP-&beta;-D-fucofuranose biosynthesis","Enriched in OTM2",2.03312563155515,1.50929344026749
"SALVADEHYPOX-PWY: adenosine nucleotides degradation II","ITM","OTM2","OTM2 vs ITM",1.45185726666667e-05,1.88551706666667e-05,1.312275e-05,1.59978e-05,30,30,4.336598e-06,0.377058295881789,0.00946826970861527,0.0312864564284678,"SALVADEHYPOX-PWY","adenosine nucleotides degradation II","Enriched in OTM2",2.02372937946127,1.50464362319807
"PWY-6608: guanosine nucleotides degradation III","ITM","OTM2","OTM2 vs ITM",1.73016876666667e-05,2.19829406666667e-05,1.55294e-05,1.92185e-05,30,30,4.681253e-06,0.345469843213683,0.0112277644666888,0.0363110680624831,"PWY-6608","guanosine nucleotides degradation III","Enriched in OTM2",1.94970670646601,1.43996097645696
"PWY-6317: D-galactose degradation I (Leloir pathway)","ITM","OTM2","OTM2 vs ITM",0.000123887716666667,0.00013343637,0.000121192,0.0001306525,30,30,9.54865333333333e-06,0.107118711139515,0.0112277644666888,0.0363110680624831,"PWY-6317","D-galactose degradation I (Leloir pathway)","Enriched in OTM2",1.94970670646601,1.43996097645696
"PWY-5005: biotin biosynthesis II","ITM","OTM2","OTM2 vs ITM",3.10198893333333e-06,5.5037476e-06,2.540425e-06,4.855455e-06,25,27,2.40175866666667e-06,0.827200475391335,0.0113707943730464,0.0363865419937485,"PWY-5005","biotin biosynthesis II","Enriched in OTM2",1.94420919408275,1.43905921576284
"ILEUSYN-PWY: L-isoleucine biosynthesis I (from threonine)","ITM","OTM2","OTM2 vs ITM",0.0003935302,0.000368657466666667,0.0003866815,0.000367814,30,30,-2.48727333333334e-05,-0.0941933523349173,0.0117106837928731,0.0370838320107649,"ILEUSYN-PWY","L-isoleucine biosynthesis I (from threonine)","Enriched in ITM",1.93141774550822,1.43081539493904
"PWY-7345: superpathway of anaerobic sucrose degradation","ITM","OTM2","OTM2 vs ITM",6.97475e-05,5.722731e-05,6.63532e-05,5.892755e-05,30,30,-1.252019e-05,-0.285437260143222,0.0122119396652024,0.0382724707033146,"PWY-7345","superpathway of anaerobic sucrose degradation","Enriched in ITM",1.91321535006077,1.41711350071826
"PWY-6906: chitin derivatives degradation","ITM","OTM2","OTM2 vs ITM",1.54323433333333e-06,4.71849666666667e-07,5.82055e-07,0,15,6,-1.07138466666667e-06,-1.7093457177764,0.0127445593823263,0.0394545573552261,"PWY-6906","chitin derivatives degradation","Enriched in ITM",1.89467517479904,1.40390282464942
"PWY-7200: superpathway of pyrimidine deoxyribonucleoside salvage","ITM","OTM2","OTM2 vs ITM",5.02906566666667e-06,2.64867796666667e-06,4.637755e-06,1.581525e-06,25,17,-2.3803877e-06,-0.924992163155492,0.0128486880860769,0.0394545573552261,"PWY-7200","superpathway of pyrimidine deoxyribonucleoside salvage","Enriched in ITM",1.89114121366063,1.40390282464942
"PWY-7229: superpathway of adenosine nucleotides de novo biosynthesis I","ITM","OTM2","OTM2 vs ITM",0.000231993066666667,0.000202422833333333,0.0002313785,0.00020642,30,30,-2.95702333333333e-05,-0.196709563359928,0.0144121833498759,0.0438130373836226,"PWY-7229","superpathway of adenosine nucleotides de novo biosynthesis I","Enriched in ITM",1.8412702214778,1.35839663786905
"FUCCAT-PWY: fucose degradation","ITM","OTM2","OTM2 vs ITM",5.79403e-06,4.41429e-06,5.82328e-06,4.074385e-06,30,30,-1.37974e-06,-0.39237796035575,0.0169548805872933,0.0510325118667044,"FUCCAT-PWY","fucose degradation","Not significant",1.77070526459791,1.2921530547718
"FUC-RHAMCAT-PWY: superpathway of fucose and rhamnose degradation","ITM","OTM2","OTM2 vs ITM",9.85471566666667e-06,7.797934e-06,1.015144e-05,7.57569e-06,30,29,-2.05678166666667e-06,-0.337718441050453,0.0176490281291738,0.0526010250124397,"FUC-RHAMCAT-PWY","superpathway of fucose and rhamnose degradation","Not significant",1.75327920471003,1.2790057928632
"GALACTARDEG-PWY: D-galactarate degradation I","ITM","OTM2","OTM2 vs ITM",1.6991959e-06,7.306388e-07,9.589415e-07,0,22,14,-9.685571e-07,-1.21750937505428,0.021462165194257,0.0621605206948765,"GALACTARDEG-PWY","D-galactarate degradation I","Not significant",1.66832646669047,1.20648535627335
"GLUCARGALACTSUPER-PWY: superpathway of D-glucarate and D-galactarate degradation","ITM","OTM2","OTM2 vs ITM",1.6991959e-06,7.306388e-07,9.589415e-07,0,22,14,-9.685571e-07,-1.21750937505428,0.021462165194257,0.0621605206948765,"GLUCARGALACTSUPER-PWY","superpathway of D-glucarate and D-galactarate degradation","Not significant",1.66832646669047,1.20648535627335
"PWY-6531: mannitol cycle","ITM","OTM2","OTM2 vs ITM",2.62581203333333e-06,1.88579836666667e-06,2.65146e-06,1.907595e-06,30,25,-7.40013666666667e-07,-0.477566657982781,0.0214699166873751,0.0621605206948765,"PWY-6531","mannitol cycle","Not significant",1.66816964081217,1.20648535627335
"P23-PWY: reductive TCA cycle I","ITM","OTM2","OTM2 vs ITM",2.20708396666667e-05,1.74456076666667e-05,2.18728e-05,1.828895e-05,30,29,-4.625232e-06,-0.339275933315205,0.0223601480626597,0.0641272170853637,"P23-PWY","reductive TCA cycle I","Not significant",1.65052532499925,1.19295760665526
"GLUCARDEG-PWY: D-glucarate degradation I","ITM","OTM2","OTM2 vs ITM",1.58129466666667e-06,7.23489166666667e-07,9.489465e-07,0,22,14,-8.578055e-07,-1.12795475051991,0.0242017264337489,0.0681233781098119,"GLUCARDEG-PWY","D-glucarate degradation I","Not significant",1.61615365245316,1.16670382433136
"PWY-6731: starch degradation III","ITM","OTM2","OTM2 vs ITM",1.02979773333333e-05,7.7647789e-06,9.5167e-06,6.492145e-06,30,30,-2.53319843333333e-06,-0.40733967937197,0.0241568846428126,0.0681233781098119,"PWY-6731","starch degradation III","Not significant",1.61695907459042,1.16670382433136
"PWY-7948: 4-oxopentanoate degradation","ITM","OTM2","OTM2 vs ITM",1.23529556666667e-06,6.267968e-07,1.10985e-06,6.865975e-07,22,18,-6.08498766666667e-07,-0.978673187910162,0.0252723499816004,0.0698435854036958,"PWY-7948","4-oxopentanoate degradation","Not significant",1.59735437277775,1.15587347432722
"PWY-6588: pyruvate fermentation to acetone","ITM","OTM2","OTM2 vs ITM",6.14617933333333e-06,7.56776233333333e-06,5.8956e-06,7.145535e-06,30,30,1.421583e-06,0.300172509536037,0.0251012827293351,0.0698435854036958,"PWY-6588","pyruvate fermentation to acetone","Not significant",1.60030408457324,1.15587347432722
"PWY-7400: L-arginine biosynthesis IV (archaebacteria)","ITM","OTM2","OTM2 vs ITM",5.179245e-05,3.230986e-05,4.07113e-05,2.918615e-05,30,30,-1.948259e-05,-0.680765626599187,0.027086318388296,0.0741823494598376,"PWY-7400","L-arginine biosynthesis IV (archaebacteria)","Not significant",1.56725002089172,1.12969941606963
"HISTSYN-PWY: L-histidine biosynthesis","ITM","OTM2","OTM2 vs ITM",0.000251520066666667,0.0002256119,0.0002484745,0.000224315,30,30,-2.59081666666667e-05,-0.156830273899385,0.029205409568445,0.0792718259714936,"HISTSYN-PWY","L-histidine biosynthesis","Not significant",1.53453669895798,1.10088113801941
"PWY-6122: 5-aminoimidazole ribonucleotide biosynthesis II","ITM","OTM2","OTM2 vs ITM",0.000599868666666667,0.000623786466666667,0.0005932835,0.0006185765,30,30,2.39178e-05,0.0564055676596637,0.0326509391784213,0.0870691711424567,"PWY-6122","5-aminoimidazole ribonucleotide biosynthesis II","Not significant",1.48610432207223,1.06013558979994
"PWY-6277: superpathway of 5-aminoimidazole ribonucleotide biosynthesis","ITM","OTM2","OTM2 vs ITM",0.000599868666666667,0.000623786466666667,0.0005932835,0.0006185765,30,30,2.39178e-05,0.0564055676596637,0.0326509391784213,0.0870691711424567,"PWY-6277","superpathway of 5-aminoimidazole ribonucleotide biosynthesis","Not significant",1.48610432207223,1.06013558979994
"""PWY-724: superpathway of L-lysine, L-threonine and L-methionine biosynthesis II""","ITM","OTM2","OTM2 vs ITM",0.000251300433333333,0.000235514633333333,0.0002544345,0.00024046,30,30,-1.57858e-05,-0.0935964182494883,0.0351365999421798,0.0928828381080232,"""PWY-724","superpathway of L-lysine, L-threonine and L-methionine biosynthesis II""","Not significant",1.4542402661131,1.03206452285796
"PWY-8182: valproate &beta;-oxidation","ITM","OTM2","OTM2 vs ITM",1.77136656666667e-06,9.82302933333333e-07,1.580385e-06,1.03083e-06,22,18,-7.89063633333333e-07,-0.850557463831747,0.0369279302454805,0.0967766447812592,"PWY-8182","valproate &beta;-oxidation","Not significant",1.43264503321435,1.01422943883252
"PWY-6628: superpathway of L-phenylalanine biosynthesis","ITM","OTM2","OTM2 vs ITM",4.485735e-05,3.628448e-05,4.427195e-05,3.655995e-05,30,30,-8.57287e-06,-0.305991039536241,0.0377820178941672,0.0981686618788619,"PWY-6628","superpathway of L-phenylalanine biosynthesis","Not significant",1.42271485062544,1.00802712876285
"""PWY-7456: &beta;-(1,4)-mannan degradation""","ITM","OTM2","OTM2 vs ITM",1.86986833333333e-06,8.12423666666667e-07,1.422495e-06,0,17,11,-1.05744466666667e-06,-1.20253209859521,0.0415015826148182,0.106919331482244,"""PWY-7456","&beta;-(1,4)-mannan degradation""","Not significant",1.38193534165472,0.970943765352092
"PWY-6123: inosine-5'-phosphate biosynthesis I","ITM","OTM2","OTM2 vs ITM",0.000335649466666667,0.000305515,0.0003317795,0.000310059,30,30,-3.01344666666666e-05,-0.135712093240907,0.0420668213238357,0.107464820860891,"PWY-6123","inosine-5'-phosphate biosynthesis I","Not significant",1.37606030314043,0.968733680924208
"PWY-5723: Rubisco shunt","ITM","OTM2","OTM2 vs ITM",1.92689296666667e-06,1.31554056666667e-06,1.581375e-06,0,23,13,-6.113524e-07,-0.550585907693389,0.0436892605988751,0.109764753901306,"PWY-5723","Rubisco shunt","Not significant",1.35962530526859,0.959537091976287
"PWY-7356: thiamine diphosphate salvage IV (yeast)","ITM","OTM2","OTM2 vs ITM",3.301125e-05,2.71932266666667e-05,3.1042e-05,2.630985e-05,30,30,-5.81802333333334e-06,-0.279709486096528,0.0435835477758183,0.109764753901306,"PWY-7356","thiamine diphosphate salvage IV (yeast)","Not significant",1.36067742033235,0.959537091976287
"PWY-6124: inosine-5'-phosphate biosynthesis II","ITM","OTM2","OTM2 vs ITM",0.000313069566666667,0.000280910433333333,0.0003077635,0.0002849,30,30,-3.21591333333333e-05,-0.15637301008992,0.0451462083807951,0.112495470063621,"PWY-6124","inosine-5'-phosphate biosynthesis II","Not significant",1.34537871818424,0.948864965250239
"FASYN-ELONG-PWY: fatty acid elongation -- saturated","ITM","OTM2","OTM2 vs ITM",6.18508863333333e-06,4.32865233333333e-06,5.22191e-06,2.807885e-06,29,21,-1.8564363e-06,-0.514866334510639,0.0487408571037728,0.119493714189895,"FASYN-ELONG-PWY","fatty acid elongation -- saturated","Not significant",1.3121068380531,0.92265493960658
"PWY-6609: adenine and adenosine salvage III","ITM","OTM2","OTM2 vs ITM",0.000382306266666667,0.000394333866666667,0.0003819335,0.000403432,30,30,1.20276e-05,0.0446887589134463,0.0484134994648137,0.119493714189895,"PWY-6609","adenine and adenosine salvage III","Not significant",1.31503352418974,0.92265493960658
"BIOTIN-BIOSYNTHESIS-PWY: biotin biosynthesis I","ITM","OTM2","OTM2 vs ITM",1.56600926666667e-06,9.63465766666667e-07,1.603315e-06,0,19,12,-6.025435e-07,-0.700729828381547,0.0506795602197821,0.120363955521982,"BIOTIN-BIOSYNTHESIS-PWY","biotin biosynthesis I","Not significant",1.29516716243403,0.919503548473145
"PWY-6282: palmitoleate biosynthesis I (from (5Z)-dodec-5-enoate)","ITM","OTM2","OTM2 vs ITM",4.82520306666667e-06,3.35850766666667e-06,4.00084e-06,2.13142e-06,29,21,-1.4666954e-06,-0.522756279693334,0.0504612517576957,0.120363955521982,"PWY-6282","palmitoleate biosynthesis I (from (5Z)-dodec-5-enoate)","Not significant",1.29704198043919,0.919503548473145
"PWY-6876: isopropanol biosynthesis (engineered)","ITM","OTM2","OTM2 vs ITM",1.52864026666667e-06,1.160389e-06,1.5486e-06,1.116795e-06,28,26,-3.68251266666667e-07,-0.397610465506671,0.0500086967787592,0.120363955521982,"PWY-6876","isopropanol biosynthesis (engineered)","Not significant",1.30095446297219,0.919503548473145
"COA-PWY: coenzyme A biosynthesis I (prokaryotic)","ITM","OTM2","OTM2 vs ITM",0.000188234533333333,0.000202112833333333,0.000185724,0.000206517,30,30,1.38783e-05,0.102629549351762,0.0501202392620014,0.120363955521982,"COA-PWY","coenzyme A biosynthesis I (prokaryotic)","Not significant",1.29998686445524,0.919503548473145
"PWY-6519: 8-amino-7-oxononanoate biosynthesis I","ITM","OTM2","OTM2 vs ITM",1.41516103333333e-06,8.72479033333333e-07,1.406655e-06,0,19,12,-5.42682e-07,-0.69771045730259,0.0525638464372729,0.122918533207161,"PWY-6519","8-amino-7-oxononanoate biosynthesis I","Not significant",1.27931286214384,0.910382630841927
"PWY-7664: oleate biosynthesis IV (anaerobic)","ITM","OTM2","OTM2 vs ITM",5.5376032e-06,3.88623433333333e-06,4.62693e-06,2.505225e-06,29,21,-1.65136886666667e-06,-0.510877714422167,0.0522322414340405,0.122918533207161,"PWY-7664","oleate biosynthesis IV (anaerobic)","Not significant",1.28206133695166,0.910382630841927
"""PWY-7383: anaerobic energy metabolism (invertebrates, cytosol)""","ITM","OTM2","OTM2 vs ITM",8.79036166666667e-05,7.81220366666667e-05,8.87333e-05,8.032655e-05,30,30,-9.78157999999999e-06,-0.170192757447157,0.0574595460285453,0.133341236585326,"""PWY-7383","anaerobic energy metabolism (invertebrates, cytosol)""","Not significant",1.24063780956712,0.875035521614134
"""PWY-5464: superpathway of cytosolic glycolysis (plants), pyruvate dehydrogenase and TCA cycle""","ITM","OTM2","OTM2 vs ITM",2.1984957e-06,1.12394533333333e-06,1.55663e-06,0,19,12,-1.07455036666667e-06,-0.967882109862195,0.0606962238054272,0.139785242703408,"""PWY-5464","superpathway of cytosolic glycolysis (plants), pyruvate dehydrogenase and TCA cycle""","Not significant",1.21683832756527,0.854538675162364
"PWY-5100: pyruvate fermentation to acetate and lactate II","ITM","OTM2","OTM2 vs ITM",0.000152027866666667,0.000158708966666667,0.000148465,0.000158781,30,30,6.68109999999998e-06,0.0620478057351986,0.061451911011257,0.140461510882873,"PWY-5100","pyruvate fermentation to acetate and lactate II","Not significant",1.21146460702099,0.852442664379325
"LIPASYN-PWY: phospholipases","ITM","OTM2","OTM2 vs ITM",2.28529566666667e-06,1.37659266666667e-06,2.18633e-06,1.17913e-06,22,21,-9.08703e-07,-0.731237430555719,0.0626187017331491,0.142060338260279,"LIPASYN-PWY","phospholipases","Not significant",1.20329594080684,0.847527155562897
"PWY-6527: stachyose degradation","ITM","OTM2","OTM2 vs ITM",0.00010378705,0.000112166143333333,0.0001036145,0.000112769,30,30,8.37909333333333e-06,0.112010726053639,0.0678688608194432,0.152830619919339,"PWY-6527","stachyose degradation","Not significant",1.16832944039129,0.815789625277544
"PWY-5989: stearate biosynthesis II (bacteria and plants)","ITM","OTM2","OTM2 vs ITM",4.84147e-06,3.4420817e-06,3.995805e-06,2.17193e-06,29,23,-1.3993883e-06,-0.492151699363775,0.0686661307514868,0.153488998150382,"PWY-5989","stearate biosynthesis II (bacteria and plants)","Not significant",1.16325742385411,0.81392274861557
"PWY-4041: &gamma;-glutamyl cycle","ITM","OTM2","OTM2 vs ITM",2.752352e-05,2.3044423e-05,2.712655e-05,2.314195e-05,30,30,-4.479097e-06,-0.256246325121703,0.0724455957742367,0.159590297937449,"PWY-4041","&gamma;-glutamyl cycle","Not significant",1.13998801169848,0.796993514490959
"METH-ACETATE-PWY: methanogenesis from acetate","ITM","OTM2","OTM2 vs ITM",4.78517333333333e-05,5.59120933333333e-05,4.28787e-05,5.25865e-05,30,30,8.06036e-06,0.224588741047052,0.0724455957742367,0.159590297937449,"METH-ACETATE-PWY","methanogenesis from acetate","Not significant",1.13998801169848,0.796993514490959
"PWY-5154: L-arginine biosynthesis III (via N-acetyl-L-citrulline)","ITM","OTM2","OTM2 vs ITM",6.19804333333333e-05,7.560209e-05,5.995905e-05,6.77902e-05,30,30,1.36216566666667e-05,0.28661285704213,0.0823571708823862,0.180119280203204,"PWY-5154","L-arginine biosynthesis III (via N-acetyl-L-citrulline)","Not significant",1.08429858059786,0.744439797243199
"PWY0-862: (5Z)-dodecenoate biosynthesis I","ITM","OTM2","OTM2 vs ITM",4.86727043333333e-06,3.61370846666667e-06,4.015115e-06,2.52683e-06,29,24,-1.25356196666667e-06,-0.429622530926264,0.0902395852699809,0.195099785216084,"PWY0-862","(5Z)-dodecenoate biosynthesis I","Not significant",1.04460290932009,0.709743208716815
"ARGININE-SYN4-PWY: L-ornithine biosynthesis II","ITM","OTM2","OTM2 vs ITM",8.30415566666667e-06,1.10331123333333e-05,7.55701e-06,9.072755e-06,30,30,2.72895666666667e-06,0.40993012816297,0.090490360906144,0.195099785216084,"ARGININE-SYN4-PWY","L-ornithine biosynthesis II","Not significant",1.04339767967019,0.709743208716815
"NAD-BIOSYNTHESIS-II: NAD salvage pathway III (to nicotinamide riboside)","ITM","OTM2","OTM2 vs ITM",6.67974733333333e-06,8.6976669e-06,6.22501e-06,8.498325e-06,30,30,2.01791956666667e-06,0.380829914568683,0.0933407965270883,0.19982818411433,"NAD-BIOSYNTHESIS-II","NAD salvage pathway III (to nicotinamide riboside)","Not significant",1.02992849736726,0.699343258141566
"LACTOSECAT-PWY: lactose and galactose degradation I","ITM","OTM2","OTM2 vs ITM",5.952183e-06,4.68754613333333e-06,5.401725e-06,4.2514e-06,30,30,-1.26463686666667e-06,-0.344579454725365,0.0992576082398258,0.211009181153196,"LACTOSECAT-PWY","lactose and galactose degradation I","Not significant",1.00323619398617,0.67569864784248
"PYRIDOXSYN-PWY: pyridoxal 5'-phosphate biosynthesis I","ITM","OTM2","OTM2 vs ITM",1.9831752e-06,1.2326233e-06,1.341025e-06,9.36542e-07,24,22,-7.505519e-07,-0.686035875030929,0.10015456056732,0.21143740564212,"PYRIDOXSYN-PWY","pyridoxal 5'-phosphate biosynthesis I","Not significant",0.999329270193405,0.674818178679901
"PWY-7220: adenosine deoxyribonucleotides de novo biosynthesis II","ITM","OTM2","OTM2 vs ITM",9.19852733333333e-05,8.28528433333333e-05,9.38949e-05,8.441955e-05,30,30,-9.13243000000001e-06,-0.150851525537703,0.105469946521778,0.218114719337554,"PWY-7220","adenosine deoxyribonucleotides de novo biosynthesis II","Not significant",0.976871274197172,0.661315025336594
"PWY-7222: guanosine deoxyribonucleotides de novo biosynthesis II","ITM","OTM2","OTM2 vs ITM",9.19852733333333e-05,8.28528433333333e-05,9.38949e-05,8.441955e-05,30,30,-9.13243000000001e-06,-0.150851525537703,0.105469946521778,0.218114719337554,"PWY-7222","guanosine deoxyribonucleotides de novo biosynthesis II","Not significant",0.976871274197172,0.661315025336594
"PWY-7199: pyrimidine deoxyribonucleosides salvage","ITM","OTM2","OTM2 vs ITM",0.000189509033333333,0.000201596266666667,0.0001868645,0.0001970615,30,30,1.20872333333333e-05,0.0892022573436262,0.105465106535034,0.218114719337554,"PWY-7199","pyrimidine deoxyribonucleosides salvage","Not significant",0.976891204308408,0.661315025336594
"PWY-5659: GDP-mannose biosynthesis","ITM","OTM2","OTM2 vs ITM",1.87253933333333e-05,1.57345066666667e-05,1.73376e-05,1.526365e-05,30,30,-2.99088666666667e-06,-0.25106261314245,0.108689773214447,0.22027794038128,"PWY-5659","GDP-mannose biosynthesis","Not significant",0.963811317417636,0.657028992864564
"GLUDEG-I-PWY: GABA shunt","ITM","OTM2","OTM2 vs ITM",6.37964333333333e-06,7.30787933333333e-06,6.03317e-06,6.780905e-06,30,30,9.28236e-07,0.195974170721614,0.108689773214447,0.22027794038128,"GLUDEG-I-PWY","GABA shunt","Not significant",0.963811317417636,0.657028992864564
"PWY0-1477: ethanolamine utilization","ITM","OTM2","OTM2 vs ITM",8.61220033333333e-05,7.83533366666667e-05,8.10067e-05,7.90825e-05,30,30,-7.76866666666667e-06,-0.136387000173529,0.108689773214447,0.22027794038128,"PWY0-1477","ethanolamine utilization","Not significant",0.963811317417636,0.657028992864564
"PWY-6126: superpathway of adenosine nucleotides de novo biosynthesis II","ITM","OTM2","OTM2 vs ITM",0.000179072266666667,0.000163622746666667,0.0001815515,0.000169516,30,30,-1.544952e-05,-0.130168520848904,0.115362359692063,0.232252697658193,"PWY-6126","superpathway of adenosine nucleotides de novo biosynthesis II","Not significant",0.93793586920959,0.634039232894006
"PWY0-166: superpathway of pyrimidine deoxyribonucleotides de novo biosynthesis (E. coli)","ITM","OTM2","OTM2 vs ITM",2.71396746666667e-06,6.850751e-07,1.81975e-07,0,15,10,-2.02889236666667e-06,-1.98591195551868,0.118649829709183,0.23454852417482,"PWY0-166","superpathway of pyrimidine deoxyribonucleotides de novo biosynthesis (E. coli)","Not significant",0.925732880762403,0.629767295374031
"P105-PWY: TCA cycle IV (2-oxoglutarate decarboxylase)","ITM","OTM2","OTM2 vs ITM",1.897646e-06,1.61943303333333e-06,1.743495e-06,5.643795e-07,20,16,-2.78212966666667e-07,-0.22870901582849,0.117283645142978,0.23454852417482,"P105-PWY","TCA cycle IV (2-oxoglutarate decarboxylase)","Not significant",0.930762544741825,0.629767295374031
"DTDPRHAMSYN-PWY: dTDP-&beta;-L-rhamnose biosynthesis","ITM","OTM2","OTM2 vs ITM",0.0004704031,0.0004824731,0.000468629,0.000494326,30,30,1.207e-05,0.0365509326491506,0.118817344483297,0.23454852417482,"DTDPRHAMSYN-PWY","dTDP-&beta;-L-rhamnose biosynthesis","Not significant",0.925120158146322,0.629767295374031
"TCA-GLYOX-BYPASS: superpathway of glyoxylate bypass and TCA","ITM","OTM2","OTM2 vs ITM",1.70319626666667e-06,7.08898666666667e-07,0,0,13,8,-9.942976e-07,-1.26447457578201,0.12030055620562,0.234742852375517,"TCA-GLYOX-BYPASS","superpathway of glyoxylate bypass and TCA","Not significant",0.919732364709422,0.629407622581044
"PWY-5675: nitrate reduction V (assimilatory)","ITM","OTM2","OTM2 vs ITM",1.9744859e-06,1.10859016666667e-06,1.174275e-06,8.25858e-07,24,23,-8.65895733333333e-07,-0.832693882569299,0.120460147929542,0.234742852375517,"PWY-5675","nitrate reduction V (assimilatory)","Not significant",0.919156607835336,0.629407622581044
"PWY-7761: NAD salvage pathway II (PNC IV cycle)","ITM","OTM2","OTM2 vs ITM",3.1344847e-05,2.46300093333333e-05,3.100245e-05,2.476955e-05,30,30,-6.71483766666667e-06,-0.347809858385885,0.122352925844741,0.235413224410135,"PWY-7761","NAD salvage pathway II (PNC IV cycle)","Not significant",0.912385640835829,0.628169144181498
"COLANSYN-PWY: colanic acid building blocks biosynthesis","ITM","OTM2","OTM2 vs ITM",3.189702e-05,2.7455887e-05,3.04271e-05,2.73379e-05,30,30,-4.441133e-06,-0.216305393670865,0.122352925844741,0.235413224410135,"COLANSYN-PWY","colanic acid building blocks biosynthesis","Not significant",0.912385640835829,0.628169144181498
"RHAMCAT-PWY: L-rhamnose degradation I","ITM","OTM2","OTM2 vs ITM",3.38448766666667e-05,3.68959666666667e-05,3.309225e-05,3.63041e-05,30,30,3.05109e-06,0.12452530262476,0.129670224908282,0.247922945736589,"RHAMCAT-PWY","L-rhamnose degradation I","Not significant",0.887159735886273,0.605683276597971
"PWY-7211: superpathway of pyrimidine deoxyribonucleotides de novo biosynthesis","ITM","OTM2","OTM2 vs ITM",2.21634696666667e-06,8.17868333333333e-07,0,0,14,8,-1.39847863333333e-06,-1.43813194614107,0.134212677393086,0.2521662504899,"PWY-7211","superpathway of pyrimidine deoxyribonucleotides de novo biosynthesis","Not significant",0.872206459861322,0.598313039122211
"PWY-5971: palmitate biosynthesis (type II fatty acid synthase)","ITM","OTM2","OTM2 vs ITM",3.01329466666667e-06,1.361809e-06,0,0,11,6,-1.65148566666667e-06,-1.14575932759897,0.134378067695276,0.2521662504899,"PWY-5971","palmitate biosynthesis (type II fatty acid synthase)","Not significant",0.871671608188334,0.598313039122211
"RIBOSYN2-PWY: flavin biosynthesis I (bacteria and plants)","ITM","OTM2","OTM2 vs ITM",4.931671e-05,5.257565e-05,4.738615e-05,5.21438e-05,30,30,3.25894e-06,0.0923180416161809,0.133454087587793,0.2521662504899,"RIBOSYN2-PWY","flavin biosynthesis I (bacteria and plants)","Not significant",0.874668119593702,0.598313039122211
"PWY-7184: pyrimidine deoxyribonucleotides de novo biosynthesis I","ITM","OTM2","OTM2 vs ITM",2.5380444e-06,1.02783866666667e-06,6.80596e-07,0,17,11,-1.51020573333333e-06,-1.30401996248351,0.139756914769996,0.259061598110236,"PWY-7184","pyrimidine deoxyribonucleotides de novo biosynthesis I","Not significant",0.854626695268655,0.586596959707599
"PWY-6545: pyrimidine deoxyribonucleotides de novo biosynthesis III","ITM","OTM2","OTM2 vs ITM",2.47667746666667e-06,1.02106243333333e-06,6.79653e-07,0,17,11,-1.45561503333333e-06,-1.27825188147462,0.139756914769996,0.259061598110236,"PWY-6545","pyrimidine deoxyribonucleotides de novo biosynthesis III","Not significant",0.854626695268655,0.586596959707599
"PWY-6897: thiamine diphosphate salvage II","ITM","OTM2","OTM2 vs ITM",6.460922e-05,5.942794e-05,6.75112e-05,6.02329e-05,30,30,-5.18128e-06,-0.120598490932769,0.145319127240865,0.267739482916504,"PWY-6897","thiamine diphosphate salvage II","Not significant",0.837677219091833,0.572287579696986
"PWY4FS-7: phosphatidylglycerol biosynthesis I (plastidic)","ITM","OTM2","OTM2 vs ITM",4.77163166666667e-06,3.28226273333333e-06,4.3091e-06,2.61529e-06,27,26,-1.48936893333333e-06,-0.539778237230215,0.149131984751866,0.270430992226552,"PWY4FS-7","phosphatidylglycerol biosynthesis I (plastidic)","Not significant",0.826429202210757,0.567943538389871
"PWY4FS-8: phosphatidylglycerol biosynthesis II (non-plastidic)","ITM","OTM2","OTM2 vs ITM",4.77163166666667e-06,3.28226273333333e-06,4.3091e-06,2.61529e-06,27,26,-1.48936893333333e-06,-0.539778237230215,0.149131984751866,0.270430992226552,"PWY4FS-8","phosphatidylglycerol biosynthesis II (non-plastidic)","Not significant",0.826429202210757,0.567943538389871
"PYRIDNUCSYN-PWY: NAD de novo biosynthesis I (from aspartate)","ITM","OTM2","OTM2 vs ITM",0.000117156553333333,0.000120926803333333,0.0001152525,0.000123045,30,30,3.77024999999999e-06,0.0456963580478151,0.149448706230463,0.270430992226552,"PYRIDNUCSYN-PWY","NAD de novo biosynthesis I (from aspartate)","Not significant",0.825507840272762,0.567943538389871
"""PWY-7371: 1,4-dihydroxy-6-naphthoate biosynthesis II""","ITM","OTM2","OTM2 vs ITM",2.22543833333333e-06,2.58359433333333e-06,2.32518e-06,2.70655e-06,27,29,3.58156e-07,0.215281050165904,0.15148993882533,0.272502611851481,"""PWY-7371","1,4-dihydroxy-6-naphthoate biosynthesis II""","Not significant",0.819616209787007,0.564629330791927
"""PWY-7090: UDP-2,3-diacetamido-2,3-dideoxy-&alpha;-D-mannuronate biosynthesis""","ITM","OTM2","OTM2 vs ITM",1.88140486666667e-06,1.3609054e-06,1.48097e-06,9.34479e-07,27,19,-5.20499466666666e-07,-0.467214230090097,0.153187539852357,0.273186196417938,"""PWY-7090","UDP-2,3-diacetamido-2,3-dideoxy-&alpha;-D-mannuronate biosynthesis""","Not significant",0.81477655842037,0.563541248515289
"PWY-7357: thiamine phosphate formation from pyrithiamine and oxythiamine (yeast)","ITM","OTM2","OTM2 vs ITM",7.34339066666667e-05,6.57757833333333e-05,7.13466e-05,6.55892e-05,30,30,-7.65812333333333e-06,-0.158889599560065,0.15366723548509,0.273186196417938,"PWY-7357","thiamine phosphate formation from pyrithiamine and oxythiamine (yeast)","Not significant",0.813418721731889,0.563541248515289
"P185-PWY: formaldehyde assimilation III (dihydroxyacetone cycle)","ITM","OTM2","OTM2 vs ITM",1.64273406666667e-06,1.09018216666667e-06,9.91355e-07,8.427385e-07,28,20,-5.525519e-07,-0.591485214244566,0.1563203535529,0.276287136512102,"P185-PWY","formaldehyde assimilation III (dihydroxyacetone cycle)","Not significant",0.805984471371593,0.558639334670388
"GLUCUROCAT-PWY: superpathway of &beta;-D-glucuronosides degradation","ITM","OTM2","OTM2 vs ITM",3.42603866666667e-05,3.751986e-05,3.479895e-05,3.67151e-05,30,30,3.25947333333333e-06,0.131112644896872,0.157975689150513,0.277598898854081,"GLUCUROCAT-PWY","superpathway of &beta;-D-glucuronosides degradation","Not significant",0.801409741400833,0.556582260920875
"ARO-PWY: chorismate biosynthesis I","ITM","OTM2","OTM2 vs ITM",0.0001813357,0.0001639368,0.000171373,0.0001639805,30,30,-1.73989e-05,-0.145523153201008,0.16686617046326,0.291536297820867,"ARO-PWY","chorismate biosynthesis I","Not significant",0.777631700890059,0.535307365563905
"PWY66-429: fatty acid biosynthesis initiation (mitochondria)","ITM","OTM2","OTM2 vs ITM",0.000114066586666667,0.000122771743333333,0.000107129,0.000122087,30,30,8.70515666666668e-06,0.106102216877516,0.17145004745971,0.297833225301439,"PWY66-429","fatty acid biosynthesis initiation (mitochondria)","Not significant",0.765862390330388,0.526026855407928
"COBALSYN-PWY: superpathway of adenosylcobalamin salvage from cobinamide I","ITM","OTM2","OTM2 vs ITM",4.43225096666667e-06,3.81914166666667e-06,4.106405e-06,3.046955e-06,29,30,-6.131093e-07,-0.214785911827851,0.176127545483988,0.304220305835979,"COBALSYN-PWY","superpathway of adenosylcobalamin salvage from cobinamide I","Not significant",0.754172717194661,0.516811801400057
"PWY-2942: L-lysine biosynthesis III","ITM","OTM2","OTM2 vs ITM",0.000327851166666667,0.0003346169,0.000317354,0.000335434,30,30,6.76573333333334e-06,0.0294692736419896,0.180893473899085,0.310687096414248,"PWY-2942","L-lysine biosynthesis III","Not significant",0.74257710091653,0.507676783669583
"PWY-7332: superpathway of UDP-N-acetylglucosamine-derived O-antigen building blocks biosynthesis","ITM","OTM2","OTM2 vs ITM",3.06968166666667e-06,2.04334866666667e-06,3.1245e-06,1.006445e-06,19,15,-1.026333e-06,-0.587130047885586,0.184671802125871,0.315394538462162,"PWY-7332","superpathway of UDP-N-acetylglucosamine-derived O-antigen building blocks biosynthesis","Not significant",0.733599412713705,0.501145831413845
"PWY-3001: superpathway of L-isoleucine biosynthesis I","ITM","OTM2","OTM2 vs ITM",0.000220741133333333,0.000225958533333333,0.000218812,0.00023005,30,30,5.21740000000002e-06,0.0337025371084511,0.185766856298216,0.315492314607025,"PWY-3001","superpathway of L-isoleucine biosynthesis I","Not significant",0.731031768333694,0.501011215704833
"PWY-5022: 4-aminobutanoate degradation V","ITM","OTM2","OTM2 vs ITM",9.80417633333333e-06,1.0066587e-05,9.433275e-06,1.021115e-05,30,30,2.62410666666668e-07,0.0381059106577024,0.190730333471568,0.322122340974203,"PWY-5022","4-aminobutanoate degradation V","Not significant",0.719580231905732,0.491979153400284
"PWY-6147: 6-hydroxymethyl-dihydropterin diphosphate biosynthesis I","ITM","OTM2","OTM2 vs ITM",5.61985466666667e-05,4.78984856666667e-05,5.975035e-05,4.919955e-05,30,30,-8.300061e-06,-0.23055233179668,0.200948896975928,0.337505329727526,"PWY-6147","6-hydroxymethyl-dihydropterin diphosphate biosynthesis I","Not significant",0.696914373341478,0.471719364601909
"PWY-5695: inosine 5'-phosphate degradation","ITM","OTM2","OTM2 vs ITM",0.000177263333333333,0.00016130465,0.000186657,0.0001689435,30,30,-1.59586833333333e-05,-0.136106038875817,0.206205487053013,0.342549005814842,"PWY-5695","inosine 5'-phosphate degradation","Not significant",0.685699782480533,0.465277288602209
"PWY-2941: L-lysine biosynthesis II","ITM","OTM2","OTM2 vs ITM",0.000147765166666667,0.000154792,0.0001477445,0.0001575065,30,30,7.02683333333334e-06,0.0670246506415315,0.206205487053013,0.342549005814842,"PWY-2941","L-lysine biosynthesis II","Not significant",0.685699782480533,0.465277288602209
"HSERMETANA-PWY: L-methionine biosynthesis III","ITM","OTM2","OTM2 vs ITM",0.000122105176666667,0.000102445783333333,0.0001073275,0.0001020725,30,30,-1.96593933333333e-05,-0.253263533885253,0.211561236925973,0.349535956660303,"HSERMETANA-PWY","L-methionine biosynthesis III","Not significant",0.674563902474786,0.456508141875568
"ALLANTOINDEG-PWY: superpathway of allantoin degradation in yeast","ITM","OTM2","OTM2 vs ITM",2.9867635e-06,2.40815513333333e-06,2.155495e-06,1.673025e-06,29,27,-5.78608366666667e-07,-0.310643066853564,0.214212837521533,0.352003797873221,"ALLANTOINDEG-PWY","superpathway of allantoin degradation in yeast","Not significant",0.66915450597055,0.45345265076481
"PWY-7221: guanosine ribonucleotides de novo biosynthesis","ITM","OTM2","OTM2 vs ITM",0.0002837445,0.000266247033333333,0.0002766065,0.0002660215,30,30,-1.74974666666667e-05,-0.0918269444356541,0.228230066807424,0.373021184459445,"PWY-7221","guanosine ribonucleotides de novo biosynthesis","Not significant",0.641627142615435,0.428266503224598
"PWY-7234: inosine-5'-phosphate biosynthesis III","ITM","OTM2","OTM2 vs ITM",0.000150558726666667,0.000126965933333333,0.000145788,0.0001323545,30,30,-2.35927933333333e-05,-0.245884699297212,0.233988916281058,0.380388398660116,"PWY-7234","inosine-5'-phosphate biosynthesis III","Not significant",0.630804714008576,0.419772736936321
"P241-PWY: coenzyme B biosynthesis","ITM","OTM2","OTM2 vs ITM",3.55045703333333e-06,4.13901266666667e-06,3.16366e-06,4.2368e-06,30,30,5.88555633333333e-07,0.221276137979429,0.23984999119108,0.383759985905727,"P241-PWY","coenzyme B biosynthesis","Not significant",0.620060293148326,0.415940310492401
"PWY-841: superpathway of purine nucleotides de novo biosynthesis I","ITM","OTM2","OTM2 vs ITM",0.000202056233333333,0.0001881113,0.000205313,0.0001937075,30,30,-1.39449333333333e-05,-0.103170290357232,0.23984999119108,0.383759985905727,"PWY-841","superpathway of purine nucleotides de novo biosynthesis I","Not significant",0.620060293148326,0.415940310492401
"GLUTORN-PWY: L-ornithine biosynthesis I","ITM","OTM2","OTM2 vs ITM",0.000248643866666667,0.0002328374,0.00024445,0.000235507,30,30,-1.58064666666666e-05,-0.0947579922251155,0.23984999119108,0.383759985905727,"GLUTORN-PWY","L-ornithine biosynthesis I","Not significant",0.620060293148326,0.415940310492401
"PWY-7228: superpathway of guanosine nucleotides de novo biosynthesis I","ITM","OTM2","OTM2 vs ITM",0.00014709025,0.000137614693333333,0.000148612,0.0001409315,30,30,-9.47555666666667e-06,-0.0960670349402014,0.245813802458941,0.39124291071999,"PWY-7228","superpathway of guanosine nucleotides de novo biosynthesis I","Not significant",0.609393735105135,0.407553518744109
"PHOSLIPSYN-PWY: superpathway of phospholipid biosynthesis I (bacteria)","ITM","OTM2","OTM2 vs ITM",6.700694e-06,4.87427816666667e-06,5.328325e-06,4.221285e-06,27,25,-1.82641583333333e-06,-0.459113872212133,0.248281594591562,0.393112524769973,"PHOSLIPSYN-PWY","superpathway of phospholipid biosynthesis I (bacteria)","Not significant",0.60505547401609,0.405483119110886
"PANTO-PWY: phosphopantothenate biosynthesis I","ITM","OTM2","OTM2 vs ITM",0.000108296183333333,0.000101322996666667,0.000104167,0.0001000119,30,30,-6.97318666666666e-06,-0.0960206564125263,0.277189189773048,0.434358317994879,"PANTO-PWY","phosphopantothenate biosynthesis I","Not significant",0.557223710977475,0.362151857298947
"THRESYN-PWY: superpathway of L-threonine biosynthesis","ITM","OTM2","OTM2 vs ITM",0.000189672833333333,0.000197238133333333,0.0001845135,0.000198017,30,30,7.56530000000001e-06,0.0564254174862729,0.277189189773048,0.434358317994879,"THRESYN-PWY","superpathway of L-threonine biosynthesis","Not significant",0.557223710977475,0.362151857298947
"PWY0-1261: anhydromuropeptides recycling I","ITM","OTM2","OTM2 vs ITM",5.2932432e-06,4.67444426666667e-06,5.14096e-06,4.176395e-06,28,26,-6.18798933333333e-07,-0.179353475989976,0.303941568658501,0.467018952919141,"PWY0-1261","anhydromuropeptides recycling I","Not significant",0.517209899444782,0.330665494206532
"PWY-6163: chorismate biosynthesis from 3-dehydroquinate","ITM","OTM2","OTM2 vs ITM",0.000176012933333333,0.000160058666666667,0.000168285,0.0001572705,30,30,-1.59542666666667e-05,-0.137080563156133,0.304176818019704,0.467018952919141,"PWY-6163","chorismate biosynthesis from 3-dehydroquinate","Not significant",0.516873887553754,0.330665494206532
"PWY-6703: preQ0 biosynthesis","ITM","OTM2","OTM2 vs ITM",6.100211e-05,6.518896e-05,6.010565e-05,6.51259e-05,30,30,4.18685e-06,0.0957683624481462,0.304176818019704,0.467018952919141,"PWY-6703","preQ0 biosynthesis","Not significant",0.516873887553754,0.330665494206532
"PWY-7208: superpathway of pyrimidine nucleobases salvage","ITM","OTM2","OTM2 vs ITM",0.00013214917,0.00013837539,0.000129251,0.0001431995,30,30,6.22622000000001e-06,0.0664199702552424,0.304176818019704,0.467018952919141,"PWY-7208","superpathway of pyrimidine nucleobases salvage","Not significant",0.516873887553754,0.330665494206532
"PWY-1269: CMP-3-deoxy-D-manno-octulosonate biosynthesis","ITM","OTM2","OTM2 vs ITM",8.99148766666667e-06,7.74928666666667e-06,7.95545e-06,7.19899e-06,30,30,-1.242201e-06,-0.214493747137388,0.311187643410275,0.475382128626752,"PWY-1269","CMP-3-deoxy-D-manno-octulosonate biosynthesis","Not significant",0.506977656236575,0.322957149037528
"PWY0-845: superpathway of pyridoxal 5'-phosphate biosynthesis and salvage","ITM","OTM2","OTM2 vs ITM",1.3798407e-06,1.1715433e-06,1.078137e-06,8.532975e-07,19,16,-2.082974e-07,-0.236072855125077,0.329720313752314,0.500929832861928,"PWY0-845","superpathway of pyridoxal 5'-phosphate biosynthesis and salvage","Not significant",0.48185429556607,0.300223103144779
"PWY-6125: superpathway of guanosine nucleotides de novo biosynthesis II","ITM","OTM2","OTM2 vs ITM",0.000129189766666667,0.000121402116666667,0.000131801,0.000124639,30,30,-7.78764999999999e-06,-0.089698149234167,0.332854691572728,0.500929832861928,"PWY-6125","superpathway of guanosine nucleotides de novo biosynthesis II","Not significant",0.477745317306909,0.300223103144779
"TRNA-CHARGING-PWY: tRNA charging","ITM","OTM2","OTM2 vs ITM",0.0006144967,0.000622782433333333,0.0006144195,0.0006246295,30,30,8.28573333333331e-06,0.0193229851451573,0.332854691572728,0.500929832861928,"TRNA-CHARGING-PWY","tRNA charging","Not significant",0.477745317306909,0.300223103144779
"NAGLIPASYN-PWY: lipid IVA biosynthesis (E. coli)","ITM","OTM2","OTM2 vs ITM",5.04424133333333e-06,6.1793014e-06,5.1021e-06,5.4171e-06,30,30,1.13506006666667e-06,0.292801189495383,0.347827782975812,0.518331598160033,"NAGLIPASYN-PWY","lipid IVA biosynthesis (E. coli)","Not significant",0.458635731386833,0.285392315203978
"PWY-8073: lipid IVA biosynthesis (P. putida)","ITM","OTM2","OTM2 vs ITM",5.04424133333333e-06,6.1793014e-06,5.1021e-06,5.4171e-06,30,30,1.13506006666667e-06,0.292801189495383,0.347827782975812,0.518331598160033,"PWY-8073","lipid IVA biosynthesis (P. putida)","Not significant",0.458635731386833,0.285392315203978
"PWY0-781: aspartate superpathway","ITM","OTM2","OTM2 vs ITM",2.97247766666667e-06,2.49994366666667e-06,2.718465e-06,2.73692e-06,25,18,-4.72534e-07,-0.249761211049781,0.349951504010952,0.518952474240632,"PWY0-781","aspartate superpathway","Not significant",0.455992135648913,0.284872413095913
"PWY-6749: CMP-legionaminate biosynthesis I","ITM","OTM2","OTM2 vs ITM",4.97899566666667e-06,4.42230733333333e-06,4.72181e-06,4.29914e-06,30,27,-5.56688333333334e-07,-0.171051821977215,0.355445736817636,0.524541281517288,"PWY-6749","CMP-legionaminate biosynthesis I","Not significant",0.449226690291221,0.28022032705162
"""P4-PWY: superpathway of L-lysine, L-threonine and L-methionine biosynthesis I""","ITM","OTM2","OTM2 vs ITM",2.82123866666667e-06,2.37389733333333e-06,2.575635e-06,2.60067e-06,25,18,-4.47341333333333e-07,-0.249061539511546,0.357714693131443,0.525339452714776,"""P4-PWY","superpathway of L-lysine, L-threonine and L-methionine biosynthesis I""","Not significant",0.446463220838302,0.279559982686466
"GLUCOSE1PMETAB-PWY: glucose and glucose-1-phosphate degradation","ITM","OTM2","OTM2 vs ITM",9.06883566666667e-05,7.05397433333333e-05,9.80275e-05,9.192865e-05,26,19,-2.01486133333333e-05,-0.362480556566779,0.359457319851805,0.525360698244946,"GLUCOSE1PMETAB-PWY","glucose and glucose-1-phosphate degradation","Not significant",0.44435266815516,0.279542419509168
"PWY-7254: TCA cycle VII (acetate-producers)","ITM","OTM2","OTM2 vs ITM",2.13415583333333e-06,1.32381516666667e-06,9.273275e-07,0,16,14,-8.10340666666667e-07,-0.688922441799365,0.363484326930846,0.526186835176081,"PWY-7254","TCA cycle VII (acetate-producers)","Not significant",0.439514310731204,0.278860021856369
"PWY-6953: dTDP-3-acetamido-&alpha;-D-fucose biosynthesis","ITM","OTM2","OTM2 vs ITM",2.365301e-06,2.5592542e-06,2.45905e-06,2.85887e-06,27,26,1.939532e-07,0.113695041480534,0.362848681569536,0.526186835176081,"PWY-6953","dTDP-3-acetamido-&alpha;-D-fucose biosynthesis","Not significant",0.440274450612246,0.278860021856369
"TCA: TCA cycle I (prokaryotic)","ITM","OTM2","OTM2 vs ITM",3.867959e-06,2.40551833333333e-06,1.710335e-06,0,16,14,-1.46244066666667e-06,-0.685202032680132,0.371888492558549,0.535801430036961,"TCA","TCA cycle I (prokaryotic)","Not significant",0.429587259919177,0.270996131608116
"PWY-5484: glycolysis II (from fructose 6-phosphate)","ITM","OTM2","OTM2 vs ITM",0.000223653866666667,0.000208712783333333,0.000227285,0.0002087285,30,30,-1.49410833333333e-05,-0.0997486885555156,0.395267011333117,0.566797978515412,"PWY-5484","glycolysis II (from fructose 6-phosphate)","Not significant",0.403109430012778,0.246571707332776
"PWY-7328: superpathway of UDP-glucose-derived O-antigen building blocks biosynthesis","ITM","OTM2","OTM2 vs ITM",0.00012303877,0.000116516516666667,0.000120502,0.000115965,30,30,-6.52225333333333e-06,-0.0785784434689981,0.4119108371476,0.587891523440705,"PWY-7328","superpathway of UDP-glucose-derived O-antigen building blocks biosynthesis","Not significant",0.38519678184429,0.230702801674274
"PWY-6167: flavin biosynthesis II (archaea)","ITM","OTM2","OTM2 vs ITM",4.30081733333333e-05,3.97761116666667e-05,4.48731e-05,4.19062e-05,30,29,-3.23206166666667e-06,-0.112708333377482,0.428963388860433,0.609368552399867,"PWY-6167","flavin biosynthesis II (archaea)","Not significant",0.367579772370958,0.215119962111395
"PWY-621: sucrose degradation III (sucrose invertase)","ITM","OTM2","OTM2 vs ITM",1.6527576e-05,1.44662406666667e-05,1.5265e-05,1.44528e-05,30,30,-2.06133533333333e-06,-0.192183846665326,0.446419435959973,0.631216318752705,"PWY-621","sucrose degradation III (sucrose invertase)","Not significant",0.350256905588364,0.199821781895215
"PWY-7282: 4-amino-2-methyl-5-diphosphomethylpyrimidine biosynthesis II","ITM","OTM2","OTM2 vs ITM",3.111359e-06,2.6548509e-06,2.53954e-06,1.99079e-06,19,18,-4.565081e-07,-0.228906055382923,0.451258818005852,0.635105003119347,"PWY-7282","4-amino-2-methyl-5-diphosphomethylpyrimidine biosynthesis II","Not significant",0.345574298496002,0.197154466038179
"PWY-6168: flavin biosynthesis III (fungi)","ITM","OTM2","OTM2 vs ITM",4.07380833333333e-05,3.76318073333333e-05,4.203145e-05,3.84124e-05,30,29,-3.106276e-06,-0.114425233888536,0.47334655725845,0.663121444269902,"PWY-6168","flavin biosynthesis III (fungi)","Not significant",0.32482077724333,0.178406927483106
"PWY-5136: fatty acid &beta;-oxidation II (plant peroxisome)","ITM","OTM2","OTM2 vs ITM",3.0920265e-06,2.38871446666667e-06,2.3701e-06,2.18966e-06,29,29,-7.03312033333333e-07,-0.372304534063218,0.496445565278655,0.692291063507849,"PWY-5136","fatty acid &beta;-oxidation II (plant peroxisome)","Not significant",0.304128364480071,0.159711274475922
"PANTOSYN-PWY: superpathway of coenzyme A biosynthesis I (bacteria)","ITM","OTM2","OTM2 vs ITM",0.0001283598,0.000124339983333333,0.000127703,0.0001269305,30,30,-4.01981666666668e-06,-0.0459031198979051,0.501143667603293,0.695651483796352,"PANTOSYN-PWY","superpathway of coenzyme A biosynthesis I (bacteria)","Not significant",0.300037752969207,0.157608284200571
"PWY-7392: taxadiene biosynthesis (engineered)","ITM","OTM2","OTM2 vs ITM",1.8976671e-05,1.676728e-05,1.888365e-05,1.735855e-05,30,30,-2.209391e-06,-0.178577253817229,0.510597936605645,0.705553512400527,"PWY-7392","taxadiene biosynthesis (engineered)","Not significant",0.291920944570141,0.151470041783594
"PWY-7560: methylerythritol phosphate pathway II","ITM","OTM2","OTM2 vs ITM",0.00015131882,0.00014144368,0.0001523295,0.0001489665,30,30,-9.87514000000002e-06,-0.0973636491557106,0.529782490626018,0.725467915091484,"PWY-7560","methylerythritol phosphate pathway II","Not significant",0.2759023992856,0.139381790127485
"NONOXIPENT-PWY: pentose phosphate pathway (non-oxidative branch) I","ITM","OTM2","OTM2 vs ITM",0.000120278933333333,0.000118035693333333,0.0001167445,0.00011295,30,30,-2.24324e-06,-0.0271607675978219,0.529782490626018,0.725467915091484,"NONOXIPENT-PWY","pentose phosphate pathway (non-oxidative branch) I","Not significant",0.2759023992856,0.139381790127485
"PWY-6471: peptidoglycan biosynthesis IV (Enterococcus faecium)","ITM","OTM2","OTM2 vs ITM",3.13334333333333e-06,1.31173e-07,0,0,2,1,-3.00217033333333e-06,-4.5771067821112,0.544026705656552,0.739938823600514,"PWY-6471","peptidoglycan biosynthesis IV (Enterococcus faecium)","Not significant",0.264379780752919,0.130804185229838
"PWY-7688: dTDP-&alpha;-D-ravidosamine and dTDP-4-acetyl-&alpha;-D-ravidosamine biosynthesis","ITM","OTM2","OTM2 vs ITM",6.47762e-06,8.25797833333333e-06,5.935485e-06,7.69192e-06,30,30,1.78035833333333e-06,0.350319994630858,0.559230535791907,0.739938823600514,"PWY-7688","dTDP-&alpha;-D-ravidosamine and dTDP-4-acetyl-&alpha;-D-ravidosamine biosynthesis","Not significant",0.252409122734732,0.130804185229838
"PROPFERM-PWY: superpathway of L-alanine fermentation (Stickland reaction)","ITM","OTM2","OTM2 vs ITM",1.95450966666667e-06,2.09853573333333e-06,1.93266e-06,2.360875e-06,26,23,1.44026066666667e-07,0.102571243606575,0.57812999857689,0.739938823600514,"PROPFERM-PWY","superpathway of L-alanine fermentation (Stickland reaction)","Not significant",0.237974494941799,0.130804185229838
"PWY-8188: L-alanine degradation VI (reductive Stickland reaction)","ITM","OTM2","OTM2 vs ITM",1.95450966666667e-06,2.09853573333333e-06,1.93266e-06,2.360875e-06,26,23,1.44026066666667e-07,0.102571243606575,0.57812999857689,0.739938823600514,"PWY-8188","L-alanine degradation VI (reductive Stickland reaction)","Not significant",0.237974494941799,0.130804185229838
"PWY-8189: L-alanine degradation V (oxidative Stickland reaction)","ITM","OTM2","OTM2 vs ITM",1.95450966666667e-06,2.09853573333333e-06,1.93266e-06,2.360875e-06,26,23,1.44026066666667e-07,0.102571243606575,0.57812999857689,0.739938823600514,"PWY-8189","L-alanine degradation V (oxidative Stickland reaction)","Not significant",0.237974494941799,0.130804185229838
"PWY-6386: UDP-N-acetylmuramoyl-pentapeptide biosynthesis II (lysine-containing)","ITM","OTM2","OTM2 vs ITM",0.000226500466666667,0.000212118233333333,0.000208515,0.0002118515,30,30,-1.43822333333333e-05,-0.0946453416376083,0.579294210581981,0.739938823600514,"PWY-6386","UDP-N-acetylmuramoyl-pentapeptide biosynthesis II (lysine-containing)","Not significant",0.23710081178208,0.130804185229838
"PWY-6270: isoprene biosynthesis I","ITM","OTM2","OTM2 vs ITM",0.000163943733333333,0.000153778856666667,0.0001645135,0.0001615635,30,30,-1.01648766666666e-05,-0.0923435401427376,0.56922016374153,0.739938823600514,"PWY-6270","isoprene biosynthesis I","Not significant",0.244719724106767,0.130804185229838
"PWY-6823: molybdopterin biosynthesis","ITM","OTM2","OTM2 vs ITM",6.97815133333333e-05,7.41691533333333e-05,7.07892e-05,6.91049e-05,30,30,4.38764e-06,0.08797429271962,0.56922016374153,0.739938823600514,"PWY-6823","molybdopterin biosynthesis","Not significant",0.244719724106767,0.130804185229838
"PWY-7977: L-methionine biosynthesis IV","ITM","OTM2","OTM2 vs ITM",7.505761e-05,7.961694e-05,7.26495e-05,7.658515e-05,30,30,4.55933e-06,0.0850769614750416,0.56922016374153,0.739938823600514,"PWY-7977","L-methionine biosynthesis IV","Not significant",0.244719724106767,0.130804185229838
"PWY-6350: archaetidylinositol biosynthesis","ITM","OTM2","OTM2 vs ITM",2.7349681e-05,2.60509452666667e-05,2.814105e-05,2.54231e-05,30,30,-1.29873573333333e-06,-0.0701880208035617,0.559230535791907,0.739938823600514,"PWY-6350","archaetidylinositol biosynthesis","Not significant",0.252409122734732,0.130804185229838
"PWY-5097: L-lysine biosynthesis VI","ITM","OTM2","OTM2 vs ITM",0.000310875433333333,0.000300772333333333,0.0002966295,0.0002985805,30,30,-1.01031000000001e-05,-0.0476647316239617,0.579294210581981,0.739938823600514,"PWY-5097","L-lysine biosynthesis VI","Not significant",0.23710081178208,0.130804185229838
"PWY-7238: sucrose biosynthesis II","ITM","OTM2","OTM2 vs ITM",0.000514347866666667,0.000499709133333333,0.000492584,0.000494296,30,30,-1.46387333333334e-05,-0.0416558261170179,0.579294210581981,0.739938823600514,"PWY-7238","sucrose biosynthesis II","Not significant",0.23710081178208,0.130804185229838
"PWY-5030: L-histidine degradation III","ITM","OTM2","OTM2 vs ITM",4.66224533333333e-05,4.53153033333333e-05,4.66244e-05,4.510865e-05,30,30,-1.30715e-06,-0.0410264916812453,0.559230535791907,0.739938823600514,"PWY-5030","L-histidine degradation III","Not significant",0.252409122734732,0.130804185229838
"PWY-5667: CDP-diacylglycerol biosynthesis I","ITM","OTM2","OTM2 vs ITM",4.24758833333333e-05,4.365206e-05,3.968865e-05,3.652835e-05,30,30,1.17617666666666e-06,0.0394056965105568,0.559230535791907,0.739938823600514,"PWY-5667","CDP-diacylglycerol biosynthesis I","Not significant",0.252409122734732,0.130804185229838
"PWY0-1319: CDP-diacylglycerol biosynthesis II","ITM","OTM2","OTM2 vs ITM",4.24758833333333e-05,4.365206e-05,3.968865e-05,3.652835e-05,30,30,1.17617666666666e-06,0.0394056965105568,0.559230535791907,0.739938823600514,"PWY0-1319","CDP-diacylglycerol biosynthesis II","Not significant",0.252409122734732,0.130804185229838
"ARGSYN-PWY: L-arginine biosynthesis I (via L-ornithine)","ITM","OTM2","OTM2 vs ITM",0.000414059866666667,0.000408644133333333,0.0004024725,0.000400824,30,30,-5.41573333333339e-06,-0.0189943468991514,0.559230535791907,0.739938823600514,"ARGSYN-PWY","L-arginine biosynthesis I (via L-ornithine)","Not significant",0.252409122734732,0.130804185229838
"GLYCOLYSIS: glycolysis I (from glucose 6-phosphate)","ITM","OTM2","OTM2 vs ITM",0.000307268833333333,0.000295850466666667,0.000314648,0.0002997855,30,30,-1.14183666666667e-05,-0.0546332510880572,0.59968948451237,0.75645478544299,"GLYCOLYSIS","glycolysis I (from glucose 6-phosphate)","Not significant",0.222073566400325,0.12121702536644
"COA-PWY-1: superpathway of coenzyme A biosynthesis III (mammals)","ITM","OTM2","OTM2 vs ITM",0.0001623857,0.000157489,0.000161632,0.0001561995,30,30,-4.8967e-06,-0.0441734985268557,0.59968948451237,0.75645478544299,"COA-PWY-1","superpathway of coenzyme A biosynthesis III (mammals)","Not significant",0.222073566400325,0.12121702536644
"PWY-8178: pentose phosphate pathway (non-oxidative branch) II","ITM","OTM2","OTM2 vs ITM",0.000169241866666667,0.000171129833333333,0.0001663415,0.00016874,30,30,1.88796666666667e-06,0.0160047764319225,0.59968948451237,0.75645478544299,"PWY-8178","pentose phosphate pathway (non-oxidative branch) II","Not significant",0.222073566400325,0.12121702536644
"REDCITCYC: TCA cycle VI (Helicobacter)","ITM","OTM2","OTM2 vs ITM",4.08673966666667e-06,3.79477723333333e-06,4.299035e-06,3.85908e-06,28,27,-2.91962433333333e-07,-0.106932430904619,0.609908228260363,0.766165708227894,"REDCITCYC","TCA cycle VI (Helicobacter)","Not significant",0.214735507544142,0.115677289915819
"1CMET2-PWY: folate transformations III (E. coli)","ITM","OTM2","OTM2 vs ITM",9.86387166666667e-05,0.000103937473333333,9.842065e-05,9.979705e-05,30,30,5.29875666666666e-06,0.0754898839294829,0.63087629216172,0.789244414885444,"1CMET2-PWY","folate transformations III (E. coli)","Not significant",0.200055792734771,0.102788482724329
"PWY-8113: 3PG-factor 420 biosynthesis","ITM","OTM2","OTM2 vs ITM",4.39168166666667e-05,4.20475971e-05,4.66687e-05,4.39758e-05,30,30,-1.86921956666667e-06,-0.0627499806569774,0.641423522520332,0.795888778964004,"PWY-8113","3PG-factor 420 biosynthesis","Not significant",0.192855117507888,0.0991476182636667
"PWY-7851: coenzyme A biosynthesis II (eukaryotic)","ITM","OTM2","OTM2 vs ITM",0.0001536898,0.000150378753333333,0.0001526835,0.0001495335,30,30,-3.31104666666666e-06,-0.0314206531831237,0.641423522520332,0.795888778964004,"PWY-7851","coenzyme A biosynthesis II (eukaryotic)","Not significant",0.192855117507888,0.0991476182636667
"PWY-8131: 5'-deoxyadenosine degradation II","ITM","OTM2","OTM2 vs ITM",2.4649428e-06,2.2849024e-06,2.167365e-06,1.82498e-06,28,26,-1.800404e-07,-0.109417015433821,0.651885482050756,0.799279279071747,"PWY-8131","5'-deoxyadenosine degradation II","Not significant",0.185828690896389,0.0973014457583179
"PWY-7315: dTDP-N-acetylthomosamine biosynthesis","ITM","OTM2","OTM2 vs ITM",1.57270423333333e-05,1.670879e-05,1.47666e-05,1.719535e-05,30,30,9.81747666666669e-07,0.0873593431369547,0.652043622400636,0.799279279071747,"PWY-7315","dTDP-N-acetylthomosamine biosynthesis","Not significant",0.185723348540855,0.0973014457583179
"P41-PWY: pyruvate fermentation to acetate and (S)-lactate I","ITM","OTM2","OTM2 vs ITM",0.0001505462,0.0001521755,0.000146282,0.000152363,30,30,1.6293e-06,0.0155298029480622,0.652043622400636,0.799279279071747,"P41-PWY","pyruvate fermentation to acetate and (S)-lactate I","Not significant",0.185723348540855,0.0973014457583179
"METHANOGENESIS-PWY: methanogenesis from H2 and CO2","ITM","OTM2","OTM2 vs ITM",9.748366e-06,9.25449683333333e-06,1.0443875e-05,8.411195e-06,29,27,-4.93869166666667e-07,-0.0750050749945583,0.668063018695698,0.815627139291133,"METHANOGENESIS-PWY","methanogenesis from H2 and CO2","Not significant",0.175182568391359,0.0885083318783411
"PWY-1861: formaldehyde assimilation II (assimilatory RuMP Cycle)","ITM","OTM2","OTM2 vs ITM",0.000101375383333333,9.63964033333333e-05,0.000106215,0.0001017915,30,30,-4.97898000000001e-06,-0.072656072375701,0.673495052801603,0.815707155584412,"PWY-1861","formaldehyde assimilation II (assimilatory RuMP Cycle)","Not significant",0.171665590065503,0.0884657279377874
"PWY-6151: S-adenosyl-L-methionine salvage I","ITM","OTM2","OTM2 vs ITM",0.0002623862,0.000250721333333333,0.00025145,0.000253369,30,30,-1.16648666666666e-05,-0.0656070617559382,0.673495052801603,0.815707155584412,"PWY-6151","S-adenosyl-L-methionine salvage I","Not significant",0.171665590065503,0.0884657279377874
"PWY-6630: superpathway of L-tyrosine biosynthesis","ITM","OTM2","OTM2 vs ITM",3.18080733333333e-05,2.846208e-05,2.85444e-05,2.873025e-05,30,30,-3.34599333333334e-06,-0.160351357512746,0.68432258676245,0.825532009427717,"PWY-6630","superpathway of L-tyrosine biosynthesis","Not significant",0.164739125436378,0.0832660826091681
"PWY-5209: methyl-coenzyme M oxidation to CO2","ITM","OTM2","OTM2 vs ITM",6.077444e-05,6.19945526666667e-05,6.172855e-05,6.35939e-05,30,30,1.22011266666666e-06,0.028676712968574,0.69521539906691,0.835357633661425,"PWY-5209","methyl-coenzyme M oxidation to CO2","Not significant",0.157880616801453,0.0781275543685168
"PWY-7197: pyrimidine deoxyribonucleotide phosphorylation","ITM","OTM2","OTM2 vs ITM",9.132356e-05,9.31980266666667e-05,9.058115e-05,9.664485e-05,30,30,1.87446666666666e-06,0.0293122762585195,0.70617148828123,0.845181623769661,"PWY-7197","pyrimidine deoxyribonucleotide phosphorylation","Not significant",0.151089821086289,0.0730499540974732
"PWY-6349: CDP-archaeol biosynthesis","ITM","OTM2","OTM2 vs ITM",3.20344366666667e-05,3.1237893e-05,3.31622e-05,3.12239e-05,30,30,-7.96543666666662e-07,-0.0363263589548352,0.717188813606376,0.851661716157572,"PWY-6349","CDP-archaeol biosynthesis","Not significant",0.144366492990099,0.0697328746931946
"PWY-6859: all-trans-farnesol biosynthesis","ITM","OTM2","OTM2 vs ITM",1.22641216666667e-05,1.23656894666667e-05,1.14722e-05,1.24791e-05,30,30,1.015678e-07,0.011898670381411,0.717188813606376,0.851661716157572,"PWY-6859","all-trans-farnesol biosynthesis","Not significant",0.144366492990099,0.0697328746931946
"PWY-8112: factor 420 biosynthesis I (archaea)","ITM","OTM2","OTM2 vs ITM",4.49409233333333e-05,4.35977246666667e-05,4.86306e-05,4.52061e-05,30,30,-1.34319866666667e-06,-0.0437768230286832,0.728265295995547,0.858111046444365,"PWY-8112","factor 420 biosynthesis I (archaea)","Not significant",0.137710384974653,0.0664565073291299
"PWY-5973: cis-vaccenate biosynthesis","ITM","OTM2","OTM2 vs ITM",6.54072266666667e-05,6.71055866666667e-05,6.443505e-05,6.62293e-05,30,30,1.69835999999999e-06,0.0369827787019857,0.728265295995547,0.858111046444365,"PWY-5973","cis-vaccenate biosynthesis","Not significant",0.137710384974653,0.0664565073291299
"SER-GLYSYN-PWY: superpathway of L-serine and glycine biosynthesis I","ITM","OTM2","OTM2 vs ITM",0.000145010796666667,0.00013973093,0.000148833,0.000147127,30,30,-5.27986666666667e-06,-0.0535088789773124,0.73939881931145,0.864527850271849,"SER-GLYSYN-PWY","superpathway of L-serine and glycine biosynthesis I","Not significant",0.131121247253488,0.063221011615552
"HISDEG-PWY: L-histidine degradation I","ITM","OTM2","OTM2 vs ITM",8.92162066666667e-05,9.197008e-05,8.941915e-05,8.941965e-05,30,30,2.75387333333332e-06,0.043858738638206,0.73939881931145,0.864527850271849,"HISDEG-PWY","L-histidine degradation I","Not significant",0.131121247253488,0.063221011615552
"PWY-5188: tetrapyrrole biosynthesis I (from glutamate)","ITM","OTM2","OTM2 vs ITM",5.49948133333333e-05,5.2149778e-05,5.420765e-05,5.14273e-05,30,30,-2.84503533333334e-06,-0.0766343073423506,0.750587231522306,0.874247196868893,"PWY-5188","tetrapyrrole biosynthesis I (from glutamate)","Not significant",0.12459882778141,0.0583657515109377
"PWY-6803: phosphatidylcholine acyl editing","ITM","OTM2","OTM2 vs ITM",1.8673725e-06,1.1624685e-06,2.04057e-07,0,15,14,-7.04904e-07,-0.683771274219182,0.756192993977995,0.877414771638589,"PWY-6803","phosphatidylcholine acyl editing","Not significant",0.121367350632293,0.0567950583432848
"COMPLETE-ARO-PWY: superpathway of aromatic amino acid biosynthesis","ITM","OTM2","OTM2 vs ITM",0.000163216066666667,0.00015723834,0.000165107,0.0001568875,30,30,-5.97772666666667e-06,-0.0538300086374619,0.773119942467523,0.890259327689875,"COMPLETE-ARO-PWY","superpathway of aromatic amino acid biosynthesis","Not significant",0.111753124049447,0.0504834673105247
"PWY-5676: acetyl-CoA fermentation to butanoate II","ITM","OTM2","OTM2 vs ITM",1.37382986666667e-05,1.42440173333333e-05,1.41185e-05,1.379455e-05,30,30,5.05718666666668e-07,0.0521523698660455,0.773119942467523,0.890259327689875,"PWY-5676","acetyl-CoA fermentation to butanoate II","Not significant",0.111753124049447,0.0504834673105247
"THISYNARA-PWY: superpathway of thiamine diphosphate biosynthesis III (eukaryotes)","ITM","OTM2","OTM2 vs ITM",4.52793633333333e-06,4.963976e-06,4.24562e-06,4.057075e-06,30,29,4.36039666666667e-07,0.132639668778324,0.795845542466455,0.905577804507713,"THISYNARA-PWY","superpathway of thiamine diphosphate biosynthesis III (eukaryotes)","Not significant",0.0991712118647521,0.0430742304777473
"PWY-5392: reductive TCA cycle II","ITM","OTM2","OTM2 vs ITM",1.0476698e-05,1.11418323333333e-05,1.08368e-05,1.03456e-05,30,30,6.65134333333333e-07,0.0888016027953848,0.807274950728915,0.905577804507713,"PWY-5392","reductive TCA cycle II","Not significant",0.0929785232120953,0.0430742304777473
"PWY-8187: L-arginine degradation XIII (reductive Stickland reaction)","ITM","OTM2","OTM2 vs ITM",5.09018566666667e-05,5.296481e-05,5.004365e-05,5.012325e-05,30,30,2.06295333333333e-06,0.0573157559028214,0.795845542466455,0.905577804507713,"PWY-8187","L-arginine degradation XIII (reductive Stickland reaction)","Not significant",0.0991712118647521,0.0430742304777473
"PWY-7953: UDP-N-acetylmuramoyl-pentapeptide biosynthesis III (meso-diaminopimelate containing)","ITM","OTM2","OTM2 vs ITM",0.000210699566666667,0.000205982166666667,0.0002066885,0.0002088895,30,30,-4.7174e-06,-0.032667892871909,0.807274950728915,0.905577804507713,"PWY-7953","UDP-N-acetylmuramoyl-pentapeptide biosynthesis III (meso-diaminopimelate containing)","Not significant",0.0929785232120953,0.0430742304777473
"P108-PWY: pyruvate fermentation to propanoate I","ITM","OTM2","OTM2 vs ITM",2.783421e-05,2.72425066666667e-05,2.649305e-05,2.70087e-05,30,30,-5.91703333333334e-07,-0.0309995678898868,0.807274950728915,0.905577804507713,"P108-PWY","pyruvate fermentation to propanoate I","Not significant",0.0929785232120953,0.0430742304777473
"PWY-5198: factor 420 biosynthesis II (mycobacteria)","ITM","OTM2","OTM2 vs ITM",4.79412966666667e-05,4.71622636666667e-05,5.102195e-05,4.76752e-05,30,30,-7.79032999999997e-07,-0.023635914722145,0.807274950728915,0.905577804507713,"PWY-5198","factor 420 biosynthesis II (mycobacteria)","Not significant",0.0929785232120953,0.0430742304777473
"GALACT-GLUCUROCAT-PWY: superpathway of hexuronide and hexuronate degradation","ITM","OTM2","OTM2 vs ITM",1.03609036666667e-05,1.0204209e-05,1.005079e-05,9.93798e-06,30,30,-1.56694666666668e-07,-0.0219852717068129,0.807274950728915,0.905577804507713,"GALACT-GLUCUROCAT-PWY","superpathway of hexuronide and hexuronate degradation","Not significant",0.0929785232120953,0.0430742304777473
"PWY-I9: L-cysteine biosynthesis VI (from L-methionine)","ITM","OTM2","OTM2 vs ITM",3.10887733333333e-05,2.672409e-05,2.152685e-05,2.162175e-05,30,30,-4.36468333333334e-06,-0.218252113012069,0.81874565347658,0.908389338163797,"PWY-I9","L-cysteine biosynthesis VI (from L-methionine)","Not significant",0.0868509925588139,0.0417279717704481
"PWY-6470: peptidoglycan biosynthesis V (&beta;-lactam resistance)","ITM","OTM2","OTM2 vs ITM",1.5522681e-05,1.38903106666667e-05,1.36812e-05,1.37879e-05,30,30,-1.63237033333333e-06,-0.160297795330307,0.81874565347658,0.908389338163797,"PWY-6470","peptidoglycan biosynthesis V (&beta;-lactam resistance)","Not significant",0.0868509925588139,0.0417279717704481
"PWY-7663: gondoate biosynthesis (anaerobic)","ITM","OTM2","OTM2 vs ITM",5.73488866666667e-05,5.90006466666667e-05,5.609115e-05,5.82102e-05,30,30,1.65175999999999e-06,0.0409652175643901,0.81874565347658,0.908389338163797,"PWY-7663","gondoate biosynthesis (anaerobic)","Not significant",0.0868509925588139,0.0417279717704481
"PWY-6385: peptidoglycan biosynthesis III (mycobacteria)","ITM","OTM2","OTM2 vs ITM",0.000222982966666667,0.000216432866666667,0.0002162795,0.000218605,30,30,-6.5501e-06,-0.0430138915229163,0.830255283911196,0.917809477487286,"PWY-6385","peptidoglycan biosynthesis III (mycobacteria)","Not significant",0.080788351783569,0.0372474620050779
"NONMEVIPP-PWY: methylerythritol phosphate pathway I","ITM","OTM2","OTM2 vs ITM",0.000236230633333333,0.0002274831,0.000226293,0.0002291375,30,30,-8.74753333333334e-06,-0.0544366659317678,0.841801450158128,0.923854299090508,"NONMEVIPP-PWY","methylerythritol phosphate pathway I","Not significant",0.0747903304350739,0.0343965158907687
"PWY-5505: L-glutamate and L-glutamine biosynthesis","ITM","OTM2","OTM2 vs ITM",2.19843933333333e-05,2.18104833333333e-05,2.066715e-05,2.14888e-05,30,30,-1.73909999999999e-07,-0.0114579278066036,0.841801450158128,0.923854299090508,"PWY-5505","L-glutamate and L-glutamine biosynthesis","Not significant",0.0747903304350739,0.0343965158907687
"HEXITOLDEGSUPER-PWY: superpathway of hexitol degradation (bacteria)","ITM","OTM2","OTM2 vs ITM",3.35899e-06,3.29288566666667e-06,2.811885e-06,3.238575e-06,27,24,-6.61043333333329e-08,-0.0286742178281279,0.853139476038179,0.932929498977001,"HEXITOLDEGSUPER-PWY","superpathway of hexitol degradation (bacteria)","Not significant",0.0689799621243803,0.0301511744337028
"MET-SAM-PWY: superpathway of S-adenosyl-L-methionine biosynthesis","ITM","OTM2","OTM2 vs ITM",2.91782086666667e-06,2.822422e-06,2.20485e-06,3.103755e-06,27,21,-9.53988666666665e-08,-0.0479559321802276,0.870298977599694,0.934879467103558,"MET-SAM-PWY","superpathway of S-adenosyl-L-methionine biosynthesis","Not significant",0.0603315266730911,0.0292443785886275
"METSYN-PWY: superpathway of L-homoserine and L-methionine biosynthesis","ITM","OTM2","OTM2 vs ITM",2.5885684e-06,2.5149756e-06,1.93359e-06,2.74373e-06,27,21,-7.35927999999997e-08,-0.0416084062567313,0.870298977599694,0.934879467103558,"METSYN-PWY","superpathway of L-homoserine and L-methionine biosynthesis","Not significant",0.0603315266730911,0.0292443785886275
"HOMOSER-METSYN-PWY: L-methionine biosynthesis I","ITM","OTM2","OTM2 vs ITM",1.486597e-06,1.44456176666667e-06,1.106805e-06,1.5728e-06,27,21,-4.20352333333333e-08,-0.0413788858890839,0.870298977599694,0.934879467103558,"HOMOSER-METSYN-PWY","L-methionine biosynthesis I","Not significant",0.0603315266730911,0.0292443785886275
"PWY-5347: superpathway of L-methionine biosynthesis (transsulfuration)","ITM","OTM2","OTM2 vs ITM",2.93637553333333e-06,2.85771233333333e-06,2.202825e-06,3.124885e-06,27,21,-7.86632000000001e-08,-0.0391744366498017,0.870298977599694,0.934879467103558,"PWY-5347","superpathway of L-methionine biosynthesis (transsulfuration)","Not significant",0.0603315266730911,0.0292443785886275
"PWY-7286: 7-(3-amino-3-carboxypropyl)-wyosine biosynthesis","ITM","OTM2","OTM2 vs ITM",5.56358766666667e-05,5.5242281e-05,5.86849e-05,5.68009e-05,30,30,-3.93595666666668e-07,-0.0102425922155656,0.864993706164487,0.934879467103558,"PWY-7286","7-(3-amino-3-carboxypropyl)-wyosine biosynthesis","Not significant",0.0629870525212868,0.0292443785886275
"P42-PWY: incomplete reductive TCA cycle","ITM","OTM2","OTM2 vs ITM",3.93172666666667e-05,4.145899e-05,4.06278e-05,3.97162e-05,30,30,2.14172333333334e-06,0.0765217520990904,0.888302842153389,0.950859380333205,"P42-PWY","incomplete reductive TCA cycle","Not significant",0.0514389483497136,0.0218837047879976
"PWY-5130: 2-oxobutanoate degradation I","ITM","OTM2","OTM2 vs ITM",2.04033966666667e-05,2.13129296666667e-05,1.99878e-05,1.98114e-05,30,30,9.09532999999999e-07,0.0629192716384915,0.911708975319428,0.952438242258097,"PWY-5130","2-oxobutanoate degradation I","Not significant",0.0401437697671224,0.0211631751442759
"""GOLPDLCAT-PWY: superpathway of glycerol degradation to 1,3-propanediol""","ITM","OTM2","OTM2 vs ITM",1.8003941e-06,1.72510476666667e-06,1.300035e-06,1.315505e-06,28,27,-7.52893333333332e-08,-0.0616252647049157,0.899967384862162,0.952438242258097,"""GOLPDLCAT-PWY","superpathway of glycerol degradation to 1,3-propanediol""","Not significant",0.0457732292618429,0.0211631751442759
"PWY-6165: chorismate biosynthesis II (archaea)","ITM","OTM2","OTM2 vs ITM",9.36105033333333e-05,9.075324e-05,9.5842e-05,9.313175e-05,30,30,-2.85726333333335e-06,-0.0447212143931569,0.911708975319428,0.952438242258097,"PWY-6165","chorismate biosynthesis II (archaea)","Not significant",0.0401437697671224,0.0211631751442759
"CRNFORCAT-PWY: creatinine degradation I","ITM","OTM2","OTM2 vs ITM",3.309277e-06,3.25970466666667e-06,3.375335e-06,3.380025e-06,30,29,-4.95723333333331e-08,-0.021774132812514,0.911708975319428,0.952438242258097,"CRNFORCAT-PWY","creatinine degradation I","Not significant",0.0401437697671224,0.0211631751442759
"PWY66-409: superpathway of purine nucleotide salvage","ITM","OTM2","OTM2 vs ITM",6.28742333333333e-05,6.20673066666667e-05,6.19917e-05,5.99043e-05,30,30,-8.06926666666665e-07,-0.01863533014344,0.911708975319428,0.952438242258097,"PWY66-409","superpathway of purine nucleotide salvage","Not significant",0.0401437697671224,0.0211631751442759
"PWY-6507: 4-deoxy-L-threo-hex-4-enopyranuronate degradation","ITM","OTM2","OTM2 vs ITM",3.14589333333333e-05,3.120879e-05,3.042025e-05,3.18529e-05,30,30,-2.50143333333334e-07,-0.0115172944602408,0.899995037236364,0.952438242258097,"PWY-6507","4-deoxy-L-threo-hex-4-enopyranuronate degradation","Not significant",0.0457598853460133,0.0211631751442759
"PWY-7992: superpathway of menaquinol-8 biosynthesis III","ITM","OTM2","OTM2 vs ITM",2.90039866666667e-06,2.91661333333333e-06,3.256815e-06,3.03802e-06,24,21,1.62146666666662e-08,0.00804264302985792,0.911016832482801,0.952438242258097,"PWY-7992","superpathway of menaquinol-8 biosynthesis III","Not significant",0.0404735986725973,0.0211631751442759
"PEPTIDOGLYCANSYN-PWY: peptidoglycan biosynthesis I (meso-diaminopimelate containing)","ITM","OTM2","OTM2 vs ITM",0.000251876966666667,0.000241454533333333,0.000239221,0.000245715,30,30,-1.04224333333334e-05,-0.060967623077744,0.923442131978236,0.958110607922811,"PEPTIDOGLYCANSYN-PWY","peptidoglycan biosynthesis I (meso-diaminopimelate containing)","Not significant",0.0345903146795735,0.0185843514249293
"PWY-6160: 3-dehydroquinate biosynthesis II (archaea)","ITM","OTM2","OTM2 vs ITM",5.76417966666667e-05,5.7817087e-05,6.05248e-05,5.98423e-05,30,30,1.75290333333327e-07,0.00438061139728637,0.923442131978236,0.958110607922811,"PWY-6160","3-dehydroquinate biosynthesis II (archaea)","Not significant",0.0345903146795735,0.0185843514249293
"PWY-5690: TCA cycle II (plants and fungi)","ITM","OTM2","OTM2 vs ITM",3.455953e-05,3.39688266666667e-05,3.528265e-05,3.45939e-05,30,30,-5.90703333333339e-07,-0.0248721385254844,0.946955942225594,0.966022169250271,"PWY-5690","TCA cycle II (plants and fungi)","Not significant",0.0236702263752005,0.015012906842702
"PPGPPMET-PWY: ppGpp metabolism","ITM","OTM2","OTM2 vs ITM",5.08076633333333e-06,5.160014e-06,4.77348e-06,5.002125e-06,30,30,7.92476666666665e-08,0.0223284283606338,0.935191970239339,0.966022169250271,"PPGPPMET-PWY","ppGpp metabolism","Not significant",0.029099230776624,0.015012906842702
"PWY-5941: glycogen degradation II","ITM","OTM2","OTM2 vs ITM",0.000316575,0.000318065366666667,0.000307879,0.000310368,30,30,1.49036666666669e-06,0.00677595686314003,0.946955942225594,0.966022169250271,"PWY-5941","glycogen degradation II","Not significant",0.0236702263752005,0.015012906842702
"GALACTUROCAT-PWY: D-galacturonate degradation I","ITM","OTM2","OTM2 vs ITM",3.436991e-05,3.43100966666667e-05,3.3321e-05,3.568025e-05,30,30,-5.98133333333344e-08,-0.00251287599102059,0.946955942225594,0.966022169250271,"GALACTUROCAT-PWY","D-galacturonate degradation I","Not significant",0.0236702263752005,0.015012906842702
"PWY-3841: folate transformations II (plants)","ITM","OTM2","OTM2 vs ITM",0.0004669092,0.000466632966666667,0.000464503,0.00046957,30,30,-2.7623333333335e-07,-0.000853781222982187,0.946955942225594,0.966022169250271,"PWY-3841","folate transformations II (plants)","Not significant",0.0236702263752005,0.015012906842702
"VALSYN-PWY: L-valine biosynthesis","ITM","OTM2","OTM2 vs ITM",0.0004998169,0.000494512966666667,0.00048632,0.000491234,30,30,-5.30393333333338e-06,-0.015391329599384,0.958731490813444,0.974763789990926,"VALSYN-PWY","L-valine biosynthesis","Not significant",0.0183030074134243,0.0111006121291002
"ARGSYNBSUB-PWY: L-arginine biosynthesis II (acetyl cycle)","ITM","OTM2","OTM2 vs ITM",0.000433384033333333,0.0004324386,0.0004296135,0.000425609,30,30,-9.45433333333326e-07,-0.00315069658847175,0.970516051300281,0.983456265317618,"ARGSYNBSUB-PWY","L-arginine biosynthesis II (acetyl cycle)","Not significant",0.0129972774487324,0.00724494855964112
"PWY-5121: superpathway of geranylgeranyl diphosphate biosynthesis II (via MEP)","ITM","OTM2","OTM2 vs ITM",3.16782466666667e-05,3.0836966e-05,3.012735e-05,3.13504e-05,30,30,-8.41280666666673e-07,-0.0388315350684961,0.982307053080085,0.988812397802469,"PWY-5121","superpathway of geranylgeranyl diphosphate biosynthesis II (via MEP)","Not significant",0.00775273765661403,0.00488609700501089
"POLYISOPRENSYN-PWY: polyisoprenoid biosynthesis (E. coli)","ITM","OTM2","OTM2 vs ITM",1.897927e-05,1.8576913e-05,1.87209e-05,1.865795e-05,30,30,-4.02357e-07,-0.0309135551556737,0.982307053080085,0.988812397802469,"POLYISOPRENSYN-PWY","polyisoprenoid biosynthesis (E. coli)","Not significant",0.00775273765661403,0.00488609700501089
"PWY-6387: UDP-N-acetylmuramoyl-pentapeptide biosynthesis I (meso-diaminopimelate containing)","ITM","OTM2","OTM2 vs ITM",0.000239852866666667,0.0002298936,0.00022565,0.000234634,30,30,-9.95926666666667e-06,-0.0611833528689928,0.994101921325495,0.997382785752312,"PWY-6387","UDP-N-acetylmuramoyl-pentapeptide biosynthesis I (meso-diaminopimelate containing)","Not significant",0.00256908682997657,0.00113813172352787
"PWY-6292: superpathway of L-cysteine biosynthesis (mammalian)","ITM","OTM2","OTM2 vs ITM",4.42444033333333e-06,2.91385433333333e-06,2.56206e-06,2.67108e-06,30,30,-1.510586e-06,-0.602549312939287,1,1,"PWY-6292","superpathway of L-cysteine biosynthesis (mammalian)","Not significant",0,0
"PWY0-1479: tRNA processing","OTM1","OTM2","OTM2 vs OTM1",8.225136e-06,2.01676963333333e-06,5.150495e-06,9.32513e-07,26,16,-6.20836636666666e-06,-2.02793923965033,0.000350851627449355,0.0213317789489208,"PWY0-1479","tRNA processing","Enriched in OTM1",3.45487650462573,1.670972925353
"""PWY-7456: &beta;-(1,4)-mannan degradation""","OTM1","OTM2","OTM2 vs OTM1",2.33567766666667e-06,8.12423666666667e-07,2.04896e-06,0,25,11,-1.523254e-06,-1.52342121573665,0.000217353518894867,0.0213317789489208,"""PWY-7456","&beta;-(1,4)-mannan degradation""","Enriched in OTM1",3.66283332430566,1.670972925353
"""PWY-7383: anaerobic energy metabolism (invertebrates, cytosol)""","OTM1","OTM2","OTM2 vs OTM1",9.62163566666667e-05,7.81220366666667e-05,9.52482e-05,8.032655e-05,30,30,-1.809432e-05,-0.300552262761654,0.00016813164375018,0.0213317789489208,"""PWY-7383","anaerobic energy metabolism (invertebrates, cytosol)""","Enriched in OTM1",3.77435054109495,1.670972925353
"GLYCOGENSYNTH-PWY: glycogen biosynthesis I (from ADP-D-Glucose)","OTM1","OTM2","OTM2 vs OTM1",0.0003354788,0.0003809795,0.0003306645,0.0003760345,30,30,4.55007e-05,0.183491718247381,0.000300588837844831,0.0213317789489208,"GLYCOGENSYNTH-PWY","glycogen biosynthesis I (from ADP-D-Glucose)","Enriched in OTM2",3.52202715066994,1.670972925353
"PWY-1042: glycolysis IV","OTM1","OTM2","OTM2 vs OTM1",0.0005189935,0.000548208633333333,0.000521674,0.0005497225,30,30,2.92151333333334e-05,0.079008563433378,0.000318207892322871,0.0213317789489208,"PWY-1042","glycolysis IV","Enriched in OTM2",3.4972890530057,1.670972925353
"PWY0-162: superpathway of pyrimidine ribonucleotides de novo biosynthesis","OTM1","OTM2","OTM2 vs OTM1",6.96838843333333e-05,3.1501917e-05,4.00131e-05,2.21483e-05,30,30,-3.81819673333333e-05,-1.14538291158368,0.00176656414341452,0.0671294374497517,"PWY0-162","superpathway of pyrimidine ribonucleotides de novo biosynthesis","Not significant",2.75287058884039,1.17308699222358
"""PWY-7237: myo-, chiro- and scyllo-inositol degradation""","OTM1","OTM2","OTM2 vs OTM1",3.174687e-05,5.42912133333333e-05,4.69941e-05,5.798065e-05,17,26,2.25443433333333e-05,0.774102479288931,0.00156169230850417,0.0671294374497517,"""PWY-7237","myo-, chiro- and scyllo-inositol degradation""","Not significant",2.80640452864179,1.17308699222358
"P23-PWY: reductive TCA cycle I","OTM1","OTM2","OTM2 vs OTM1",2.36824933333333e-05,1.74456076666667e-05,2.4708e-05,1.828895e-05,30,29,-6.23688566666667e-06,-0.440954950051426,0.00137033256104877,0.0671294374497517,"P23-PWY","reductive TCA cycle I","Not significant",2.86317402269656,1.17308699222358
"PWY0-1061: superpathway of L-alanine biosynthesis","OTM1","OTM2","OTM2 vs OTM1",6.57410266666667e-05,3.72534766666667e-05,4.15884e-05,3.341205e-05,30,30,-2.848755e-05,-0.819417237964418,0.00249939232722768,0.0844239186085796,"PWY0-1061","superpathway of L-alanine biosynthesis","Not significant",2.60216556773239,1.07353449356296
"""PWY-7115: C4 photosynthetic carbon assimilation cycle, NAD-ME type""","OTM1","OTM2","OTM2 vs OTM1",3.68239166666667e-05,2.40781966666667e-05,2.612885e-05,2.146375e-05,30,30,-1.274572e-05,-0.612913663257553,0.00289132530507861,0.0878962892743898,"""PWY-7115","C4 photosynthetic carbon assimilation cycle, NAD-ME type""","Not significant",2.53890304279748,1.05602945918872
"GLYCOCAT-PWY: glycogen degradation I","OTM1","OTM2","OTM2 vs OTM1",6.31581863333333e-06,2.31632343333333e-06,5.73763e-06,1.28081e-06,25,20,-3.9994952e-06,-1.44709358881512,0.00341140574430132,0.094278849660691,"GLYCOCAT-PWY","glycogen degradation I","Not significant",2.46706662359126,1.02558572514073
"PWY-6876: isopropanol biosynthesis (engineered)","OTM1","OTM2","OTM2 vs OTM1",2.08982776666667e-06,1.160389e-06,2.01693e-06,1.116795e-06,28,26,-9.29438766666667e-07,-0.848720232095972,0.00401513765563647,0.094309629827344,"PWY-6876","isopropanol biosynthesis (engineered)","Not significant",2.39629956070697,1.0254439597828
"""GLCMANNANAUT-PWY: superpathway of N-acetylglucosamine, N-acetylmannosamine and N-acetylneuraminate degradation""","OTM1","OTM2","OTM2 vs OTM1",1.490724e-05,1.979347e-05,1.439765e-05,1.97569e-05,30,30,4.88623e-06,0.409008990197297,0.0040329775913009,0.094309629827344,"""GLCMANNANAUT-PWY","superpathway of N-acetylglucosamine, N-acetylmannosamine and N-acetylneuraminate degradation""","Not significant",2.39437419108472,1.0254439597828
"PWY-7312: dTDP-&beta;-D-fucofuranose biosynthesis","OTM1","OTM2","OTM2 vs OTM1",3.51223593333333e-06,4.321059e-06,2.79547e-06,4.06149e-06,30,29,8.08823066666666e-07,0.298987480473416,0.00463711810621559,0.0984152656391347,"PWY-7312","dTDP-&beta;-D-fucofuranose biosynthesis","Not significant",2.33375184259363,1.00693753095256
"PWY0-1296: purine ribonucleosides degradation","OTM1","OTM2","OTM2 vs OTM1",0.000305399533333333,0.0003453848,0.000299645,0.0003495,30,30,3.99852666666667e-05,0.17750668055216,0.00485601639666783,0.0984152656391347,"PWY0-1296","purine ribonucleosides degradation","Not significant",2.31371985550563,1.00693753095256
"ANAGLYCOLYSIS-PWY: glycolysis III (from glucose)","OTM1","OTM2","OTM2 vs OTM1",0.000232881996666667,0.000161929146666667,0.0002167005,0.0001422905,30,30,-7.095285e-05,-0.524236153497653,0.00556993858736055,0.10582883315985,"ANAGLYCOLYSIS-PWY","glycolysis III (from glucose)","Not significant",2.25414959321361,0.975395992260779
"P124-PWY: Bifidobacterium shunt","OTM1","OTM2","OTM2 vs OTM1",3.66533993333333e-05,9.343964e-06,1.59301e-05,5.11371e-06,29,28,-2.73094353333333e-05,-1.97182887919516,0.00987929871196588,0.109044017322506,"P124-PWY","Bifidobacterium shunt","Not significant",2.00527388297645,0.962398156908732
"PENTOSE-P-PWY: pentose phosphate pathway","OTM1","OTM2","OTM2 vs OTM1",3.34553898333333e-05,1.06175042666667e-05,1.161515e-05,5.91708e-06,30,30,-2.28378855666667e-05,-1.65578469111914,0.0107626125954115,0.109044017322506,"PENTOSE-P-PWY","pentose phosphate pathway","Not significant",1.96808229204838,0.962398156908732
"PWY-622: starch biosynthesis","OTM1","OTM2","OTM2 vs OTM1",6.9882077e-05,2.38156576666667e-05,3.42369e-05,5.058255e-06,26,22,-4.60664193333333e-05,-1.55300810556204,0.00841963186080154,0.109044017322506,"PWY-622","starch biosynthesis","Not significant",2.07470689713666,0.962398156908732
"PWY-7948: 4-oxopentanoate degradation","OTM1","OTM2","OTM2 vs OTM1",1.21531516666667e-06,6.267968e-07,1.32116e-06,6.865975e-07,24,18,-5.88518366666667e-07,-0.955149329250734,0.0071394644811164,0.109044017322506,"PWY-7948","4-oxopentanoate degradation","Not significant",2.14633436268017,0.962398156908732
"PWY-6901: superpathway of glucose and xylose degradation","OTM1","OTM2","OTM2 vs OTM1",3.17007963333333e-05,1.66109693333333e-05,2.347285e-05,1.2304e-05,30,30,-1.5089827e-05,-0.93237868329738,0.0127321146163066,0.109044017322506,"PWY-6901","superpathway of glucose and xylose degradation","Not significant",1.89509946045274,0.962398156908732
"""PWY-7117: C4 photosynthetic carbon assimilation cycle, PEPCK type""","OTM1","OTM2","OTM2 vs OTM1",3.2623011e-05,1.78617686666667e-05,2.46009e-05,1.508925e-05,30,29,-1.47612423333333e-05,-0.869011346953619,0.00761706430624423,0.109044017322506,"""PWY-7117","C4 photosynthetic carbon assimilation cycle, PEPCK type""","Not significant",2.1182123779068,0.962398156908732
"ORNDEG-PWY: superpathway of ornithine degradation","OTM1","OTM2","OTM2 vs OTM1",1.6091579e-06,8.90679766666667e-07,1.246375e-06,6.535985e-07,26,20,-7.18478133333333e-07,-0.853254857218664,0.00942210045771413,0.109044017322506,"ORNDEG-PWY","superpathway of ornithine degradation","Not significant",2.02585226965857,0.962398156908732
"PWY-5005: biotin biosynthesis II","OTM1","OTM2","OTM2 vs OTM1",3.10993256666667e-06,5.5037476e-06,2.82619e-06,4.855455e-06,20,27,2.39381503333333e-06,0.823510835173235,0.012284321967738,0.109044017322506,"PWY-5005","biotin biosynthesis II","Not significant",1.91064880937489,0.962398156908732
"""PWY-241: C4 photosynthetic carbon assimilation cycle, NADP-ME type""","OTM1","OTM2","OTM2 vs OTM1",2.82443293333333e-05,1.62104559e-05,2.202155e-05,1.338385e-05,30,29,-1.20338734333333e-05,-0.801032786648841,0.00946826970861527,0.109044017322506,"""PWY-241","C4 photosynthetic carbon assimilation cycle, NADP-ME type""","Not significant",2.02372937946127,0.962398156908732
"UDPNAGSYN-PWY: UDP-N-acetyl-D-glucosamine biosynthesis I","OTM1","OTM2","OTM2 vs OTM1",9.51678233333333e-05,6.60065066666667e-05,8.725365e-05,5.996915e-05,30,30,-2.91613166666667e-05,-0.527864957803217,0.00988340129168582,0.109044017322506,"UDPNAGSYN-PWY","UDP-N-acetyl-D-glucosamine biosynthesis I","Not significant",2.00509357079651,0.962398156908732
"PWY0-1586: peptidoglycan maturation (meso-diaminopimelate containing)","OTM1","OTM2","OTM2 vs OTM1",2.10866896666667e-05,1.5672049e-05,1.94667e-05,1.46599e-05,30,30,-5.41464066666667e-06,-0.428136451516312,0.00868437122924062,0.109044017322506,"PWY0-1586","peptidoglycan maturation (meso-diaminopimelate containing)","Not significant",2.06126162011343,0.962398156908732
"METH-ACETATE-PWY: methanogenesis from acetate","OTM1","OTM2","OTM2 vs OTM1",4.31385533333333e-05,5.59120933333333e-05,4.14686e-05,5.25865e-05,30,30,1.277354e-05,0.374181800026291,0.00946826970861527,0.109044017322506,"METH-ACETATE-PWY","methanogenesis from acetate","Not significant",2.02372937946127,0.962398156908732
"PWY66-399: gluconeogenesis III","OTM1","OTM2","OTM2 vs OTM1",9.68532833333333e-05,7.706463e-05,0.0001063525,6.978135e-05,30,30,-1.97886533333333e-05,-0.32973170971853,0.0132718047399103,0.109044017322506,"PWY66-399","gluconeogenesis III","Not significant",1.87707001645049,0.962398156908732
"PWY-7242: D-fructuronate degradation","OTM1","OTM2","OTM2 vs OTM1",4.33630466666667e-05,5.28017566666667e-05,4.110015e-05,5.064775e-05,30,30,9.43871e-06,0.284119209505151,0.00946826970861527,0.109044017322506,"PWY-7242","D-fructuronate degradation","Not significant",2.02372937946127,0.962398156908732
"P108-PWY: pyruvate fermentation to propanoate I","OTM1","OTM2","OTM2 vs OTM1",3.13748666666667e-05,2.72425066666667e-05,3.14266e-05,2.70087e-05,30,30,-4.13236e-06,-0.203749174321566,0.0127321146163066,0.109044017322506,"P108-PWY","pyruvate fermentation to propanoate I","Not significant",1.89509946045274,0.962398156908732
"""PWY-7013: (S)-propane-1,2-diol degradation""","OTM1","OTM2","OTM2 vs OTM1",1.35939396666667e-05,1.184238e-05,1.371725e-05,1.15471e-05,30,30,-1.75155966666667e-06,-0.19900300219213,0.0117106837928731,0.109044017322506,"""PWY-7013","(S)-propane-1,2-diol degradation""","Not significant",1.93141774550822,0.962398156908732
"FERMENTATION-PWY: mixed acid fermentation","OTM1","OTM2","OTM2 vs OTM1",9.77296966666667e-05,0.000108364756666667,9.425375e-05,0.0001080795,30,30,1.063506e-05,0.149026563275156,0.010314672402338,0.109044017322506,"FERMENTATION-PWY","mixed acid fermentation","Not significant",1.98654456081891,0.962398156908732
"COA-PWY: coenzyme A biosynthesis I (prokaryotic)","OTM1","OTM2","OTM2 vs OTM1",0.000183518466666667,0.000202112833333333,0.000182952,0.000206517,30,30,1.85943666666667e-05,0.139235614988933,0.0132718047399103,0.109044017322506,"COA-PWY","coenzyme A biosynthesis I (prokaryotic)","Not significant",1.87707001645049,0.962398156908732
"THRESYN-PWY: superpathway of L-threonine biosynthesis","OTM1","OTM2","OTM2 vs OTM1",0.000179830233333333,0.000197238133333333,0.000174775,0.000198017,30,30,1.74079e-05,0.133302844172594,0.0122119396652024,0.109044017322506,"THRESYN-PWY","superpathway of L-threonine biosynthesis","Not significant",1.91321535006077,0.962398156908732
"PWY-2942: L-lysine biosynthesis III","OTM1","OTM2","OTM2 vs OTM1",0.0003146422,0.0003346169,0.0003138515,0.000335434,30,30,1.99747e-05,0.0887981050542079,0.0122107372806099,0.109044017322506,"PWY-2942","L-lysine biosynthesis III","Not significant",1.91325811269446,0.962398156908732
"CALVIN-PWY: Calvin-Benson-Bassham cycle","OTM1","OTM2","OTM2 vs OTM1",0.000283248233333333,0.000299892933333333,0.000281032,0.000297546,30,30,1.66447e-05,0.0823805409786424,0.0122119396652024,0.109044017322506,"CALVIN-PWY","Calvin-Benson-Bassham cycle","Not significant",1.91321535006077,0.962398156908732
"PWY-5656: mannosylglycerate biosynthesis I","OTM1","OTM2","OTM2 vs OTM1",1.14603293333333e-06,3.931747e-07,5.627175e-07,0,20,11,-7.52858233333333e-07,-1.54316510019296,0.0146561107180796,0.111324301723163,"PWY-5656","mannosylglycerate biosynthesis I","Not significant",1.83398126283088,0.95341002028143
"PWY0-1298: superpathway of pyrimidine deoxyribonucleosides degradation","OTM1","OTM2","OTM2 vs OTM1",1.95220346666667e-05,1.36358893333333e-05,1.64752e-05,1.131685e-05,30,30,-5.88614533333333e-06,-0.517691438356792,0.0144121833498759,0.111324301723163,"PWY0-1298","superpathway of pyrimidine deoxyribonucleosides degradation","Not significant",1.8412702214778,0.95341002028143
"FUCCAT-PWY: fucose degradation","OTM1","OTM2","OTM2 vs OTM1",5.85741033333333e-06,4.41429e-06,6.018165e-06,4.074385e-06,30,30,-1.44312033333333e-06,-0.408073500529907,0.0150141327981898,0.111324301723163,"FUCCAT-PWY","fucose degradation","Not significant",1.82349974717045,0.95341002028143
"PWY-6588: pyruvate fermentation to acetone","OTM1","OTM2","OTM2 vs OTM1",6.177685e-06,7.56776233333333e-06,6.0291e-06,7.145535e-06,30,30,1.39007733333333e-06,0.292796181914195,0.0150141327981898,0.111324301723163,"PWY-6588","pyruvate fermentation to acetone","Not significant",1.82349974717045,0.95341002028143
"PWY-8182: valproate &beta;-oxidation","OTM1","OTM2","OTM2 vs OTM1",1.72793293333333e-06,9.82302933333333e-07,1.85808e-06,1.03083e-06,24,18,-7.4563e-07,-0.814743939511984,0.0154995256197714,0.112187042581203,"PWY-8182","valproate &beta;-oxidation","Not significant",1.80968159369218,0.950057300481327
"RIBOSYN2-PWY: flavin biosynthesis I (bacteria and plants)","OTM1","OTM2","OTM2 vs OTM1",4.67101833333333e-05,5.257565e-05,4.77761e-05,5.21438e-05,30,30,5.86546666666667e-06,0.170657329133222,0.0169548805872933,0.11453963774527,"RIBOSYN2-PWY","flavin biosynthesis I (bacteria and plants)","Not significant",1.77070526459791,0.941044194764501
"PWY-6124: inosine-5'-phosphate biosynthesis II","OTM1","OTM2","OTM2 vs OTM1",0.0003104853,0.000280910433333333,0.000306561,0.0002849,30,30,-2.95748666666666e-05,-0.144414707608497,0.0169548805872933,0.11453963774527,"PWY-6124","inosine-5'-phosphate biosynthesis II","Not significant",1.77070526459791,0.941044194764501
"PWY-6609: adenine and adenosine salvage III","OTM1","OTM2","OTM2 vs OTM1",0.000375122866666667,0.000394333866666667,0.000372689,0.000403432,30,30,1.9211e-05,0.0720543911387459,0.0162848089481173,0.11453963774527,"PWY-6609","adenine and adenosine salvage III","Not significant",1.78821733217219,0.941044194764501
"PWY-7323: superpathway of GDP-mannose-derived O-antigen building blocks biosynthesis","OTM1","OTM2","OTM2 vs OTM1",1.1865032e-05,9.26231533333333e-06,1.107925e-05,8.6392e-06,30,30,-2.60271666666667e-06,-0.357267795569928,0.0176490281291738,0.116637055462366,"PWY-7323","superpathway of GDP-mannose-derived O-antigen building blocks biosynthesis","Not significant",1.75327920471003,0.933163452782854
"PWY-8004: Entner-Doudoroff pathway I","OTM1","OTM2","OTM2 vs OTM1",9.50294033333333e-06,3.48216703333333e-06,5.28694e-06,2.60678e-06,26,29,-6.0207733e-06,-1.4483623140982,0.0223228760669294,0.117598666015453,"PWY-8004","Entner-Doudoroff pathway I","Not significant",1.65124985187023,0.929597604666457
"GLYCOLYSIS-E-D: superpathway of glycolysis and the Entner-Doudoroff pathway","OTM1","OTM2","OTM2 vs OTM1",1.2298014e-05,4.77416263333333e-06,7.12656e-06,3.492675e-06,26,29,-7.52385136666666e-06,-1.36508724864774,0.0214699166873751,0.117598666015453,"GLYCOLYSIS-E-D","superpathway of glycolysis and the Entner-Doudoroff pathway","Not significant",1.66816964081217,0.929597604666457
"PWY-5913: partial TCA cycle (obligate autotrophs)","OTM1","OTM2","OTM2 vs OTM1",3.53250803333333e-05,1.92023804e-05,1.980575e-05,1.189065e-05,30,30,-1.61226999333333e-05,-0.879404248392069,0.0223601480626597,0.117598666015453,"PWY-5913","partial TCA cycle (obligate autotrophs)","Not significant",1.65052532499925,0.929597604666457
"PWY-6282: palmitoleate biosynthesis I (from (5Z)-dodec-5-enoate)","OTM1","OTM2","OTM2 vs OTM1",5.11531143333333e-06,3.35850766666667e-06,4.91907e-06,2.13142e-06,28,21,-1.75680376666667e-06,-0.606987002788997,0.0228234253122097,0.117598666015453,"PWY-6282","palmitoleate biosynthesis I (from (5Z)-dodec-5-enoate)","Not significant",1.64161917663307,0.929597604666457
"PWY-7664: oleate biosynthesis IV (anaerobic)","OTM1","OTM2","OTM2 vs OTM1",5.86927666666667e-06,3.88623433333333e-06,5.67339e-06,2.505225e-06,28,21,-1.98304233333333e-06,-0.594797277554396,0.0202940252354342,0.117598666015453,"PWY-7664","oleate biosynthesis IV (anaerobic)","Not significant",1.69263180391993,0.929597604666457
"FASYN-ELONG-PWY: fatty acid elongation -- saturated","OTM1","OTM2","OTM2 vs OTM1",6.50813233333333e-06,4.32865233333333e-06,6.39211e-06,2.807885e-06,28,21,-2.17948e-06,-0.588314493721006,0.0228234253122097,0.117598666015453,"FASYN-ELONG-PWY","fatty acid elongation -- saturated","Not significant",1.64161917663307,0.929597604666457
"PWY0-862: (5Z)-dodecenoate biosynthesis I","OTM1","OTM2","OTM2 vs OTM1",5.30665126666667e-06,3.61370846666667e-06,5.117505e-06,2.52683e-06,28,24,-1.6929428e-06,-0.554308884814375,0.0213540294139157,0.117598666015453,"PWY0-862","(5Z)-dodecenoate biosynthesis I","Not significant",1.67052016339707,0.929597604666457
"POLYAMSYN-PWY: superpathway of polyamine biosynthesis I","OTM1","OTM2","OTM2 vs OTM1",5.83728033333333e-06,4.24932793333333e-06,5.833025e-06,3.89935e-06,30,30,-1.5879524e-06,-0.458052434016197,0.0223601480626597,0.117598666015453,"POLYAMSYN-PWY","superpathway of polyamine biosynthesis I","Not significant",1.65052532499925,0.929597604666457
"PWY-7198: pyrimidine deoxyribonucleotides de novo biosynthesis IV","OTM1","OTM2","OTM2 vs OTM1",8.237809e-05,6.48826666666667e-05,7.688565e-05,6.17951e-05,30,30,-1.74954233333333e-05,-0.344427089057288,0.0198830764139107,0.117598666015453,"PWY-7198","pyrimidine deoxyribonucleotides de novo biosynthesis IV","Not significant",1.70151641841867,0.929597604666457
"PWY-6507: 4-deoxy-L-threo-hex-4-enopyranuronate degradation","OTM1","OTM2","OTM2 vs OTM1",3.51262866666667e-05,3.120879e-05,3.516125e-05,3.18529e-05,30,30,-3.91749666666667e-06,-0.170598132863159,0.0206807491399781,0.117598666015453,"PWY-6507","4-deoxy-L-threo-hex-4-enopyranuronate degradation","Not significant",1.68443373339889,0.929597604666457
"GALACTUROCAT-PWY: D-galacturonate degradation I","OTM1","OTM2","OTM2 vs OTM1",3.82760133333333e-05,3.43100966666667e-05,3.811255e-05,3.568025e-05,30,30,-3.96591666666667e-06,-0.157806946382905,0.0223601480626597,0.117598666015453,"GALACTUROCAT-PWY","D-galacturonate degradation I","Not significant",1.65052532499925,0.929597604666457
"PWY-6123: inosine-5'-phosphate biosynthesis I","OTM1","OTM2","OTM2 vs OTM1",0.0003343368,0.000305515,0.0003293515,0.000310059,30,30,-2.88218e-05,-0.130058904086381,0.0215061799325119,0.117598666015453,"PWY-6123","inosine-5'-phosphate biosynthesis I","Not significant",1.66743672497126,0.929597604666457
"PWY-5100: pyruvate fermentation to acetate and lactate II","OTM1","OTM2","OTM2 vs OTM1",0.0001487495,0.000158708966666667,0.000146489,0.000158781,30,30,9.95946666666666e-06,0.0934987593204565,0.0206807491399781,0.117598666015453,"PWY-5100","pyruvate fermentation to acetate and lactate II","Not significant",1.68443373339889,0.929597604666457
"SALVADEHYPOX-PWY: adenosine nucleotides degradation II","OTM1","OTM2","OTM2 vs OTM1",1.46275013333333e-05,1.88551706666667e-05,1.3246e-05,1.59978e-05,30,30,4.22766933333333e-06,0.366274647935278,0.0232434470536712,0.117766798405268,"SALVADEHYPOX-PWY","adenosine nucleotides degradation II","Not significant",1.63369946469066,0.928977131465552
"P122-PWY: heterolactic fermentation","OTM1","OTM2","OTM2 vs OTM1",5.09407533333333e-06,1.96248846666667e-06,2.822225e-06,1.331965e-06,24,24,-3.13158686666667e-06,-1.37609092856483,0.0254863669996391,0.12701402570312,"P122-PWY","heterolactic fermentation","Not significant",1.5936920674126,0.896148318814611
"PWY-4984: urea cycle","OTM1","OTM2","OTM2 vs OTM1",1.63579473333333e-05,1.12736386666667e-05,1.5718e-05,1.0072065e-05,29,30,-5.08430866666667e-06,-0.537034513196783,0.0281286698972873,0.131555625365775,"PWY-4984","urea cycle","Not significant",1.55085080355915,0.880890576593249
"PWY-6608: guanosine nucleotides degradation III","OTM1","OTM2","OTM2 vs OTM1",1.7695361e-05,2.19829406666667e-05,1.566555e-05,1.92185e-05,30,30,4.28757966666666e-06,0.313011604692733,0.0281286698972873,0.131555625365775,"PWY-6608","guanosine nucleotides degradation III","Not significant",1.55085080355915,0.880890576593249
"PWY-5030: L-histidine degradation III","OTM1","OTM2","OTM2 vs OTM1",5.06598e-05,4.53153033333333e-05,5.17886e-05,4.510865e-05,30,30,-5.34449666666666e-06,-0.160842703582937,0.0281286698972873,0.131555625365775,"PWY-5030","L-histidine degradation III","Not significant",1.55085080355915,0.880890576593249
"P42-PWY: incomplete reductive TCA cycle","OTM1","OTM2","OTM2 vs OTM1",4.522851e-05,4.145899e-05,4.51902e-05,3.97162e-05,30,30,-3.76952e-06,-0.125547208071563,0.027086318388296,0.131555625365775,"P42-PWY","incomplete reductive TCA cycle","Not significant",1.56725002089172,0.880890576593249
"PWY-7688: dTDP-&alpha;-D-ravidosamine and dTDP-4-acetyl-&alpha;-D-ravidosamine biosynthesis","OTM1","OTM2","OTM2 vs OTM1",5.08657806666667e-06,8.25797833333333e-06,4.186545e-06,7.69192e-06,29,30,3.17140026666667e-06,0.699082313859547,0.0303174288133101,0.131664262274947,"PWY-7688","dTDP-&alpha;-D-ravidosamine and dTDP-4-acetyl-&alpha;-D-ravidosamine biosynthesis","Not significant",1.51830763349978,0.880532089905284
"CITRULBIO-PWY: L-citrulline biosynthesis","OTM1","OTM2","OTM2 vs OTM1",1.91086801e-05,1.32828686666667e-05,1.854255e-05,1.190555e-05,30,30,-5.82581143333333e-06,-0.524658063226886,0.029205409568445,0.131664262274947,"CITRULBIO-PWY","L-citrulline biosynthesis","Not significant",1.53453669895798,0.880532089905284
"PWY-5345: superpathway of L-methionine biosynthesis (by sulfhydrylation)","OTM1","OTM2","OTM2 vs OTM1",8.602529e-06,6.78624133333333e-06,7.913335e-06,6.63974e-06,30,30,-1.81628766666667e-06,-0.34214362567662,0.0303174288133101,0.131664262274947,"PWY-5345","superpathway of L-methionine biosynthesis (by sulfhydrylation)","Not significant",1.51830763349978,0.880532089905284
"OANTIGEN-PWY: O-antigen building blocks biosynthesis (E. coli)","OTM1","OTM2","OTM2 vs OTM1",0.00012836254,0.00010181135,0.0001242225,9.474875e-05,30,30,-2.655119e-05,-0.334325546508392,0.0303174288133101,0.131664262274947,"OANTIGEN-PWY","O-antigen building blocks biosynthesis (E. coli)","Not significant",1.51830763349978,0.880532089905284
"""PWY-7371: 1,4-dihydroxy-6-naphthoate biosynthesis II""","OTM1","OTM2","OTM2 vs OTM1",3.08301733333333e-06,2.58359433333333e-06,3.110015e-06,2.70655e-06,30,29,-4.99423e-07,-0.254954394153165,0.0303174288133101,0.131664262274947,"""PWY-7371","1,4-dihydroxy-6-naphthoate biosynthesis II""","Not significant",1.51830763349978,0.880532089905284
"PWY-5989: stearate biosynthesis II (bacteria and plants)","OTM1","OTM2","OTM2 vs OTM1",5.12247646666667e-06,3.4420817e-06,4.91223e-06,2.17193e-06,28,23,-1.68039476666667e-06,-0.573546361153974,0.0311830383862744,0.132345140136534,"PWY-5989","stearate biosynthesis II (bacteria and plants)","Not significant",1.50608157067046,0.878292001855172
"PWY-6859: all-trans-farnesol biosynthesis","OTM1","OTM2","OTM2 vs OTM1",9.317126e-06,1.23656894666667e-05,9.094885e-06,1.24791e-05,29,30,3.04856346666667e-06,0.408381955297167,0.0314656325772561,0.132345140136534,"PWY-6859","all-trans-farnesol biosynthesis","Not significant",1.50216353288042,0.878292001855172
"POLYISOPRENSYN-PWY: polyisoprenoid biosynthesis (E. coli)","OTM1","OTM2","OTM2 vs OTM1",1.45582246666667e-05,1.8576913e-05,1.4216e-05,1.865795e-05,30,30,4.01868833333333e-06,0.351674205695496,0.0326509391784213,0.132345140136534,"POLYISOPRENSYN-PWY","polyisoprenoid biosynthesis (E. coli)","Not significant",1.48610432207223,0.878292001855172
"PWY-6470: peptidoglycan biosynthesis V (&beta;-lactam resistance)","OTM1","OTM2","OTM2 vs OTM1",1.16779423333333e-05,1.38903106666667e-05,1.088415e-05,1.37879e-05,30,30,2.21236833333333e-06,0.250290806808261,0.0326509391784213,0.132345140136534,"PWY-6470","peptidoglycan biosynthesis V (&beta;-lactam resistance)","Not significant",1.48610432207223,0.878292001855172
"PWY-6549: L-glutamine biosynthesis III","OTM1","OTM2","OTM2 vs OTM1",5.443118e-05,4.722689e-05,5.577245e-05,4.744865e-05,30,30,-7.20429e-06,-0.204824374096944,0.0326509391784213,0.132345140136534,"PWY-6549","L-glutamine biosynthesis III","Not significant",1.48610432207223,0.878292001855172
"SO4ASSIM-PWY: assimilatory sulfate reduction I","OTM1","OTM2","OTM2 vs OTM1",3.26787566666667e-06,2.58684353333333e-06,2.97955e-06,2.47953e-06,30,30,-6.81032133333333e-07,-0.337148677369327,0.0338742801295203,0.135497120518081,"SO4ASSIM-PWY","assimilatory sulfate reduction I","Not significant",1.47012992531603,0.868069933988069
"ANAEROFRUCAT-PWY: homolactic fermentation","OTM1","OTM2","OTM2 vs OTM1",0.00011495076,9.07461533333333e-05,0.0001058635,8.54948e-05,30,30,-2.42046066666667e-05,-0.341107275072981,0.0351365999421798,0.138721121849645,"ANAEROFRUCAT-PWY","homolactic fermentation","Not significant",1.4542402661131,0.85785740767683
"RUMP-PWY: formaldehyde oxidation I","OTM1","OTM2","OTM2 vs OTM1",5.06158833333333e-06,1.98976803333333e-06,2.97518e-06,1.44889e-06,25,26,-3.0718203e-06,-1.34694592276439,0.0374628911029089,0.145389030883884,"RUMP-PWY","formaldehyde oxidation I","Not significant",1.42639871010039,0.837468358307128
"SULFATE-CYS-PWY: superpathway of sulfate assimilation and cysteine biosynthesis","OTM1","OTM2","OTM2 vs OTM1",7.03985366666667e-06,5.623959e-06,6.4202e-06,5.427845e-06,30,30,-1.41589466666667e-06,-0.323954204531647,0.0377820178941672,0.145389030883884,"SULFATE-CYS-PWY","superpathway of sulfate assimilation and cysteine biosynthesis","Not significant",1.42271485062544,0.837468358307128
"PWY-6700: queuosine biosynthesis I (de novo)","OTM1","OTM2","OTM2 vs OTM1",0.000370215966666667,0.000408851633333333,0.0003639095,0.0003896535,30,30,3.86356666666667e-05,0.143210249936863,0.0405950005366926,0.154261002039432,"PWY-6700","queuosine biosynthesis I (de novo)","Not significant",1.39152744851691,0.811743851900097
"PWY-6936: seleno-amino acid biosynthesis (plants)","OTM1","OTM2","OTM2 vs OTM1",4.46145763333333e-05,2.63845515e-05,3.740325e-05,2.67873e-05,30,30,-1.82300248333333e-05,-0.757819445695631,0.0451462083807951,0.169437621577305,"PWY-6936","seleno-amino acid biosynthesis (plants)","Not significant",1.34537871818424,0.770990153454141
"PWY-7332: superpathway of UDP-N-acetylglucosamine-derived O-antigen building blocks biosynthesis","OTM1","OTM2","OTM2 vs OTM1",3.314215e-06,2.04334866666667e-06,3.44783e-06,1.006445e-06,22,15,-1.27086633333333e-06,-0.697704724107217,0.0470310699691237,0.17435908866602,"PWY-7332","superpathway of UDP-N-acetylglucosamine-derived O-antigen building blocks biosynthesis","Not significant",1.32761514082865,0.758555409603615
"PWY-6902: chitin degradation II (Vibrio)","OTM1","OTM2","OTM2 vs OTM1",1.4225978e-06,2.852867e-07,1.538095e-07,0,15,9,-1.1373111e-06,-2.3176392397747,0.0507660666668144,0.185938364659176,"PWY-6902","chitin degradation II (Vibrio)","Not significant",1.29442648424307,0.730630993010392
"HOMOSER-METSYN-PWY: L-methionine biosynthesis I","OTM1","OTM2","OTM2 vs OTM1",8.40040166666667e-07,1.44456176666667e-06,6.55732e-07,1.5728e-06,18,21,6.045216e-07,0.782029811045865,0.0559307598750251,0.193215352295541,"HOMOSER-METSYN-PWY","L-methionine biosynthesis I","Not significant",1.252349280309,0.713958368850417
"METSYN-PWY: superpathway of L-homoserine and L-methionine biosynthesis","OTM1","OTM2","OTM2 vs OTM1",1.46420876666667e-06,2.5149756e-06,1.14577e-06,2.74373e-06,18,21,1.05076683333333e-06,0.780381971416926,0.0559307598750251,0.193215352295541,"METSYN-PWY","superpathway of L-homoserine and L-methionine biosynthesis","Not significant",1.252349280309,0.713958368850417
"PWY-5347: superpathway of L-methionine biosynthesis (transsulfuration)","OTM1","OTM2","OTM2 vs OTM1",1.66534846666667e-06,2.85771233333333e-06,1.30678e-06,3.124885e-06,18,21,1.19236386666667e-06,0.779000466780448,0.0559307598750251,0.193215352295541,"PWY-5347","superpathway of L-methionine biosynthesis (transsulfuration)","Not significant",1.252349280309,0.713958368850417
"MET-SAM-PWY: superpathway of S-adenosyl-L-methionine biosynthesis","OTM1","OTM2","OTM2 vs OTM1",1.65493223333333e-06,2.822422e-06,1.307405e-06,3.103755e-06,18,21,1.16748976666667e-06,0.77012551088325,0.0559307598750251,0.193215352295541,"MET-SAM-PWY","superpathway of S-adenosyl-L-methionine biosynthesis","Not significant",1.252349280309,0.713958368850417
"POLYAMINSYN3-PWY: superpathway of polyamine biosynthesis II","OTM1","OTM2","OTM2 vs OTM1",5.48786766666667e-06,4.1670185e-06,5.852425e-06,3.99883e-06,28,28,-1.32084916666667e-06,-0.397221855220533,0.0536520026727847,0.193215352295541,"POLYAMINSYN3-PWY","superpathway of polyamine biosynthesis II","Not significant",1.27041406244907,0.713958368850417
"DAPLYSINESYN-PWY: L-lysine biosynthesis I","OTM1","OTM2","OTM2 vs OTM1",2.393762e-05,1.7977922e-05,2.03807e-05,1.67993e-05,30,30,-5.959698e-06,-0.413051446591085,0.0594279151689524,0.202989732711927,"DAPLYSINESYN-PWY","L-lysine biosynthesis I","Not significant",1.22600950525418,0.692525928290342
"PWY-5121: superpathway of geranylgeranyl diphosphate biosynthesis II (via MEP)","OTM1","OTM2","OTM2 vs OTM1",2.50832226666667e-05,3.0836966e-05,2.521765e-05,3.13504e-05,30,30,5.75374333333333e-06,0.297937038572645,0.061451911011257,0.205289900521122,"PWY-5121","superpathway of geranylgeranyl diphosphate biosynthesis II (via MEP)","Not significant",1.21146460702099,0.687632415733333
"PWY-6969: TCA cycle V (2-oxoglutarate synthase)","OTM1","OTM2","OTM2 vs OTM1",6.939295e-05,7.183761e-05,6.76608e-05,7.626255e-05,30,30,2.44466e-06,0.0499501832498895,0.061451911011257,0.205289900521122,"PWY-6969","TCA cycle V (2-oxoglutarate synthase)","Not significant",1.21146460702099,0.687632415733333
"PWY-3001: superpathway of L-isoleucine biosynthesis I","OTM1","OTM2","OTM2 vs OTM1",0.000216339966666667,0.000225958533333333,0.0002137835,0.00023005,30,30,9.61856666666666e-06,0.0627577995433669,0.0635326507348074,0.209933976341103,"PWY-3001","superpathway of L-isoleucine biosynthesis I","Not significant",1.19700302447768,0.677917268214477
"PWY-5677: succinate fermentation to butanoate","OTM1","OTM2","OTM2 vs OTM1",1.37130883333333e-06,3.481204e-07,0,0,12,7,-1.02318843333333e-06,-1.97758609101129,0.066310831262387,0.216757986061996,"PWY-5677","succinate fermentation to butanoate","Not significant",1.178415527805,0.664024892750185
"PWY-6823: molybdopterin biosynthesis","OTM1","OTM2","OTM2 vs OTM1",6.487796e-05,7.41691533333333e-05,5.954025e-05,6.91049e-05,30,30,9.29119333333334e-06,0.193090565011949,0.0748270080049043,0.241993728015861,"PWY-6823","molybdopterin biosynthesis","Not significant",1.12594161991045,0.61619588990139
"PWY-7560: methylerythritol phosphate pathway II","OTM1","OTM2","OTM2 vs OTM1",0.000130726233333333,0.00014144368,0.000136427,0.0001489665,30,30,1.07174466666667e-05,0.113678950596381,0.0772719759293395,0.247270322973887,"PWY-7560","methylerythritol phosphate pathway II","Not significant",1.11197798222583,0.606828003905921
"PWY-6270: isoprene biosynthesis I","OTM1","OTM2","OTM2 vs OTM1",0.00014248901,0.000153778856666667,0.000149073,0.0001615635,30,30,1.12898466666667e-05,0.110006433553618,0.079781647124981,0.247485925775451,"PWY-6270","isoprene biosynthesis I","Not significant",1.09809700174508,0.606449493828823
"PWY-6527: stachyose degradation","OTM1","OTM2","OTM2 vs OTM1",0.000104668103333333,0.000112166143333333,0.0001028565,0.000112769,30,30,7.49804e-06,0.0998153199541393,0.079781647124981,0.247485925775451,"PWY-6527","stachyose degradation","Not significant",1.09809700174508,0.606449493828823
"PWY-2941: L-lysine biosynthesis II","OTM1","OTM2","OTM2 vs OTM1",0.0001452562,0.000154792,0.0001463185,0.0001575065,30,30,9.5358e-06,0.0917311066963862,0.079781647124981,0.247485925775451,"PWY-2941","L-lysine biosynthesis II","Not significant",1.09809700174508,0.606449493828823
"PWY-5497: purine nucleobases degradation II (anaerobic)","OTM1","OTM2","OTM2 vs OTM1",5.70467033333333e-06,4.9330968e-06,5.810225e-06,4.981175e-06,30,29,-7.71573533333334e-07,-0.209645964740961,0.0823571708823862,0.252894746951974,"PWY-5497","purine nucleobases degradation II (anaerobic)","Not significant",1.08429858059786,0.597060191586654
"PWY-6121: 5-aminoimidazole ribonucleotide biosynthesis I","OTM1","OTM2","OTM2 vs OTM1",0.0004348024,0.0004561662,0.0004314205,0.000449472,30,30,2.13638e-05,0.0691996337245987,0.0849996974869641,0.258399080360371,"PWY-6121","5-aminoimidazole ribonucleotide biosynthesis I","Not significant",1.07058261993248,0.58770903632373
"PWY66-429: fatty acid biosynthesis initiation (mitochondria)","OTM1","OTM2","OTM2 vs OTM1",0.00010798032,0.000122771743333333,0.0001070665,0.000122087,30,30,1.47914233333333e-05,0.18520999553135,0.090490360906144,0.27236702688582,"PWY66-429","fatty acid biosynthesis initiation (mitochondria)","Not significant",1.04339767967019,0.564845469844078
"HEXITOLDEGSUPER-PWY: superpathway of hexitol degradation (bacteria)","OTM1","OTM2","OTM2 vs OTM1",2.5081752e-06,3.29288566666667e-06,2.421075e-06,3.238575e-06,22,24,7.84710466666667e-07,0.392700587599684,0.0941576583400082,0.280626746425122,"HEXITOLDEGSUPER-PWY","superpathway of hexitol degradation (bacteria)","Not significant",1.02614435074511,0.551870938898272
"PWY-5265: peptidoglycan biosynthesis II (staphylococci)","OTM1","OTM2","OTM2 vs OTM1",8.90213333333333e-06,6.48171366666667e-06,9.62049e-06,6.03114e-06,27,22,-2.42041966666667e-06,-0.457769767306353,0.098224057839153,0.287374408618162,"PWY-5265","peptidoglycan biosynthesis II (staphylococci)","Not significant",1.00778212822977,0.541551909447356
"PWY-821: superpathway of sulfur amino acid biosynthesis (Saccharomyces cerevisiae)","OTM1","OTM2","OTM2 vs OTM1",4.08369733333333e-06,3.1402327e-06,4.0682e-06,3.355335e-06,28,25,-9.43464633333334e-07,-0.378993858975917,0.0989946054874045,0.287374408618162,"PWY-821","superpathway of sulfur amino acid biosynthesis (Saccharomyces cerevisiae)","Not significant",1.00438847076492,0.541551909447356
"HISDEG-PWY: L-histidine degradation I","OTM1","OTM2","OTM2 vs OTM1",9.96098733333333e-05,9.197008e-05,9.83305e-05,8.941965e-05,30,30,-7.63979333333334e-06,-0.115124033699744,0.0992576082398258,0.287374408618162,"HISDEG-PWY","L-histidine degradation I","Not significant",1.00323619398617,0.541551909447356
"PWY-8187: L-arginine degradation XIII (reductive Stickland reaction)","OTM1","OTM2","OTM2 vs OTM1",4.84038133333333e-05,5.296481e-05,4.443765e-05,5.012325e-05,30,30,4.56099666666667e-06,0.129913179896886,0.10232626822733,0.293464014538757,"PWY-8187","L-arginine degradation XIII (reductive Stickland reaction)","Not significant",0.990012864022367,0.532445145678383
"PWY-6895: superpathway of thiamine diphosphate biosynthesis II","OTM1","OTM2","OTM2 vs OTM1",1.31246753333333e-05,8.62457866666667e-06,8.978205e-06,6.41766e-06,28,27,-4.50009666666667e-06,-0.605750115504942,0.105373141948005,0.299377898618632,"PWY-6895","superpathway of thiamine diphosphate biosynthesis II","Not significant",0.977270070244713,0.523780264321169
"P164-PWY: purine nucleobases degradation I (anaerobic)","OTM1","OTM2","OTM2 vs OTM1",6.913998e-06,5.69311806666667e-06,6.198445e-06,5.347875e-06,30,29,-1.22087993333333e-06,-0.280296692249016,0.108689773214447,0.305941583862889,"P164-PWY","purine nucleobases degradation I (anaerobic)","Not significant",0.963811317417636,0.514361489295832
"PWY-6317: D-galactose degradation I (Leloir pathway)","OTM1","OTM2","OTM2 vs OTM1",0.0001272863,0.00013343637,0.0001261075,0.0001306525,30,30,6.15007e-06,0.0680747468078956,0.11198687208269,0.309490991937615,"PWY-6317","D-galactose degradation I (Leloir pathway)","Not significant",0.950832885510287,0.509351987059758
"PWY-5103: L-isoleucine biosynthesis III","OTM1","OTM2","OTM2 vs OTM1",0.000332035666666667,0.0003189368,0.0003333595,0.000319966,30,30,-1.30988666666667e-05,-0.0580676335277226,0.11198687208269,0.309490991937615,"PWY-5103","L-isoleucine biosynthesis III","Not significant",0.950832885510287,0.509351987059758
"PWY-5189: tetrapyrrole biosynthesis II (from glycine)","OTM1","OTM2","OTM2 vs OTM1",3.37316416666667e-06,2.32316363333333e-06,3.225705e-06,2.579935e-06,27,27,-1.05000053333333e-06,-0.537992429072382,0.113489107982972,0.31081701645787,"PWY-5189","tetrapyrrole biosynthesis II (from glycine)","Not significant",0.945045817500638,0.507495212678542
"DTDPRHAMSYN-PWY: dTDP-&beta;-L-rhamnose biosynthesis","OTM1","OTM2","OTM2 vs OTM1",0.000463554566666667,0.0004824731,0.000474068,0.000494326,30,30,1.89185333333333e-05,0.0577093221753927,0.122352925844741,0.332100798721441,"DTDPRHAMSYN-PWY","dTDP-&beta;-L-rhamnose biosynthesis","Not significant",0.912385640835829,0.478730079897257
"PWY-5209: methyl-coenzyme M oxidation to CO2","OTM1","OTM2","OTM2 vs OTM1",5.29978183333333e-05,6.19945526666667e-05,4.98708e-05,6.35939e-05,30,30,8.99673433333333e-06,0.226208087344271,0.125970193170972,0.335920515122593,"PWY-5209","methyl-coenzyme M oxidation to CO2","Not significant",0.899732204666189,0.473763472393908
"PWY-6160: 3-dehydroquinate biosynthesis II (archaea)","OTM1","OTM2","OTM2 vs OTM1",5.01785443333333e-05,5.7817087e-05,4.670495e-05,5.98423e-05,30,30,7.63854266666667e-06,0.204424924309068,0.125970193170972,0.335920515122593,"PWY-6160","3-dehydroquinate biosynthesis II (archaea)","Not significant",0.899732204666189,0.473763472393908
"FUC-RHAMCAT-PWY: superpathway of fucose and rhamnose degradation","OTM1","OTM2","OTM2 vs OTM1",9.23277433333333e-06,7.797934e-06,9.85343e-06,7.57569e-06,29,29,-1.43484033333333e-06,-0.243669405563378,0.127804502006249,0.337848422694781,"FUC-RHAMCAT-PWY","superpathway of fucose and rhamnose degradation","Not significant",0.893453847570149,0.471278104315007
"PWY0-1297: superpathway of purine deoxyribonucleosides degradation","OTM1","OTM2","OTM2 vs OTM1",5.5362964e-05,2.09314183333333e-05,2.234665e-05,1.338525e-05,29,30,-3.44315456666667e-05,-1.40324682354981,0.133454087587793,0.343621919014565,"PWY0-1297","superpathway of purine deoxyribonucleosides degradation","Not significant",0.874668119593702,0.463919141105468
"GLUCOSE1PMETAB-PWY: glucose and glucose-1-phosphate degradation","OTM1","OTM2","OTM2 vs OTM1",5.25353e-05,7.05397433333333e-05,7.656455e-05,9.192865e-05,16,19,1.80044433333333e-05,0.425148487976085,0.134509895930044,0.343621919014565,"GLUCOSE1PMETAB-PWY","glucose and glucose-1-phosphate degradation","Not significant",0.871245763321691,0.463919141105468
"PWY-6305: superpathway of putrescine biosynthesis","OTM1","OTM2","OTM2 vs OTM1",9.3993506e-06,7.24230366666667e-06,7.5274e-06,7.18673e-06,30,30,-2.15704693333333e-06,-0.376107843491415,0.133454087587793,0.343621919014565,"PWY-6305","superpathway of putrescine biosynthesis","Not significant",0.874668119593702,0.463919141105468
"PWY-6165: chorismate biosynthesis II (archaea)","OTM1","OTM2","OTM2 vs OTM1",8.00112966666667e-05,9.075324e-05,7.80656e-05,9.313175e-05,30,30,1.07419433333333e-05,0.181745230374667,0.133454087587793,0.343621919014565,"PWY-6165","chorismate biosynthesis II (archaea)","Not significant",0.874668119593702,0.463919141105468
"PWY-7208: superpathway of pyrimidine nucleobases salvage","OTM1","OTM2","OTM2 vs OTM1",0.000125709393333333,0.00013837539,0.0001306225,0.0001431995,30,30,1.26659966666667e-05,0.138494822367846,0.137322834846993,0.347884514945715,"PWY-7208","superpathway of pyrimidine nucleobases salvage","Not significant",0.862257239722706,0.458564902161577
"P161-PWY: acetylene degradation (anaerobic)","OTM1","OTM2","OTM2 vs OTM1",3.1567516e-05,1.17756526666667e-05,1.2234e-05,7.891e-06,29,30,-1.97918633333333e-05,-1.4226260367922,0.141277506440492,0.352035753753356,"P161-PWY","acetylene degradation (anaerobic)","Not significant",0.849926979031879,0.453413226097873
"PWY-5690: TCA cycle II (plants and fungi)","OTM1","OTM2","OTM2 vs OTM1",3.0199355e-05,3.39688266666667e-05,3.16655e-05,3.45939e-05,30,30,3.76947166666666e-06,0.169693119448601,0.141277506440492,0.352035753753356,"PWY-5690","TCA cycle II (plants and fungi)","Not significant",0.849926979031879,0.453413226097873
"PWY-5667: CDP-diacylglycerol biosynthesis I","OTM1","OTM2","OTM2 vs OTM1",3.51160766666667e-05,4.365206e-05,3.39267e-05,3.652835e-05,30,30,8.53598333333333e-06,0.313917265630702,0.149448706230463,0.35494067729735,"PWY-5667","CDP-diacylglycerol biosynthesis I","Not significant",0.825507840272762,0.449844226311876
"PWY0-1319: CDP-diacylglycerol biosynthesis II","OTM1","OTM2","OTM2 vs OTM1",3.51160766666667e-05,4.365206e-05,3.39267e-05,3.652835e-05,30,30,8.53598333333333e-06,0.313917265630702,0.149448706230463,0.35494067729735,"PWY0-1319","CDP-diacylglycerol biosynthesis II","Not significant",0.825507840272762,0.449844226311876
"HSERMETANA-PWY: L-methionine biosynthesis III","OTM1","OTM2","OTM2 vs OTM1",0.00011426401,0.000102445783333333,0.000110075,0.0001020725,30,30,-1.18182266666667e-05,-0.157510316178008,0.145319127240865,0.35494067729735,"HSERMETANA-PWY","L-methionine biosynthesis III","Not significant",0.837677219091833,0.449844226311876
"CRNFORCAT-PWY: creatinine degradation I","OTM1","OTM2","OTM2 vs OTM1",3.62307956666667e-06,3.25970466666667e-06,3.73915e-06,3.380025e-06,30,29,-3.633749e-07,-0.152470790104918,0.149448706230463,0.35494067729735,"CRNFORCAT-PWY","creatinine degradation I","Not significant",0.825507840272762,0.449844226311876
"PWY-5484: glycolysis II (from fructose 6-phosphate)","OTM1","OTM2","OTM2 vs OTM1",0.0002257039,0.000208712783333333,0.0002342365,0.0002087285,30,30,-1.69911166666666e-05,-0.112912329403435,0.145319127240865,0.35494067729735,"PWY-5484","glycolysis II (from fructose 6-phosphate)","Not significant",0.837677219091833,0.449844226311876
"PWY-5941: glycogen degradation II","OTM1","OTM2","OTM2 vs OTM1",0.000295843333333333,0.000318065366666667,0.000289256,0.000310368,30,30,2.22220333333333e-05,0.104489869829033,0.149448706230463,0.35494067729735,"PWY-5941","glycogen degradation II","Not significant",0.825507840272762,0.449844226311876
"PWY-7200: superpathway of pyrimidine deoxyribonucleoside salvage","OTM1","OTM2","OTM2 vs OTM1",3.958339e-06,2.64867796666667e-06,3.914355e-06,1.581525e-06,21,17,-1.30966103333333e-06,-0.579604704334864,0.154086350126124,0.357574430827036,"PWY-7200","superpathway of pyrimidine deoxyribonucleoside salvage","Not significant",0.812235831933538,0.446633543980549
"PWY-3841: folate transformations II (plants)","OTM1","OTM2","OTM2 vs OTM1",0.000482672466666667,0.000466632966666667,0.000484674,0.00046957,30,30,-1.60395e-05,-0.0487562880791519,0.15366723548509,0.357574430827036,"PWY-3841","folate transformations II (plants)","Not significant",0.813418721731889,0.446633543980549
"BRANCHED-CHAIN-AA-SYN-PWY: superpathway of branched chain amino acid biosynthesis","OTM1","OTM2","OTM2 vs OTM1",0.0003460923,0.000335216666666667,0.00034811,0.000337065,30,30,-1.08756333333333e-05,-0.0460629503786046,0.15366723548509,0.357574430827036,"BRANCHED-CHAIN-AA-SYN-PWY","superpathway of branched chain amino acid biosynthesis","Not significant",0.813418721731889,0.446633543980549
"PWY66-409: superpathway of purine nucleotide salvage","OTM1","OTM2","OTM2 vs OTM1",5.0320032e-05,6.20673066666667e-05,5.311165e-05,5.99043e-05,29,30,1.17472746666667e-05,0.302700161021932,0.157975689150513,0.361087289486887,"PWY66-409","superpathway of purine nucleotide salvage","Not significant",0.801409741400833,0.442387798759165
"GLYCOLYSIS: glycolysis I (from glucose 6-phosphate)","OTM1","OTM2","OTM2 vs OTM1",0.000312124966666667,0.000295850466666667,0.000327074,0.0002997855,30,30,-1.62745e-05,-0.0772555658963787,0.157975689150513,0.361087289486887,"GLYCOLYSIS","glycolysis I (from glucose 6-phosphate)","Not significant",0.801409741400833,0.442387798759165
"ASPASN-PWY: superpathway of L-aspartate and L-asparagine biosynthesis","OTM1","OTM2","OTM2 vs OTM1",8.11486966666667e-05,7.28544466666667e-05,7.356685e-05,7.13757e-05,30,30,-8.29424999999999e-06,-0.155550691579604,0.16686617046326,0.375757894969118,"ASPASN-PWY","superpathway of L-aspartate and L-asparagine biosynthesis","Not significant",0.777631700890059,0.425091885776311
"P41-PWY: pyruvate fermentation to acetate and (S)-lactate I","OTM1","OTM2","OTM2 vs OTM1",0.0001452359,0.0001521755,0.000145753,0.000152363,30,30,6.93960000000001e-06,0.0673379521201,0.16686617046326,0.375757894969118,"P41-PWY","pyruvate fermentation to acetate and (S)-lactate I","Not significant",0.777631700890059,0.425091885776311
"COMPLETE-ARO-PWY: superpathway of aromatic amino acid biosynthesis","OTM1","OTM2","OTM2 vs OTM1",0.000148158063333333,0.00015723834,0.000151691,0.0001568875,30,30,9.08027666666667e-06,0.0858158364057414,0.17145004745971,0.383241282556999,"COMPLETE-ARO-PWY","superpathway of aromatic amino acid biosynthesis","Not significant",0.765862390330388,0.416527715091852
"NAD-BIOSYNTHESIS-II: NAD salvage pathway III (to nicotinamide riboside)","OTM1","OTM2","OTM2 vs OTM1",7.12641e-06,8.6976669e-06,5.98612e-06,8.498325e-06,30,30,1.5712569e-06,0.287449313240895,0.180899533497923,0.401412103528238,"NAD-BIOSYNTHESIS-II","NAD salvage pathway III (to nicotinamide riboside)","Not significant",0.742562553093415,0.396409536641068
"THISYNARA-PWY: superpathway of thiamine diphosphate biosynthesis III (eukaryotes)","OTM1","OTM2","OTM2 vs OTM1",3.85431843333333e-06,4.963976e-06,3.297995e-06,4.057075e-06,28,29,1.10965756666667e-06,0.365012005061103,0.185742408866453,0.406281469889623,"THISYNARA-PWY","superpathway of thiamine diphosphate biosynthesis III (eukaryotes)","Not significant",0.731088926449101,0.391172984979035
"PWY-7197: pyrimidine deoxyribonucleotide phosphorylation","OTM1","OTM2","OTM2 vs OTM1",8.578941e-05,9.31980266666667e-05,8.951085e-05,9.664485e-05,30,30,7.40861666666666e-06,0.119499704712639,0.185766856298216,0.406281469889623,"PWY-7197","pyrimidine deoxyribonucleotide phosphorylation","Not significant",0.731031768333694,0.391172984979035
"LIPASYN-PWY: phospholipases","OTM1","OTM2","OTM2 vs OTM1",1.91085036666667e-06,1.37659266666667e-06,1.676e-06,1.17913e-06,24,21,-5.342577e-07,-0.473083779826746,0.187262254741263,0.406626610295313,"LIPASYN-PWY","phospholipases","Not significant",0.727549751773446,0.39080420384293
"PWY-5392: reductive TCA cycle II","OTM1","OTM2","OTM2 vs OTM1",1.19202683333333e-05,1.11418323333333e-05,1.09946e-05,1.03456e-05,30,30,-7.78436000000001e-07,-0.0974293556084585,0.195790758351199,0.419157679850454,"PWY-5392","reductive TCA cycle II","Not significant",0.708207811469554,0.377622572243857
"PWY-7328: superpathway of UDP-glucose-derived O-antigen building blocks biosynthesis","OTM1","OTM2","OTM2 vs OTM1",0.000109698746666667,0.000116516516666667,0.0001088055,0.000115965,30,30,6.81777e-06,0.0869873573080606,0.195790758351199,0.419157679850454,"PWY-7328","superpathway of UDP-glucose-derived O-antigen building blocks biosynthesis","Not significant",0.708207811469554,0.377622572243857
"PWY-6906: chitin derivatives degradation","OTM1","OTM2","OTM2 vs OTM1",1.286745e-06,4.71849666666667e-07,0,0,10,6,-8.14895333333333e-07,-1.44713338216465,0.199756833087647,0.424657882927586,"PWY-6906","chitin derivatives degradation","Not significant",0.699498355836234,0.371960809692542
"PWY-8178: pentose phosphate pathway (non-oxidative branch) II","OTM1","OTM2","OTM2 vs OTM1",0.000166108033333333,0.000171129833333333,0.00016651,0.00016874,30,30,5.02179999999999e-06,0.0429694168147031,0.206205487053013,0.435322694889695,"PWY-8178","pentose phosphate pathway (non-oxidative branch) II","Not significant",0.685699782480533,0.361188690967029
"PWY-7286: 7-(3-amino-3-carboxypropyl)-wyosine biosynthesis","OTM1","OTM2","OTM2 vs OTM1",4.78203136666667e-05,5.5242281e-05,4.632165e-05,5.68009e-05,30,30,7.42196733333333e-06,0.208148892464664,0.211561236925973,0.443549076037902,"PWY-7286","7-(3-amino-3-carboxypropyl)-wyosine biosynthesis","Not significant",0.674563902474786,0.353058321101007
"PWY-7315: dTDP-N-acetylthomosamine biosynthesis","OTM1","OTM2","OTM2 vs OTM1",1.4994174e-05,1.670879e-05,1.428285e-05,1.719535e-05,30,30,1.714616e-06,0.156204225103011,0.228230066807424,0.471985988499706,"PWY-7315","dTDP-N-acetylthomosamine biosynthesis","Not significant",0.641627142615435,0.326070893754858
"PWY-6703: preQ0 biosynthesis","OTM1","OTM2","OTM2 vs OTM1",6.16183866666667e-05,6.518896e-05,6.012065e-05,6.51259e-05,30,30,3.57057333333333e-06,0.0812666216955383,0.228230066807424,0.471985988499706,"PWY-6703","preQ0 biosynthesis","Not significant",0.641627142615435,0.326070893754858
"PWY-5097: L-lysine biosynthesis VI","OTM1","OTM2","OTM2 vs OTM1",0.000286803766666667,0.000300772333333333,0.0002946825,0.0002985805,30,30,1.39685666666667e-05,0.0686078714165397,0.233988916281058,0.480625882090822,"PWY-5097","L-lysine biosynthesis VI","Not significant",0.630804714008576,0.31819284579478
"PWY0-781: aspartate superpathway","OTM1","OTM2","OTM2 vs OTM1",1.817695e-06,2.49994366666667e-06,1.548755e-06,2.73692e-06,16,18,6.82248666666667e-07,0.459763783515227,0.238010439501756,0.485605192003583,"PWY0-781","aspartate superpathway","Not significant",0.623403993705778,0.313716678509298
"""P4-PWY: superpathway of L-lysine, L-threonine and L-methionine biosynthesis I""","OTM1","OTM2","OTM2 vs OTM1",1.72765733333333e-06,2.37389733333333e-06,1.467875e-06,2.60067e-06,16,18,6.4624e-07,0.458417711846697,0.244201277142788,0.494870209399884,"""P4-PWY","superpathway of L-lysine, L-threonine and L-methionine biosynthesis I""","Not significant",0.612252069078217,0.305508689415067
"PWY-6606: guanosine nucleotides degradation II","OTM1","OTM2","OTM2 vs OTM1",5.31059216666667e-06,4.69167783333333e-06,5.008785e-06,4.251555e-06,30,28,-6.18914333333333e-07,-0.178765206295705,0.245807242169022,0.494870209399884,"PWY-6606","guanosine nucleotides degradation II","Not significant",0.609405325730651,0.305508689415067
"PWY0-845: superpathway of pyridoxal 5'-phosphate biosynthesis and salvage","OTM1","OTM2","OTM2 vs OTM1",1.68503893333333e-06,1.1715433e-06,1.339385e-06,8.532975e-07,18,16,-5.13495633333333e-07,-0.524334124584943,0.250504320831919,0.501008641663838,"PWY0-845","superpathway of pyridoxal 5'-phosphate biosynthesis and salvage","Not significant",0.601184778789646,0.300154783125664
"PWY-5659: GDP-mannose biosynthesis","OTM1","OTM2","OTM2 vs OTM1",1.75477086666667e-05,1.57345066666667e-05,1.74807e-05,1.526365e-05,30,30,-1.813202e-06,-0.157349766434411,0.258051495086236,0.50286958016805,"PWY-5659","GDP-mannose biosynthesis","Not significant",0.588293620392435,0.298544635138143
"PWY-5686: UMP biosynthesis I","OTM1","OTM2","OTM2 vs OTM1",0.000504717933333333,0.000520917633333333,0.000510189,0.000514012,30,30,1.61997e-05,0.0455779164873851,0.258051495086236,0.50286958016805,"PWY-5686","UMP biosynthesis I","Not significant",0.588293620392435,0.298544635138143
"PWY-7790: UMP biosynthesis II","OTM1","OTM2","OTM2 vs OTM1",0.000504717933333333,0.000520917633333333,0.000510189,0.000514012,30,30,1.61997e-05,0.0455779164873851,0.258051495086236,0.50286958016805,"PWY-7790","UMP biosynthesis II","Not significant",0.588293620392435,0.298544635138143
"PWY-7791: UMP biosynthesis III","OTM1","OTM2","OTM2 vs OTM1",0.000504717933333333,0.000520917633333333,0.000510189,0.000514012,30,30,1.61997e-05,0.0455779164873851,0.258051495086236,0.50286958016805,"PWY-7791","UMP biosynthesis III","Not significant",0.588293620392435,0.298544635138143
"PWY0-166: superpathway of pyrimidine deoxyribonucleotides de novo biosynthesis (E. coli)","OTM1","OTM2","OTM2 vs OTM1",3.86747736666667e-06,6.850751e-07,0,0,13,10,-3.18240226666667e-06,-2.49688552310577,0.261168523338097,0.505378419435363,"PWY0-166","superpathway of pyrimidine deoxyribonucleotides de novo biosynthesis (E. coli)","Not significant",0.583079166464037,0.296383307173213
"PWY-1269: CMP-3-deoxy-D-manno-octulosonate biosynthesis","OTM1","OTM2","OTM2 vs OTM1",8.30814033333333e-06,7.74928666666667e-06,8.545175e-06,7.19899e-06,30,30,-5.58853666666667e-07,-0.100460818482386,0.264326212796785,0.505378419435363,"PWY-1269","CMP-3-deoxy-D-manno-octulosonate biosynthesis","Not significant",0.577859766461515,0.296383307173213
"PWY-6151: S-adenosyl-L-methionine salvage I","OTM1","OTM2","OTM2 vs OTM1",0.000238784066666667,0.000250721333333333,0.0002394845,0.000253369,30,30,1.19372666666667e-05,0.0703781552445799,0.264326212796785,0.505378419435363,"PWY-6151","S-adenosyl-L-methionine salvage I","Not significant",0.577859766461515,0.296383307173213
"PWY-5198: factor 420 biosynthesis II (mycobacteria)","OTM1","OTM2","OTM2 vs OTM1",4.1834621e-05,4.71622636666667e-05,4.02095e-05,4.76752e-05,30,30,5.32764266666667e-06,0.172935210969732,0.270705337724518,0.514340141676585,"PWY-5198","factor 420 biosynthesis II (mycobacteria)","Not significant",0.567503180795989,0.28874957984316
"PYRIDOXSYN-PWY: pyridoxal 5'-phosphate biosynthesis I","OTM1","OTM2","OTM2 vs OTM1",1.63345503333333e-06,1.2326233e-06,1.213705e-06,9.36542e-07,20,22,-4.00831733333333e-07,-0.406166053664066,0.277214279334886,0.523435657874567,"PYRIDOXSYN-PWY","pyridoxal 5'-phosphate biosynthesis I","Not significant",0.557184402932435,0.281136695355531
"PWY-1861: formaldehyde assimilation II (assimilatory RuMP Cycle)","OTM1","OTM2","OTM2 vs OTM1",9.00225766666667e-05,9.63964033333333e-05,9.315955e-05,0.0001017915,30,30,6.37382666666667e-06,0.098692354013023,0.283778047945624,0.532521768984381,"PWY-1861","formaldehyde assimilation II (assimilatory RuMP Cycle)","Not significant",0.547021203046329,0.273662633980206
"ARGININE-SYN4-PWY: L-ornithine biosynthesis II","OTM1","OTM2","OTM2 vs OTM1",9.32632433333333e-06,1.10331123333333e-05,8.06229e-06,9.072755e-06,30,30,1.706788e-06,0.242456918550634,0.290472149493835,0.538436179549547,"ARGININE-SYN4-PWY","L-ornithine biosynthesis II","Not significant",0.536895501486999,0.268865765925943
"LACTOSECAT-PWY: lactose and galactose degradation I","OTM1","OTM2","OTM2 vs OTM1",4.07379266666667e-06,4.68754613333333e-06,3.55489e-06,4.2514e-06,30,30,6.13753466666667e-07,0.202455695317625,0.290472149493835,0.538436179549547,"LACTOSECAT-PWY","lactose and galactose degradation I","Not significant",0.536895501486999,0.268865765925943
"CENTFERM-PWY: pyruvate fermentation to butanoate","OTM1","OTM2","OTM2 vs OTM1",9.403239e-06,8.71328233333333e-06,1.01129e-05,8.507075e-06,29,30,-6.89956666666666e-07,-0.109940281124227,0.297271689089307,0.541141278342211,"CENTFERM-PWY","pyruvate fermentation to butanoate","Not significant",0.526846449213321,0.26668933675215
"PWY-6590: superpathway of Clostridium acetobutylicum acidogenic fermentation","OTM1","OTM2","OTM2 vs OTM1",1.2261639e-05,1.13914053333333e-05,1.32275e-05,1.115325e-05,29,30,-8.70233666666665e-07,-0.106205196334667,0.297271689089307,0.541141278342211,"PWY-6590","superpathway of Clostridium acetobutylicum acidogenic fermentation","Not significant",0.526846449213321,0.26668933675215
"PWY-5022: 4-aminobutanoate degradation V","OTM1","OTM2","OTM2 vs OTM1",9.92840566666667e-06,1.0066587e-05,9.12137e-06,1.021115e-05,30,30,1.38181333333334e-07,0.0199404628245909,0.297271689089307,0.541141278342211,"PWY-5022","4-aminobutanoate degradation V","Not significant",0.526846449213321,0.26668933675215
"ALLANTOINDEG-PWY: superpathway of allantoin degradation in yeast","OTM1","OTM2","OTM2 vs OTM1",3.36929356666667e-06,2.40815513333333e-06,2.532725e-06,1.673025e-06,27,27,-9.61138433333333e-07,-0.484500713313078,0.300475905546847,0.543718305275248,"ALLANTOINDEG-PWY","superpathway of allantoin degradation in yeast","Not significant",0.522190347313763,0.264626045430872
"""P461-PWY: hexitol fermentation to lactate, formate, ethanol and acetate""","OTM1","OTM2","OTM2 vs OTM1",3.22564466666667e-05,2.41445226666667e-05,2.53042e-05,2.204775e-05,30,30,-8.111924e-06,-0.417890077001348,0.304176818019704,0.543939721635235,"""P461-PWY","hexitol fermentation to lactate, formate, ethanol and acetate""","Not significant",0.516873887553754,0.264449225323275
"PWY-6749: CMP-legionaminate biosynthesis I","OTM1","OTM2","OTM2 vs OTM1",3.80318966666667e-06,4.42230733333333e-06,3.40179e-06,4.29914e-06,24,27,6.19117666666666e-07,0.217584091259894,0.303369321423596,0.543939721635235,"PWY-6749","CMP-legionaminate biosynthesis I","Not significant",0.518028339864718,0.264449225323275
"COLANSYN-PWY: colanic acid building blocks biosynthesis","OTM1","OTM2","OTM2 vs OTM1",3.00729666666667e-05,2.7455887e-05,3.085495e-05,2.73379e-05,30,30,-2.61707966666667e-06,-0.131351217738789,0.311187643410275,0.553222477173822,"COLANSYN-PWY","colanic acid building blocks biosynthesis","Not significant",0.506977656236575,0.257100183019976
"HEMESYN2-PWY: heme b biosynthesis II (oxygen-independent)","OTM1","OTM2","OTM2 vs OTM1",1.72000773333333e-06,1.5052978e-06,1.61847e-06,1.355535e-06,28,26,-2.14709933333333e-07,-0.192354158035264,0.318068799071545,0.562168109986917,"HEMESYN2-PWY","heme b biosynthesis II (oxygen-independent)","Not significant",0.497478930878958,0.250133794177753
"PWY-6471: peptidoglycan biosynthesis IV (Enterococcus faecium)","OTM1","OTM2","OTM2 vs OTM1",3.02840333333333e-07,1.31173e-07,0,0,3,1,-1.71667333333333e-07,-1.20646345489864,0.321449156766352,0.564858633855323,"PWY-6471","peptidoglycan biosynthesis IV (Enterococcus faecium)","Not significant",0.492887709153387,0.248060228673429
"PWY-7953: UDP-N-acetylmuramoyl-pentapeptide biosynthesis III (meso-diaminopimelate containing)","OTM1","OTM2","OTM2 vs OTM1",0.000193562966666667,0.000205982166666667,0.0001934625,0.0002088895,30,30,1.24192e-05,0.0897164374210563,0.325526586779152,0.565486185033498,"PWY-7953","UDP-N-acetylmuramoyl-pentapeptide biosynthesis III (meso-diaminopimelate containing)","Not significant",0.487413535452332,0.247578000529873
"PWY-6385: peptidoglycan biosynthesis III (mycobacteria)","OTM1","OTM2","OTM2 vs OTM1",0.000204637166666667,0.000216432866666667,0.000206653,0.000218605,30,30,1.17957e-05,0.0808513650958085,0.325526586779152,0.565486185033498,"PWY-6385","peptidoglycan biosynthesis III (mycobacteria)","Not significant",0.487413535452332,0.247578000529873
"""GOLPDLCAT-PWY: superpathway of glycerol degradation to 1,3-propanediol""","OTM1","OTM2","OTM2 vs OTM1",1.5265414e-06,1.72510476666667e-06,8.5948e-07,1.315505e-06,24,27,1.98563366666667e-07,0.176406386809436,0.339482029719678,0.574709407722615,"""GOLPDLCAT-PWY","superpathway of glycerol degradation to 1,3-propanediol""","Not significant",0.469183209896407,0.240551693611773
"GLUDEG-I-PWY: GABA shunt","OTM1","OTM2","OTM2 vs OTM1",6.841725e-06,7.30787933333333e-06,6.22281e-06,6.780905e-06,30,30,4.66154333333333e-07,0.0950913507224801,0.332854691572728,0.574709407722615,"GLUDEG-I-PWY","GABA shunt","Not significant",0.477745317306909,0.240551693611773
"PWY-6630: superpathway of L-tyrosine biosynthesis","OTM1","OTM2","OTM2 vs OTM1",2.69073566666667e-05,2.846208e-05,2.656925e-05,2.873025e-05,30,30,1.55472333333333e-06,0.081040134533066,0.340288465098917,0.574709407722615,"PWY-6630","superpathway of L-tyrosine biosynthesis","Not significant",0.46815277211722,0.240551693611773
"GLUCONEO-PWY: gluconeogenesis I","OTM1","OTM2","OTM2 vs OTM1",0.0001898884,0.000194619133333333,0.0001829145,0.000193976,30,30,4.73073333333331e-06,0.0355017563076411,0.340288465098917,0.574709407722615,"GLUCONEO-PWY","gluconeogenesis I","Not significant",0.46815277211722,0.240551693611773
"PYRIDNUCSYN-PWY: NAD de novo biosynthesis I (from aspartate)","OTM1","OTM2","OTM2 vs OTM1",0.000118773976666667,0.000120926803333333,0.0001161705,0.000123045,30,30,2.15282666666665e-06,0.0259152538332721,0.340288465098917,0.574709407722615,"PYRIDNUCSYN-PWY","NAD de novo biosynthesis I (from aspartate)","Not significant",0.46815277211722,0.240551693611773
"PWY-7282: 4-amino-2-methyl-5-diphosphomethylpyrimidine biosynthesis II","OTM1","OTM2","OTM2 vs OTM1",3.63415333333333e-06,2.6548509e-06,3.13577e-06,1.99079e-06,18,18,-9.79302433333334e-07,-0.45297380875991,0.347337318373189,0.577812273358725,"PWY-7282","4-amino-2-methyl-5-diphosphomethylpyrimidine biosynthesis II","Not significant",0.459248553018465,0.238213237508509
"PWY-5188: tetrapyrrole biosynthesis I (from glutamate)","OTM1","OTM2","OTM2 vs OTM1",4.66816773333333e-05,5.2149778e-05,4.742545e-05,5.14273e-05,30,30,5.46810066666667e-06,0.159804387316001,0.347827782975812,0.577812273358725,"PWY-5188","tetrapyrrole biosynthesis I (from glutamate)","Not significant",0.458635731386833,0.238213237508509
"PEPTIDOGLYCANSYN-PWY: peptidoglycan biosynthesis I (meso-diaminopimelate containing)","OTM1","OTM2","OTM2 vs OTM1",0.000231734966666667,0.000241454533333333,0.000233553,0.000245715,30,30,9.71956666666665e-06,0.0592757754615852,0.347827782975812,0.577812273358725,"PEPTIDOGLYCANSYN-PWY","peptidoglycan biosynthesis I (meso-diaminopimelate containing)","Not significant",0.458635731386833,0.238213237508509
"PWY-6387: UDP-N-acetylmuramoyl-pentapeptide biosynthesis I (meso-diaminopimelate containing)","OTM1","OTM2","OTM2 vs OTM1",0.000220409833333333,0.0002298936,0.0002208695,0.000234634,30,30,9.48376666666667e-06,0.0607776869368538,0.355472472594311,0.580987267035863,"PWY-6387","UDP-N-acetylmuramoyl-pentapeptide biosynthesis I (meso-diaminopimelate containing)","Not significant",0.449194024929352,0.235833385538515
"PWY-6163: chorismate biosynthesis from 3-dehydroquinate","OTM1","OTM2","OTM2 vs OTM1",0.000154130303333333,0.000160058666666667,0.000153062,0.0001572705,30,30,5.92836333333335e-06,0.054450225767532,0.355472472594311,0.580987267035863,"PWY-6163","chorismate biosynthesis from 3-dehydroquinate","Not significant",0.449194024929352,0.235833385538515
"ILEUSYN-PWY: L-isoleucine biosynthesis I (from threonine)","OTM1","OTM2","OTM2 vs OTM1",0.000378451,0.000368657466666667,0.000378072,0.000367814,30,30,-9.79353333333335e-06,-0.0378255318837622,0.355472472594311,0.580987267035863,"ILEUSYN-PWY","L-isoleucine biosynthesis I (from threonine)","Not significant",0.449194024929352,0.235833385538515
"ARG+POLYAMINE-SYN: superpathway of arginine and polyamine biosynthesis","OTM1","OTM2","OTM2 vs OTM1",6.79838366666667e-06,5.97938953333333e-06,6.33339e-06,5.680105e-06,30,30,-8.18994133333333e-07,-0.185190676266108,0.363222312552739,0.590479053561672,"ARG+POLYAMINE-SYN","superpathway of arginine and polyamine biosynthesis","Not significant",0.439827480853339,0.228795503781085
"PWY-8112: factor 420 biosynthesis I (archaea)","OTM1","OTM2","OTM2 vs OTM1",4.00628073333333e-05,4.35977246666667e-05,3.736065e-05,4.52061e-05,30,30,3.53491733333334e-06,0.121989032689604,0.371077032126514,0.596864644266986,"PWY-8112","factor 420 biosynthesis I (archaea)","Not significant",0.430535925547218,0.224124146111709
"PWY-6353: purine nucleotides degradation II (aerobic)","OTM1","OTM2","OTM2 vs OTM1",1.1843414e-05,1.11116363333333e-05,1.119675e-05,1.037795e-05,30,29,-7.31777666666667e-07,-0.0920129240697522,0.371077032126514,0.596864644266986,"PWY-6353","purine nucleotides degradation II (aerobic)","Not significant",0.430535925547218,0.224124146111709
"PWY4LZ-257: superpathway of fermentation (Chlamydomonas reinhardtii)","OTM1","OTM2","OTM2 vs OTM1",1.21273363333333e-05,1.0807703e-05,1.16041e-05,9.34168e-06,29,30,-1.31963333333333e-06,-0.166201322496926,0.379036310773936,0.606458097238297,"PWY4LZ-257","superpathway of fermentation (Chlamydomonas reinhardtii)","Not significant",0.421319183664154,0.217199201008229
"PWY-7229: superpathway of adenosine nucleotides de novo biosynthesis I","OTM1","OTM2","OTM2 vs OTM1",0.000213106033333333,0.000202422833333333,0.000219529,0.00020642,30,30,-1.06832e-05,-0.0741993672269678,0.387099777679124,0.616116923635883,"PWY-7229","superpathway of adenosine nucleotides de novo biosynthesis I","Not significant",0.412177078106923,0.210336861745897
"NAGLIPASYN-PWY: lipid IVA biosynthesis (E. coli)","OTM1","OTM2","OTM2 vs OTM1",5.10608033333333e-06,6.1793014e-06,4.57539e-06,5.4171e-06,30,30,1.07322106666667e-06,0.275222600863067,0.395267011333117,0.622596743239728,"NAGLIPASYN-PWY","lipid IVA biosynthesis (E. coli)","Not significant",0.403109430012778,0.205793155411798
"PWY-8073: lipid IVA biosynthesis (P. putida)","OTM1","OTM2","OTM2 vs OTM1",5.10608033333333e-06,6.1793014e-06,4.57539e-06,5.4171e-06,30,30,1.07322106666667e-06,0.275222600863067,0.395267011333117,0.622596743239728,"PWY-8073","lipid IVA biosynthesis (P. putida)","Not significant",0.403109430012778,0.205793155411798
"PWY-8113: 3PG-factor 420 biosynthesis","OTM1","OTM2","OTM2 vs OTM1",3.87643206666667e-05,4.20475971e-05,3.624555e-05,4.39758e-05,30,30,3.28327643333333e-06,0.117293683993416,0.403537539154086,0.629104676424831,"PWY-8113","3PG-factor 420 biosynthesis","Not significant",0.394116058738307,0.201277086492071
"GLUTORN-PWY: L-ornithine biosynthesis I","OTM1","OTM2","OTM2 vs OTM1",0.000222900133333333,0.0002328374,0.000231826,0.000235507,30,30,9.93726666666668e-06,0.0629253055972512,0.403537539154086,0.629104676424831,"GLUTORN-PWY","L-ornithine biosynthesis I","Not significant",0.394116058738307,0.201277086492071
"PWY-7238: sucrose biosynthesis II","OTM1","OTM2","OTM2 vs OTM1",0.000472623366666667,0.000499709133333333,0.0004601875,0.000494296,30,30,2.70857666666666e-05,0.0803976119091294,0.4119108371476,0.632428760065001,"PWY-7238","sucrose biosynthesis II","Not significant",0.38519678184429,0.198988388497067
"ARGSYN-PWY: L-arginine biosynthesis I (via L-ornithine)","OTM1","OTM2","OTM2 vs OTM1",0.000399529466666667,0.000408644133333333,0.0004073235,0.000400824,30,30,9.11466666666665e-06,0.0325431038947029,0.4119108371476,0.632428760065001,"ARGSYN-PWY","L-arginine biosynthesis I (via L-ornithine)","Not significant",0.38519678184429,0.198988388497067
"VALSYN-PWY: L-valine biosynthesis","OTM1","OTM2","OTM2 vs OTM1",0.000487620333333333,0.000494512966666667,0.0004875565,0.000491234,30,30,6.8926333333333e-06,0.0202500600762902,0.4119108371476,0.632428760065001,"VALSYN-PWY","L-valine biosynthesis","Not significant",0.38519678184429,0.198988388497067
"GALACTARDEG-PWY: D-galactarate degradation I","OTM1","OTM2","OTM2 vs OTM1",1.0482198e-06,7.306388e-07,4.304715e-07,0,16,14,-3.17581e-07,-0.520651174771892,0.424803253427352,0.639239559870449,"GALACTARDEG-PWY","D-galactarate degradation I","Not significant",0.371812165796325,0.194336356188103
"GLUCARGALACTSUPER-PWY: superpathway of D-glucarate and D-galactarate degradation","OTM1","OTM2","OTM2 vs OTM1",1.0482198e-06,7.306388e-07,4.304715e-07,0,16,14,-3.17581e-07,-0.520651174771892,0.424803253427352,0.639239559870449,"GLUCARGALACTSUPER-PWY","superpathway of D-glucarate and D-galactarate degradation","Not significant",0.371812165796325,0.194336356188103
"GLUCARDEG-PWY: D-glucarate degradation I","OTM1","OTM2","OTM2 vs OTM1",1.0057418e-06,7.23489166666667e-07,4.298275e-07,0,16,14,-2.82252633333333e-07,-0.475160700497011,0.424803253427352,0.639239559870449,"GLUCARDEG-PWY","D-glucarate degradation I","Not significant",0.371812165796325,0.194336356188103
"PWY-6953: dTDP-3-acetamido-&alpha;-D-fucose biosynthesis","OTM1","OTM2","OTM2 vs OTM1",2.3354491e-06,2.5592542e-06,2.044605e-06,2.85887e-06,23,26,2.238051e-07,0.132018046865185,0.427547481557838,0.639239559870449,"PWY-6953","dTDP-3-acetamido-&alpha;-D-fucose biosynthesis","Not significant",0.369015647407198,0.194336356188103
"PWY-6122: 5-aminoimidazole ribonucleotide biosynthesis II","OTM1","OTM2","OTM2 vs OTM1",0.000610854233333333,0.000623786466666667,0.000612122,0.0006185765,30,30,1.29322333333333e-05,0.0302240939362125,0.428963388860433,0.639239559870449,"PWY-6122","5-aminoimidazole ribonucleotide biosynthesis II","Not significant",0.367579772370958,0.194336356188103
"PWY-6277: superpathway of 5-aminoimidazole ribonucleotide biosynthesis","OTM1","OTM2","OTM2 vs OTM1",0.000610854233333333,0.000623786466666667,0.000612122,0.0006185765,30,30,1.29322333333333e-05,0.0302240939362125,0.428963388860433,0.639239559870449,"PWY-6277","superpathway of 5-aminoimidazole ribonucleotide biosynthesis","Not significant",0.367579772370958,0.194336356188103
"ARO-PWY: chorismate biosynthesis I","OTM1","OTM2","OTM2 vs OTM1",0.000160790183333333,0.0001639368,0.0001525595,0.0001639805,30,30,3.14661666666666e-06,0.027960396211656,0.437641335048246,0.648990077339837,"ARO-PWY","chorismate biosynthesis I","Not significant",0.358881665798082,0.187761943245082
"PWY3O-4107: NAD salvage pathway V (PNC V cycle)","OTM1","OTM2","OTM2 vs OTM1",3.1976096e-06,5.330301e-07,0,0,13,12,-2.6645795e-06,-2.58447938377579,0.452450818890424,0.654983172363383,"PWY3O-4107","NAD salvage pathway V (PNC V cycle)","Not significant",0.344428621420811,0.183769857632041
"PYRIDNUCSAL-PWY: NAD salvage pathway I (PNC VI cycle)","OTM1","OTM2","OTM2 vs OTM1",3.6624967e-06,7.27374033333333e-07,0,0,13,12,-2.93512266666667e-06,-2.33189919203794,0.452450818890424,0.654983172363383,"PYRIDNUCSAL-PWY","NAD salvage pathway I (PNC VI cycle)","Not significant",0.344428621420811,0.183769857632041
"PWY-7184: pyrimidine deoxyribonucleotides de novo biosynthesis I","OTM1","OTM2","OTM2 vs OTM1",3.48217253333333e-06,1.02783866666667e-06,0,0,13,11,-2.45433386666667e-06,-1.76027493037475,0.452455480908916,0.654983172363383,"PWY-7184","pyrimidine deoxyribonucleotides de novo biosynthesis I","Not significant",0.344424146506876,0.183769857632041
"PWY-6545: pyrimidine deoxyribonucleotides de novo biosynthesis III","OTM1","OTM2","OTM2 vs OTM1",3.3493987e-06,1.02106243333333e-06,0,0,13,11,-2.32833626666667e-06,-1.71373282217945,0.452455480908916,0.654983172363383,"PWY-6545","pyrimidine deoxyribonucleotides de novo biosynthesis III","Not significant",0.344424146506876,0.183769857632041
"PWY-6531: mannitol cycle","OTM1","OTM2","OTM2 vs OTM1",2.0207412e-06,1.88579836666667e-06,1.985845e-06,1.907595e-06,28,25,-1.34942833333333e-07,-0.0997040280191353,0.446065397077855,0.654983172363383,"PWY-6531","mannitol cycle","Not significant",0.350601465260991,0.183769857632041
"PWY-5154: L-arginine biosynthesis III (via N-acetyl-L-citrulline)","OTM1","OTM2","OTM2 vs OTM1",6.831906e-05,7.560209e-05,6.691755e-05,6.77902e-05,30,30,7.28303000000001e-06,0.146137789401802,0.464272910621615,0.668905046582801,"PWY-5154","L-arginine biosynthesis III (via N-acetyl-L-citrulline)","Not significant",0.33322665579273,0.174635527481669
"PWY-7992: superpathway of menaquinol-8 biosynthesis III","OTM1","OTM2","OTM2 vs OTM1",2.59133866666667e-06,2.91661333333333e-06,1.83231e-06,3.03802e-06,20,21,3.25274666666666e-07,0.170590350273367,0.475441271028704,0.678564067571483,"PWY-7992","superpathway of menaquinol-8 biosynthesis III","Not significant",0.322903121720033,0.168409141550017
"PWY-5695: inosine 5'-phosphate degradation","OTM1","OTM2","OTM2 vs OTM1",0.00017192545,0.00016130465,0.0001803095,0.0001689435,30,30,-1.06208e-05,-0.0919950381792707,0.47334655725845,0.678564067571483,"PWY-5695","inosine 5'-phosphate degradation","Not significant",0.32482077724333,0.168409141550017
"PWY-7851: coenzyme A biosynthesis II (eukaryotic)","OTM1","OTM2","OTM2 vs OTM1",0.000143001786666667,0.000150378753333333,0.00014644,0.0001495335,30,30,7.37696666666665e-06,0.0725675247018289,0.491782956953405,0.698607565017921,"PWY-7851","coenzyme A biosynthesis II (eukaryotic)","Not significant",0.308226526083973,0.15576671582441
"PWY-6349: CDP-archaeol biosynthesis","OTM1","OTM2","OTM2 vs OTM1",2.91383196666667e-05,3.1237893e-05,2.872795e-05,3.12239e-05,30,30,2.09957333333334e-06,0.10037913078996,0.501143667603293,0.708593836983261,"PWY-6349","CDP-archaeol biosynthesis","Not significant",0.300037752969207,0.149602629276058
"COBALSYN-PWY: superpathway of adenosylcobalamin salvage from cobinamide I","OTM1","OTM2","OTM2 vs OTM1",3.61261053333333e-06,3.81914166666667e-06,3.4597e-06,3.046955e-06,30,30,2.06531133333333e-07,0.0802045467794303,0.510597936605645,0.712026480404202,"COBALSYN-PWY","superpathway of adenosylcobalamin salvage from cobinamide I","Not significant",0.291920944570141,0.147503854565992
"PWY-7199: pyrimidine deoxyribonucleosides salvage","OTM1","OTM2","OTM2 vs OTM1",0.000195221133333333,0.000201596266666667,0.0001927885,0.0001970615,30,30,6.37513333333334e-06,0.0463596607815711,0.510597936605645,0.712026480404202,"PWY-7199","pyrimidine deoxyribonucleosides salvage","Not significant",0.291920944570141,0.147503854565992
"PWY-6292: superpathway of L-cysteine biosynthesis (mammalian)","OTM1","OTM2","OTM2 vs OTM1",3.00362466666667e-06,2.91385433333333e-06,2.70913e-06,2.67108e-06,30,30,-8.97703333333335e-08,-0.0437743076834605,0.510597936605645,0.712026480404202,"PWY-6292","superpathway of L-cysteine biosynthesis (mammalian)","Not significant",0.291920944570141,0.147503854565992
"PANTOSYN-PWY: superpathway of coenzyme A biosynthesis I (bacteria)","OTM1","OTM2","OTM2 vs OTM1",0.000122045146666667,0.000124339983333333,0.00012205,0.0001269305,30,30,2.29483666666667e-06,0.0268753437588141,0.520144612161604,0.722027224187797,"PANTOSYN-PWY","superpathway of coenzyme A biosynthesis I (bacteria)","Not significant",0.283875895725823,0.141446426957187
"PWY-7111: pyruvate fermentation to isobutanol (engineered)","OTM1","OTM2","OTM2 vs OTM1",0.000106356463333333,7.906398e-05,8.106895e-05,7.608305e-05,30,30,-2.72924833333333e-05,-0.427814755093385,0.529782490626018,0.728750575340766,"PWY-7111","pyruvate fermentation to isobutanol (engineered)","Not significant",0.2759023992856,0.137421089361957
"COA-PWY-1: superpathway of coenzyme A biosynthesis III (mammals)","OTM1","OTM2","OTM2 vs OTM1",0.000151002733333333,0.000157489,0.000152626,0.0001561995,30,30,6.48626666666666e-06,0.0606763617675543,0.529782490626018,0.728750575340766,"COA-PWY-1","superpathway of coenzyme A biosynthesis III (mammals)","Not significant",0.2759023992856,0.137421089361957
"PWY-7392: taxadiene biosynthesis (engineered)","OTM1","OTM2","OTM2 vs OTM1",1.46017933333333e-05,1.676728e-05,1.296925e-05,1.735855e-05,29,30,2.16548666666667e-06,0.199501830881959,0.539510316799405,0.735475947565108,"PWY-7392","taxadiene biosynthesis (engineered)","Not significant",0.268000246094671,0.133431525534078
"PWY-5676: acetyl-CoA fermentation to butanoate II","OTM1","OTM2","OTM2 vs OTM1",1.45057043333333e-05,1.42440173333333e-05,1.464035e-05,1.379455e-05,30,30,-2.61686999999999e-07,-0.0262640690481936,0.539510316799405,0.735475947565108,"PWY-5676","acetyl-CoA fermentation to butanoate II","Not significant",0.268000246094671,0.133431525534078
"PWY-561: superpathway of glyoxylate cycle and fatty acid degradation","OTM1","OTM2","OTM2 vs OTM1",1.11890346666667e-06,7.33506333333333e-07,0,0,12,10,-3.85397133333333e-07,-0.609136506680937,0.554842422255424,0.744907725548592,"PWY-561","superpathway of glyoxylate cycle and fatty acid degradation","Not significant",0.255830340952936,0.12789752156988
"PWY-I9: L-cysteine biosynthesis VI (from L-methionine)","OTM1","OTM2","OTM2 vs OTM1",2.30441e-05,2.672409e-05,2.21485e-05,2.162175e-05,30,30,3.67999e-06,0.213742536976256,0.549326784267993,0.744907725548592,"PWY-I9","L-cysteine biosynthesis VI (from L-methionine)","Not significant",0.260169224979731,0.12789752156988
"PWY-5723: Rubisco shunt","OTM1","OTM2","OTM2 vs OTM1",1.46464393333333e-06,1.31554056666667e-06,8.01605e-07,0,16,13,-1.49103366666667e-07,-0.154883076357576,0.561131148521801,0.744907725548592,"PWY-5723","Rubisco shunt","Not significant",0.250935622838746,0.12789752156988
"PHOSLIPSYN-PWY: superpathway of phospholipid biosynthesis I (bacteria)","OTM1","OTM2","OTM2 vs OTM1",4.40198473333333e-06,4.87427816666667e-06,3.80049e-06,4.221285e-06,25,25,4.72293433333333e-07,0.14703126820875,0.553356967066974,0.744907725548592,"PHOSLIPSYN-PWY","superpathway of phospholipid biosynthesis I (bacteria)","Not significant",0.256994617677949,0.12789752156988
"PWY-7400: L-arginine biosynthesis IV (archaebacteria)","OTM1","OTM2","OTM2 vs OTM1",3.44071266666667e-05,3.230986e-05,3.404235e-05,2.918615e-05,30,30,-2.09726666666667e-06,-0.0907326463564399,0.559230535791907,0.744907725548592,"PWY-7400","L-arginine biosynthesis IV (archaebacteria)","Not significant",0.252409122734732,0.12789752156988
"PWY-702: L-methionine biosynthesis II","OTM1","OTM2","OTM2 vs OTM1",1.72856853333333e-05,1.67564016666667e-05,1.707025e-05,1.705375e-05,30,30,-5.29283666666668e-07,-0.0448651677987583,0.559230535791907,0.744907725548592,"PWY-702","L-methionine biosynthesis II","Not significant",0.252409122734732,0.12789752156988
"PWY-6167: flavin biosynthesis II (archaea)","OTM1","OTM2","OTM2 vs OTM1",3.7389896e-05,3.97761116666667e-05,3.86334e-05,4.19062e-05,29,29,2.38621566666667e-06,0.0892535618806172,0.564209292460625,0.74573749960013,"PWY-6167","flavin biosynthesis II (archaea)","Not significant",0.24855976534276,0.127414017751599
"""PWY-724: superpathway of L-lysine, L-threonine and L-methionine biosynthesis II""","OTM1","OTM2","OTM2 vs OTM1",0.000231240866666667,0.000235514633333333,0.0002352305,0.00024046,30,30,4.27376666666665e-06,0.026420306352909,0.579294210581981,0.762361212194469,"""PWY-724","superpathway of L-lysine, L-threonine and L-methionine biosynthesis II""","Not significant",0.23710081178208,0.117839208065471
"PWY-6519: 8-amino-7-oxononanoate biosynthesis I","OTM1","OTM2","OTM2 vs OTM1",1.19168883333333e-06,8.72479033333333e-07,0,0,13,12,-3.192098e-07,-0.449770921443964,0.591496856212191,0.771738387504318,"PWY-6519","8-amino-7-oxononanoate biosynthesis I","Not significant",0.228047559291885,0.112529896709151
"PWY-6386: UDP-N-acetylmuramoyl-pentapeptide biosynthesis II (lysine-containing)","OTM1","OTM2","OTM2 vs OTM1",0.000205138733333333,0.000212118233333333,0.0002060765,0.0002118515,30,30,6.97950000000001e-06,0.0482686942954496,0.589451169405618,0.771738387504318,"PWY-6386","UDP-N-acetylmuramoyl-pentapeptide biosynthesis II (lysine-containing)","Not significant",0.229552166372217,0.112529896709151
"""PWY-7090: UDP-2,3-diacetamido-2,3-dideoxy-&alpha;-D-mannuronate biosynthesis""","OTM1","OTM2","OTM2 vs OTM1",1.5405479e-06,1.3609054e-06,1.622015e-06,9.34479e-07,20,19,-1.796425e-07,-0.178864394721146,0.602130936989894,0.778926829127352,"""PWY-7090","UDP-2,3-diacetamido-2,3-dideoxy-&alpha;-D-mannuronate biosynthesis""","Not significant",0.220309058528058,0.108503337191041
"PWY-6350: archaetidylinositol biosynthesis","OTM1","OTM2","OTM2 vs OTM1",2.49489062333333e-05,2.60509452666667e-05,2.497615e-05,2.54231e-05,30,30,1.10203903333334e-06,0.0623589086554033,0.59968948451237,0.778926829127352,"PWY-6350","archaetidylinositol biosynthesis","Not significant",0.222073566400325,0.108503337191041
"P241-PWY: coenzyme B biosynthesis","OTM1","OTM2","OTM2 vs OTM1",3.82603616666667e-06,4.13901266666667e-06,3.783345e-06,4.2368e-06,30,30,3.12976499999999e-07,0.113433301235653,0.610007552037681,0.782456944385887,"P241-PWY","coenzyme B biosynthesis","Not significant",0.214664788287611,0.106539550688961
"NONMEVIPP-PWY: methylerythritol phosphate pathway I","OTM1","OTM2","OTM2 vs OTM1",0.000222413933333333,0.0002274831,0.000225093,0.0002291375,30,30,5.06916666666668e-06,0.0325121853429057,0.610007552037681,0.782456944385887,"NONMEVIPP-PWY","methylerythritol phosphate pathway I","Not significant",0.214664788287611,0.106539550688961
"GLYOXYLATE-BYPASS: glyoxylate cycle","OTM1","OTM2","OTM2 vs OTM1",1.45419416666667e-06,1.33687303333333e-06,6.196505e-07,7.70279e-07,17,21,-1.17321133333333e-07,-0.121348752582935,0.616827231458562,0.787880161190768,"GLYOXYLATE-BYPASS","glyoxylate cycle","Not significant",0.209836461463052,0.10353983491081
"TRNA-CHARGING-PWY: tRNA charging","OTM1","OTM2","OTM2 vs OTM1",0.0006199297,0.000622782433333333,0.000614909,0.0006246295,30,30,2.85273333333331e-06,0.00662362696803903,0.620403720627752,0.789132765986765,"TRNA-CHARGING-PWY","tRNA charging","Not significant",0.207325606339966,0.10284992367935
"PWY-5384: sucrose degradation IV (sucrose phosphorylase)","OTM1","OTM2","OTM2 vs OTM1",3.92108766666667e-05,2.61489566666667e-05,2.48168e-05,2.283245e-05,30,30,-1.306192e-05,-0.584498675087557,0.63087629216172,0.799109970071512,"PWY-5384","sucrose degradation IV (sucrose phosphorylase)","Not significant",0.200055792734771,0.0973934508376229
"PWY-6628: superpathway of L-phenylalanine biosynthesis","OTM1","OTM2","OTM2 vs OTM1",4.04854666666667e-05,3.628448e-05,3.482615e-05,3.655995e-05,30,30,-4.20098666666666e-06,-0.158051100017634,0.652043622400636,0.822494859791673,"PWY-6628","superpathway of L-phenylalanine biosynthesis","Not significant",0.185723348540855,0.0848668075069701
"REDCITCYC: TCA cycle VI (Helicobacter)","OTM1","OTM2","OTM2 vs OTM1",3.91083833333333e-06,3.79477723333333e-06,4.292425e-06,3.85908e-06,26,27,-1.160611e-07,-0.0434615739038112,0.662488317567934,0.832216729506827,"REDCITCYC","TCA cycle VI (Helicobacter)","Not significant",0.17882177574665,0.0797635581183272
"P105-PWY: TCA cycle IV (2-oxoglutarate decarboxylase)","OTM1","OTM2","OTM2 vs OTM1",1.40405606666667e-06,1.61943303333333e-06,9.772185e-07,5.643795e-07,17,16,2.15376966666667e-07,0.205874600149772,0.669784892817902,0.837920195130214,"P105-PWY","TCA cycle IV (2-oxoglutarate decarboxylase)","Not significant",0.174064652316925,0.0767973423064838
"PWY0-1477: ethanolamine utilization","OTM1","OTM2","OTM2 vs OTM1",7.730766e-05,7.83533366666667e-05,7.615345e-05,7.90825e-05,30,30,1.04567666666667e-06,0.0193833179613409,0.673495052801603,0.839108590375768,"PWY0-1477","ethanolamine utilization","Not significant",0.171665590065503,0.0761818327954786
"PWY-6125: superpathway of guanosine nucleotides de novo biosynthesis II","OTM1","OTM2","OTM2 vs OTM1",0.0001191769,0.000121402116666667,0.000125494,0.000124639,30,30,2.22521666666668e-06,0.0266889272329047,0.68432258676245,0.849118638268509,"PWY-6125","superpathway of guanosine nucleotides de novo biosynthesis II","Not significant",0.164739125436378,0.0710316261921565
"P185-PWY: formaldehyde assimilation III (dihydroxyacetone cycle)","OTM1","OTM2","OTM2 vs OTM1",1.365494e-06,1.09018216666667e-06,6.4616e-07,8.427385e-07,24,20,-2.75311833333333e-07,-0.324827069759605,0.703488431534969,0.855283396165314,"P185-PWY","formaldehyde assimilation III (dihydroxyacetone cycle)","Not significant",0.152743039894959,0.0678899589585733
"P441-PWY: superpathway of N-acetylneuraminate degradation","OTM1","OTM2","OTM2 vs OTM1",2.65381633333333e-05,2.51047866666667e-05,2.44989e-05,2.37757e-05,29,30,-1.43337666666667e-06,-0.0801057515584672,0.70617148828123,0.855283396165314,"P441-PWY","superpathway of N-acetylneuraminate degradation","Not significant",0.151089821086289,0.0678899589585733
"PWY4FS-7: phosphatidylglycerol biosynthesis I (plastidic)","OTM1","OTM2","OTM2 vs OTM1",3.10514543333333e-06,3.28226273333333e-06,2.38311e-06,2.61529e-06,26,26,1.771173e-07,0.0800273785172149,0.705843986477013,0.855283396165314,"PWY4FS-7","phosphatidylglycerol biosynthesis I (plastidic)","Not significant",0.151291280959042,0.0678899589585733
"PWY4FS-8: phosphatidylglycerol biosynthesis II (non-plastidic)","OTM1","OTM2","OTM2 vs OTM1",3.10514543333333e-06,3.28226273333333e-06,2.38311e-06,2.61529e-06,26,26,1.771173e-07,0.0800273785172149,0.705843986477013,0.855283396165314,"PWY4FS-8","phosphatidylglycerol biosynthesis II (non-plastidic)","Not significant",0.151291280959042,0.0678899589585733
"RHAMCAT-PWY: L-rhamnose degradation I","OTM1","OTM2","OTM2 vs OTM1",3.61758066666667e-05,3.68959666666667e-05,3.585125e-05,3.63041e-05,30,30,7.20159999999998e-07,0.0284378498038008,0.70617148828123,0.855283396165314,"RHAMCAT-PWY","L-rhamnose degradation I","Not significant",0.151089821086289,0.0678899589585733
"PPGPPMET-PWY: ppGpp metabolism","OTM1","OTM2","OTM2 vs OTM1",5.06160666666667e-06,5.160014e-06,4.769505e-06,5.002125e-06,30,30,9.84073333333329e-08,0.0277790352163748,0.70617148828123,0.855283396165314,"PPGPPMET-PWY","ppGpp metabolism","Not significant",0.151089821086289,0.0678899589585733
"""PWY-5464: superpathway of cytosolic glycolysis (plants), pyruvate dehydrogenase and TCA cycle""","OTM1","OTM2","OTM2 vs OTM1",1.27695893333333e-06,1.12394533333333e-06,0,0,10,12,-1.530136e-07,-0.184124882261643,0.725672079329618,0.875069762777258,"""PWY-5464","superpathway of cytosolic glycolysis (plants), pyruvate dehydrogenase and TCA cycle""","Not significant",0.139259586338809,0.0579573225417177
"PWY1ZNC-1: assimilatory sulfate reduction IV","OTM1","OTM2","OTM2 vs OTM1",2.58038056666667e-06,2.4351499e-06,2.534415e-06,2.408975e-06,29,30,-1.45230666666667e-07,-0.0835699397721498,0.728265295995547,0.875069762777258,"PWY1ZNC-1","assimilatory sulfate reduction IV","Not significant",0.137710384974653,0.0579573225417177
"BIOTIN-BIOSYNTHESIS-PWY: biotin biosynthesis I","OTM1","OTM2","OTM2 vs OTM1",1.18913133333333e-06,9.63465766666667e-07,0,0,12,12,-2.25665566666667e-07,-0.303574336463993,0.744745684766343,0.884500385698915,"BIOTIN-BIOSYNTHESIS-PWY","biotin biosynthesis I","Not significant",0.127992004511166,0.0533019733739599
"TCA-GLYOX-BYPASS: superpathway of glyoxylate bypass and TCA","OTM1","OTM2","OTM2 vs OTM1",8.36475566666667e-07,7.08898666666667e-07,0,0,9,8,-1.275769e-07,-0.238712948361386,0.744842430062244,0.884500385698915,"TCA-GLYOX-BYPASS","superpathway of glyoxylate bypass and TCA","Not significant",0.127935591670864,0.0533019733739599
"SER-GLYSYN-PWY: superpathway of L-serine and glycine biosynthesis I","OTM1","OTM2","OTM2 vs OTM1",0.000138831133333333,0.00013973093,0.0001438625,0.000147127,30,30,8.99796666666643e-07,0.00932026246583188,0.73939881931145,0.884500385698915,"SER-GLYSYN-PWY","superpathway of L-serine and glycine biosynthesis I","Not significant",0.131121247253488,0.0533019733739599
"PANTO-PWY: phosphopantothenate biosynthesis I","OTM1","OTM2","OTM2 vs OTM1",0.000103668913333333,0.000101322996666667,0.0001016775,0.0001000119,30,30,-2.34591666666666e-06,-0.0330216621438824,0.750587231522306,0.887854157131444,"PANTO-PWY","phosphopantothenate biosynthesis I","Not significant",0.12459882778141,0.0516583675039513
"PWY-5973: cis-vaccenate biosynthesis","OTM1","OTM2","OTM2 vs OTM1",6.61233966666667e-05,6.71055866666667e-05,6.11324e-05,6.62293e-05,30,30,9.82189999999998e-07,0.0212720108086452,0.761828345935475,0.897658206063505,"PWY-5973","cis-vaccenate biosynthesis","Not significant",0.118142872244336,0.046888994598812
"ARGSYNBSUB-PWY: L-arginine biosynthesis II (acetyl cycle)","OTM1","OTM2","OTM2 vs OTM1",0.0004268905,0.0004324386,0.0004225965,0.000425609,30,30,5.5481e-06,0.0186292439348663,0.773119942467523,0.907445801197402,"ARGSYNBSUB-PWY","L-arginine biosynthesis II (acetyl cycle)","Not significant",0.111753124049447,0.0421793045219454
"PWY-5675: nitrate reduction V (assimilatory)","OTM1","OTM2","OTM2 vs OTM1",1.2926579e-06,1.10859016666667e-06,8.343005e-07,8.25858e-07,22,23,-1.84067733333333e-07,-0.221595873252405,0.794274409663562,0.90893179637626,"PWY-5675","nitrate reduction V (assimilatory)","Not significant",0.100029429545456,0.0414687037623288
"METHANOGENESIS-PWY: methanogenesis from H2 and CO2","OTM1","OTM2","OTM2 vs OTM1",8.58457033333333e-06,9.25449683333333e-06,8.181275e-06,8.411195e-06,29,27,6.69926499999999e-07,0.108407408763978,0.790118577796158,0.90893179637626,"METHANOGENESIS-PWY","methanogenesis from H2 and CO2","Not significant",0.102307726661365,0.0414687037623288
"PWY-7345: superpathway of anaerobic sucrose degradation","OTM1","OTM2","OTM2 vs OTM1",6.162426e-05,5.722731e-05,5.78056e-05,5.892755e-05,30,30,-4.39695e-06,-0.106794443629251,0.784459768949547,0.90893179637626,"PWY-7345","superpathway of anaerobic sucrose degradation","Not significant",0.105429324315712,0.0414687037623288
"PWY-7118: chitin deacetylation","OTM1","OTM2","OTM2 vs OTM1",1.1244591e-06,1.06692836666667e-06,3.32238e-07,5.87588e-07,16,18,-5.75307333333334e-08,-0.0757609520640924,0.787215061031544,0.90893179637626,"PWY-7118","chitin deacetylation","Not significant",0.103906605556999,0.0414687037623288
"PWY-5136: fatty acid &beta;-oxidation II (plant peroxisome)","OTM1","OTM2","OTM2 vs OTM1",2.49751036666667e-06,2.38871446666667e-06,2.35249e-06,2.18966e-06,30,29,-1.087959e-07,-0.0642536229635736,0.807274950728915,0.90893179637626,"PWY-5136","fatty acid &beta;-oxidation II (plant peroxisome)","Not significant",0.0929785232120953,0.0414687037623288
"PWY0-1261: anhydromuropeptides recycling I","OTM1","OTM2","OTM2 vs OTM1",4.54228946666667e-06,4.67444426666667e-06,4.49174e-06,4.176395e-06,27,26,1.321548e-07,0.041374311091468,0.784296033605554,0.90893179637626,"PWY0-1261","anhydromuropeptides recycling I","Not significant",0.105519981327506,0.0414687037623288
"1CMET2-PWY: folate transformations III (E. coli)","OTM1","OTM2","OTM2 vs OTM1",0.00010122835,0.000103937473333333,0.0001020925,9.979705e-05,30,30,2.70912333333334e-06,0.038102468593818,0.807274950728915,0.90893179637626,"1CMET2-PWY","folate transformations III (E. coli)","Not significant",0.0929785232120953,0.0414687037623288
"PWY-7221: guanosine ribonucleotides de novo biosynthesis","OTM1","OTM2","OTM2 vs OTM1",0.000270580233333333,0.000266247033333333,0.000270202,0.0002660215,30,30,-4.33319999999999e-06,-0.0232909913020981,0.807274950728915,0.90893179637626,"PWY-7221","guanosine ribonucleotides de novo biosynthesis","Not significant",0.0929785232120953,0.0414687037623288
"PWY-7228: superpathway of guanosine nucleotides de novo biosynthesis I","OTM1","OTM2","OTM2 vs OTM1",0.00013594267,0.000137614693333333,0.000140502,0.0001409315,30,30,1.67202333333332e-06,0.0176361404988983,0.807274950728915,0.90893179637626,"PWY-7228","superpathway of guanosine nucleotides de novo biosynthesis I","Not significant",0.0929785232120953,0.0414687037623288
"PWY-5130: 2-oxobutanoate degradation I","OTM1","OTM2","OTM2 vs OTM1",2.14802043333333e-05,2.13129296666667e-05,2.146165e-05,1.98114e-05,30,30,-1.67274666666666e-07,-0.0112787454789057,0.807274950728915,0.90893179637626,"PWY-5130","2-oxobutanoate degradation I","Not significant",0.0929785232120953,0.0414687037623288
"PWY-7977: L-methionine biosynthesis IV","OTM1","OTM2","OTM2 vs OTM1",7.987968e-05,7.961694e-05,7.684835e-05,7.658515e-05,30,30,-2.62740000000003e-07,-0.00475312345302439,0.795845542466455,0.90893179637626,"PWY-7977","L-methionine biosynthesis IV","Not significant",0.0991712118647521,0.0414687037623288
"PWY-7357: thiamine phosphate formation from pyrithiamine and oxythiamine (yeast)","OTM1","OTM2","OTM2 vs OTM1",6.306195e-05,6.57757833333333e-05,6.06106e-05,6.55892e-05,30,30,2.71383333333334e-06,0.060786648678216,0.81874565347658,0.918445308696975,"PWY-7357","thiamine phosphate formation from pyrithiamine and oxythiamine (yeast)","Not significant",0.0868509925588139,0.0369466998244659
"PWY-6147: 6-hydroxymethyl-dihydropterin diphosphate biosynthesis I","OTM1","OTM2","OTM2 vs OTM1",5.016358e-05,4.78984856666667e-05,5.09695e-05,4.919955e-05,30,30,-2.26509433333333e-06,-0.0666601307365697,0.830255283911196,0.921159147113152,"PWY-6147","6-hydroxymethyl-dihydropterin diphosphate biosynthesis I","Not significant",0.080788351783569,0.0356653309952033
"PWY-7663: gondoate biosynthesis (anaerobic)","OTM1","OTM2","OTM2 vs OTM1",5.81086e-05,5.90006466666667e-05,5.27168e-05,5.82102e-05,30,30,8.92046666666663e-07,0.02197903295004,0.830255283911196,0.921159147113152,"PWY-7663","gondoate biosynthesis (anaerobic)","Not significant",0.080788351783569,0.0356653309952033
"PWY-6168: flavin biosynthesis III (fungi)","OTM1","OTM2","OTM2 vs OTM1",3.72069286666667e-05,3.76318073333333e-05,3.947805e-05,3.84124e-05,30,29,4.24878666666663e-07,0.0163812305153298,0.830255283911196,0.921159147113152,"PWY-6168","flavin biosynthesis III (fungi)","Not significant",0.080788351783569,0.0356653309952033
"PWY-7234: inosine-5'-phosphate biosynthesis III","OTM1","OTM2","OTM2 vs OTM1",0.000131384803333333,0.000126965933333333,0.000137043,0.0001323545,30,30,-4.41887e-06,-0.0493569228485619,0.841801450158128,0.927201597275619,"PWY-7234","inosine-5'-phosphate biosynthesis III","Not significant",0.0747903304350739,0.0328258288915378
"PWY-6897: thiamine diphosphate salvage II","OTM1","OTM2","OTM2 vs OTM1",5.888342e-05,5.942794e-05,5.812555e-05,6.02329e-05,30,30,5.44520000000003e-07,0.0132798832254233,0.841801450158128,0.927201597275619,"PWY-6897","thiamine diphosphate salvage II","Not significant",0.0747903304350739,0.0328258288915378
"PWY-7211: superpathway of pyrimidine deoxyribonucleotides de novo biosynthesis","OTM1","OTM2","OTM2 vs OTM1",1.62559536666667e-06,8.17868333333333e-07,0,0,8,8,-8.07727033333333e-07,-0.990940044046549,0.856788264201315,0.940301921722743,"PWY-7211","superpathway of pyrimidine deoxyribonucleotides de novo biosynthesis","Not significant",0.0671264908544408,0.0267326763101356
"PWY-6803: phosphatidylcholine acyl editing","OTM1","OTM2","OTM2 vs OTM1",1.09801273333333e-06,1.1624685e-06,0,0,14,14,6.44557666666666e-08,0.0822895536955426,0.866161581964095,0.940404003275303,"PWY-6803","phosphatidylcholine acyl editing","Not significant",0.0624010830294207,0.0266855307628862
"PWY-5838: superpathway of menaquinol-8 biosynthesis I","OTM1","OTM2","OTM2 vs OTM1",7.04447666666667e-07,6.78976666666667e-07,0,0,6,7,-2.54709999999998e-08,-0.0531228547604297,0.861577398951538,0.940404003275303,"PWY-5838","superpathway of menaquinol-8 biosynthesis I","Not significant",0.0647057020491793,0.0266855307628862
"GALACT-GLUCUROCAT-PWY: superpathway of hexuronide and hexuronate degradation","OTM1","OTM2","OTM2 vs OTM1",9.883391e-06,1.0204209e-05,1.008644e-05,9.93798e-06,29,30,3.20818e-07,0.0460858725655884,0.864993706164487,0.940404003275303,"GALACT-GLUCUROCAT-PWY","superpathway of hexuronide and hexuronate degradation","Not significant",0.0629870525212868,0.0266855307628862
"GLUCUROCAT-PWY: superpathway of &beta;-D-glucuronosides degradation","OTM1","OTM2","OTM2 vs OTM1",3.74012933333333e-05,3.751986e-05,3.6098e-05,3.67151e-05,30,30,1.18566666666662e-07,0.00456627322398863,0.876634900313995,0.948387934859269,"GLUCUROCAT-PWY","superpathway of &beta;-D-glucuronosides degradation","Not significant",0.0571812433420327,0.0230139796383588
"PWY-5971: palmitate biosynthesis (type II fatty acid synthase)","OTM1","OTM2","OTM2 vs OTM1",2.08959966666667e-06,1.361809e-06,0,0,5,6,-7.27790666666667e-07,-0.617665303290797,0.938879261894552,0.972549346069529,"PWY-5971","palmitate biosynthesis (type II fatty acid synthase)","Not significant",0.0273902535958546,0.0120883538253854
"PWY-5897: superpathway of menaquinol-11 biosynthesis","OTM1","OTM2","OTM2 vs OTM1",7.65683e-07,6.39019466666667e-07,0,0,7,7,-1.26663533333333e-07,-0.260850002953865,0.936411780212755,0.972549346069529,"PWY-5897","superpathway of menaquinol-11 biosynthesis","Not significant",0.0285331314457096,0.0120883538253854
"PWY-5898: superpathway of menaquinol-12 biosynthesis","OTM1","OTM2","OTM2 vs OTM1",7.65683e-07,6.39019466666667e-07,0,0,7,7,-1.26663533333333e-07,-0.260850002953865,0.936411780212755,0.972549346069529,"PWY-5898","superpathway of menaquinol-12 biosynthesis","Not significant",0.0285331314457096,0.0120883538253854
"PWY-5899: superpathway of menaquinol-13 biosynthesis","OTM1","OTM2","OTM2 vs OTM1",7.65683e-07,6.39019466666667e-07,0,0,7,7,-1.26663533333333e-07,-0.260850002953865,0.936411780212755,0.972549346069529,"PWY-5899","superpathway of menaquinol-13 biosynthesis","Not significant",0.0285331314457096,0.0120883538253854
"PWY-7761: NAD salvage pathway II (PNC IV cycle)","OTM1","OTM2","OTM2 vs OTM1",2.58808813333333e-05,2.46300093333333e-05,2.505785e-05,2.476955e-05,30,30,-1.250872e-06,-0.0714692892768652,0.923442131978236,0.972549346069529,"PWY-7761","NAD salvage pathway II (PNC IV cycle)","Not significant",0.0345903146795735,0.0120883538253854
"PWY-4041: &gamma;-glutamyl cycle","OTM1","OTM2","OTM2 vs OTM1",2.40661e-05,2.3044423e-05,2.283115e-05,2.314195e-05,30,30,-1.021677e-06,-0.0625844558738116,0.946955942225594,0.972549346069529,"PWY-4041","&gamma;-glutamyl cycle","Not significant",0.0236702263752005,0.0120883538253854
"PWY-7356: thiamine diphosphate salvage IV (yeast)","OTM1","OTM2","OTM2 vs OTM1",2.6413667e-05,2.71932266666667e-05,2.742635e-05,2.630985e-05,30,30,7.79559666666666e-07,0.0419625865558203,0.911708975319428,0.972549346069529,"PWY-7356","thiamine diphosphate salvage IV (yeast)","Not significant",0.0401437697671224,0.0120883538253854
"PROPFERM-PWY: superpathway of L-alanine fermentation (Stickland reaction)","OTM1","OTM2","OTM2 vs OTM1",2.06905366666667e-06,2.09853573333333e-06,2.06642e-06,2.360875e-06,23,23,2.94820666666669e-08,0.0204109837393504,0.94069697717503,0.972549346069529,"PROPFERM-PWY","superpathway of L-alanine fermentation (Stickland reaction)","Not significant",0.0265502515297727,0.0120883538253854
"PWY-8188: L-alanine degradation VI (reductive Stickland reaction)","OTM1","OTM2","OTM2 vs OTM1",2.06905366666667e-06,2.09853573333333e-06,2.06642e-06,2.360875e-06,23,23,2.94820666666669e-08,0.0204109837393504,0.94069697717503,0.972549346069529,"PWY-8188","L-alanine degradation VI (reductive Stickland reaction)","Not significant",0.0265502515297727,0.0120883538253854
"PWY-8189: L-alanine degradation V (oxidative Stickland reaction)","OTM1","OTM2","OTM2 vs OTM1",2.06905366666667e-06,2.09853573333333e-06,2.06642e-06,2.360875e-06,23,23,2.94820666666669e-08,0.0204109837393504,0.94069697717503,0.972549346069529,"PWY-8189","L-alanine degradation V (oxidative Stickland reaction)","Not significant",0.0265502515297727,0.0120883538253854
"PWY-6126: superpathway of adenosine nucleotides de novo biosynthesis II","OTM1","OTM2","OTM2 vs OTM1",0.0001651571,0.000163622746666667,0.0001747895,0.000169516,30,30,-1.53435333333335e-06,-0.0134656591099254,0.911708975319428,0.972549346069529,"PWY-6126","superpathway of adenosine nucleotides de novo biosynthesis II","Not significant",0.0401437697671224,0.0120883538253854
"PWY-6731: starch degradation III","OTM1","OTM2","OTM2 vs OTM1",7.69287833333333e-06,7.7647789e-06,6.93466e-06,6.492145e-06,29,30,7.19005666666664e-08,0.0134211795978196,0.935191970239339,0.972549346069529,"PWY-6731","starch degradation III","Not significant",0.029099230776624,0.0120883538253854
"PWY-7220: adenosine deoxyribonucleotides de novo biosynthesis II","OTM1","OTM2","OTM2 vs OTM1",8.35916533333333e-05,8.28528433333333e-05,8.83895e-05,8.441955e-05,30,30,-7.38810000000008e-07,-0.0128076717949868,0.946955942225594,0.972549346069529,"PWY-7220","adenosine deoxyribonucleotides de novo biosynthesis II","Not significant",0.0236702263752005,0.0120883538253854
"PWY-7222: guanosine deoxyribonucleotides de novo biosynthesis II","OTM1","OTM2","OTM2 vs OTM1",8.35916533333333e-05,8.28528433333333e-05,8.83895e-05,8.441955e-05,30,30,-7.38810000000008e-07,-0.0128076717949868,0.946955942225594,0.972549346069529,"PWY-7222","guanosine deoxyribonucleotides de novo biosynthesis II","Not significant",0.0236702263752005,0.0120883538253854
"HISTSYN-PWY: L-histidine biosynthesis","OTM1","OTM2","OTM2 vs OTM1",0.000225371166666667,0.0002256119,0.0002232175,0.000224315,30,30,2.40733333333333e-07,0.00154021155476813,0.935191970239339,0.972549346069529,"HISTSYN-PWY","L-histidine biosynthesis","Not significant",0.029099230776624,0.0120883538253854
"PWY-5840: superpathway of menaquinol-7 biosynthesis","OTM1","OTM2","OTM2 vs OTM1",7.96377e-07,6.41932e-07,0,0,7,7,-1.54445e-07,-0.3109874958166,0.952286710748238,0.974731178678331,"PWY-5840","superpathway of menaquinol-7 biosynthesis","Not significant",0.021232276248455,0.0111151419569136
"NONOXIPENT-PWY: pentose phosphate pathway (non-oxidative branch) I","OTM1","OTM2","OTM2 vs OTM1",0.000115290726666667,0.000118035693333333,0.00011353,0.00011295,30,30,2.74496666666668e-06,0.0339466839358269,0.958731490813444,0.978034809420426,"NONOXIPENT-PWY","pentose phosphate pathway (non-oxidative branch) I","Not significant",0.0183030074134243,0.00964568788092573
"PWY-7254: TCA cycle VII (acetate-producers)","OTM1","OTM2","OTM2 vs OTM1",1.42988446666667e-06,1.32381516666667e-06,0,0,14,14,-1.060693e-07,-0.111188795043901,0.967991372377915,0.980165785303625,"PWY-7254","TCA cycle VII (acetate-producers)","Not significant",0.0141285135029301,0.00870046149812807
"TCA: TCA cycle I (prokaryotic)","OTM1","OTM2","OTM2 vs OTM1",2.52489753333333e-06,2.40551833333333e-06,0,0,14,14,-1.193792e-07,-0.0698742105833586,0.967991372377915,0.980165785303625,"TCA","TCA cycle I (prokaryotic)","Not significant",0.0141285135029301,0.00870046149812807
"PWY-8131: 5'-deoxyadenosine degradation II","OTM1","OTM2","OTM2 vs OTM1",2.33338853333333e-06,2.2849024e-06,1.882935e-06,1.82498e-06,27,26,-4.84861333333333e-08,-0.0302926973895134,0.970493096632865,0.980165785303625,"PWY-8131","5'-deoxyadenosine degradation II","Not significant",0.0130075495130384,0.00870046149812807
"PWY-5505: L-glutamate and L-glutamine biosynthesis","OTM1","OTM2","OTM2 vs OTM1",2.220028e-05,2.18104833333333e-05,2.061785e-05,2.14888e-05,30,30,-3.89796666666666e-07,-0.0255560151564993,0.982307053080085,0.985548990548996,"PWY-5505","L-glutamate and L-glutamine biosynthesis","Not significant",0.00775273765661403,0.00632178255016533
"PWY-841: superpathway of purine nucleotides de novo biosynthesis I","OTM1","OTM2","OTM2 vs OTM1",0.000189656766666667,0.0001881113,0.0001996635,0.0001937075,30,30,-1.54546666666667e-06,-0.011804324140498,0.982307053080085,0.985548990548996,"PWY-841","superpathway of purine nucleotides de novo biosynthesis I","Not significant",0.00775273765661403,0.00632178255016533
"PWY-621: sucrose degradation III (sucrose invertase)","OTM1","OTM2","OTM2 vs OTM1",1.48847116666667e-05,1.44662406666667e-05,1.43184e-05,1.44528e-05,30,30,-4.18471e-07,-0.041140936595925,1,1,"PWY-621","sucrose degradation III (sucrose invertase)","Not significant",0,0
