feature	a1	a2	a3	a4	a5	a6	a7	a8	a9	a10	a11	a12	a13	a14	a15	a16	a17	a18	a19	a20	a21	a22	a23	a24	a25	a26	a27	a28	a29	a30	a31	a32	a33	a34	a35	a36	a37	a38	a39	a40	a41	a42	a43	a44	a45	a46	a47	a48	a49	a50	a51	a52	a53	a54	a55	a56	a57	a58	a59	a60	a61	a62	a63	a64	a65	a66	a67	a68	a69	a70	a71	a72	a73	a74	a75	a76	a77	a78	a79	a80	a81	a82	a83	a84	a85	a86	a87	a88	a89	a90	a91	a92	a93	a94	a95	a96	a97	a98	a99	a100	a101	a102	a103	a104	a105	a106	a107	a108	a109	a110	a111	a112	a113	a114	a115	a116	a117	a118	a119	a120
delta__delta	0	0	0	0	0	0	0	0	0	0	0	0	0	0	0	0	0	0	0	0	0	0	0	0	0	0	0	0	0	0	0	0	0	0	0	0	0	0.000114712906834045	0.000399727238353828	0	0	0	0	0	0	0	0	0	0	0	0	0	0	0	0	0	0	0	0	0	0	0	0	0	0	0	0	0	0	0	0	0	0	0	0	0	0	0	0	0	0	0	0.000109163020196295	0	0	0	0	0	0	0	0	0	0	0	0	0	0.000109911420841835	0	0	0	0	0	0	0	0	0	0	0	0	0	0	0	0	0	0	0	0	0	0	0
insertion_element_IS911__IS911	0.000108631226170535	0	0	0.000168327876161658	0	0	0	0	0	0	0	0	0.000727264930065713	0	0.0007088139163451	0	0	0	0	0	0.00020373535769419	0	0.00118463038562375	0	0	0	0	0	0	0	0	0	0	0	0	0	0	0	0	0	0	0	0	0	0.000112090434698829	0.000103497343987831	0	0	0	7.15232689089669e-05	0	0	0	0	0	0	0	0	0.000129915107010381	0	0	0	0	0	0	0.000103485091068746	0	0	0.000111115464245746	0	9.94974426246721e-05	0	9.86846819683756e-05	0	0	0	0	0	0	0	0	0	0	0	0	0	0	0	0	0	0	0	8.30432700456504e-05	0	0	9.18648990401562e-05	0	0.000103730017770891	0	0	0	0	0	0.000187248610621404	0	0	0	0	0	0	0	0	0	0	0	0	0	0	0	0
insertion_element_IS91__IS91	0.295732230935115	0.175960818288487	0.0223065067096868	0.274035100661918	0.136170991495471	0.0937219411522365	0.240832760939927	0.3483815596025	0.129900191586672	0.294129587176494	0.336449903369564	0.289407356564051	0.322768797006095	0.108182153907766	0.0915644392481165	0.330331389941597	0.281661123972043	0.292654243535901	0.20494800567629	0.313520382686663	0.361322893417077	0.356049022773895	0.235905110466713	0.075123099254057	0.289629549935151	0.319040361418703	0.295784815940424	0.151520901453902	0.118728615333902	0.358274777424438	0.180433267320965	0.300448442440078	0.128058209583035	0.257481575933801	0.524169048288318	0.202934578583763	0.231762312183331	0.245754708426634	0.298680526825257	0.180750756067177	0.205627115368241	0.283515747704407	0.313661472644933	0.129993126742068	0.252228133499213	0.279553303262965	0.262400274852843	0.295410793603168	0.211938702352857	0.247534717150837	0.289835085618291	0.215062040946961	0.734437496552991	0.125592518704398	0.336868565727114	0.16225788269059	0.65302805300427	0.34423977060753	0.312403594160108	0.438619029025577	0.132020848343634	0.236406481561368	0.205551141801489	0.209803231535922	0.351333678394808	0.180598950024332	0.29097791198062	0.255490459883916	0.569342149889148	0.267667975344401	0.142317250159065	0.303088130831688	0.14510555125787	0.272661110926659	0.3179437588822	0.258622493854411	0.0720556131354989	0.0733175569747984	0.0894047824061665	0.208783617255605	0.154623172380286	0.15647494452979	0.144739149519635	0.399927976278711	0.108634506216481	0.257327317633115	0.41084693463453	0.293299615361619	0.166744561417696	0.288794116272261	0.102935445435207	0.310173479401413	0.150643259541129	0.255350325535375	0.387078741524016	0.269113866767968	0.259753873717763	0.435587059175855	0.292137674794567	0.252939901326438	0.110386799067735	0.261951896060498	0.220886608974741	0.172356760209631	0.682884546620347	0.19182415824639	0.283577366152671	0.242620557531021	0.224296202043033	0.261404594937279	0.250214585909748	0.35736405606335	0.361709147756002	0.18923653680242	0.552735178104273	0.40683634342656	0.347933084078824	0.311207634742013	0.468351196054431	0.392205077818083
integrase__int2	0.00101244409497653	0.000804417388640845	0.000852717931610448	0.000631189022982603	0.000560380199997768	0.0013370385505746	0.000949002298131266	0.000856658647107559	0.00135689219050752	0.000608744577240641	0.0023915451765773	0.000761245695448859	0.000594287750866275	0.000661255589070882	0.00057994977191427	0.00104043006857633	0.000431077382741923	0.000471967265255712	0.000598341338845426	0.00067923783049004	0.00121590665164351	0.00101026005380336	0.00322102779394957	0.000604085814179827	0.00109563676979809	0.00112842050591601	0.000847311061238396	0.00106404031217494	0.000791744571719396	0.00122591470264665	0.00124355929029039	0.000748632714782498	0.000539774485421526	0.000913386148283711	0.00231945759299138	0.000641064776100435	0.000886556341219527	0.000799919417025907	0.00148735238679319	0.000821174711519042	0.00099060546076469	0.00158505455628616	0.000695915088204175	0.000614303865348669	0.00122894951006602	0.000927857663430007	0.000834262389211911	0.00112847733171554	0.000487138936518894	0.000672276862006234	0.000683440238041123	0.000943164059947713	0.000487278074911307	0.000503611986010483	0.000488099284663662	0.000867681898076986	0.00166484657343753	0.000864311651954787	0.000956698198070541	0.000849698429096688	0.000517193526822644	0.000423967973722653	0.00121026651947506	0.000719635888704947	0.00122008150145678	0.000643362611212418	0.000738477677534044	0.000496143569975611	0.00109639651585721	0.000730281894372804	0.000827277131053173	0.000778980326459701	0.000597682494629429	0.000535325648343798	0.000794759984077409	0.000562491110998657	0.000549990861645298	0.00124994623143868	0.000432446710269349	0.0005209306473289	0.000480452776111568	0.000473010945439229	0.000772282881200103	0.00120737574953418	0.000689689253569583	0.000942239772738334	0.00127882618167266	0.000898643124904898	0.00066834483099968	0.000738098613832783	0.000838366932127401	0.00103694976536949	0.000581744268349367	0.000967303537781177	0.000941301711449463	0.00080353546613799	0.000683929227697673	0.00097215865599544	0.000768146647795443	0.000448387663245038	0.000402846731732489	0.000763717963333829	0.000738716017558164	0.000876142438263758	0.00111492733035587	0.000382470274811289	0.000948815825566722	0.000858787496861725	0.000682473830840001	0.000479716943732365	0.000645912761660633	0.000601610341960811	0.000936985754538579	0.000623831556394614	0.000998236710935901	0.000946806156546235	0.000685101802632637	0.000874255754954622	0.00123815501752198	0.000810771563249525
integrase__int3	0.000108503643970361	0.000153264279091312	0.000374255708300415	0.000523579908713109	8.41096868226386e-05	0.000562807666825667	0.000194293614666384	0.000248559779404349	0.000256403066571169	2.272858402864e-05	4.52713851059565e-05	0	0.00221547809900539	6.11958879721168e-05	0.00106473918661128	0.000852812822534878	7.31491096290513e-05	0.000498287290790621	7.3352711324927e-05	1.88413709785558e-05	0.000554428396481176	9.73608832011292e-05	0.00353079237174715	0.000135038781383069	0	0.000199638546712695	0.000103397691903756	0.000381141697099705	0.000175328599749532	0.000101619758187239	3.42307520295404e-05	5.99363186717148e-05	2.14232166309076e-05	0.000370945586947517	4.23872121148079e-05	2.29255859286118e-05	8.42162595150358e-05	0.000262046373371676	5.96732975687491e-05	2.26363786185845e-05	0	0	2.70596181931176e-05	1.99128336733953e-05	0.000113651785101178	0.000103662112486714	0	0.000104004749272662	5.44524893024797e-05	1.9716975005355e-05	0	7.19776481702245e-05	5.58263088588208e-05	0	0.000239044470795479	0	0.00037067487345087	5.28881486777199e-05	0	2.99293933364134e-05	8.50889413537518e-05	0.000161359962521012	2.31258105628713e-05	5.38985261553885e-05	0.000430259585938658	5.1568569941819e-05	0.000386421457371346	0	0.000149948790079111	2.51969360263539e-05	4.36884225342879e-05	0	0.000153606847317374	0	0.000102647117361105	8.90655206275234e-05	0	0.000184800955589034	8.70845521588082e-05	8.04381669316424e-05	4.3137782291097e-05	0	7.90994269833657e-05	3.25410326607787e-05	2.35413204181784e-05	4.77096817892623e-05	9.76169689117662e-05	5.08732985483256e-05	8.5488905144885e-05	7.77963161115057e-05	1.40318904489611e-05	0.000101648730345356	0	0.000973002432528679	0.000476735547381627	0.000256608491731601	5.87023053832893e-05	0.000456580575087769	0.000104919202474544	1.85093383884055e-05	0	2.63293892006318e-05	0.000188381932644961	6.65913303885472e-05	0	5.08193835816161e-05	0.000308116355142223	2.9586399121808e-05	9.94587851951604e-05	0	5.34999777176299e-05	2.12128424586493e-05	4.70114449744297e-05	2.48355206115874e-05	8.75700804660452e-05	4.13105673815276e-05	8.75383000805656e-05	9.66735581008409e-05	0	8.04380453029835e-05
integrase__intI1	0	0.00028082558399662	0	0.000179847655223933	0	7.78495633072448e-05	0	0.00011065995364434	0.000871031744633924	0.000128612850866902	0.00019709688971511	7.47368974423381e-05	0.00284393632567814	0.000271938747031222	0.000671754589453942	0.000368934329639516	8.11127435825504e-05	5.88974990191557e-05	0.000317878670354846	3.77043490339218e-05	0.000130261170666374	3.47585315737838e-05	0.000407304323104504	0.000298041103700926	0	8.39275238216601e-05	3.58890711776304e-05	0.000259907579518815	0	0	0.000204058373647797	0	0.000173126933019587	6.84506164339078e-05	3.5959677741514e-05	0.000272910264279863	0.000243893933247425	0	0.00151111259137094	0.00014090810832397	0.000162361481753964	0.000332960975534934	0	1.49204423250797e-05	0	0.000418051562609924	5.76842039479823e-05	0.000722574246979815	0.000202015999781465	2.69501177081625e-05	0.000283696653578191	0.000153673160153209	0	6.02416745545786e-05	0.000114631146250267	0	0	0.000246854378317004	0.000230722652070335	0	0	0.000363038089685114	0.000225189652092069	0	0	3.9305346516019e-05	0.000255330960311423	0.000238825742393828	0.000200486781608919	0	0	0.000103276148171227	9.21601543095122e-05	0.000170511814306888	0	0.00010458130391051	0	0.00111161283665707	0	0	3.98925679018878e-05	5.36379156318916e-05	7.61653882686046e-05	0.000211508474058945	0	0.00012304994479611	0	0	3.7461948719723e-05	0	0.000182560646985008	3.01438685648246e-05	0.000251442407530628	2.7688583624441e-05	4.74709357683078e-05	3.1014938391539e-05	3.74102175525877e-05	0.000221427727596511	0.00025184293804712	0.000134783058462815	8.59794044884943e-05	0.000259714181332064	8.35572775317437e-05	0.000617627442455994	0	0.000819336312688184	0	0.000440650248071694	0.000110650938818047	3.17323732890376e-05	1.7731594574173e-05	0	0	6.08816650664441e-05	0	0	0	0.000211416453482044	0.000222900036433278	0
integrase__Int-Tn916	0.000101540764363837	3.3646936192731e-05	0	9.94159503375897e-05	5.21981652865006e-05	5.32625607531133e-05	0.000167485335646244	0.000238784219295161	0.000174008694397971	0.000176290959095837	0.000144762899779654	0.000143690087741117	0.000201773072993475	5.85389443951305e-05	0	0.000149524754786001	0.000278975569826658	0.000101831744855878	0.000529775761334427	7.80885990195861e-05	0.000253798708256573	0.000158293688489914	0.000186164076126545	0.000126025988270524	5.8070129549238e-05	0.000390559281626576	0.000158446222287229	0.000285137097478748	0.000131120335015159	0.000543223458949093	0.000191113829693203	0.000235301720026715	0.000211494638036141	0.000149660152565353	0.000452190233338148	0.000199594894319169	0.000245863286011134	0.000470808893881048	0.000597967680754042	5.27884809755561e-05	0.000178624830657445	0.000331152350639384	7.15173711969036e-05	0.00017628906855519	0.000260477570932285	0.00023388870223851	0.000237874880832192	0.000326057822391496	0.000128922682354103	0.0002280590650433	0.000282061875509614	4.56634747137553e-05	0.000750775885221221	4.1293423287595e-05	0.000394860116011188	0.000116591203659912	0.000156154268509228	0.00028003824450571	9.64123688232211e-05	0.000220446008700543	0.000215800052493589	0.000149564228095752	0.000141162524026014	0.000277952019346126	0.000152630172542926	0.000123697819447444	0.000312560313484673	0.000147903259034794	0.0004072682816357	0.000181961781303982	0.000144859454028186	0.000271595148877818	0.000159329578892291	8.94283481233064e-05	7.69567264192097e-05	0.000107655758260334	3.7349188160716e-05	3.60498415828854e-05	3.5276912518343e-05	0.000150984130602821	0.000101890430386076	0.000196996474771	0.000111722704807794	0.00025628708181146	6.13419549182249e-05	0.000164095110163756	0.000242664353521346	0.000221662229389133	0.000181610043870815	0.000188210134347055	0.000112595206847891	0.000166711927279451	0.000112435678680035	0.000367518890661989	0.000122348736916151	0.000209728017045125	0.000325413606671721	4.5908836374894e-05	0.00022852323761877	0.000148196886976409	0.000139122712348677	0.000236253546848435	0.000126883433761539	0.000146667411028855	0.000180680161656196	0.000180809358580405	0.000178273328989023	9.29885248078499e-05	7.37212777164402e-05	0.000147894743922287	0.000119275108487314	0.000315599811000404	0.000271890294486845	0.000127725534573878	0.000449454020250138	0.000250879441931128	0.000242713401685832	0.000271508716368319	0.000381950197328143	0.000134752188107864
IS10__IS10	0	0.000482339215179649	0	0	0	0	0	0.000859741656051999	0	0	0	0	0.0014153694408202	0	0	0	0	0	0	0	0	0	0	0	0	0	0	0	0	0	0	0.000552516960043336	0	0	0	0	0	0.000411804040479976	0	0	0	0	5.18726867513576e-05	0	0	0	0	0.000199216668007446	0.000233820725171107	0	0	0	0	0	0	0	0	3.94051776468585e-05	0	0.000129570871563403	0	0.000106446827518028	0	0	0	0.000205222433932775	0	0.000293072688359494	0	0	0	0	9.7851344653976e-05	0	0	0	0	0	0	0	0	0	0	0	0	0	0	0	0	0	0	4.86767655343094e-05	0	0	0	0	0.000103560983193195	0	4.37746801005994e-05	0	0	0	0	0	0	0	0	0	0	0	0	0	0	0	0	0	0	0	0	0
IS1166__IS1166	0	0	0	0	0	0	0	0	0	0	0	0	0	0	0	0	0	0	0	0	0	0	0	0	0	0	0	0	0	0	0	0	0	0	0	0	0	0	0	0	0	0	0	0	0	0	0	0	0	0	0	0	0	0	0	0	0	0	0	0	0	0	0	0	0	0	0	0	0	0	0	0	0	0	0	0	0	0	0	0	0	0	0	0	0	0	0	0	0	0	0	0	0	0	0	0	0	0	0	0	0	0	0	0	0	0	0	0	0	0	0	0	0	0	0	0	0	0	0	0
IS200__IS200	0	0	0	0	0	0	0	0	0	0	0	0	0	0	0	0	0	0	0	0	0	0	0	0	0	0	0	0	0	0	0	0	0	0	0	0	0	0	0	0	0	0	0	0	0	0	0	0	0	0	0	0	0	0	0	0	0	0	0	0	0	0	0	0	0	0	0	0	0	0	0	0	0	0	0	0	0	0	0	0	0	0	0	0	0	0	0	0	0	0	0	0	0	0	0	0	0	0	0	0	0	0	0	0	0	0	0	0	0	0	0	0	0	0	0	0	0	0	0	0
IS26__IS26	0	0	0.000111055727854355	0	0	0	0	0	0	0	0	0	0.00122559923646441	7.37641571211142e-05	0.000376450147004884	6.07787693909976e-05	0	0	0	0	0	7.68240501285244e-05	0	0	0	0	0	0	6.52196118986506e-05	0	0	0	0	0	0	0	0	0	0	0	0	0	0	0	0	0	0	0.00031384972278268	0	0	0	0	0	0	0	0	0	0	0	0	0	0	0	0	0	0	0	0	6.99592894999752e-05	0	6.3922937999091e-05	0	0	3.82698235580162e-05	0	0	0	0	0	0	0	0	6.46440231330013e-05	0	0	0	0	0	0	0	0	0	0	0	0	0	0	0	0.000108947597680542	0	0	0	4.34970194246631e-05	0.000119071841949707	0	0.000252961289224693	0	4.61848466823095e-05	0	0	0	0	9.65635145969702e-05	0	0	0	0	0	0	0
IS292__IS292	0	0	0	0	0	0	0	0	0	0	0	0	0	0	0	0	0	0	3.91299923049089e-05	0	0.000225695777373728	0	0	0	0	0	0	0	0	0	0	0	0	0	0	0	0	0	0	0	0	0	0	0	0	0	0	0	0	0	0	0	0	0	0	0	0	0	0	0	0	0	0	0	0	0	0	0	0	0	0	0	0	0	0	0	7.71536094090297e-05	0	0	0	0	0	0	0	0	0	0	0	0	0	0	0	0	0	0	0	0	0	0	0	3.75541383915556e-05	0	0	0	0	0	0	0	0	0	0	0	0	0	0	0	0	0	0	0
IS621__IS621	0.000161983443060406	0.00150624631416369	0.00159734011612271	0.00072359958086475	0.000647266948433626	0.00218815869338858	0.000440360796151376	0.000275788046465644	0.000759840499521997	5.09161986065443e-05	0.000356789769606179	3.93775051040276e-05	0.00364630436982685	0	0.00314338379445825	0.00163490428834672	0	0.000531648091146245	0.000181321443853016	0.000320307422269126	0.000399924255000718	0.000680580630568162	0.00391321272909374	0.000322993968759992	0	0.00137314754252661	0.000142227059852091	0.000566613181845333	0.000107103766328977	0.000256309799933811	0.000136646649753153	0.000100165135864583	0	0.000777570922987396	0.000139198752547796	0.00016447250019904	0.000447668107164442	0.000249884702740143	3.23937976035977e-05	0	3.63571871694605e-05	2.33096041654999e-05	0.000253327676963164	2.90652041623112e-05	0.000358804118810645	0.000308592998128855	0.000113830162457352	0.00045600512539319	0	0.000192603507887668	0	1.81715779951625e-05	0.000445674581605957	0	9.50569708512216e-05	3.65705677921193e-05	0.000462111113242489	7.97460421887315e-05	4.47750231194799e-05	0.000250523497082451	0.000210927736909278	3.62516996690533e-05	3.57685731477014e-05	0.000246714751367881	0	0.000132473575294731	0.00034590708078887	0.000224824451542614	0.000547863801233688	0	0.000139965821429202	0.000101314178902846	0.000172833998052871	0.000149783259999395	0.000117666477324286	2.20057138444429e-05	0	0.00015279841111278	0.000274124265165473	0	0	0.000143034441685044	0	0.000230716916703535	6.54722276486489e-05	0.000126433703961815	0.00030835806638017	7.5194987660624e-05	0	0	9.27563742950288e-05	0.000199619396273728	5.19845791386686e-05	0.000663787644756599	0.000511982833175231	0.000128582765414922	3.49162030490819e-05	0.000150479899633231	0.000178913944814835	8.87248248839688e-05	7.59097445033553e-05	3.92152529152008e-05	0.000240540716294111	0.000167989688428053	0.00034427633708802	0.000241275513793453	0.000130046882192847	4.05409736748933e-05	0.00047073403018938	8.46196621041003e-05	0	0.000268716276688055	0.000407854674994104	3.14648360740949e-05	0.000151087761809439	0.000204435111436676	0.000139684859101538	0.000157606394155421	0.000138345521337076	6.8443771941359e-05
IS679__IS679	0	0.000704404840108933	0.000347986988203727	0.000479326903413379	0.000573677961214023	0.0027349313632279	0.000446353892874222	0	0	0	8.50752116242372e-05	0	0.00500728415624666	0	0.00211651418727373	0.00211585566987502	8.03379014374236e-05	0.00137023832167659	0.000316521158444329	0.000101225961692056	0.000211969412288001	0.000853970150511939	0.00974661310010615	0.000265059245972639	0	0.00114570314906642	0	0.00105988926060339	0	0	0.000130135876250236	0	0	0.000943935494848705	0	0.000174645532529273	0.000308799581712549	0.000287217385007586	0	0	0.000325404660767355	8.76119604841205e-05	0	0	0.000222248275695955	0.000517486719939157	0.000212476781576671	0.000589921771211703	0.000115109537816163	0	0	0.000204900207048902	0	0	0	0.000322159904849758	0.000691739445953264	0	0	0.000251322811222118	9.84300771347087e-05	0.000113734495888391	0	0.000647153945691412	0	0.000190822939479351	0.000110056448410096	0.000343494952057441	0.000440630289250371	0	9.86397060503215e-05	0	7.04404454050129e-05	8.40266358205563e-05	0.000122204431304578	0.000112579039888093	0	0	0	0.000777535016188097	0	0.000399177067299132	0.000175564250412248	0.000392848811535815	0	0	0.000624003364352646	0.000268628208540506	0	0	0.000371670907912587	0.000823308741192371	0	0	0	9.10729602553272e-05	0.0003635794000468	0.000331076304580838	0.000331140360243759	0.000167860551591401	0	0.000108335516803493	0.000100278842811539	0.000734960679620607	0	0.000455403010630086	9.0723667423197e-05	0	0.000192063328787568	0.000357809864328114	0.000103332395966732	0.000106967129617726	0.000386064866548937	0	0.000104872604725032	0	0	0	0	9.54958688450362e-05
IS903__IS903	0	0	0	0	0	0	0	0	0	0	0	0	9.12552830960797e-05	0	0	0	0	0	0.000105567723920478	0	0	0	0	0	0	0	8.32321012417386e-05	0	0	0	0	0	0	0	0	0	0	0	0	0	0	0	0	0	0	0	0	6.35797876619507e-05	0	0	0	0	0	0	0	0	0	0	0	0	0	0	0	0	0	0	0	0	0	0	0	0	0	0	0	0	0	0	0	0	0	0	0	0	0	0	0	0	0	0	0	0	0	0	0	0	0	0	0	0	0	0	0	0	0	0	0	0	0	0	0	0	0	0	0	0	0	0	0	0
ISApl1__ISApl1	7.63436117254036e-05	0.000579344239936706	0	0.000143009055545144	2.06989911571332e-05	0	0.000102879215493184	0.000103682260709457	1.85414908051924e-05	0.000132899081611909	0.000134019716089539	0.000239263733299321	8.07496594556976e-05	0.000114921824788877	8.38617287856857e-05	1.6789197100291e-05	0.000330405196415007	0	0.000225113396471167	0.000177582829091866	5.7555623536057e-05	0.000147250935085097	3.54528382431691e-05	7.17166238043018e-05	0.000210010773250268	0.000137252873533793	0	0	8.93589201050895e-05	0.000181078127175461	0	0.000255029035948147	8.69491662643316e-05	3.53435312812813e-05	5.61950519544806e-05	9.23023713955417e-05	0.000146673447412602	0.00013060276874365	0	3.67491825721464e-05	9.17345694784999e-05	0	0.000213500387543698	4.48994792189898e-05	0.000159140740621795	0.000118990001961318	0.000133514006866268	0.000136500309560657	7.83029078230936e-05	0	0.000134172198487976	0	0	2.9321729169854e-05	5.66557842453147e-05	0.000103807080451589	4.74938818581045e-05	0.000160968862936514	0.000137413293742153	0.000234847204708668	8.91797826597159e-05	0.000165016476441388	0.000108299290919429	7.37218018941396e-05	0.000135507244454127	0.000143250195507199	1.97014629869925e-05	6.4087999227549e-05	5.83699136253887e-05	5.68140790031813e-05	0	7.70707431966161e-05	3.43264310427035e-05	0.000168468217990844	8.39327991273068e-05	6.1692973483649e-05	0	0	1.90538879342902e-05	4.1673163801018e-05	1.81360105993734e-05	0	3.42852744912807e-05	0	1.68567479537574e-05	9.11459902899331e-05	4.45864231606688e-05	0	7.20167973624304e-05	7.2736799930248e-05	0	1.6901654699413e-05	5.95399741716191e-05	6.483230580508e-05	0.000106467736599703	3.06499863772867e-05	0.000176916679621709	0.00016184470686797	0.000248664502238127	0.000162265199871688	3.90880676061306e-05	0.000117943504184403	6.32564364119817e-05	3.93344744534129e-05	0.00017602229336259	8.399314786406e-05	0.000244604173619459	0	0	4.27015887469765e-05	5.47534127764463e-05	3.9078442415143e-05	0	0.000110511496478016	7.35614340021391e-05	0.000113252609052109	7.15625570693157e-05	9.13155016891578e-05	5.39793163865309e-05	0.000120711205340274
ISBaba6__ISBaba6	0	0	0	0	0	0	0	0	0	0	0	0	0	0	0	0	0	0	0	0	0	0	0	0	0	0	0	0	0	0	0	0	0	0	0	0	0	0	0	0	0	0	0	0	0	0	0	0	0	0	0	0	0	0	0	0	0	0	0	0	0	0	0	0	0	0	0	0	0	0	0	0	0	0	0	0	0	0	0	0	0	0	0	0	0	0	0	0	0	0	0	0	0	0	0	0	0	0	0	0	0	0	0	0	0	0	0	0	0	0	0	0	0	0	0	0	0	0	0	0
ISBf10__ISBf10	0.00986145411872367	0.00352467969957149	0.00210402788541005	0.0068480324593499	0.00173985813578519	0.00451796324920908	0.00550071114266895	0.00266168765324637	0.00288209954786383	0.00422413661741647	0.00249365392914814	0.00384661374576573	0.00571991012137748	0.00549667767027518	0.00192973913338593	0.0072204952805909	0.00509202920272088	0.0112429139726858	0.00864179729437958	0.00536961515592166	0.00367258025945127	0.00277118973830544	0.00592722009974021	0.00807851135982849	0.00345878246532637	0.00363431174241446	0.00577059085060438	0.00301472314418975	0.00717055805598938	0.00388474246111926	0.00935142817673138	0.00381681850649403	0.00869362778082219	0.00903668228234925	0.00548412691041514	0.00540646838501927	0.00843053401965554	0.00771900574221318	0.00620302049978508	0.00766710746109261	0.00905151404184009	0.0212022624033302	0.0139598096534277	0.00857454737825923	0.00411358038889484	0.00636207826021354	0.00412960238634609	0.0109375960992362	0.0130649950206548	0.0103848976929818	0.0100173252262839	0.00939034474491288	0.0185044764440087	0.0132071300203847	0.0125248860279645	0.00124182383968247	0.00647163764472256	0.00861083784102388	0.00602108646229201	0.0102821822806557	0.0121431695504041	0.0150988917194702	0.0111743312805856	0.0129722929631279	0.00627308644567762	0.0124283612774492	0.00339290491337095	0.0172763593638635	0.00817441906642993	0.0083196962558453	0.00633709684048732	0.00751810819658497	0.00894217739218697	0.0179607651748134	0.0195074637088308	0.00841647448854442	0.00838204162353946	0.00424663309851622	0.00526066532701819	0.0129257126869637	0.00575373773166828	0.00506524465384559	0.0130505995231288	0.010979676599182	0.0035372179470928	0.00786910106292268	0.0129515892554454	0.0172465989439862	0.00672428406723169	0.00854354833987401	0.0106371875709557	0.011176055275859	0.0172078359702019	0.0163159437635672	0.00954798144390829	0.0115880185765471	0.0105188209573108	0.00653075819819933	0.00854269304540151	0.0051068003559232	0.0047710347150146	0.0112654847715118	0.00748356429372825	0.0124237338979611	0.00670923437835208	0.00804954462846097	0.0147850380820858	0.00816104755534604	0.00340411839032272	0.0112798888538137	0.00698549317329803	0.0116731307395219	0.0113157510878553	0.00693833614335844	0.00820136962249105	0.0143452510368867	0.0264264688599432	0.0274313740858055	0.00959790407888915	0.00748193812852746
ISBthe5__ISBthe5	0	0	0	0	0	0	0	0	0	0	0	0	0	0	0	0	0	0	0	0	0	0	0	0	0	0	0	0	0	0	0	0	0	0	0	0	0	0	0	0	0	0	0	0	0	0	0	0	0	0	0	0	0	0	0	0	0	0	0	0	0	0	0	0	0	0	0	0	0	0	0	0	0	0	0	0	0	0	0	2.57673760907058e-05	0	0	0	0	0	0	0	0	0	0	0	0	0	0	0	0	0	0	0	0	0	0	0	0	0	0	0	0	0	0	0	0	0	0	0	0	0	0	0	0
ISCau1__ISCau1	0	0	0	0	0	0	0	0	0	0	0	0	0	0	0	0	0	0	0	0	0	0	0	0	0	0	0	0	0	0	0	0	0	0	0	0	0	1.92626821772812e-05	0	0	0	0	0	0	0	0	0	0	0	0	0	0	0	0	0	0	0	0	0	0	0	0	0	0	0	0	0	0	0	0	0	0	0	0	0	0	0	0	0	0	0	0	0	0	0	0	0	0	0	0	0	0	0	0	0	0	0	0	0	0	0	0	0	0	0	0	0	0	0	0	0	0	0	0	0	0	0	0	0	0
ISCR__ISCR1	0	0	0	0	0	0	0	0	0	0	0	0	0	1.40394666642161e-05	0	0	0	0	0	0	0	0	0	0	0	0	0	0	0	0	0	0	0	0	0	0	0	0	0	0	0	0	0	0	0	0	0	3.32868356670669e-05	0	0	0	0	0	0	0	0	0	0	0	0	0	0	0	0	0	0	0	0	0	0	0	0	0	0	0	0	0	0	0	0	0	0	0	0	0	0	0	0	0	0	0	0	0	0	0	0	0	0	0	0	0	0	0	0	0	0	0	0	0	0	0	0	0	0	0	0	0	0	0	0
ISCR__ISCR1-transposase	0	0	0	0	0	0	0	0	0	0	0	0	0	0	0	0	0	0	0	0	0	0	0	0	0	0	0	0	0	0	0	0	0	0	0	0	0	0	0	0	0	0	0	0	0	0	0	0	0	0	0	0	0	0	0	0	0	0	0	0	0	0	0	0	0	0	0	0	0	0	0	0	0	0	0	0	0	0	0	0	0	0	0	0	0	0	0	0	0	0	0	0	0	0	0	0	0	0	0	0	0	0	0	0	0	0	0	0	0	0	0	0	0	0	0	0	0	0	0	0
ISCR__ISCR20-transposase	0	0	0	0	0	0	0	0	0	0	0	0	0	0	0	0	0	0	0	0	0	0	0	0	0	0	0	0	0	0	0	0	0	0	0	0	0	0	0	0	0	0	0	0	0	0	0	0	0	0	0	0	0	0	0	0	0	0	0	0	0	0	0	0	0	0	0	0	0	0	0	0	0	0	0	0	0	0	0	0	0	0	0	0	0	0	0	0	0	0	0	0	0	0	0	0	0	0	0	0	0	0	0	0	0	0	0	0	0	0	0	0	0	0	0	0	0	0	0	0
ISCR__ISCR21	0	0	0	0	0	0	0	0	0	0	0	0	0	0	0	0	0	0	0	0	0	0	0	0	0	0	0	0	0	0	0	0	0	0	0	0	0	0	0	0	0	0	0	0	0	0	0	0	0	0	0	0	0	0	0	0	0	0	0	0	0	0	0	0	0	0	0	0	0	0	0	0	0	0	0	0	0	0	0	0	0	0	0	0	0	0	0	0	0	0	0	0	0	0	0	0	0	0	0	0	0	0	0	0	0	0	0	0	0	0	0	0	0	0	0	0	0	0	0	0
ISCR__ISCR8	0	0	0	6.21945422773512e-05	0	0	0	0	0	0	0	0	6.47667529356404e-05	0	0	0	0	0	0	0	0	0	0.000138765740022928	0	0	0	0	0	0	0	0	0	0	0	0	0	0	0	0	0	0	0	0	0	0	0	0	0	0	0	0	0	0	0	0	0	9.29477580525051e-05	0	0	0	0	0	0	0	0	5.59097304096243e-05	7.7113377275262e-05	0	0	0	6.91139953802253e-05	0	0	0	0	0	0	0	0	0	0	0	0	7.64605069432123e-05	0	0	0	0	0	0	0	0	0	0	0	0	0	0	0	0	0	0	0	0	0	0	0	0	0	0	0	0	0	0	0	0	0	0	0	0
ISCR__ISCra1	0	0	0	0	0	0	0	0	0	0	0	0	0	0	0	0	0	0	0	0	0	0	0	0	0	0	0	0	0	0	0	0	0	0	0	0	0	0	0	0	0	0	0	0	0	0	0	0	0	0	0	0	0	0	0	0	0	0	0	0	0	0	0	0	0	0	0	0	0	0	0	0	0	0	0	0	0	0	0	0	0	0	0	0	0	0	0	0	0	0	0	0	0	0	0	0	0	0	0	0	0	0	0	0	0	0	0	0	0	0	0	0	0	0	0	0	0	0	0	0
ISCR__ISCre2	0	0	0	0	0	0	0	0	0	0	0	0	0	0	0	0	0	0	0	0	0	0	0	0	0	0	0	0	0	0	0	0	0	0	0	0	0	0	0	0	0	0	0	0	0	0	0	0	0	0	0	0	0	0	0	0	0	0	0	0	0	0	0	0	0	0	0	0	0	0	0	0	0	0	0	0	0	0	0	0	0	0	0	0	0	0	0	0	0	0	0	0	0	0	0	0	0	0	0	0	0	0	0	0	0	0	0	0	0	0	0	0	0	0	0	0	0	0	0	0
ISCR__ISCR-orf513	0	0	0	0	0	0	0	0	0	0	0	0	0	0	0	0	0	0	0	0	0	0	0	0	0	0	0	0	0	0	0	0	0	0	0	0	0	0	0	0	0	0	0	0	0	3.08477485121882e-05	0	0	0	0	0	0	0	0	0	0	0	0	0	0	0	0	0	0	0	0	0	0	0	0	0	0	0	0	0	0	0	0	0	0	0	0	0	0	0	0	0	0	0	0	0	0	0	0	0	0	0	0	0	0	0	0	0	0	0	0	0	0	0	0	0	0	0	0	0	0	0	0	0	0
ISCR__ISCrsp1	0.00269728210999855	0.00158412530734396	0.00128642387502673	0.00293767100170306	0.00249146548283536	0.00248455080076174	0.00581887472330163	0.00340850235408359	0.00389313016727084	0.00448538221819536	0.00298899388878407	0.00322981552573571	0.00323250702962034	0.00450869152474678	0.0025565234623874	0.00231213312920179	0.0031919030757389	0.00512601681175893	0.00364596516159862	0.00207758362935049	0.0022066902446218	0.00228728494400065	0.0037190548349212	0.00312020429259054	0.00239511866233835	0.00205726709661745	0.00372721445063644	0.00172264047422962	0.0048166787917761	0.0032760252871248	0.00352941801016965	0.00341603697197309	0.00208883343519069	0.00292311766897399	0.00301675865172888	0.0026968692456597	0.00385902792287626	0.0029322817956242	0.00372269936038789	0.00379950385661067	0.0030870997974879	0.00453221616668386	0.0024919747044504	0.00258786253336718	0.00263993912562676	0.00288337648426163	0.00350979446774208	0.00444705066890743	0.00350156594318939	0.00324351985339797	0.00242616648273827	0.00336326996722914	0.00397815582205632	0.00249334439213816	0.00212770888237727	0.00150596546618074	0.00146997357791876	0.00231526709764513	0.00247158302784254	0.00331212953156162	0.00322503063970247	0.00310173626800645	0.00205376976078159	0.00286873320367984	0.000996314077106337	0.00380825135132985	0.00250110135563841	0.00322288315949679	0.00271324083605051	0.00288172625640418	0.00233304019378676	0.00316352569470766	0.00324073559280621	0.00313199217932168	0.00268134227064559	0.00362986476214262	0.0033584399232295	0.00228403964354697	0.00287016566834545	0.00384874701112426	0.00198997810870569	0.00223849358216141	0.00284217257899445	0.00286251092486562	0.00264459432983501	0.0031429606838543	0.00238612861686815	0.00595000880348536	0.00131576759551691	0.00239112458998118	0.00320617847821099	0.00353831875219364	0.00368391089108901	0.00395413497324433	0.0021167554829089	0.00253547121350831	0.00264055692210573	0.000748735475050869	0.00262375362948018	0.00318765578584996	0.00204574707413984	0.00325132283748102	0.00303329387542391	0.00304674256898817	0.00248318186751774	0.00222184618090296	0.00491922571062138	0.0034168877574359	0.00265738739894365	0.00356535619188271	0.00487810782554669	0.00230656198987128	0.00521922220489532	0.00310313652333554	0.00199409066181996	0.00326567273196881	0.00346831019400403	0.00414231509125937	0.00262022844971174	0.00327623617952702
ISHa1152__ISHa1152	0	0	0	0	0	0	0	0	0	0	0	0	0	0	0	0	0	0	0	0	0	0	0	0	0	0	0	0	0	0	0	0	0	0	0	0	0	0	0	0	0	0	0	0	0	0	0	0	0	0	0	0	0	0	0	0	0	0	0	0	0	0	0	0	0	0	0	0	0	0	0	0	0	0	0	0	0	0	0	0	0	0	0	0	0	0	0	0	0	0	0	0	0	0	0	0	0	0	0	0	0	0	0	0	0	0	0	0	0	0	0	0	0	0	0	0	0	0	0	0
ISHa1942__ISHa1942	0	0	0	0	0	0	0	0	0	0	0	0	0	0	0.000140887704359952	0	0	0	0	0	0	0	0	0	0	0	0	0	0	0	0	0	0	0	0	0	0	0	0	0	0	0	0	0	0	0	0	0	0	0	0	0	0	0	0	0	5.69926582297254e-05	0	0	0	0	0	0	0	0	0	0	0	0	0	0	0	0	0	0	0	0	0	0	0	0	0	0	0	0	0	0	0	0	0	0	0	0	0	0	0	0	0	0	0	0	0	0	0	0	0	0	0	0	0	0	0	0	0	0	0	0	0	0	0
ISPbu1__ISPbu1	0	0	0	0	0	0	0	0	0	0	0	0	0	0	0	0	0	0	0	0	0	0	0	0	0	0	0	0	0	0	0	0	0	0	0	0	0	0	0	0	0	0	0	0	0	0	0	0	0	0	0	0	0	0	0	0	0	0	0	0	0	0	0	0	0	0	0	0	0	0	0	0	0	0	0	0	0	0	0	0	0	0	0	0	0	0	0	0	0	0	0	0	0	0	0	0	0	0	0	0	0	0	0	0	0	0	0	0	0	0	0	0	0	0	0	0	0	0	0	0
ISPrmu1__ISPrmu1	0	0	0	0	0	0	0	0	0	0	0	0	0	0	0	0	0	0	0	2.6670007320254e-05	0	2.9215197586377e-05	0	0	0	0	0	0	0	0	0	0	0	0	0	0	0	3.22209376167298e-05	0	0	0	0	0	0	0	0	0	0	0	0	0	0	0	0	0	0	0	0	0	0	0	0	0	0	0	0	0	0	0	0	0	0	0	0	0	0	0	0	0	0	0	0	0	0	0	0	0	0	0	0	0	0	0	0	0	0	0	0	0	0	2.47697508540048e-05	0	0	0	0	0	0	0	0	0	0	0	0	0	0	0	0	0	0	0
ISPvsp1__ISPvsp1	0	0	0	0	0	0	0	0	0	0	0	0	0	0	0	0	0	0	0	0	0	0	0	0	0	0	0	0	0	0	0	0	0	0	0	0	0	0	0	0	0	0	0	0	0	0	0	0	0	0	0	0	0	0	0	0	0	0	0	0	0	0	0	0	0	0	0	0	0	0	0	0	0	0	0	0	0	0	0	0	0	0	0	0	0	0	0	0	0	0	0	0	0	0	0	0	0	0	0	0	0	0	0	0	0	0	0	0	0	0	0	0	0	0	0	0	0	0	0	0
ISPvsp2__ISPvsp2	0	0	0	0	0	0	0	0	0	0	0	0	0	0	0	0	0	0	0	0	0	0	0	0	0	0	0	0	0	0	0	0	0	0	0	0	0	0	0	0	0	0	0	0	0	0	0	0	0	0	0	0	0	0	0	0	0	0	0	0	0	0	0	0	0	0	0	0	0	0	0	0	0	0	0	0	0	0	0	0	0	0	0	0	0	0	0	0	0	0	0	0	0	0	0	0	0	0	0	0	0	0	0	0	0	0	0	0	0	0	0	0	0	0	0	0	0	0	0	0
ISRgn1__ISRgn1	0	0	0	0	0	0	0	0	0	0	0	0	0	0	0	0	0	0	0	0	0	0	0	0	0	0	0	0	0	0	0	0	0	0	0	0	0	0	0	0	0	0	0	0	0	0	0	0	0	0	0	0	0	0	0	0	0	0	0	0	0	0	0	0	0	0	0	0	0	0	0	0	0	0	0	0	0	0	0	0	0	0	0	0	0	0	0	0	0	0	0	0	0	0	0	0	0	0	0	0	0	0	0	0	0	0	0	0	0	0	0	0	0	0	0	0	0	0	0	0
ISRj1__ISRj1	3.43897168242114e-05	0	0	0	0	3.76761976824931e-05	0	0	0	0	0	0	0	0	0	0	0	0	0	0	0	0	0	0	0	0	0	0	0	0	0	0	0	0	0	0	0	0	0	0	0	0	0	0	0	0	0	0	0	0	0	0	0	0	0	0	0	0	0	0	0	0	0	0	0	0	0	0	0	0	0	0	0	0	0	0	0	0	0	0	0	0	0	0	0	0	0	0	0	0	0	0	0	0	0	0	0	0	0	0	0	0	0	0	0	0	0	0	0	0	0	0	0	0	0	0	0	0	0	0
ISSfl3__ISSfl3	0	9.03482545915925e-05	3.05032611415214e-05	9.67730451057365e-06	1.61358752118163e-05	0.000117827003984486	0	0	0	0	0	0	8.1829572934182e-05	0	9.19326320071652e-05	8.79349977448324e-05	2.33563823727848e-05	0	0	0	4.80850770374981e-05	1.42431576749716e-05	0.000294940957913811	2.20591119015282e-05	0	4.29891921830872e-05	0	0	0	3.10586359608302e-05	1.41877459069806e-05	0	2.0757969377632e-05	0	0	0	0	0	1.82968015523673e-05	0	0	0	0	0	0	0	0	1.8536137342798e-05	0	0	0	0	0	0	0	1.35807759387793e-05	0.000155615667940788	0	0	0	0	0	0	0	1.36758976250374e-05	0	0	1.37136076380023e-05	0	0	0	0	1.36526176557753e-05	0	2.66460790062615e-05	0	0	0	2.13518154716287e-05	1.37051442455378e-05	0	0	0	0	0	1.33223913626789e-05	0	1.3403647894468e-05	0	1.20813686828778e-05	0	0	0	0	0	1.072332750074e-05	0	0	4.55437696159432e-05	1.06143401419826e-05	0	0	0	0	0	0	0	0	0	0	0	0	1.84604292473275e-05	0	0	1.07027679542374e-05	1.39466276634336e-05	0	0	0
istA11__istA11	0	0	0	0	0	0	0	0	0	0	0	0	0	0	0	0	0	0	0	0	0	0	0	0	0	0	0	0	0.000370991209257893	0	0	0	0	0	0	0	0	0	4.17334008997575e-05	0	0	0	0	0	0	0	0	0	0	0	0	0	0	0	0	0	0	0	0	0	0	0	0	0	0	0	0	0	0	0	0	0	0	0	0	0	0	0	0	0	0	0	0	0	0	0	0	0	0	0	0	0	0	0	0	0	0	0	0	0	0	0	0	0	0	0	0	0	0	0	0	0	0	0	0	0	0	0	0	0
istA13__istA13	0	0	0	0	0	0	0	0	0	0	0	0	0	0	0	0	0	0	0	0	0	0	0	0	0	0	0	0	5.57246326007564e-05	0	0	0	5.32502426175599e-05	0	0	0	0	0	0	0	0	0	0	0	0	0	0	0	0	0	0	0	0	0	0	0	0	0	0	0	0	0	0	0	0	0	0	0	0	0	0	0	0	0	0	0	0	0	0	0	0	0	0	0	0	0	0	0	0	0	0	0	0	0	0	0	0	0	0	0	0	0	0	0	0	0	0	0	0	0	0	0	0	0	0	0	0	0	0	0
istA15__istA15	0	0	0	0	0	0	0	0	0	0	0	0	0	0	0	0	0	0	0	0	0	0	0	0	0	0	0	0	6.73071581244325e-05	0	0	0	0	0	0	0	0	0	0	0	0	0	0	0	0	0	0	0	0	0	0	0	0	0	0	0	0	0	0	0	0	0	0	0	0	0	0	0	0	0	0	0	0	0	0	0	0	0	0	0	0	0	0	0	0	0	0	0	0	0	0	0	0	0	0	0	0	0	0	0	0	0	0	0	0	0	0	0	0	0	0	0	0	0	0	0	0	0	0	0
istA17__istA17	0	0	0	0	0	0	0	0	0	0	0	0	0	0	0	0	0	0	0	0	0	0	0	0	0	0	0	0	6.86997200166622e-05	0	0	0	0	0	0	0	0	0	0	0	0	0	0	0	0	0	0	0	0	0	0	0	0	0	0	0	0	0	0	0	0	0	0	0	0	0	0	0	0	0	0	0	0	0	0	0	0	0	0	0	0	0	0	0	0	0	0	0	0	0	0	0	0	0	0	0	0	0	0	0	0	0	0	0	0	0	0	0	0	0	0	0	0	0	0	0	0	0	0	0
istA1__istA1	0	0	0	0	0	0	0	0	0	0	0	0	0	0	0	0	0	0	0	0	0	0	0	0	0	0	0	0	0.000252517889790974	0	0	0	0	0	0	0	0	0	0	0	0	0	0	0	0	0	0	0	0	0	0	0	0	0	0	0	0	0	0	0	0	0	0	0	0	0	0	0	0	0	0	0	0	0	0	0	0	0	0	0	0	0	0	0	0	0	0	0	0	0	0	0	0	0	0	0	0	0	0	0	0	0	0	0	0	0	0	0	0	0	0	0	0	0	0	0	0	0	0	0
istA2__istA2	0.000195054031951636	0	5.19033297282754e-05	0.000627477435150139	0.00082438839475618	0.00315253029466521	0.000109659036378427	0.000311989728021937	0	0	2.57669048261397e-05	0	0.0004042632867601	0	0.000683181872633926	0.000113054858719411	0	0.000508892845050002	0	6.00906909929657e-05	0.000123596048774357	0.000205169786990017	0.00063701807861178	0.000212647534907035	0	0	0	0.000832528130080355	0.000119486415866959	0	3.94145212663899e-05	6.41396855634179e-05	2.88335240441259e-05	9.1527448194718e-05	0	6.29705388952993e-05	3.11755887542695e-05	0.000380343671358791	9.6427038622014e-05	0	7.76031344935613e-05	0	0	0	0.000729450886650399	0	0	0	0	0	6.42104802491656e-05	0	0	0	0.000146979601112649	3.25244116297406e-05	0.000232226481549111	0	0.000112344343190178	0.000163655115192679	0	0.000308248586688808	0	6.1728800285848e-05	0	2.54794884798504e-05	0	0.000326757894304486	0.000420382004417978	0	4.42153126232877e-05	0	1.71860790790879e-05	0	2.1149890386171e-05	0	0	9.68545352187704e-05	0.000145712991133208	0.000342664389804882	0	0.00018195997655928	0	9.78304089998096e-05	0	0	7.46816767259327e-05	0.000254233664285889	0	0.000211321725883275	0.000102952309955135	0.000151558858745859	0.000149109286711211	0	0	0.000110333821301493	0	0.00051261271292893	0.000223730904169513	0	0	0	0	0.000283985910364561	0	0.000392888237036985	1.45799851307275e-05	0	1.52771316196773e-05	0	0	3.30585256984499e-05	0.000349759100847642	0	6.48224124692479e-05	0	0	0	0.000152213215920244	0
istA3__istA3	0	0	0	0	0	0	0	0	0	0	0	0	0	0	0	0	0	0	0	0	0	0	0	0	0	0	0	0	0	0	0	0	0	0	0	0	0	2.37956323373948e-05	0	0	0	0	0	0	0	0	0	0	0	0	0	0	0	0	0	0	0	0	0	0	0	0	0	0	0	0	0	0	0	0	0	0	0	0	0	0	0	0	0	0	0	0	0	0	0	0	0	0	0	0	0	0	0	0	0	0	0	0	0	0	0	0	0	0	0	0	0	0	0	0	0	0	0	0	0	0	0	0	0	0
istA5__istA5	0	0	0	0	0	0	0	0	0	0	0	0	0	0	0	0	0	0	0	0	0	0	0	0	0	0	0	0	0	0	0	0	0	0	0	0	0	0	0	0	0	0	0	0	0	0	0	0	0	0	0	0	0	0	0	0	0	0	0	0	0	0	0	0	0	0	0	0	0	0	0	0	0	0	0	0	0	0	0	0	0	0	0	0	0	0	0	0	0	0	0	0	0	0	0	0	0	0	0	0	0	0	0	0	0	0	0	0	0	0	0	0	0	0	0	0	0	0	0	0
istA7__istA7	0	0	0	0	0	0	0	0	0	0	0	0	0	0	0	0	0	0	0	0	0	0	0	0	0	0	0	0	2.3209364870494e-05	0	0	0	0	0	0	0	0	0	0	0	0	0	0	0	0	0	0	0	0	0	0	0	0	0	0	0	0	0	0	0	0	0	0	0	0	0	0	0	0	0	0	0	0	0	0	0	0	0	0	0	0	0	0	0	0	0	0	0	0	0	0	0	0	0	0	0	0	0	0	0	0	0	0	0	0	0	0	0	0	0	0	0	0	0	0	0	0	0	0	0
istA9__istA9	0	0	0	0	0	0	0	0	0	0	0	0	0	0	0	0	0	0	0	0	0	0	0	0	0	0	0	0	0.000156183343575134	0	0	0	0	0	0	0	0	0	0	0	0	0	0	0	0	0	0	0	0	0	0	0	0	0	0	0	0	0	0	0	0	0	0	0	0	0	0	0	0	0	0	0	0	0	0	0	0	0	0	0	0	0	0	0	0	0	0	0	0	0	0	0	0	0	0	0	0	0	0	0	0	0	0	0	0	0	0	0	0	0	0	0	0	0	0	0	0	0	0	0
istA__istA	0	0	3.99176210560833e-05	1.90219273881734e-05	0	0	0	0	0	0	0	0	0	0	3.76630496803832e-05	0	2.35115143533269e-05	0	0	0	1.20018677438488e-05	0	0	0.0001282610250667	0	0	0	5.76826719166352e-05	0.00021200547922223	0	0	0	0	0	0	0	0	7.26663604491775e-05	2.80565307568889e-05	0	0	0	0	0	0	0	0	0	0	0	0	0	0	0	0	0.000306168352946372	0	0	2.94004669880922e-05	0	0	0	0	0	0	0	0	0	1.48823322594202e-05	0	0	0	0	0	0	0	0	0.000775795486433298	0	0	0	0	6.02222758257626e-05	0	0	0	0	0	0	0	0	0	0	0	0	0	0	0	0	0	2.9271800062025e-05	0	0	0	0	0	0	0	0	0	0	0	0	0	0	0	0	4.79113592228383e-05	0	0
istB1__istB1	0	0	0	0	0	0	0	0	0	0	0	0	0	0	0	0	0	0	0	0	0	0	0	0	0	0	0	0	0	0	0	0	0	0	0	0	0	0	0	0	0	0	0	0	0	0	0	0	0	0	0	0	0	0	0	0	0	0	0	0	0	0	0	0	0	0	0	0	0	0	0	0	0	0	0	0	0	4.60490677153646e-05	0	0	0	0	4.13863304306244e-05	0	0	0	0	0	0	0	0	0	0	0	0	0	0	0	0	0	0	0	0	0	0	0	0	0	0	0	0	0	0	0	0	0	0	0	0	0
istB3__istB3	0	0	0	0	0	0	0	0	0	0	8.33976722400973e-05	0	0	0	0	0	0	0	0	0	0	0	0	0	0	0	0	0	0	0	0	0	0	0	0	0	0	0	0	0	0	0	0	0	0	0	0	0	0	0	0	0	0	0	0	0	0	0	0	0	0	0	0	0	0	0	0	0	0	0	0	0	0	8.58018464364836e-05	0	0	0	0	0	0	0	0	0	0	0	0	0	0	0	0	0	0	0	0	0	0	0	0	0	0	0	0	0	0	0	0	0	0	0	0	0	0	0	0	0	0	0	0	0	0
istB__istB	0.000136197420781479	0.00018450064621862	3.81290764269017e-05	0.000445930191847234	0.000303469485123793	0.00165472333979959	0.000322468325975929	6.69589530483739e-05	0	7.47557334066989e-05	0	0	0.000519194531720327	0	0.00014300631645559	7.44379980909744e-05	0	0.000522274679648209	0.000123021992747955	8.74044318850806e-05	0	0.000133991187016399	0.000687475849192954	0.000329587331678429	0	0	8.36731904541582e-05	0.000680351935606207	0.000919428922663525	0	0.000110096908238169	0	4.23632028114939e-05	0.000198557214557353	0	0.000254692378632202	0	0.000310760391187016	0.000321005254978891	0	0	0	0	0	0.000890839342590263	0.000100060908738235	9.4550048576392e-05	0	9.99895993647694e-05	0	0	0	5.11023017368253e-05	0	3.22043405183894e-05	0.000128578337713486	4.04947834790154e-05	0	5.61663056623827e-05	0	0	0.000309226942550664	3.60563353527242e-05	4.58145308686919e-05	0	0	0	0.000157179041389411	0.000321156236991907	0	4.30158116610425e-05	0	0	0	0	0	0	0.000583565129085875	0.000421364733447922	0.000324862678412748	8.30602013254912e-05	0	8.2652001005766e-05	4.75882018986576e-05	4.00238388056237e-05	0	0.000107530384158016	0.000320763159957269	0	0.000111864524841461	0.000121060083671615	0.000134227095937654	7.46091879316391e-05	0	0	0.000113587839452283	0.000129645892493737	0.000294299803708531	3.70274549723116e-05	0	4.74920021414487e-05	4.78484615793681e-05	0	0	0	0.000180745689040945	0	0	0	0	0	0.000178021403687871	0.00030496629116585	0	6.60933820406311e-05	3.88470836857505e-05	8.54230944385306e-05	0	9.20489395222949e-05	0
ISUnb4__ISUnb4	0	0	0	0	0	0	0	0	0	0	0	0	0	0	0	0	0	0	0	0	0	0	0	0	0	0	0	0	0	0	0	0	0	0	0	0	0	0	0	0	0	0	0	0	0	0	0	0	0	0	0	0	0	0	0	0	0	0	0	0	0	0	0	0	0	0	0	0	0	0	0	0	0	0	0	0	0	0	0	0	0	0	0	0	0	0	0	0	0	0	0	0	0	0	0	0	0	0	0	0	0	0	0	0	0	0	0	0	0	0	0	0	0	0	0	0	0	0	0	0
orf513__orf513	0.000488014666340379	0.000115392156741543	0	0.000326361718338813	5.49067975957638e-05	4.96234058508168e-05	0.000184532824421459	0.000792394698943766	0.000504484688771171	0.00031336204506387	0.000879784930501663	0.000528642653555538	0.000522956810935692	0.000333569283149796	0.00019544196582264	0.000558603096785261	0.000300438935649924	0.000346895936328262	0.000596272433617505	0.000369433322647826	0.000615169417551378	0.000344649247443756	9.00128903605515e-05	3.43141740690439e-05	0.000497393936645372	0.000303153414505919	0.00101801134355027	0.000120951455218881	0.000372758687093726	0.000348696956391157	0.000218932683506829	0.000687816574904247	7.51240796523825e-05	0.000319800115481755	0.00183816972577419	8.46235663049109e-05	0.000990133052567908	0.00046647232102995	0.00031810125574704	0.000215853093423765	0.000589225624166112	0.000318212447118981	0.000292990785245152	9.18785132649644e-05	0.000413834299726493	0.000134667596709313	0.00067802890390226	0.000658813016129886	6.24688018090054e-05	0.000299597051219348	0.000367530942504808	0.000372510972908553	0.000376399830898048	0.000160134768593258	0.000297711236792222	0.000307414652284705	0.00102766761628968	0.000315668412263921	0.000314531311709343	0.000622281159482132	0.00027662387592411	0.00035935000251966	0.000348837716014161	0.00047036251691857	0.00117078259208366	3.61895230755029e-05	0.000289673721055065	0.000185426728917261	0.000659090148447134	0.000457861672471953	0.000184681218064742	0.000455436283402619	0.000476514280124489	0.000434629002241416	0.00018271597032865	0.000317946103343101	0.00030321819688447	8.26405725174917e-05	0.000229609377970268	0.000233720649191393	0.000356000342796964	0.000650982365998845	0.000303154006028166	0.000581845081880921	0.00035005255119129	0.000679738012638018	0.00103402955271143	0.000332163963913483	0.000111891360954681	0.000867273231704201	0.000291403797440648	0.000525196680764917	0.000186531696049908	0.000594433410031333	0.00101940056011673	0.000426285364844233	0.000558684251436974	0.000611852925240946	0.000413555530424084	0.000678667081568603	0.000638411007343918	0.000730408165086878	0.000712647192578798	0.000141347113280867	0.000605040041047542	0.000117686993557427	0.000489836342549879	7.07843544941501e-05	0.000831741199130142	0.000412632194418152	9.95374986177787e-05	0.000633811200771077	0.000470946061687376	0.000249102139066598	0.000948071376382832	0.000304610465726361	0.000530165554372468	0.000729748839475154	0.000530474629247003	0.000750928727349534
pIP32953__pIP32953	0	0	0	0	0	0	0	0	0	0	0	0	0	0	0	0	0	0	0	0	0	0	0	0	0	0	0	0	0	0	0	0	0	0	0	0	0	0	0	0	0	0	0	0	0	0	0	0	0	0	0	0	0	0	0	0	0	0	0	0	0	0	0	0	0	0	0	0	0	0	0	0	0	0	0	0	0	0	0	0	0	0	0	0	0	0	0	0	0	0	0	0	0	0	0	0	0	0	0	0	0	0	0	0	0	0	0	0	0	0	0	0	0	0	0	0	0	0	0	0
plasmid__Col156	0	0.000622707970108207	0	0	0	0	0	0.000711055834416325	0	0	0	0	0	0	0.000642703387609066	0	0	0	0	0	0	0	0	0	0	0	0	0	0	0	0	0.000343573420570476	0	0.000211228922429887	0	0	0	0	0	0	0	0	0	0	0	0	0	0.000172399039621828	0	0	0	0	0	0	0	0	0	0	0	0	0	0	0.000449858593049936	0	0	0	0	0.000183470218162859	0	0	0	0	0	0	0	0	0	0	0.000246938387628401	0	0	0	0	0	0	0	0	0	0	0	0.000137490938876052	0	0	0	0	0	0	0.000353662841037773	0.000568229020536627	0	0	0	0	0	0	0	0	0	0	0	0	0	0	0	0	0	0	0	0	0
plasmid__Col3M	0	0	0	0	0	0	0	0	0	0	0	0	0	0	0	0	0	0	0	0	0	0	0	0	0	0	0	0	0	0	0	0	0	0	0	0	0	0	0	0	0	0	0	0	0	0	0	0	0	0	0	0	0	0	0	0	0	0	0	0	0	0	0	0	0	0	0	0	0	0	0	0	0	0	0	0	0	0	0	0	0	0	0	0	0	0	0	0	0	0	0	0	0	0	0	0	0	0	0	0	0	0	0	0	0	0	0	0	0	0	0	0	0	0	0	0	0	0	0	0
plasmid__Col8282	0	0	0	0	0	0	0	0	0	0	0	0	0	0	0	0	0	0	0	0	0	0	0	0	0	0	0	0	0	0	0	0	0	0	0	0	0	0	0	0	0	0	0	0	0	0	0	0	0	0	0	0	0	0	0	0	0	0	0	0	0	0	0	0	0	0	0	0	0	0	0	0	0	0	0	0	0	0	0	0	0	0	0	0	0	0	0	0	0	0	0	0	0	0	0	0	0	0	0	0	0	0	0	0	0	0	0	0	0	0	0	0	0	0	0	0	0	0	0	0
plasmid__Col(BS512)	0	0	0	0	0	0	0	0	0	0	0	0	0	0	0	0	0	0	0	0	0	0	0	0	0	0	0	0	0	0	0	0	0	0	0	0	0	0	0	0	0	0	0	0	0	0	0	0	0	0	0	0	0	0	0	0	0	0	0	0	0	0	0	0	0	0	0	0	0	0	0	0	0	0	0	0	0	0	0	0	0	0	0	0	0	0	0	0	0	0	0	0	0	0	0	0	0	0	0	0	0	0	0	0	0	0	0	0	0	0	0	0	0	0	0	0	0	0	0	0
plasmid__ColE10	0	0	0	0	0	0	0	0	0	0	0	0	0	0	0.000221053831538133	0	0	0	0	0	0	0	0	0	0	0	0	0	0	0	0	0	0	0	0	0	0	0	0	0	0	0	0	0	0	0	0	0	0	0	0	0	0	0	0	0	0	0	0	0	0	0	0	0	0	0	0	0	0	0	0	0	0	0	0	0	0	0	0	0	0	0	0	0	0	0	0	0	0	0	0	0	0	0	0	0	0	0	0	0	0	0	0	0	0	0	0	0	0	0	0	0	0	0	0	0	0	0	0	0
plasmid__Col(IMGS31)	0	0	0	0	0	0	0	0	0	0	0	0	0	0	0	0	0	0	0	0	0	0	0	0	0	0	0	0	0	0	0	0	0	0	0	0	0	0	0	0	0	0	0	0	0	0	0	0	0	0	0	0	0	0	0	0	0	0	0	0	0	0	0	0	0	0	0	0	0	0	0	0	0	0	0	0	0	0	0	0	0	0	0	0	0	0	0	0	0	0	0	0	0	0	0	0	0	0	0	0	0	0	0	0	0	0	0	0	0	0	0	0	0	0	0	0	0	0	0	0
plasmid__Col(IRGK)	0	0	0	0	0	0	0	0	0	0	0	0	0	0	0	0	0	0	0	0	0	0	0	0	0	0	0	0	0	0	0	0	0	0	0	0	0	0	0	0	0	0	0	0	0	0	0	0	0	0	0	0	0	0	0	0	0	0	0	0	0	0	0	0	0	0	0	0	0	0	0	0	0	0	0	0	0	0	0	0	0	0	0	0	0	0	0	0	0	0	0	0	0	0	0	0	0	0	0	0	0	0	0	0	0	0	0	0	0	0	0	0	0	0	0	0	0	0	0	0
plasmid__ColKP3	0	0	0	0	0	0	0	0	0	0	0	0	0	0	0	0	0	0	0	0	0	0	0	0	0	0	0	0	0	0	0	0	0	0	0	0	0	0	0	0	0	0	0	0	0	0	0	0	0	0	0	0	0	0	0	0	0	0	0	0	0	0	0	0	0	0	0	0	0	0	0	0	0	0	0	0	0	0	0	0	0	0	0	0	0	0	0	0	0	0	0	0	0	0	0	0	0	0	0	0	0	0	0	0	0	0	0	0	0	0	0	0	0	0	0	0	0	0	0	0
plasmid__Col(KPHS6)	0	0	0	0	0	0	0	0	0	0	0	0	0	0	0	0	0	0	0	0	0	0	0	0	0	0	0	0	0	0	0	0	0	0	0	0	0	0	0	0	0	0	0	0	0	0	0	0	0	0	0	0	0	0	0	0	0	0	0	0	0	0	0	0	0	0	0	0	0	0	0	0	0	0	0	0	0	0	0	0	0	0	0	0	0	0	0	0	0	0	0	0	0	0	0	0	0	0	0	0	0	0	0	0	0	0	0	0	0	0	0	0	0	0	0	0	0	0	0	0
plasmid__Col(MG828)	0	0	0	0	0	0	0	0	0	0	0	0	0	0	0	0	0	0	0	0	0	0	0	0	0	0	0	0	0	0	0	0	0	0	0	0	0	0	0	0	0	0	0	0	0	0	0	0	0	0	0	0	0	0	0	0	0	0	0	0	0	0	0	0	0	0	0	0	0	0	0	0	0	0	0	0	0	0	0	0	0	0	0	0	0	0	0	0	0	0	0	0	0	0	0	0	0	0	0	0	0	0	0	0	0	0	0	0	0	0	0	0	0	0	0	0	0	0	0	0
plasmid__Col(MGD2)	0	0	0.000970136327174908	0	0	0	0	0	0	0	0	0	0	0	0	0	0	0	0	0	0	0	0	0	0	0	0	0	0	0	0	0	0	0	0	0	0	0	0	0	0	0	0	0	0	0	0	0	0	0	0	0	0	0	0	0	0	0	0	0	0	0	0	0	0	0	0	0	0	0	0	0	0	0	0	0	0	0	0	0	0	0	0	0.00034122809813594	0	0	0	0	0	0	0	0	0	0	0	0	0	0	0	0	0	0	0	0	0	0	0	0	0	0	0	0	0	0	0	0	0	0	0	0
plasmid__Col(MP18)	0	0	0	0	0	0	0	0	0	0	0	0	0	0	0	0	0	0	0	0	0	0	0	0	0	0	0	0	0	0	0	0	0	0	0	0	0	0	0	0	0	0	0	0	0	0	0	0	0	0	0	0	0	0	0	0	0	0	0	0	0	0	0	0	0	0	0	0	0	0	0	0	0	0	0	0	0	0	0	0	0	0	0	0	0	0	0	0	0	0	0	0	0	0	0	0	0	0	0	0	0	0	0	0	0	0	0	0	0	0	0	0	0	0	0	0	0	0	0	0
plasmid__ColpVC	0	0	0	0	0	0	0	0	0	0	0	0	0	0	0	0	0	0	0	0	0	0	0	0	0	0	0	0	0	0	0	0	0	0	0	0	0	0	0	0	0	0	0	0	0	0	0	0	0	0	0	0	0	0	0	0	0	0	0	0	0	0	0	0	0	0	0	0	0	0	0	0	0	0	0	0	0	0	0	0	0	0	0	0	0	0	0	0	0	0	0	0	0	0	0	0	0	0	0	0	0	0	0	0	0	0	0	0	0	0	0	0	0	0	0	0	0	0	0	0
plasmid__Col(pWES)	0	0	0	0	0	0	0	0	0	0	0	0	0	0	0	0	0	0	0	0	0	0	0	0	0	0	0	0	0	0	0	0	0	0	0	0	0	0	0	0	0	0	0	0	0	0	0	0	0	0	0	0	0	0	0	0	0	0	0	0	0	0	0	0	0	0	0	0	0	0	0	0	0	0	0	0	0	0	0	0	0	0	0	0	0	0	0	0	0	0	0	0	0	0	0	0	0	0	0	0	0	0	0	0	0	0	0	0	0	0	0	0	0	0	0	0	0	0	0	0
plasmid__ColRNAI	0	0	0	0	0	0.00138108778072486	0	0	0	0	0	0	0	0	0	0	0	0.000210103441955606	0	0	0	0	0.000391592713322277	0	0	0	0	0	0	0	0	0	0	0.000132784138858246	0	0	0	0	0	0	0	0	0	0	0	0	0	0	0	0	0	0	0	0	0	0	0	0	0	0	0	0	0	0	0	0	0	0	0	0	0	0.000196665667832949	0.000180548111328505	0.000143991098656135	0	0	0	0	0	0	0	0.00013287574554264	0	0	0	0	0	0	0	0	0	0	0	0	0	0	0	0	0	0	0	0	0	0	0	0	0	0	0	0	0	0	0.000258915911297971	0	0	0	0	0	0	0
plasmid__Col(SD853)	0	0	0	0	0	0	0	0	0	0	0	0	0	0	0	0	0	0	0	0	0	0	0	0	0	0	0	0	0	0	0	0	0	0	0	0	0	0	0	0	0	0	0	0	0	0	0	0	0	0	0	0	0	0	0	0	0	0	0	0	0	0	0	0	0	0	0	0	0	0	0	0	0	0	0	0	0	0	0	0	0	0	0	0	0	0	0	0	0	0	0	0	0	0	0	0	0	0	0	0	0	0	0	0	0	0	0	0	0	0	0	0	0	0	0	0	0	0	0	0
plasmid__Col(VCM04)	0	0	0	0	0	0	0	0	0	0	0	0	0	0	0	0	0	0	0	0	0	0	0	0	0	0	0	0	0	0	0	0	0	0	0	0	0	0	0	0	0	0	0	0	0	0	0	0	0	0	0	0	0	0	0	0	0	0	0	0	0	0	0	0	0	0	0	0	0	0	0	0	0	0	0	0	0	0	0	0	0	0	0	0	0	0	0	0	0	0	0	0	0	0	0	0	0	0	0	0	0	0	0	0	0	0	0	0	0	0	0	0	0	0	0	0	0	0	0	0
plasmid__Col(YC)	0	0	0	0	0	0	0	0	0	0	0	0	0	0	0	0	0	0	0	0	0	0	0	0	0	0	0	0	0	0	0	0	0	0	0	0	0	0	0	0	0	0	0	0	0	0	0	0	0	0	0	0	0	0	0	0	0	0	0	0	0	0	0	0	0	0	0	0	0	0	0	0	0	0	0	0	0	0	0	0	0	0	0	0	0	0	0	0	0	0	0	0	0	0	0	0	0	0	0	0	0	0	0	0	0	0	0	0	0	0	0	0	0	0	0	0	0	0	0	0
plasmid__Col(Ye4449)	0	0	0	0	0	0	0	0	0	0	0	0	0	0	0	0	0	0	0	0	0	0	0	0	0	0	0	0	0	0	0	0	0	0	0	0	0	0	0	0	0	0	0	0	0	0	0	0	0	0	0	0	0	0	0	0	0	0	0	0	0	0	0	0	0	0	0	0	0	0	0	0	0	0	0	0	0	0	0	0	0	0	0	0	0	0	0	0	0	0	0	0	0	0	0	0	0	0	0	0	0	0	0	0	0	0	0	0	0	0	0	0	0	0	0	0	0	0	0	0
plasmid__Col(YF27601)	0	0	0	0	0	0	0	0	0	0	0	0	0	0	0	0	0	0	0	0	0	0	0	0	0	0	0	0	0	0	0	0	0	0	0	0	0	0	0	0	0	0	0	0	0	0	0	0	0	0	0	0	0	0	0	0	0	0	0	0	0	0	0	0	0	0	0	0	0	0	0	0	0	0	0	0	0	0	0	0	0	0	0	0	0	0	0	0	0	0	0	0	0	0	0	0	0	0	0	0	0	0	0	0	0	0	0	0	0	0	0	0	0	0	0	0	0	0	0	0
plasmid__IncA/C	0	0	0	0	0	0	0	0	0	0	0	0	0	0	0	0	0	0	0	0	0	0	0	0	0	0	0	0	0	0	0	0	0	0	0	0	0	0	0	0	0	0	0	0	0	0	0	0	0	0	0	0	0	0	0	0	0	0	0	0	0	0	0	0	0	0	0	0	0	0	0	0	0	0	0	0	0	0	0	0	0	0	0	0	0	0	0	0	0	0	0	0	0	0	0	0	0	0	0	0	0	0	0	0	0	0	0	0	0	0	0	0	0	0	0	0	0	0	0	0
plasmid__IncA/C2	0	0	0	0	0	0	0	0	0	0	0	0	0	0	0	0	0	0	0	0	0	0	0	0	0	0	0	0	0	0	0	0	0	0	0	0	0	0	0	0	0	0	0	0	0	0	0	0	0	0	0	0	0	0	0	0	0	0	0	0	0	0	0	0	0	0	0	0	0	0	0	0	0	0	0	0	0	0	0	0	0	0	0	0	0	0	0	0	0	0	0	0	0	0	0	0	0	0	0	0	0	0	0	0	0	0	0	0	0	0	0	0	0	0	0	0	0	0	0	0
plasmid__IncB/O/K/Z	0	0	0	0	0	0	0	0	0	0	0	0	0	0	0	0	0	0	0	0	0	0	0	0	0	0	0	0	0	0	0	0	0	0	0	0	0	0	0	0	0	0	0	0	0	0	0	0	0	0	0	0	0	0	0	0	0	0	0	0	0	0	0	0	0	0	0	0	0	0	0	0	0	0	0	0	0	0	0	0	0	0	0	0	0	0	0	0	0	0	0	0	0	0	0	0	0	0	0	0	0	0	0	0	0	0	0	0	0	0	0	0	0	0	0	0	0	0	0	0
plasmid__IncFIA	0	0	0.000156035912762398	0	0.000101112979572507	0.000829609763224053	0.000912807710141987	0	0	0	0	0	0.00502802570585076	0	0.000311423755296751	0.00077829551850149	0	0.00039309096960754	0.000440826453309472	0	0.000549877572552175	0.000213720406958804	0.002868145522438	0	0	0.000576643061642197	0	0.000203291484348658	0	0	0	0	0	0.000267856250570665	0	0.000179955268499943	0.000181859199814713	0	0	0	0.0001143153865809	0	0	0.000129807848228193	0.000101180533676337	0	0.0001818561088157	0.000216073462992691	0	0	0	0	0	0	8.09567575493051e-05	0	0	0	0	0	0	0.000184234893781203	8.81722842377875e-05	0	9.07034865295582e-05	0.00023618481938536	0	0	0	0	0	0	0	0	0	0	0	9.70572658000761e-05	0	0	0	0	0	0	0	0	0	0	0	9.15568111010115e-05	8.99940690825065e-05	0.000227470269708407	0	0	0	7.963980093712e-05	0	5.54390399464617e-05	0	0	0	0	0	0.000190996522372461	0	0.000351826501718881	8.2605537057228e-05	0	5.5395421636321e-05	0	0	0	0.00018886439153035	0	0	0	0	0	0	0
plasmid__IncFIA(HI1)	0	0	0	0	0	0	0	0	0	0	0.000167009184665426	0	0	0	0	0	0	0	0	0	0	0	0	0	0	0	0	0	0	0	0	0	0	0	0	0	0	0	0	0	0	0	0	0	0	0	0	0	0	0	0	0	0	0	0	0	0	0	0	0	0	0	0	0	0	0	0	0	0	0	0	0	0	0	0	0	0	0	0	0	0	0	0	0	0	0	0	0	0	0	0	0	0	0	0	0	0	0	0	0	0	0	0	0	0	0	0	0	0	0	0	0	0	0	0	0	0	0	0	0
plasmid__IncFIB(AP001918)	0.000258618550725291	5.5476998433434e-05	0.000398575945582546	0.000820119299589415	0.000505926920703823	0.000779167509609197	9.74645199409113e-05	0	0	0	0.000192372798214649	0	0.0038883155690794	0	0.00188649165791	0.00136374229835901	0.000227425287335001	0.000694918158164083	0.000161037080612027	0.000296645344579667	0.000362810145124051	0.00036557438032427	0.00663811479509678	0.000256326880295758	0	0.000771257951610646	0	0.00106336487713266	0.000367638375457824	0	0.000127122203326546	0.000161070970072514	0	0.000594500214677622	0	0.000104721663302327	0.00027546367365165	0.000252791021533761	0	0	6.5179825682092e-05	4.55031417572863e-05	0	4.25363487337798e-05	0.000170764339292345	0.000373362129078909	0.000217307528311408	0.000387948248225026	0	0	0	0.000104247473761722	0	0	0	0	0.000973224629612336	0	0	0.00016494712925999	0.000192137766035958	0	0	0.000106900572026948	5.50179789512998e-05	0.000351803921435898	0.000191498220233567	0.000232603883398423	0.000330665975836573	0	8.33072885835522e-05	0	0.000609248062888971	0	0.000125617229600947	0.000337817734802044	4.71990589489976e-05	0.000110679338193069	0	0.000233325850797489	0	0.000303609422797781	0	0.000330896630535333	0	0.000102582413492628	0	0	0	0.000413451283814041	0	9.41511122834669e-05	8.29340025850641e-05	0	9.0777754363957e-05	8.71104875986042e-05	0.000102198338677495	0.00037059975281815	0.000161563128529186	0.000128104105161859	0	0	0.000483466334056298	0.000286227904393755	0	9.82953866644418e-05	0.000276003939167528	0	0.000547804231230889	6.0681205061493e-05	0	0.000149937813266522	0.000391114960986711	0	0.000106712474983366	0.000273779446928146	0	0	0	0.000242928087412811
plasmid__IncFIB(K)	0	0	0	0	0	0	0	0	0	0	0	0	0	0	0	0	0	0	0	0	0	0	0	0	0	0	0	0	0	0	0	0	0	0	0	0	0	0	0	0	0	0	0	0	0	0	0	0	0	0	0	0	0	0	0	0	0	0	0	0	0	0	0	0	0	0	0	0	0	0	0	0	0	0	0	0	0	0	0	0	0	0	0	0	0	0	0	0	0	0	0	0	0	0	0	0	0	0	0	0	0	0	0	0	0	0	0	0	0	0	0	0	0	0	0	0	0	0	0	0
plasmid__IncFIB(Mar)	0	0	0	0	0	0	0	0	0	0	0	0	0	0	0	0	0	0	0	0	0	0	0	0	0	0	0	0	0	0	0	0	0	0	0	0	0	0	0	0	0	0	0	0	0	0	0	0	0	0	0	0	0	0	0	0	0	0	0	0	0	0	0	0	0	0	0	0	0	0	0	0	0	0	0	0	0	0	0	0	0	0	0	0	0	0	0	0	0	0	0	0	0	0	0	0	0	0	0	0	0	0	0	0	0	0	0	0	0	0	0	0	0	0	0	0	0	0	0	0
plasmid__IncFIB(pB171)	0	0	0	0	0	0	0	0	0	0	0	0	0	0	0	0	0	0	0	0	0	0	0	0	0	0	0	0	0	0	0	0	0	0	0	0	0	0	0	0	0	0	0	0	0	0	0	0	0	0	0	0	0	0	0	0	0	0	0	0	0	0	0	0	0	0	0	0	0	0	0	0	0	0	0	0	0	0	0	0	0	0	0	0	0	0	0	5.71831650349397e-05	0	0	0	0	0	0	0	0	0	0	0	0	0	0	0	0	0	0	0	0	0	0	0	0	0	0	0	0	0	0	0	0
plasmid__IncFIB(pCTU1)	0	0	0	0	0	0	0	0	0	0	0	0	0	0	0	0	0	0	0	0	0	0	0	0	0	0	0	0	0	0	0	0	0	0	0	0	0	0	0	0	0	0	0	0	0	0	0	0	0	0	0	0	0	0	0	0	0	0	0	0	0	0	0	0	0	0	0	0	0	0	0	0	0	0	0	0	0	0	0	0	0	0	0	0	0	0	0	0	0	0	0	0	0	0	0	0	0	0	0	0	0	0	0	0	0	0	0	0	0	0	0	0	0	0	0	0	0	0	0	0
plasmid__IncFIB(pCTU3)	0	0	0	0	0	0	0	0	0	0	0	0	0	0	0	0	0	0	0	0	0	0	0	0	0	0	0	0	0	0	0	0	0	0	0	0	0	0	0	0	0	0	0	0	0	0	0	0	0	0	0	0	0	0	0	0	0	0	0	0	0	0	0	0	0	0	0	0	0	0	0	0	0	0	0	0	0	0	0	0	0	0	0	0	0	0	0	0	0	0	0	0	0	0	0	0	0	0	0	0	0	0	0	0	0	0	0	0	0	0	0	0	0	0	0	0	0	0	0	0
plasmid__IncFIB(pECLA)	0	0	0	0	0	0	0	0	0	0	0	0	0	0	0	0	0	0	0	0	0	0	0	0	0	0	0	0	0	0	0	0	0	0	0	0	0	0	0	0	0	0	0	0	0	0	0	0	0	0	0	0	0	0	0	0	0	0	0	0	0	0	0	0	0	0	0	0	0	0	0	0	0	0	0	0	0	0	0	0	0	0	0	0	0	0	0	0	0	0	0	0	0	0	0	0	0	0	0	0	0	0	0	0	0	0	0	0	0	0	0	0	0	0	0	0	0	0	0	0
plasmid__IncFIB(pENTAS01)	0	0	0	0	0	0	0	0	0	0	0	0	0	0	0	0	0	0	0	0	0	0	0	0	0	0	0	0	0	0	0	0	0	0	0	0	0	0	0	0	0	0	0	0	0	0	0	0	0	0	0	0	0	0	0	0	0	0	0	0	0	0	0	0	0	0	0	0	0	0	0	0	0	0	0	0	0	0	0	0	0	0	0	0	0	0	0	0	0	0	0	0	0	0	0	0	0	0	0	0	0	0	0	0	0	0	0	0	0	0	0	0	0	0	0	0	0	0	0	0
plasmid__IncFIB(pENTE01)	0	0	0	0	0	0	0	0	0	0	0	0	0	0	0	0	0	0	0	0	0	0	0	0	0	0	0	0	0	0	0	0	0	0	0	0	0	0	0	0	0	0	0	0	0	0	0	0	0	0	0	0	0	0	0	0	0	0	0	0	0	0	0	0	0	0	0	0	0	0	0	0	0	0	0	0	0	0	0	0	0	0	0	0	0	0	0	0	0	0	0	0	0	0	0	0	0	0	0	0	0	0	0	0	0	0	0	0	0	0	0	0	0	0	0	0	0	0	0	0
plasmid__IncFIB(pHCM2)	0	0	0	0	0	0	0	0	0	0	0	0	0	0	0	0	0	0	0	0	0	0	0	0	0	0	0	0	0	0	0	0	0	0	0	0	0	0	0	0	0	0	0	0	0	0	0	0	0	0	0	0	0	0	0	0	0	0	0	0	0	0	0	0	0	0	0	0	0	0	0	0	0	0	0	0	0	0	0	0	0	0	0	0	0	0	0	0	0	0	0	0	0	0	0	7.09121515193534e-05	0	0	0	0	0	0	0	0	0	0	0	0	0	0	0	0	0	0	0	0	0	0	0	0
plasmid__IncFIB(pKPHS1)	0	0	0	0	0	0	0	0	0	0	0	0	0	0	0	0	0	0	0	0	0	0	0	0	0	0	0	0	0	0	0	0	0	0	0	0	0	0	0	0	0	0	0	0	0	0	0	0	0	0	0	0	0	0	0	0	0	0	0	0	0	0	0	0	0	0	0	0	0	0	0	0	0	0	0	0	0	0	0	0	0	0	0	0	0	0	0	0	0	0	0	0	0	0	0	0	0	0	0	0	0	0	0	0	0	0	0	0	0	0	0	0	0	0	0	0	0	0	0	0
plasmid__IncFIB(pLF82)	0	0	0	0	0	0	0	0	0	0	0	0	0	0	0	0	0	0	0	0	0	0	0	0	0	0	0	0	0	0	0	0	0	0	0	0	0	0	0	0	0	0	0	0	0	0	0	0	0	0	0	0	0	0	0	0	0	0	0	0	0	0	0	0	0	0	0	0	0	0	0	0	0	0	0	0	0	0	0	0	0	0	0	0	0	0	0	0	0	0	0	0	0	0	0	0	0	0	0	0	0	0	0	0	0	0	0	0	0	0	0	0	0	0	0	0	0	0	0	0
plasmid__IncFIB(pQil)	0	0	0	0	0	0	0	0	0	0	0	0	0	0	0	0	0	0	0	0	0	0	0	0	0	0	0	0	0	0	0	0	0	0	0	0	0	0	0	0	0	0	0	0	0	0	0	0	0	0	0	0	0	0	0	0	0	0	0	0	0	0	0	0	0	0	0	0	0	0	0	0	0	0	0	0	0	0	0	0	0	0	0	0	0	0	0	0	0	0	0	0	0	0	0	0	0	0	0	0	0	0	0	0	0	0	0	0	0	0	0	0	0	0	0	0	0	0	0	0
plasmid__IncFIB(S)	0	0	0	0	0	0	0	0	0	0	0	0	0	0	0	0	0	0	0	0	0	0	0	0	0	0	0	0	0	0	0	0	0	0	0	0	0	0	0	0	0	0	0	0	0	0	0	0	0	0	0	0	0	0	0	0	0	0	0	0	0	0	0	0	0	0	0	0	0	0	0	0	0	0	0	0	0	0	0	0	0	0	0	0	0	0	0	0	0	0	0	0	0	0	0	0	0	0	0	0	0	0	0	0	0	0	0	0	0	0	0	0	0	0	0	0	0	0	0	0
plasmid__IncFIC(FII)	0	0.000136333893156176	0.000293945497934433	6.16565987979063e-05	0.000237738448854335	0.00117031487617339	4.39115597625998e-05	0	0	0	0	0	0.00125459621092481	0	0.00015131267136349	0.000813023404299026	0	0.000330601889703931	0	0	6.72852015359339e-05	0.000250394016983732	0.00110189968769105	0	0	0.000785166275752737	0	8.60059000433662e-05	0	0	9.03937823055529e-05	0	0.000134953436501286	0.000209910255440581	0	5.48786361127057e-05	4.14691334483438e-05	0.000145623570352201	0	0	0	0	0	3.13597320724729e-05	0.000121295466119777	7.59187104102355e-05	0	0.000511760183084995	0	0	0	0	0	0	0	0	5.52862912168593e-05	5.6213796924895e-05	8.58839988859045e-05	0	0	0	0	0.000122596392542521	0	0	0	0	6.73346406087993e-05	0	0	0	0	0	0	0	0	0	0	0.000227999618573138	0.000140744130160407	0	0	0.00014705039345978	6.54082196049987e-05	0	8.65030006230939e-05	0	0	0	4.80008285969013e-05	9.70620534306888e-05	0	0	0	0	4.74396120615535e-05	0.000200899267202231	5.66187479145478e-05	0	0	0	0.000129358849409581	8.02608458700447e-05	0	6.84692293764289e-05	0.000111888457978114	0	6.73784132926809e-05	0	0	0	0.000217589873834966	0	0.000148664574704922	0	0	7.14366972843518e-05	0	0
plasmid__IncFII	0	0	0.000228493968803787	0	0	0	0	0	0	0	0	0	0.000364066135235639	0	0	0	0	0.000129872370250975	0	0	0.000663581438884687	0	0.00448141729750047	0	0	0	0	0	0	0	0	0	0	0	0	0	0	0	0	0	0	0	0	0	0	0	0.00014454202828345	0	0	0	0	0.000136600138032601	0	0	0	0	0.000322074789530774	0	0	0	0	0	0	0	0	0	0	0	0.000146876763083457	0	0.000236735294520772	0	0.000182623376975959	0.00026328345890441	0	0.000104154757991705	0	0	0	0.000310393220035168	0	0	0.000106402576007423	0	0	0	0	0	0	0	0	0	0	0	0	9.71444909390157e-05	0	0.000144488275722535	0	0	0	0	0	0	0	0	0	0	0	0	0	0	0	0	0.00013856921288775	0	0	0	0	0
plasmid__IncFII(29)	0	0	0	0	0	0	0	0	0	0	0	0	0	0	0	0	0	0	0	0	7.41963741074899e-05	0	0	0	0	0	0	0	0	0	0	0	0	0	0	0	0	0	0	0	0	0	0	0	0	0	0	0	0	0	0	0	0	0	0	0.000309273508655768	0	0	0	0	0	0	0	0	0	0	0	0	0	0	0	0	0	0	0	0	0	0	0	0	0	0	0	0	0	0	0	0	0	0	0	0	0	0	0	0	0	0	0	0	0	0	0	0	0	0	0	0	0	0	0	0	0	0	0	0	0	0	0	0
plasmid__IncFII(K)	0	0	0	0	0	0	0	0	0	0	0	0	0	0	0	0	0	0	0	0	0	0	0	0	0	0	0	0	0	0	0	0	0	0	0	0	0	0	0	0	0	0	0	0	0	0	0	0	0	0	0	0	0	0	0	0	0	0	0	0	0	0	0	0	0	0	0	0	0	0	0	0	0	0	0	0	0	0	0	0	0	0	0	0	0	0	0	0	0	0	0	0	0	0	0	0	0	0	0	0	0	0	0	0	0	0	0	0	0	0	0	0	0	0	0	0	0	0	0	0
plasmid__IncFII(p14)	0	0	0	0	0	0	0	0	0	0	0	0	0	0	0	0	0	0	0	0	0	0	0	0	0	0	0	0	0	0	0	0	0	0	0	0	0	0	0	0	0	0	0	0	0	0	0	0	0	0	0	0	0	0	0	0	0	0	0	0	0	0	0	0	0	0	0	0	0	0	0	0	0	0	0	0	0	0	0	0	0	0	0	0	0	0	0	0	0	0	0	0	0	0	0	0	0	0	0	0	0	0	0	0	0	0	0	0	0	0	0	0	0	0	0	0	0	0	0	0
plasmid__IncFII(p96A)	0	0.000144963266917746	0.000117377577072388	0.000161969806729781	0.00014015775315657	0.000216830362172716	0	0	0	0	0	0	0.000626482898558479	0	0.000154173663639482	0.000261594555088939	0	7.50182077394549e-05	0.000105923570180884	0	0.000333096331199168	0.0001214017292962	0.000360089299531406	0	0	0	0	0	0	0	0	0	0	0	0	0	0.000225388998067946	0	0	0	0	0	0	0	5.32050446747482e-05	0	0	6.04365172606857e-05	0	0	0	0	0	0	0	0	0.000179815038549516	0	0	0	0	0	0	4.79250879087103e-05	0	0	0	0	0.000130654307115925	0	0	0	0	4.92830380880117e-05	0	0	0	0	0	0.000157777407577427	0	0	0	0	0	0	6.49258476586817e-05	0	0	5.34938671601415e-05	0	0	0	0	0	0	0	0	0	0	0	0	0	4.69087610877974e-05	0	0	0	0	0	0	0	0	0.000153383350784424	0	0	4.38354732441133e-05	0	0	0	0
plasmid__IncFII(pCoo)	0	0	0	0.00019189215089512	0.000350565641143083	0	0	0	0	0	0	0	0.00268062394094734	0	0	0	0	0	0	0	0	0.000127564981196715	0	0	0	0	0	0.000130572593702201	0	0	0	0	0	0	0	0	0	7.46155316725083e-05	0	0	0	0	0	8.37579375976064e-05	0.000292963636144668	0	0	0	0	0	0	0	0	0	0.000105688790246714	0	0.000122404686425206	0	0	0	0	0.000126460590543112	0	0	0	0	0	0.000146678062114157	0	0	0.000104020053653066	0	0	0	0	0	0	0	0	0	0	0	7.88950918691403e-05	8.9184616558257e-05	0	0	0	0	0	0	0	0.000124457639150223	0	0	0	0	0	0	8.28236845085205e-05	0	0	0	0	0.000102374443307041	0	0	0	0	0	0	0	0.000195676418929643	0	0	0	0	0	0	0	0
plasmid__IncFII(pCRY)	0	0	0	0	0	0	0	0	0	0	0	0	0	0	0	0	0	0	0	0	0	0	0	0	0	0	0	0	0	0	0	0	0	0	0	0	0	0	0	0	0	0	0	0	0	0	0	0	0	0	0	0	0	0	0	0	0	0	0	0	0	0	0	0	0	0	0	0	0	0	0	0	0	0	0	0	0	0	0	0	0	0	0	0	0	0	0	0	0	0	0	0	0	0	0	0	0	0	0	0	0	0	0	0	0	0	0	0	0	0	0	0	0	0	0	0	0	0	0	0
plasmid__IncFII(pCTU2)	0	0	0	0	0	0	0	0	0	0	0	0	0	0	0	0	0	0	0	0	0	0	0	0	0	0	0	0	0	0	0	0	0	0	0	0	0	0	0	0	0	0	0	0	0	0	0	0	0	0	0	0	0	0	0	0	0	0	0	0	0	0	0	0	0	0	0	0	0	0	0	0	0	0	0	0	0	0	0	0	0	0	0	0	0	0	0	0	0	0	0	0	0	0	0	0	0	0	0	0	0	0	0	0	0	0	0	0	0	0	0	0	0	0	0	0	0	0	0	0
plasmid__IncFII(pECLA)	0	0	0	0	0	0	0	0	0	0	0	0	0	0	0	0	0	0	0	0	0	0	0	0	0	0	0	0	0	0	0	0	0	0	0	0	0	0	0	0	0	0	0	0	0	0	0	0	0	0	0	0	0	0	0	0	0	0	0	0	0	0	0	0	0	0	0	0	0	0	0	0	0	0	0	0	0	0	0	0	0	0	0	0	0	0	0	0	0	0	0	0	0	0	0	0	0	0	0	0	0	0	0	0	0	0	0	0	0	0	0	0	0	0	0	0	0	0	0	0
plasmid__IncFII(pENTA)	0	0	0	0	0	0	0	0	0	0	0	0	0	0	0	0	0	0	0	0	0	0	0	0	0	0	0	0	0	0	0	0	0	0	0	0	0	0	0	0	0	0	0	0	0	0	0	0	0	0	0	0	0	0	0	0	0	0	0	0	0	0	0	0	0	0	0	0	0	0	0	0	0	0	0	0	0	0	0	0	0	0	0	0	0	0	0	0	0	0	0	0	0	0	0	0	0	0	0	0	0	0	0	0	0	0	0	0	0	0	0	0	0	0	0	0	0	0	0	0
plasmid__IncFII(pHN7A8)	0	0	0	0	0	0	0	0	0	0	0	0	0	0	0	0	0	0.000138727304586269	0	0	0	0	0	0	0	0	0	0.000198110142168857	0	0	0	0	0	0	0	0	0	0	0	0	0	0	0	0	0.000108856298300059	0	0	0	0	0	0	0	0	0	0	0	0.000346672583162881	0	0	0	0	0	0	0	0	0	0	0	0	0	0	0	0	0	0	0	0	0	0	0	0	0	0	0	0	0	0	0	0	0	0	0	0	0	0	0	0	0.000128544741849703	0	0	0	0	0	0	0	0.000113029318655663	0	0	0	0	0	0	0	0	0	0	0	0	0	0
plasmid__IncFII(pKPX1)	0	0	0	0	0	0	0	0	0	0	0	0	0	0	0	0	0	0	0	0	0	0	0	0	0	0	0	0	0	0	0	0	0	0	0	0	0	0	0	0	0	0	0	0	0	0	0	0	0	0	0	0	0	0	0	0	0	0	0	0	0	0	0	0	0	0	0	0	0	0	0	0	0	0	0	0	0	0	0	0	0	0	0	0	0	0	0	0	0	0	0	0	0	0	0	0	0	0	0	0	0	0	0	0	0	0	0	0	0	0	0	0	0	0	0	0	0	0	0	0
plasmid__IncFII(pMET)	0	0	0	0	0	0	0	0	0	0	0	0	0	0	0	0	0	0	0	0	0	0	0	0	0	0	0	0	0	0	0	0	0	0	0	0	0	0	0	0	0	0	0	0	0	0	0	0	0	0	0	0	0	0	0	0	0	0	0	0	0	0	0	0	0	0	0	0	0	0	0	0	0	0	0	0	0	0	0	0	0	0	0	0	0	0	0	0	0	0	0	0	0	0	0	0	0	0	0	0	0	0	0	0	0	0	0	0	0	0	0	0	0	0	0	0	0	0	0	0
plasmid__IncFII(pRSB107)	0	0	0	0	0	0	0	0	0	0	0	0	0	0	0	0	0	0	0	0	0.000126408637368316	0	0.000570375041749413	0	0	0	0	0	0	0	0	0	0	0	0	0	0	0	0	0	0	0	0	0	0	0	0	0	0	0	0	0	0	0	0	0	0	0	0	0	0	0	0	0	0	0	0	0	0	0	0	0	0	0	0	0	0	0	0	0	0	0	0	0	0	0	0	0	0	0	0	0	0	0	0	0	0	0	0	0	0	0	0	0	0	0	0	0	0	0	0	0	0	0	0	0	0	0	0	0
plasmid__IncFII(pSE11)	0	0	0	5.85037045411952e-05	0	0	0.000202017368604798	0	0	0	0	0	0.000404530521997508	0	0.000682367639542072	0	0	0	0	0	0.000233643632606161	0	0.000561282889095264	0	0	0	0	0	0	0	0	0	0.00013829660117825	0	0	0.000221992616835099	9.76929585781517e-05	0	0	0	0	0	0	0	0	0	0	0	0	0	0	0.000113440205538892	0	0	0	0	0	0	0	0	0	0	0	0	0	0	0	8.92822986781826e-05	0	0	0	0	0	0	0	0	0	0	0	0	0	0	0	0	0	0	0	0.000106178740530786	0	0	0	0.000144370861414259	0	0	0	0	0	0	6.49158608310026e-05	0	0	0	0	0.000104871380948676	0	0	0	0	0	0	0	0	0	0	0.000110028678983313	7.66851522108322e-05	0	0	0	0
plasmid__IncFII(pseudo)	0	0	0	0	0	0	0	0	0	0	0	0	0	0	0	0	0	0	0	0	0	0	0	0	0	0	0	0	0	0	0	0	0	0	0	0	0	0	0	0	0	0	0	0	0	0	0	0	0	0	0	0	0	0	0	0	0	0	0	0	0	0	0	0	0	0	0	0	0	0	0	0	0	0	0	0	0	0	0	0	0	0	0	0	0	0	0	0	0	0	0	0	0	0	0	0	0	0	0	0	0	0	0	0	0	0	0	0	0	0	0	0	0	0	0	0	0	0	0	0
plasmid__IncFII(pYVa12790)	0	0	0	0	0	0	0	0	0	0	0	0	0	0	0	0	0	0	0	0	0	0	0	0	0	0	0	0	0	0	0	0	0	0	0	0	0	0	0	0	0	0	0	0	0	0	0	0	0	0	0	0	0	0	0	0	0	0	0	0	0	0	0	0	0	0	0	0	0	0	0	0	0	0	0	0	0	0	0	0	0	0	0	0	0	0	0	0	0	0	0	0	0	0	0	0	0	0	0	0	0	0	0	0	0	0	0	0	0	0	0	0	0	0	0	0	0	0	0	0
plasmid__IncFII(S)	0	0	0	0	0	0	0	0	0	0	0	0	0	0	0	0	0	0	0	0	0	0	0	0	0	0	0	0	0	0	0	0	0	0	0	0	0	0	0	0	0	0	0	0	0	0	0	0	0	0	0	0	0	0	0	0	0	0	0	0	0	0	0	0	0	0	0	0	0	0	0	0	0	0	0	0	0	0	0	0	0	0	0	0	0	0	0	0	0	0	0	0	0	0	0	0	0	0	0	0	0	0	0	0	0	0	0	0	0	0	0	0	0	0	0	0	0	0	0	0
plasmid__IncFII(SARC14)	0	0	0	0	0	0	0	0	0	0	0	0	0	0	0	0	0	0	0	0	0	0	0	0	0	0	0	0	0	0	0	0	0	0	0	0	0	0	0	0	0	0	0	0	0	0	0	0	0	0	0	0	0	0	0	0	0	0	0	0	0	0	0	0	0	0	0	0	0	0	0	0	0	0	0	0	0	0	0	0	0	0	0	0	0	0	0	0	0	0	0	0	0	0	0	0	0	0	0	0	0	0	0	0	0	0	0	0	0	0	0	0	0	0	0	0	0	0	0	0
plasmid__IncFII(Serratia)	0	0	0	0	0	0	0	0	0	0	0	0	0	0	0	0	0	0	0	0	0	0	0	0	0	0	0	0	0	0	0	0	0	0	0	0	0	0	0	0	0	0	0	0	0	0	0	0	0	0	0	0	0	0	0	0	0	0	0	0	0	0	0	0	0	0	0	0	0	0	0	0	0	0	0	0	0	0	0	0	0	0	0	0	0	0	0	0	0	0	0	0	0	0	0	0	0	0	0	0	0	0	0	0	0	0	0	0	0	0	0	0	0	0	0	0	0	0	0	0
plasmid__IncFII(Y)	0	0	0	0	0	0	0	0	0	0	0	0	0	0	0	0	0	0	0	0	0	0	0	0	0	0	0	0	0	0	0	0	0	0	0	0	0	0	0	0	0	0	0	0	0	0	0	0	0	0	0	0	0	0	0	0	0	0	0	0	0	0	0	0	0	0	0	0	0	0	0	0	0	0	0	0	0	0	0	0	0	0	0	0	0	0	0	0	0	0	0	0	0	0	0	0	0	0	0	0	0	0	0	0	0	0	0	0	0	0	0	0	0	0	0	0	0	0	0	0
plasmid__IncFII(Yp)	0	0	0	0	0	0	0	0	0	0	0	0	0	0	0	0	0	0	0	0	0	0	0	0	0	0	0	0	0	0	0	0	0	0	0	0	0	0	0	0	0	0	0	0	0	0	0	0	0	0	0	0	0	0	0	0	0	0	0	0	0	0	0	0	0	0	0	0	0	0	0	0	0	0	0	0	0	0	0	0	0	0	0	0	0	0	0	0	0	0	0	0	0	0	0	0	0	0	0	0	0	0	0	0	0	0	0	0	0	0	0	0	0	0	0	0	0	0	0	0
plasmid__IncHI1A	0	0	0	0	0	0	0	0	0	0	0	0	0	0	0	0	0	0	0	0	0	0	0	0	0	0	0	0	0	0	0	0	0	0	0	0	0	0	0	0	0	0	0	0	0	0	0	0	0	0	0	0	0	0	0	0	0	0	0	0	0	0	0	0	0	0	0	0	0	0	0	0	0	0	0	0	0	0	0	0	0	0	0	0	0	0	0	0	0	0	0	0	0	0	0	0	0	0	0	0	0	0	0	0	0	0	0	0	0	0	0	0	0	0	0	0	0	0	0	0
plasmid__IncHI1A(CIT)	0	0	0	0	0	0	0	0	0	0	0	0	0	0	0	0	0	0	0	0	0	0	0	0	0	0	0	0	0	0	0	0	0	0	0	0	0	0	0	0	0	0	0	0	0	0	0	0	0	0	0	0	0	0	0	0	0	0	0	0	0	0	0	0	0	0	0	0	0	0	0	0	0	0	0	0	0	0	0	0	0	0	0	0	0	0	0	0	0	0	0	0	0	0	0	0	0	0	0	0	0	0	0	0	0	0	0	0	0	0	0	0	0	0	0	0	0	0	0	0
plasmid__IncHI1B	0	0	0	0	0	0	0	0	0	0	0	0	0	0	0	0	0	0	0	0	0	0	0	0	0	0	0	0	0	0	0	0	0	0	0	0	0	0	0	0	0	0	0	0	0	0	0	0	0	0	0	0	0	0	0	0	0	0	0	0	0	0	0	0	0	0	0	0	0	0	0	0	0	0	0	0	0	0	0	0	0	0	0	0	0	0	0	0	0	0	0	0	0	0	0	0	0	0	0	0	0	0	0	0	0	0	0	0	0	0	0	0	0	0	0	0	0	0	0	0
plasmid__IncHI1B(CIT)	0	0	0	0	0	0	0	0	0	0	0	0	0	0	0	0	0	0	0	0	0	0	0	0	0	0	0	0	0	0	0	0	0	0	0	0	0	0	0	0	0	0	0	0	0	0	0	0	0	0	0	0	0	0	0	0	0	0	0	0	0	0	0	0	0	0	0	0	0	0	0	0	0	0	0	0	0	0	0	0	0	0	0	0	0	0	0	0	0	0	0	0	0	0	0	0	0	0	0	0	0	0	0	0	0	0	0	0	0	0	0	0	0	0	0	0	0	0	0	0
plasmid__IncHI1B(R27)	0	0	0	0	0	0	0	0	0	0	0	0	0	0	0	0	0	0	0	0	0	0	0	0	0	0	0	0	0	0	0	0	0	0	0	0	0	0	0	0	0	0	0	0	0	0	0	0	0	0	0	0	0	0	0	0	0	0	0	0	0	0	0	0	0	0	0	0	0	0	0	0	0	0	0	0	0	0	0	0	0	0	0	0	0	0	0	0	0	0	0	0	0	0	0	0	0	0	0	0	0	0	0	0	0	0	0	0	0	0	0	0	0	0	0	0	0	0	0	0
plasmid__IncHI2	0	0	0	0	0	0	0	0	0	0	0	0	0	0	0	0	0	0	0	0	0	0	0	0	0	0	0	0	0	0	0	0	0	0	0	0	0	0	0	0	0	0	0	0	0	0	0	0	0	0	0	0	0	0	0	0	0	0	0	0	0	0	0	0	0	0	0	0	0	0	0	0	0	0	0	0	0	9.72353525263147e-05	0	0	0	0	0	0	0	0	0	0	0	0	0	0	0	0	0	0	0	0	0	0	0	0	0	0.000100793813056832	0	0	0	0	0	0	0	0	0	0	0	0	0	0	0	0
plasmid__IncHI2A	0	0	0	0	0	0	0	0	0	0	0	0	0	0	0	0	0	0	0	0	0	0	0	0	0	0	0	0	0	0	0	0	0	0	0	0	0	0	0	0	0	0	0	0	0	0	0	7.11488100026591e-05	0	0	0	0	0	0	0	0	0	0	0	0	0	0	0	0	0	0	0	0	0	0	0	0	0	0	0	0	0	0	0	0	0	0	0	0	0	0	0	0	0	0	0	0	0	0	0	0	0	0	0	0	0	0	0	0.000104633577363759	0	0.000214530397833822	0	0	0	0	0	0	0	0	0	0	0	0	0	0
plasmid__IncI1	0	0	0	0	0.000223549104497038	0.000205296832269912	0	0	0	0	0	0	0.000531657081621222	0	0	0	0	0	0	0	0	0	0	0	0	0	0	0	0	0	0	0	0	0	0	0	0	0.000227991902332664	0	0	0	0	0	0	0.000197302040668858	0	0	0	0	0	0	0	0	0	0	0	0	0	0	0	0	0	0	0	0	0	0	0	0	0	0	0	0	0	0	0	0	0	0	0	0	0.000638246497756483	0	0	0	0	0	0	0	0	0	0	0	0	0	0	0	0	0	0	0	0	0	0	0	0	0	0	0	0	0	0	0.000527875974327329	0	0	0	0	0	0	0
plasmid__IncI2	0	0	0	0	0	0	0	0	0	0	0	0	0	0.000488290884610787	0	0.000178586372778492	0	0.000305244623218522	0	0	0	0.000129731178990621	6.16879385431143e-05	0	0	0	0	0	0	0	0	0	0	0	0	0	0	0.000114712906834045	0	0	0	0	0	0	0	0	0	0	0	0	0	0	0	0	0	0	0	0	0.000248064317536803	0	0	0	0	0	0	0	0	0	0.000118138800193354	0	0.000165156368205765	0	0.000203420783114057	0	0	0.000183542416205694	0	0	0	0	0	0	0.000157194749082664	0	0	0	0	0	0	0.000112286655123882	0	0.000179782582138511	0	0	0	0	0	0	0	0	0	0	0	0	0	0	0	0	0	0	0	0	0	0	0	0	0	0	0	0
plasmid__IncL/M	0	0	0	0	0	0	0	0	0	0	0	0	0	0	0	0	0	0	0	0	0	0	0	0	0	0	0	0	0	0	0	0	0	0	0	0	0	0	0	0	0	0	0	0	0	0	0	0	0	0	0	0	0	0	0	0	0	0	0	0	0	0	0	0	0	0	0	0	0	0	0	0	0	0	0	0	0	0	0	0	0	0	0	0	0	0	0	0	0	0	0	0	0	0	0	0	0	0	0	0	0	0	0	0	0	0	0	0	0	0	0	0	0	0	0	0	0	0	0	0
plasmid__IncL/M(pMU407)	0	0	0	0	0	0	0	0	0	0	0	0	0	0	0	0	0	0	0	0	0	0	0	0	0	0	0	0	0	0	0	0	0	0	0	0	0	0	0	0	0	0	0	0	0	0	0	0	0	0	0	0	0	0	0	0	0	0	0	0	0	0	0	0	0	0	0	0	0	0	0	0	0	0	0	0	0	0	0	0	0	0	0	0	0	0	0	0	0	0	0	0	0	0	0	0	0	0	0	0	0	0	0	0	0	0	0	0	0	0	0	0	0	0	0	0	0	0	0	0
plasmid__IncL/M(pOXA-48)	0	0	0	0	0	0	0	0	0	0	0	0	0	0	0	0	0	0	0	0	0	0	0	0	0	0	0	0	0	0	0	0	0	0	0	0	0	0	0	0	0	0	0	0	0	0	0	0	0	0	0	0	0	0	0	0	0	0	0	0	0	0	0	0	0	0	0	0	0	0	0	0	0	0	0	0	0	0	0	0	0	0	0	0	0	0	0	0	0	0	0	0	0	0	0	0	0	0	0	0	0	0	0	0	0	0	0	0	0	0	0	0	0	0	0	0	0	0	0	0
plasmid__IncN	0	0	0	0	0	0	0	0	0	0	0	0	0	0	0	0	0	0	0	0	0	0	0	0	0	0	0	0	0	0	0	0	0	0	0	0	0	0	0	0	0	0	0	0	0	0	0	0	0	0	0	0	0	0	0	0	0	0	0	0	0	0	0	0	0	0	0	0	0	0	0	0	0	0	0	0	0	0	0	0	0	0	0	0	0	0	0	0	0	0	0	0	0	0	0	0	0	0	0	0	0	0	0	0	0	0	0	0	0	0	0	0	0	0	0	0	0	0	0	0
plasmid__IncN2	0	0	0	0	0	0	0	0	0	0	0	0	0	0	0	0	0	0	0	0	0	0	0	0	0	0	0	0	0	0	0	0	0	0	0	0	0	0	0	0	0	0	0	0	0	0	0	0	0	0	0	0	0	0	0	0	0	0	0	0	0	0	0	0	0	0	0	0	0	0	0	0	0	0	0	0	0	0	0	0	0	0	0	0	0	0	0	0	0	0	0	0	0	0	0	0	0	0	0	0	0	0	0	0	0	0	0	0	0	0	0	0	0	0	0	0	0	0	0	0
plasmid__IncN3	0	0	0	0	0	0	0	0	0	0	0	0	0	0	0	0	0	0	0	0	0	0	0	0	0	0	0	0	0	0	0	0	0	0	0	0	0	0	0	0	0	0	0	0	0	0	0	0	0	0	0	0	0	0	0	0	0	0	0	0	0	0	0	0	0	0	0	0	0	0	0	0	0	0	0	0	0	0	0	0	0	0	0	0	0	0	0	0	0	0	0	0	0	0	0	0	0	0	0	0	0	0	0	0	0	0	0	0	0	0	0	0	0	0	0	0	0	0	0	0
plasmid__IncP(6)	0	0	0	0	0	0	0	0	0	0	0	0	0	0	0	0	0	0	0	0	0	0	0	0	0	0	0	0	0	0	0	0	0	0	0	0	0	0	0	0	0	0	0	0	0	0	0	0	0	0	0	0	0	0	0	0	0	0	0	0	0	0	0	0	0	0	0	0	0	0	0	0	0	0	0	0	0	0	0	0	0	0	0	0	0	0	0	0	0	0	0	0	0	0	0	0	0	0	0	0	0	0	0	0	0	0	0	0	0	0	0	0	0	0	0	0	0	0	0	0
plasmid__IncP(Beta)	0	0	0	0	0	0	0	0	0	0	0	0	0	0	0	0	0	0	0	0	0	0	0	0	0	0	0	0	0	0	0	0	0	0	0	0	0	0	0	0	0	0	0	0	0	0	0	0	0	0	0	0	0	0	0	0	0	0	0	0	0	0	0	0	0	0	0	0	0	0	0	0	0	0	0	0	0	0	0	0	0	0	0	0	0	0	0	0	0	0	0	0	0	0	0	0	0	0	0	0	0	0	0	0	0	0	0	0	0	0	0	0	0	0	0	0	0	0	0	0
plasmid__IncQ1	0	0	0	0	0	0	0	0	9.45171035285486e-05	0	0	0	0	0	0	0	0	8.55976985745062e-05	0	0	0	0	0	0	0	0	0	0	0	0	0	0	0	0	0	0	0	0	9.35217691896298e-05	0	0	0	0	0	8.59359999357692e-05	0	0	0	0	0	0	0	0	0	0	4.15228321806355e-05	0.000102586784813506	0	0	0	0	0	0	0	0	0	0	0	0	0	0	0	0	0	0	0	0	9.08456007888712e-05	0	0	0	0	0	0	0	0	0	0	0	0	0	0	0	0	0	0	7.76707373948964e-05	0	0	0	0	0	0	3.80866221604081e-05	0	0	0	0	0	0	0	0	0	0	7.44809519271658e-05	0	0	0	0	4.37072248700275e-05
plasmid__IncQ2	0	0	0	0	0	0	0	0	0	0	0	0	0	0	0	0	0	0	0	0	0	0	0	0	0	0	0	0	0	0	0	0	0	0	0	0	0	0	0	0	0	0	0	0	0	0	0	0	0	0	0	0	0	0	0	0	0	0	0	0	0	0	0	0	0	0	0	0	0	0	0	0	0	0	0	0	0	0	0	0	0	0	0	0	0	0	0	0	0	0	0	0	0	0	0	0	0	0	0	0	0	0	0	0	0	0	0	0	0	0	0	0	0	0	0	0	0	0	0	0
plasmid__IncR	0	0	0	0	0	0	0	0	0	0	0	0	0	0	0	0	0	0	0	0	0	0	0	0	0	0	0	0	0	0	0	0	0	0	0	0	0	0	0	0	0	0	0	0	0	0	0	0	0	0	0	0	0	0	0	0	0	0	0	0	0	0	0	0	0	0	0	0	0	0	0	0	0	0	0	0	0	0	0	0	0	0	0	0	0	0	0	0	0	0	0	0	0	0	0	0	0	0	0	0	0	0	0	0	0	0	0	0	0	0	0	0	0	0	0	0	0	0	0	0
plasmid__IncT	0	0	0	0	0	0	0	0	0	0	0	0	0	0	0	0	0	0	0	0	0	0	0	0	0	0	0	0	0	0	0	0	0	0	0	0	0	0	0	0	0	0	0	0	0	0	0	0	0	0	0	0	0	0	0	0	0	0	0	0	0	0	0	0	0	0	0	0	0	0	0	0	0	0	0	0	0	0	0	0	0	0	0	0	0	0	0	0	0	0	0	0	0	0	0	0	0	0	0	0	0	0	0	0	0	0	0	0	0	0	0	0	0	0	0	0	0	0	0	0
plasmid__IncU	0	0	0	0	0	0	0	0	0	0	0	0	0	0	0	0	0	0	0	0	0	0	0	0	0	0	0	0	0	0	0	0	0	0	0	0	0	0	0	0	0	0	0	0	0	0	0	0	0	0	0	0	0	0	0	0	0	0	0	0	0	0	0	0	0	0	0	0	0	0	0	0	0	0	0	0	0	0	0	0	0	0	0	0	0	0	0	0	0	0	0	0	0	0	0	0	0	0	0	0	0	0	0	0	0	0	0	0	0	0	0	0	0	0	0	0	0	0	0	0
plasmid__IncW	0	0	0	0	0	0	0	0	0	0	0	0	0	0	0	0	0	0	0	0	0	0	0	0	0	0	0	0	0	0	0	0	0	0	0	0	0	0	0	0	0	0	0	0	0	0	0	0	0	0	0	0	0	0	0	0	0	0	0	0	0	0	0	0	0	0	0	0	0	0	0	0	0	0	0	0	0	0	0	0	0	0	0	0	0	0	0	0	0	0	0	0	0	0	0	0	0	0	0	0	0	0	0	0	0	0	0	0	0	0	0	0	0	0	0	0	0	0	0	0
plasmid__IncX1	0	0	0	0	0	0	0	0	0	0	0.000142548243477055	0	0	0	0	0	0	0	0	0	0	0	0	0	0	0	0	0	0	0	0	0	0	0	0	0	0	0.000171206719191675	0	0	0	0	0	0	0	0	0	0	0	0	0	0	0	0	0	0	0	0	0	0	0	0	0	0	0	0	0	0	0	0	0	0	0	0	0	0	0	0	0	0	0	0	0	0	0	0	0	0	0	0	0	0	0	0	0	0	0	6.16329188922043e-05	0	0	0	0	0	0.000315644625047338	0	0.000196017622386234	0	0	0	0	0	0	0	0	0	0	0	0	0	0
plasmid__IncX2	0	0	0	0	0	0	0	0	0	0	0	0	0	0	0	0	0	0	0	0	0	0	0	0	0	0	0	0	0	0	0	0	0	0	0	0	0	0	0	0	0	0	0	0	0	0	0	0	0	0	0	0	0	0	0	0	0	0	0	0	0	0	0	0	0	0	0	0	0	0	0	0	0	0	0	0	0	0	0	0	0	0	0	0	0	0	0	0	0	0	0	0	0	0	0	0	0	0	0	0	0	0	0	0	0	0	0	0	0	0	0	0	0	0	0	0	0	0	0	0
plasmid__IncX3	0	0	0	0	0	0	0	0	0	0	0	0	0	0	0	0	0	0	0	0	0	0	0	0	0	0	0	0	0	0	0	0	0	0	0	0	0	0	0	0	0	0	0	0	0	0	0	0	0	0	0	0	0	0	0	0	0	0	0	0	0	0	0	0	0	0	0	0	0	0	0	0	0	0	0	0	0	0	0	0	0	0	0	0	0	0	0	0	0	0	0	0	0	0	0	0	0	0	0	0	0	0	0	0	0	0	0	0	0	0	0	0	0	0	0	0	0	0	0	0
plasmid__IncX3(pEC14)	0	0	0	0	0	0	0	0	0	0	0	0	0	0	0	0	0	0	0	0	0	0	0	0	0	0	0	0	0	0	0	0	0	0	0	0	0	0	0	0	0	0	0	0	0	0	0	0	0	0	0	0	0	0	0	0	0	0	0	0	0	0	0	0	0	0	0	0	0	0	0	0	0	0	0	0	0	0	0	0	0	0	0	0	0	0	0	0	0	0	0	0	0	0	0	0	0	0	0	0	0	0	0	0	0	0	0	0	0	0	0	0	0	0	0	0	0	0	0	0
plasmid__IncX4	0	0	0	0	0	0	0	0	0	0	0	0	0	0	0	0	0	0	0	0	0	0	0	0	0	0	0	0	0	0	0	0	0	0	0	0	0	0	0	0	0	0	0	0	0	0	0	0	0	0	0	0	0	0	0	0	0	0	0	0	0	0	0	0	0	0	0	0	0	0	0	0	0	0	0	0	0	0	0	0	0	0	0	0	0	0	0	0	0	0	0	0	0	0	0	0	0	0	0	0	0	0	0	0	0	0	0	0	0	0	0	0	0	0	0	0	0	0	0	0
plasmid__IncX5	0	0	0	0	0	0	0	0	0	0	0	0	0	0	0	0	0	0	0	0	0	0	0	0	0	0	0	0	0	0	0	0	0	0	0	0	0	0	0	0	0	0	0	0	0	0	0	0	0	0	0	0	0	0	0	0	0	0	0	0	0	0	0	0	0	0	0	0	0	0	0	0	0	0	0	0	0	0	0	0	0	0	0	0	0	0	0	0	0	0	0	0	0	0	0	0	0	0	0	0	0	0	0	0	0	0	0	0	0	0	0	0	0	0	0	0	0	0	0	0
plasmid__IncX6	0	0	0	0	0	0	0	0	0	0	0	0	0	0	0	0	0	0	0	0	0	0	0	0	0	0	0	0	0	0	0	0	0	0	0	0	0	0	0	0	0	0	0	0	0	0	0	0	0	0	0	0	0	0	0	0	0	0	0	0	0	0	0	0	0	0	0	0	0	0	0	0	0	0	0	0	0	0	0	0	0	0	0	0	0	0	0	0	0	0	0	0	0	0	0	0	0	0	0	0	0	0	0	0	0	0	0	0	0	0	0	0	0	0	0	0	0	0	0	0
plasmid__IncY	4.50713087405591e-05	0.000148808889915564	0	0	0	0	0.000519382693558061	0	0	0	0	0	0.00177530890645956	0	0.000133192157483148	0.000534157194144223	0	0	0	0.000221029864588772	0	0.000110056062208931	0.000509019338728984	0	0	0	0	0.00011265086515484	0	0	0	0	0	0	0	0	0	0	0.000112271031440132	0	0	4.15154714712336e-05	0	0	5.15822328546034e-05	0	0	4.5702647366414e-05	0	0	8.28034139240082e-05	0	0	0	0	0.00019540156320299	0.000301725837686781	0	0	0.000226367934437239	0	0	0	0	0	0	0.000425551600519039	0	0.000100221791280477	0	0	0	0	0	0	0	0	0	0	0	9.12518707428238e-05	0	7.98645217561598e-05	0	0	3.05735820605479e-05	0.000168819934470937	0	0	4.66760213456137e-05	0	0	3.67018687613522e-05	0.000645745546501552	0.000210129735199601	0	0	0	8.57468733735271e-05	0	9.43631937973882e-05	0	0	0	0	0	0	0	0	0	0	0.000168818871233418	0	3.95420445815862e-05	0	0	0	0	0	0
plasmid__p0111	0	0	0	0	0	0	0	0	0	0	0	0	0	0	0	0	0	0	0	0	0	0	0	0	0	0	0	0	0	0	0	0	0	0	0	0	0	0	0	0	0	0	0	0	0	0	0	0	0	0	0	0	0	0	0	0	0	0	0	0	0	0	0	0	0	0	0	0	0	0	0	0	0	0	0	0	0	0	0	0	0	0	0	0	0	0	0	0	0	0	0	0	0	0	0	0	0	0	0	0	0	0	0	0	0	0	0	0	0	0	0	0	0	0	0	0	0	0	7.90476768779029e-05	0
plasmid__P1	0	0	0	0	0	0	0	0	0	0	0	0	0	0	0	0	0	0	0	0	0	0	0	0	0	0	0	0	0	0	0	0	0	0	0	0	0	0	0	0	0	0	0	0	0	0	0	0	0	0	0	0	0	0	0	0	0	0	0	0	0	0	0	0	0	0	0	0	0	0	0	0	0	0	0	0	0	0	0	0	0	0	0	0	0	0	0	0	0	0	0	0	0	0	0	0	0	0	0	0	0	0	0	0	0	0	0	0	0	0	0	0	0	0	0	0	0	0	0	0
plasmid__pADAP	0	0	0	0	0	0	0	0	0	0	0	0	0	0	0	0	0	0	0	0	0	0	0	0	0	0	0	0	0	0	0	0	0	0	0	0	0	0	0	0	0	0	0	0	0	0	0	0	0	0	0	0	0	0	0	0	0	0	0	0	0	0	0	0	0	0	0	0	0	0	0	0	0	0	0	0	0	0	0	0	0	0	0	0	0	0	0	0	0	0	0	0	0	0	0	0	0	0	0	0	0	0	0	0	0	0	0	0	0	0	0	0	0	0	0	0	0	0	0	0
plasmid__pEC4115	0	0	0	0	0	0	0.00029378119027613	0	0	0	0	0	0	0	0	0	0	0.000521202935811718	0	0	0	0	0	0	0	0	0	0	0.000195890973297625	0	0	5.15198373124749e-05	0	0	0	0	0	0	0	0	0	0	0	0	0.000218481355768905	0	0	0	0	0	0	7.95637922625481e-05	0	0	0	0	0	0	0	0	0.000195498271500345	0	0	0	0	0	0	0	0	0	0	0	0	0	0	0	0	0	0	0	0	0	0	0	0	0.000100106104589621	0	0	0	0	0	0	0	0	0	0	0	0	0	0	0	0	0	0	0	0	0	0	0	0	0	0	0	0	0	0	0	0	0	7.37607316260691e-05
plasmid__pENTAS02	0	0	0	0	0	0	0	0	0	0	0	0	0	0	0	0	0	0	0	0	0	0	0	0	0	0	0	0	0	0	0	0	0	0	0	0	0	0	0	0	0	0	0	0	0	0	0	0	0	0	0	0	0	0	0	0	0	0	0	0	0	0	0	0	0	0	0	0	0	0	0	0	0	0	0	0	0	0	0	0	0	0	0	0	0	0	0	0	0	0	0	0	0	0	0	0	0	0	0	0	3.87294614813037e-05	0	0	0	0	0	0	0	0	0	0	0	0	0	0	0	0	0	0	0
plasmid__pESA2	0	0	0	0	0	0	0	0	0	0	0	0	0	0	0	0	0	0	0	0	0	0	0	0	0	0	0	0	0	0	0	0	0	0	0	0	0	0	0	0	0	0	0	0	0	0	0	0	0	0	0	0	0	0	0	0	0	0	0	0	0	0	0	0	0	0	0	0	0	0	0	0	0	0	0	0	0	0	0	0	0	0	0	0	0	0	0	0	0	0	0	0	0	0	0	0	0	0	0	0	0	0	0	0	0	0	0	0	0	0	0	0	0	0	0	0	0	0	0	0
plasmid__pIP31758(p153)	0	0	0	0	0	0	0	0	0	0	0	0	0	0	0	0	0	0	0	0	0	0	0	0	0	0	0	0	0	0	0	0	0	0	0	0	0	0	0	0	0	0	0	0	0	0	0	0	0	0	0	0	0	0	0	0	0	0	0	0	0	0	0	0	0	0	0	0	0	0	0	0	0	0	0	0	0	0	0	0	0	0	0	0	0	0	0	0	0	0	0	0	0	0	0	0	0	0	0	0	0	0	0	0	0	0	0	0	0	0	0	0	0	0	0	0	0	0	0	0
plasmid__pIP31758(p59)	0	0	0	0	0	0	0	0	0	0	0	0	0	0	0	0	0	0	0	0	0	0	0	0	0	0	0	0	0	0	0	0	0	0	0	0	0	0	0	0	0	0	0	0	0	0	0	0	0	0	0	0	0	0	0	0	0	0	0	0	0	0	0	0	0	0	0	0	0	0	0	0	0	0	0	0	0	0	0	0	0	0	0	0	0	0	0	0	0	0	0	0	0	0	0	0	0	0	0	0	0	0	0	0	0	0	0	0	0	0	0	0	0	0	0	0	0	0	0	0
plasmid__pJARS36	0	0	0	0	0	0	0	0	0	0	0	0	0	0	0	0	0	0	0	0	0	0	0	0	0	0	0	0	0	0	0	0	0	0	0	0	0	0	0	0	0	0	0	0	0	0	0	0	0	0	0	0	0	0	0	0	0	0	0	0	0	0	0	0	0	0	0	0	0	0	0	0	0	0	0	0	0	0	0	0	0	0	0	0	0	0	0	0	0	0	0	0	0	0	0	0	0	0	0	0	0	0	0	0	0	0	0	0	0	0	0	0	0	0	0	0	0	0	0	0
plasmid__pSL483	0	0	0	0	0	0	0	0	0	0	0	0	0	0	0	0	0	0	0	0	0	0	0	0	0	0	0	0	0	0	0	0	0	0	0	0	0	0	0	0	0	0	0	0	0	0	0	0	0	0	0	0	0	0	0	0	0	0	0	0	0	0	0	0	0	0	0	0	0	0	0	0	0	0	0	0	0	0	0	0	0	0	0	0	0	0	0	0	0	0	0	0	0	0	0	0	0	0	0	0	0	0	0	0	0	0	0	0	0	0	0	0	0	0	0	0	0	0	0	0
plasmid__pSM22	0	0	0	0	0	0	0	0	0	0	0	0	0	0	0	0	0	0	0	0	0	0	0	0	0	0	0	0	0	0	0	0	0	0	0	0	0	0	0	0	0	0	0	0	0	0	0	0	0	0	0	0	0	0	0	0	0	0	0	0	0	0	0	0	0	0	0	0	0	0	0	0	0	0	0	0	0	0	0	0	0	0	0	0	0	0	0	0	0	0	0	0	0	0	0	0	0	0	0	0	0	0	0	0	0	0	0	0	0	0	0	0	0	0	0	0	0	0	0	0
plasmid__pXuzhou21	0	0	0	0	0	0	0	0	0	0	0	0	0	0	0	0	0	0	0	0	0	0	0	0	0	0	0	0	0	0	0	0	0	0	0	0	0	0	0	0	0	0	0	0	0	0	0	0	0	0	0	0	0	0	0	0	0	0	0	0	0	0	0	0	0	0	0	0	0	0	0	0	0	0	0	0	0	0	0	0	0	0	0	0	0	0	0	0	0	0	0	0	0	0	0	0	0	0	0	0	0	0	0	0	0	0	0	0	0	0	0	0	0	0	0	0	0	0	0	0
plasmid__pYE854	0	0	0	0	0	0	0	0	0	0	0	0	0	0	0	0	0	0	0	0	0	0	0	0	0	0	0	0	0	0	0	0	0	0	0	0	0	0	0	0	0	0	0	0	0	0	0	0	0	0	0	0	0	0	0	0	0	0	0	0	0	0	0	0	0	0	0	0	0	0	0	0	0	0	0	0	0	0	0	0	0	0	0	0	0	0	0	0	0	0	0	0	0	0	0	0	0	0	0	0	0	0	0	0	0	0	0	0	0	0	0	0	0	0	0	0	0	0	0	0
plasmid__Rep	0	0	0	0	0	0	0	0	0	0	0	0	0	0	0	0	0	0	0	0	0	0	0	0	0	0	0	0	0	0	0	0	0	0	0	0	0	0	0	0	0	0	0	0	0	0	0	0	0	0	0	0	0	0	0	0	0	0	0	0	0	0	0	0	0	0	0	0	0	0	0	0	0	0	0	0	0	0	0	0	0	0	0	0	0	0	0	0	0	0	0	0	0	0	0	0	0	0	0	0	0	0	0	0	0	0	0	0	0	0	0	0	0	0	0	0	0	0	0	0
plasmid__rep1	0	0	0	0	0	0	0	0	0	0	0	0	0	0	0	0	0	0	0	0	0	0	0	0	0	0	0	0	0	0	0	0	0	0	0	0	0	4.7953226406119e-05	5.64517721466578e-05	0	0	0	0	0	0	0	0	0	0	0	0	0	0	0	0	0	0	0	0	0	0	0	0	0	0	0	0	0	0	0	2.21016452027441e-05	0	0	0	0	0	0	0	0	0	0	0	0	0	0	0	0	0	0	0	0	0	0	0	0	2.12564655726719e-05	0	0	0	0	0	0	0	0	0	0	0	0	0	0	0	0	0	0	0	0	0	0	0	0
plasmid__rep10	0	0	0	0	0	0	0	0	0	0	0	0	0	0	0	0	0	0	0	0	0	0	0	0	0	0	0	0	0	0	0	0	0	0	0	0	0	0	0	0	0	0	0.000676349544766151	0	0	0	0	0	0	0	0	0	0	0	0	0	0	0	0.000345729919135735	0	0	6.23364020601951e-05	0	0	0	0	0	0	0	0	0	0	0	0	0	0	0	0	0	0	0	0	0	0	0	0	0	0	0	0	0	0	0	0	0	0	0	0	0	0	0	0	0	0	0	0	0	0	0	0	0	0	0	0	0	0	0	0	0	0
plasmid__rep10b	0	0	0	0	0	0	0	0	0	0	0	0	0	0	0	0	0	0	0	0	0	0	0	0	0	0	0	0	0	0	0	0	0	0	0	0	0	0	0	0	0	0	0	0	0	0	0	0	0	0	0	0	0	0	0	0	0	0	0	0	0	0	0	0	0	0	0	0	0	0	0	0	0	0	0	0	0	0	0	0	0	0	0	0	0	0	0	0	0	0	0	0	0	0	0	0	0	0	0	0	0	0	0	0	0	0	0	0	0	0	0	0	0	0	0	0	0	0	0	0
plasmid__rep11	0	0	0	0	0	0	0	0	0	0	0.000136496767224738	0	0	0	0.000165714866896553	9.26560103608854e-05	0.000161344845227383	0	0	0	0.000236099153159522	2.4055110739952e-05	0	7.33644583172878e-05	8.83148641865985e-05	0	0	0	0	0	0	0	2.7484419385018e-05	0.000109815515845523	7.48329143514044e-05	7.35296231612793e-05	0	0.000151319069992642	0	0	0	0	7.29915854850248e-05	0	0	4.10703745983458e-05	0	0	0	0	0	3.5507706611767e-05	0	0	7.541338918953e-05	0	0	0	0	0	0	0	0	0	0	0	0	0	0	0	0	0	0	0	0	0	0	0	0	0	0	0	0	0	0	0.000101688636649869	0	0.000299556851398016	0	0	0	0	0	0	0	0	0	0	0	0	0	0	0	0	0	0	6.71333888465091e-05	0	0	0	0	3.6285763481573e-05	0	0	3.70890919149505e-05	0	0	0	0	0
plasmid__rep12	0	0	0	0	0	0	0	0	0	0	0	0	0	0	0	0	0	0	0	0	0	0	0	0	0	0	0	0	0	0	0	0	0	0	0	0	0	0	0	0	0	0	0	0	0	0	0	0	0	0	0	0	0	0	0	0	0	0	0	0	0	0	0	0	0	0	0	0	0	0	0	0	0	0	0	0	0	0	0	0	0	0	0	0	0	0	0	0	0	0	0	0	0	0	0	0	0	0	0	0	0	0	0	0	0	0	0	0	0	0	0	0	0	0	0	0	0	0	0	0
plasmid__rep13	0	0	0	0	0	0	0	0	0	0	0	0	4.74446715211919e-05	0	0	0	0	0	0	0	9.51848226705523e-05	0	2.31226173580773e-05	0	0	0	0	0	0	0	0	0	0	0	5.59464012821157e-05	0	0	0	0	0	0	0	0.00032033900178017	0	0	0	0	0	0	0	0	0	0	0	5.41488911371149e-05	0	0	0	0.00023477515766876	0	0	0	0	0	0	0	0	0	0	0	0	0	0	0	0	0	0	0	0.000136992483287242	0	0	0	0	0	0	0	0	0	0	0	0	0	0	0	0	0	0	0	0	0	0	0	0	7.0627664720537e-05	2.72050772845166e-05	0	0	0	0	0	0	0	0	0	0	0	0	0	0	0
plasmid__rep14	0	0	0	0	0	0	0	0	0	0	0	0	0	0	9.7329672095148e-05	0	0	0	0	0	0	0	0	0	0	0	0	0	0	0	0	0	0	0	0	0	0	0	0	0	0	0	0	0	0	0	0	0	0	0	0	0	0	0	0	0	0	0	0	0	0	0	0	0	0	0	0	0	0	0	0	0	0	0	0	0	0	0	0	0	0	0	0	0	0	0	0	0	0	0	0	0	0	0	0	0	0	0	0	0	0	0	0	0	0	0	0	0	0	0	0	0	0	0	0	0	0	0	0	0
plasmid__rep15	0	0	0	0	0	0	0	0	0	0	0	0	0	0	0	0	0	0	0	0	0	0	0	0	0	0	0	0	0	0	0	0	0	0	0	0	0	0	0	0	0	0	0	0	0	0	0	0	0	0	0	0	0	0	0	0	0	0	0	0	0	0	0	0	0	0	0	0	0	0	0	0	0	0	0	0	0	0	0	0	0	0	0	0	0	0	0	0	0	0	0	0	0	0	0	0	0	0	0	0	0	0	0	0	0	0	0	0	0	0	0	0	0	0	0	0	0	0	0	0
plasmid__rep16	0	0	0	3.65365070941142e-05	0	0	0	0	0	0	0	0	0	0	0	0	0	0	0	0	0	0	0	0	0	0	0	0	0	3.57268694631242e-05	0	0	0	0	0	0	0	0	0	0	0	0	0	0	0	0	0	0	0	0	0	0	0	0	0	0	0	0	0	0	0	0	0	0	0	0	0	0	0	0	0	0	0	0	0	0	0	0	0	5.33550926213679e-05	0	0	0	0	0	0	0	0	0	0	0	0	0	0	0	0	0	0	0	0	0	0	0	0	0	0	0	0	0	0	0	0	0	0	0	0	0	0.000155858742607327	0	0.000180492850200197
plasmid__rep17	0	0	0	0	0	0	0	0	0	0	0	0	0	0	0	0	0	0	0	0	0	0	0	0	0	0	0	0	0	0	0	0	0	0	0	0	6.74434898157205e-05	0	0	0	0	0	0	0	0	0	0	0	0	0	0	0	0	0	0	0	0	0	0	0	0	0	0	0	0	0	0	0	0	0	0	0	0	0	0	0	0	0	0	0	0	0	0	3.64797167292304e-05	0	0	4.16311271010279e-05	7.01523727820571e-05	0	0	0	0	0	0	0	0	0	0	0	0	0	0	0	0	0	0	0	0	0	0	0	0	0	0	0	0	0	0	0	0
plasmid__rep18	0	0	0	0	0	0	0	3.26223561394048e-05	0	0	5.59927633952426e-05	0	0	0	0	5.78691474520669e-05	0	0	0	0	6.23126758905101e-05	0.000110465845419283	0	0	0	0	0	0	0	0	0	0	3.40594701960963e-05	6.086722455187e-05	0	0	5.91253561384027e-05	6.25572636625531e-05	0	3.8285322036577e-05	0.00014335370021399	0	0	0	0	6.60621344603179e-05	0	0	0	0	0	0.000126427787328046	0	8.80483775866468e-05	7.71247357495062e-05	0	0	0	0	0	0	0	0	0	0	0	0	0	0	0	0	0	0	0	0	0	0	0	0	0	0	0	0.000209101589682755	0.000120479249668576	0	0	0.000225747798603587	0	0	0	0	0	0	0	0	0	0	0	0	0	0	0	0	0	0	0	0	0	0	0	0	6.60009948705117e-05	0	0	7.50397586404457e-05	0	0	0	0	0
plasmid__rep19	0	0	0	0	0	0	0	0	0	0	0	0	0	0	0	0	0	0	0	0	0	0	0	0	0	0	0	0	0	0	0	0	0	0	0	0	0	0	0	0	0	0	0	0	0	0	0	0	0	0	0	0	0	0	0	0	0	0	0	0	0	0	0	0	0	0	0	0	0	0	0	0	0	0	0	0	0	0	0	0	0	0	0	0	0	0	0	0	0	0	0	0	0	0	0	0	0	0	0	0	0	0	0	0	0	0	0	0	0	0	0	0	0	0	0	0	0	0	0	0
plasmid__rep2	0	0	0	0	0.00010665716310943	0	0.000193214603747922	0	0	0	0.000243965792049084	0.000129809247831251	0	0	0.000850600421632739	0.0006296070280299	0.000622335390127857	0.000357860257895827	0.000172861848335248	0.000440922401812064	0.000260200492686641	0.000241758693280039	0	0.000139505721660942	0	0	0	0	0	0.000226483456433768	0	2.49132890864357e-05	0	0	0.000121361000757116	0	9.39875139198996e-05	7.27620743187512e-05	8.3932740974219e-05	0	0	0	0.000243510482178354	1.94744729142606e-05	0	0.000326286807351195	0	0	5.25528203170338e-05	0.000209994451314767	0.000149145908212521	0	7.82829798172476e-05	7.85514785698427e-05	0.000169557792849833	0	0	2.56580488753021e-05	0	0	0	0	0	2.44712152832772e-05	5.03779084373348e-05	0	0	5.57822279176941e-05	0	0.000122718410646872	0	0.000293904034177433	0	0	8.71386404679807e-05	5.35167962749726e-05	0	0	0	0	0	0	6.92417968265172e-05	0.000127092989006455	0	8.49173149053005e-05	0.000168826759890783	0.000195525087191758	0	0	1.4356483577419e-05	0	0	0	4.6178777320353e-05	0	0	0	3.91598794875844e-05	0.000347990428640487	0	0	0	0	0	0	0	0	1.71720245283274e-05	0	4.81387868760681e-05	2.54245288002135e-05	3.90471440802507e-05	0.000165285162991631	0	4.14992942185126e-05	0	4.69531320383816e-05	0	4.53959543726916e-05
plasmid__rep20	0	0	0	0	0	0	0	0	0	0	0	0	0	0	0	0	0	0	0	0	0	0	0	0	0	0	0	0	0	0	0	0	0	0	0	0	0	0	0	0	0	0	4.56197409281405e-05	0	0	0	0	0	0	0	0	0	0	0	0	0	0	0	0	0.000217813103059169	0	0	0	0	0	0	0	0	0	0	0	0	0	0	0	0	0	0	0	0	0	0	0	0	0	0	0	0	0	0	0	0	0	0	0	0	0	0	0	0	0	0	0	0	0	0	0	0	0	0	0	0	0	0	0	0	0	0	0	0
plasmid__rep21	0	0	0	0	0	0	0	0	0	0	0	0	0	0	0	0	0	0	0	0	0	0	0	0	0	0	0	0	0	0	4.50619750597831e-05	0	0	0	7.5213746870125e-05	6.76735922778676e-05	0	0	0	0	0	0	0.000574867432938946	0	0	0	0	0	0	0	0	0	7.84554956497608e-05	0	0	0	0	3.16414944801565e-05	0.000194162439540883	0	0	7.1494137885243e-05	0	0	0	0	0	0	3.68382800382292e-05	0	0	0	0	0	0	0	0	0	0	0	0	0	0	0	6.55076081062867e-05	0	0	0	0	0	0	0	0	0	0	0	0	0	0	0	0	0	0	0	0	0	0	0	0	0	0	0	0	6.01983365271909e-05	0	0	0	0	0	0
plasmid__rep22	0	0	0	0	0	0	0	0	0	0	0	0	0	0	0	0	0	0	0	0	0	0	0	0	0	0	0	0	0	0	0	0	0	0	0	0	0	0	0	0	0	0	0	0	0	0	0	0	0	0	0	0	2.88251627423991e-05	0	0	0	0	0	0	0	0	0	0	0	0	0	0	0	0	0	0	0	0	0	0	0	0	0	0	0	0	0	0	0	0	0	0	0	0	0	0	0	0	0	0	0	0	0	0	0	0	0	0	0	0	0	0	0	0	0	0	0	0	0	0	0	0	0	0	0
plasmid__rep23	0	0	0	0	0	0	0	0	0	0	0	0	0	0	0	0	0	0	0	0	0	0	0	0	0	0	0	0	0	0	0	0	0	0	0	0	0	0	0	0	0	0	0	0	0	0	0	0	0	0	0	0	0	0	0	0	0	0	0	0	0	0	0	0	0	0	0	0	0	0	0	0	0	0	0	0	0	0	0	0	0	0	0	0	0	0	0	0	0	0	0	0	0	0	0	0	0	0	0	0	0	0	0	0	0	0	0	0	0	0	0	0	0	0	0	0	0	0	0	0
plasmid__rep24	0	0	0	0	0	0	0	0	0	0	0	0	0	0	0	0	0	0	0	0	0	0	0	0	0	0	0	0	0	0	0	0	0	0	0	0	0	0	0	0	0	0	0	0	0	0	0	0	0	0	0	0	0	0	0	0	0	0	0	0	0	0	0	0	0	0	0	0	0	0	0	0	0	0	0	0	0	0	0	0	0	0	0	0	0	0	0	0	0	0	0	0	0	0	0	0	0	0	0	0	0	0	0	0	0	0	0	0	0	0	0	0	0	0	0	0	0	0	0	0
plasmid__rep3	0	0	0	0	0	0	0	0	0	0	0	0	0	0	0	0	0	0	0	0	0	0	0	0	0	0	0	0	0	0	0	0	0	0	0	0	0	0	0	0	0	0	0	0	0	0	0	0	0	0	0	0	0	0	0	0	0	0	0	0	0	0	0	0	0	0	0	0	0	0	0	0	0	0	0	0	0	0	0	0	0	0	0	0	0	0	0	0	0	0	0	0	0	0	0	0	0	0	0	0	0	0	0	0	0	0	0	0	0	0	0	0	0	0	0	0	0	0	0	0
plasmid__rep4	0	0	0	3.54060314360188e-05	0	0	0	0	0	0	0	0	0	0	0	0	0	0	0	0	0	0	0	0	0	0	0	0	0	0	0	0	3.79574297190985e-05	0	0.000133093544102717	0	0	4.26651513137149e-05	0	0	0	0	0	3.40290789870238e-05	0	0	0	0	0	0	0	0	0	0	0	0	0	0	0	0	0	0	0	0	0	0	0	0	0	0	0	0	0	0	0	0	0	0	0	0	0	0	0	0	0	0	0	0	0	0	0	0	0	0	0	0	0	0	0	0	0	0	0	0	0	0	0	0	0	0	0	0	0	0	0	0	0	0	0	0
plasmid__rep5	0	0	0	0	0	0	0	0	0	0	0	0	0	0	0	0	0	0	0	0	0	0	0	0	0	0	0	0	0	0	0	0	0	0	0	0	0	0	0	0	0	0	0.00030411272440274	0	0	0	0	0	0	0	0	0	0	0	0	5.87587247839181e-05	0	0	9.92533247614274e-05	0	0	0	0	0	0	0	0	0	0	0	0	0	0	0	0	0	0	0	0	0	0	0	0	0	0	0	0	0	0	0	0	0	0	0	0	0	0	0	0	0	0	4.30435391438455e-05	0	0	0	0	0	0	0	0	0	0	0	0	0	2.98420993273286e-05	6.54385974817813e-05	0	0	0
plasmid__rep6	0	0	0	0	0	0	0	0	0	0	0	0	0	0	0	0	0	0	0	0	0	0	0	0	0	0	0	0	0	0	0	0	0	0	0	0	0	0	0	0	0	0	0	0	0	0	0	0	0	0	0	0	0	0	0	0	0	0	0	0	0	0	0	0	0	0	0	0	0	0	0	0	0	0	0	0	0	0	0	0	0	0	0	0	0	0	0	0	0	0	0	0	0	0	0	0	0	0	0	0	0	0	0	0	0	0	0	0	0	0	0	0	0	0	0	0	0	0	0	0
plasmid__rep7	0	0	0	1.98649234712226e-05	7.4942175983769e-05	0	0	0	0	0	0	0	0	0	0	0	0	0	0	0	0	0	0	0	0	0	0	0	0	0	0	0	0	0	0	8.43693965827937e-05	0	0.000128092855832521	0	0	0	0	0.000479048413886939	0	0.000104392614110507	0	0	0	0	0	0	0	0	0	0	0	0	0	0.000137199796604885	5.20597251817244e-05	0	0	0	0	0	0	0	0	0	0	0	0	0	0	0	0	0	0	0	0	0	0	0	0	0	4.17403545638704e-05	0	0	0	3.40068155518043e-05	0	0.000116563468895552	0	0	0	0	0	3.81655459729952e-05	0	0	0	0	0	0	0	0	0	0	0	0	0	7.89831147556347e-05	0	7.63696786005929e-05	0	0	0	0	0	4.48555263444453e-05
plasmid__Rep7	0	0	0	0	0	0	0	0	0	0	0	0	0	0	0	0	0	0	0	0	0	0	0	0	0	0	0	0	0	0	0	0	0	0	0	0	0	0	0	0	0	0	0	0	0	0	0	0	0	0	0	0	0	0	0	0	0	0	0	0	0	0	0	0	0	0	0	0	0	0	0	0	0	0	0	0	0	0	0	0	0	0	0	0	0	0	0	0	0	0	0	0	0	0	0	0	0	0	0	0	0	0	0	0	0	0	0	0	0	0	0	0	0	0	0	0	0	0	0	0
plasmid__rep7b	0	0	0	0	0	0	0	0	0	0	0	0	0	0	0	0	0	0	0	0	0	0	0	0	0	0	0	0	0	0	0	0	0	0	0	0	0	0	0	0	0	0	0	0	0	0	0	0	0	0	0	0	0	0	0	0	0	0	0	0	0	0	0	0	0	0	0	0	0	0	0	0	0	0	0	0	0	0	0	0	0	0	0	0	0	0	0	0	0	0	0	0	0	0	0	0	0	0	0	0	0	0	0	0	0	0	0	0	0	0.000177946170469716	0	0	0	0	0	0	0	0	0	0
plasmid__rep8	0	0	0	0	0	0	0	0	0	0	0	0	0	0	0	0	0	0	0	0	0	0	0	0	0	0	0	0	0	0	0	0	0	0	0	0	3.6403202722211e-05	0	0	0	0	0	0	0	0	0	0	0	0	0	0	0	0	0	0	0	0	0	0	0	0	0	0	0	0	0	0	0	0	0	0	0	0	0	0	0	0	0	0	0	0	0	0	0	0	0	0	0	0	0	0	0	0	0	0	0	0	0	0	0	0	0	0	0	0	0	0	0	0	0	0	0	0	0	0	0	0	0	0	0
plasmid__rep9	0	0	0	0	0	0	0	0	0	0	0	0	0	0	0	0	0	0	0	0	0	0	0	0	0	0	0	0	0	0	0	0	0	0	0	0	0	0	0	0	0	0	0	0	0	0	0	0	0	0	0	0	0	0	0	0	0	0	0	0	0	0	0	0	0	0	0	0	0	0	0	0	0	0	0	0	0	0	0	0	0	0	0	1.95323444706894e-05	0	0	0	0	0	0	0	0	0	0	0	0	0	0	0	0	0	0	0	0	0	0	0	0	0	0	0	0	0	0	0	0	0	0	0	0
plasmid__repA	0	0	0	0	0	0	0	0	0	0	0	0	0	0	0	0	0	0	0	0	0	0	0	0	0	0	0	0	0	0	0	0	0	0	0	0	0	0	0	0	0	0	0	0	0	0	0	0	0	0	0	0	0	0	0	0	0	0	0	0	0	0	0	0	0	0	0	0	0	0	0	0	0	0	0	0	0	0	0	0	0	0	0	0	0	0	0	0	0	0	0	0	0	0	0	0	0	0	0	0	0	0	0	0	0	0	0	0	0	0	0	0	0	0	0	0	0	0	0	0
plasmid__repUS1	0	0	0	0	5.36517850792892e-05	0	0	0	0	0	0	0	0	0	0	0	0	0	0	0	0	0	0	0	0	0	0	0	0	0	0	0	0	0	0	0	0	0	0	0	0	0	0	0	0	0	0	0	0	0	0	0	0	0	0	0	0	0	0	0	0	0	0	0	0	0	0	0	0	0	0	0	0	0	0	0	0	0	0	0	0	0	0	0	0	0	0	0	0	0	0	0	0	0	0	0	0	0	0	3.89436479692051e-05	0	0	0	0	0	0	0	0	0	0	8.91799910151287e-05	0	0	0	0	0	0	0	0	0
plasmid__repUS10	0	0	0	5.02632775318856e-05	0	0	0	0	0	0	0	0	0	0	0	0	0	0	0	0	0	0	0	0	0	0	0	0	0	0	0	0	0	0	0	0	0	0	0	0	0	0	0	0	0	0	0	0	0	0	0	0	0	0	0	0	0	0	0	0	0	0	0	0	0	0	0	0	0	0	0	0	0	0	0	0	0	0	0	0	0	0	0	0	0	0	0	0	0	0	0	0	0	0	0	4.90671759328227e-05	0	0	0	0	0	0	0	0	0	0	0	0	0	0	0	0	0	0	0	0	0	0	0	0
plasmid__repUS11	0	0	0	0	0	0	0	0	0	0	0	0	0	0	0	0	0	0	0	0	0	0	0	0	0	0	0	0	0	0	0	0	0	0	0	0	0	0	0	0	0	0	0	0	0	0	0	0	0	0	0	0	0	0	0	0	0	0	0	0	0	0	0	0	0	0	0	0	0	0	0	0	0	0	0	0	0	0	0	0	0	0	0	0	0	0	0	0	0	0	0	0	0	0	0	0	0	0	0	0	0	0	0	0	0	0	0	0	0	0	0	0	0	0	0	0	0	0	0	0
plasmid__repUS12	0	0	0	0	0	0	0	0	0	0	0	0	0	0	0	0	0	0	0	0	0	0	0	0	0	0	0	0	0	0	0	0	6.46350572103518e-05	0	0	0	0	0.000134902378436837	0	0	0	0	0	0	0	0	0	0	0	0	0	0	2.76453810452501e-05	0	0	0	0	0	0	0	0	0	0	0	0	0	0	0	0	0	0	0	0	0	0	0	0	0	0	0	0	0	0	0	0	0	0	0	0	0	0	0	0	0	0	0	0	0	0	0	0	0	0	0	0	0	0	0	0	0	0	0	0	0	0	0	0	0	0	0
plasmid__repUS13	0	0	0	0	0	0	0	0	0	0	0	0	0	0	0	0	0	0	0	0	0	0	0	0	0	0	0	0	0	0	0	0	0	0	0	0	0	0	0	0	0	0	0	0	0	0	0	0	0	0	0	0	0	0	0	0	0	0	0	0	0	0	0	0	0	0	0	0	0	0	0	0	0	0	0	0	0	0	0	0	0	0	0	0	0	0	0	0	0	0	0	0	0	0	0	0	0	0	0	0	0	0	0	0	0	0	0	0	0	0	0	0	0	0	0	0	0	0	0	0
plasmid__repUS14	0	0	0	0	0	0	0	0	0	0	0	0	0	0	0	0	0	0	0	0	0	0	0	0	0	0	0	0	0	0	0	0	0	0	0	0	0	0	0	0	0	0	0.000179741779256874	0	0	0	0	0	0	0	0	0	0	0	0	0	8.87770253193799e-05	0	0	0	0	0	0	0	0	0	0	0	0	0	0	0	0	0	0	0	0	0	0	0	0	0	0	0	0	0	2.96328227775522e-05	0	0	0	0	0	0	0	0	0	0	0	0	0	0	0	0	0	0	0	0	0	0	0	0	0	0	0	0	0	0	0	0	0
plasmid__repUS15	0	0	0	0	0	0	0	0	0	0	0	3.78652125184292e-05	0	0	0	0	0	0	0	0	0	0	0	0	0	0	0	0	0	0	0	0	0	0	0	0	0	0	0	0	0	0	0	0	0	0	0	4.30583576384969e-05	0	0	0	0	0	0	0	0	0	0	0	0	0	0	0	0	0	0	0	0	0	0	0	0	0	0	0	0	0	0	0	0	0	0	0	0	0	0	0	0	0	0	0	0	0	0	0	0	0	0	0	0	0	0	0	0	0	0	0	0	0	0	0	3.6488228652756e-05	0	0	0	0	0	0	0	0
plasmid__repUS16	0	0	0	0	0	0	0	0	0	0	0	0	0	0	0	0	0	0	0	0	0	0	0	0	0	0	0	0	0	0	0	0	0	0	0	0	0	0	0	0	0	0	0	0	0	0	0	0	0	0	0	0	0	0	0	0	0	0	0	0	0	0	0	0	0	0	0	0	0	0	0	0	0	0	0	0	0	0	0	0	0	0	0	0	0	0	0	0	0	0	0	0	0	0	0	0	0	0	0	0	0	0	0	0	0	0	0	0	0	0	0	0	0	0	0	0	0	0	0	0
plasmid__repUS17	0	0	0	0	0	0	0	0	0	0	0	0	0	0	0	0	0	0	0	0	0	0	0	0	0	0	0	0	0	0	0	0	0	0	0	0	0	0	0	0	0	0	0	0	0	0	0	0	0	0	0	0	0	0	0	0	0	0	0	0	0	0	0	0	0	0	0	0	0	0	0	0	0	0	0	0	0	0	0	0	0	0	0	0	0	0	0	0	0	0	0	0	0	0	0	0	0	0	0	0	0	0	0	0	0	0	0	0	0	0	0	0	0	0	0	0	0	0	0	0
plasmid__repUS18	5.4483106165266e-05	0	0	0	0	2.95434501651268e-05	0	0.000122163777719104	0	4.00453620363638e-05	0	2.89410324755395e-05	4.67633075160858e-05	2.73382314475742e-05	0	0	0.000126845497152638	5.54311087685128e-05	2.67756022234428e-05	5.0693248128427e-05	5.26601774135391e-05	1.5453907413699e-05	0	0.000175256242872988	9.66302757976252e-05	2.7986111406513e-05	2.39348308759282e-05	0	0.000102343074689068	0	0	0	4.96414623253629e-05	5.14757895133289e-05	0	2.65613616705943e-05	0	0.000417282095546891	0.000537268816975397	0	3.20788111242437e-05	0	0	0	5.67859030412572e-05	8.14984591974663e-05	5.42892217244358e-05	0.000321862171769739	0	0	0.000108884665446328	2.51296112962177e-05	0	2.9542079039231e-05	0	2.68892349363586e-05	0	0	0	6.42146389906733e-05	0	0	7.67732242059671e-05	7.46231922616306e-05	7.7364488463678e-05	0	0.000110230987271011	0.000299143460140116	8.38750431652359e-05	0	0	0.000135054485046768	2.49972212034431e-05	0	3.05868144162498e-05	0	5.33328573586691e-05	2.77917280925328e-05	7.83240700847793e-05	6.66183157714247e-05	0	5.15113022367945e-05	0	4.23807528450777e-05	8.0359904694441e-05	0	0	0	7.55510137616263e-05	5.1909081888547e-05	0	0.000213255697461986	3.91254525611556e-05	2.60589824031964e-05	2.53271267682112e-05	0	5.08110330534895e-05	9.57950902918126e-05	0.000127129770292159	0.000102505857540088	5.57908982572084e-05	2.76804404167516e-05	2.92821793987123e-05	0	2.33493371802398e-05	4.78530539232179e-05	0	2.79306420817068e-05	0	3.04742615727321e-05	0	0	0	6.7535736036922e-05	0.00010772942385941	2.32251286982146e-05	2.55355379850862e-05	5.20292033569246e-05	0	2.48977811427317e-05
plasmid__repUS19	0	0	0	0	0	0	0	0	0	0	0	0	0	0	0	0	0	0	0	0	0	0	0	0	0	0	0	0	0	0	0	0	0	0	3.24202222814311e-05	0	0	0	0	5.98389766682458e-05	0	0	0	0	0	0	0	0	0	0	0	0	0	0	0	0	0	0	0	0	0	0	0	0	0	0	0	0	0	0	0	0	0	0	0	0	0	0	0	0	0	0	0	0	0	0	0	0	0	0	0	3.03293692944543e-05	0	0	0	0	0	0	0	0	0	0	0	0	0	0	0	0	0	0	0	0	0	0	0	0	0	0	0	0
plasmid__repUS2	0	0	0	4.53597004372263e-05	0	0.000180878266317103	0	0	0	0	4.83050638688767e-05	0	9.44713283153248e-05	0	5.62575509228379e-05	0	0	0	0	0	0	0	5.06022889461974e-05	0.000153026099971694	0	0	0	0	0	0	0	0	4.56701453393339e-05	0	0	0	0	0	0	0	0	0	0	0	0	5.69919295087177e-05	0	0	9.2939542250865e-05	0	0	0	0	0	0	0	0	0	0	0	0	0	0	0	0	0	0	0	0.000112583950557364	0	0	0	0	0	0	0	0	0	0	0	0	0	0	0	0	0	0	0	0.000102790494913777	0	0	0	0.000122004099384249	5.31815967412171e-05	0	0	5.13242758116056e-05	0	0	0	0.000110465978549273	0	5.97844496057043e-05	9.098972762822e-05	0	0	0	0	0	0	0	0	0	0	0	0	0	0	0	0
plasmid__repUS20	0	0	0	0	0	0	0	0	0	0	0	0	0	0	0	0	0	0	0	0	0	0	0	0	0	0	0	0	0	0	0	0	0	0	0	0	0	0	0	0	0	0	0	0	0	0	0	0	0	0	0	0	0	0	0	0	0	0	0	0	0	0	0	0	0	0	0	0	0	0	0	0	0	0	0	0	0	0	0	0	0	0	0	0	0	0	0	0	0	0	0	0	0	0	0	0	0	0	0	0	0	0	0	0	0	0	0	0	0	0	0	0	0	0	0	0	0	0	0	0
plasmid__repUS21	0	0	0	0	0	0	0	0	0	0	0	0	0	0	0	0	0	0	0	0	0	0	0	0	0	0	0	0	0	0	0	0	0	0	0	0	0	0	0	0	0	0	0	0	0	0	0	0	0	0	0	0	0	0	0	0	0	0	0	0	0	0	0	0	0	0	0	0	0	0	0	0	0	0	0	0	0	0	0	0	0	0	0	0	0	0	0	0	0	0	0	0	0	0	0	0	0	0	0	0	0	0	0	0	0	0	0	0	0	0	0	0	0	0	0	0	0	0	0	0
plasmid__repUS22	0	0	0	0	0	0	0	0	0	0	0	0	0	0	0	0	0	0	0	0	0	0	0	0	0	0	0	0	0	0	0	0	0	0	0	0	0	0	0	0	0	0	0	0	0	0	0	0	0	0	0	0	0	0	0	0	0	0	0	0	0	0	0	0	0	0	0	0	0	0	0	0	0	0	0	0	0	0	0	0	0	0	0	0	0	0	0	0	0	0	0	0	0	0	0	0	0	0	0	0	0	0	0	0	0	0	0	0	0	0	0	0	0	0	0	0	0	0	0	0
plasmid__repUS23	0	0	0	0	0	0	0	0	0	0	0	0	0	0	0	0	0	0	0	0	0	0	0	0	0	0	0	0	0	0	0	0	0	0	0	0	0	0	0	0	0	0	4.47073461095777e-05	0	0	0	0	0	0	0	0	0	0	0	0	0	0	0	4.69276684617626e-05	0	0	0	0	0	0	0	0	0	0	0	0	0	0	0	0	0	0	0	0	0	0	0	0	0	0	0	0	0	0	0	0	0	0	0	0	0	0	0	0	0	0	0	0	0	0	0	0	0	0	0	0	0	0	0	0	0	0	0	0	0
plasmid__repUS3	0	0	0	0	0	0	0	0	0	0	0	0	0	0	0	0	0	0	0	0	0	0	0	0	0	0	0	0	0	0	0	0	0	0	0	0	0	0	0	0	0	0	0	0	0	0	0	0	0	0	0	0	0	0	0	0	0	0	0	0	0	0	0	0	0	0	0	0	0	0	0	0	0	0	0	0	0	0	0	0	0	0	0	0	0	0	0	0	0	0	0	0	0	0	0	0	0	0	0	0	0	0	0	0	0	0	0	0	0	0	0	0	0	0	0	0	0	0	0	0
plasmid__repUS4	0	0	0	0	0	0	0	0	0	0	0	0	0	0	0	0	0	0	0	0	0	0	0	0	0	0	0	0	0	0	0	0	0	0	0	0	0	0	0	0	0	0	0	0	0	0	0	0	0	0	0	0	0	0	0	0	0	0	0	0	0	0	0	0	0	0	0	0	0	0	0	0	0	0	0	0	0	0	0	0	0	0	0	0	0	0	0	0	0	0	0	0	0	0	0	0	0	0	0	0	0	0	0	0	0	0	0	0	0	0	0	0	0	0	0	0	0	0	0	0
plasmid__repUS5	0	0	0	0	0	0	0	0	0	0	0	0	0	0	0	0	0	0	0	0	0	0	0	0	0	0	0	0	0	0	0	0	0	0	0	0	0	0	0	0	0	0	0	0	0	0	0	0	0	0	0	0	0	0	0	0	0	0	0	0	0	0	0	0	0	0	0	0	0	0	0	0	0	0	0	0	0	0	0	0	0	0	0	0	0	0	0	0	0	0	0	0	0	0	0	0	0	0	0	0	0	0	0	0	0	0	0	0	0	0	0	0	0	0	0	0	0	0	0	0
plasmid__repUS6	0	0	0	0	0	0	0	0	0	0	0	0	0	0	0	0	0	0	0	0	0	0	0	0	0	0	0	0	0	0	0	0	0	0	0	0	0	0	0	0	0	0	0	0	0	0	0	0	0	0	0	0	0	0	0	0	0	0	0	0	0	0	0	0	0	0	0	0	0	0	0	0	0	0	0	0	0	0	0	0	0	0	0	0	0	0	0	0	0	0	0	0	0	0	0	0	0	0	0	0	0	0	0	0	0	0	0	0	0	0	0	0	0	0	0	0	0	0	0	0
plasmid__repUS7	0	0	0	0	0	0	0	0	0	0	0	0	0	0	0	0	0	0	0	0	0	0	0	0	0	0	0	0	0	0	0	0	0	0	0	0	0	0	0	0	0	0	0	0	0	0	0	0	0	0	0	0	0	0	0	0	0	0	0	0	0	0	0	0	0	0	0	0	0	0	0	0	0	0	0	0	0	0	0	0	0	0	0	0	0	0	0	0	0	0	0	0	0	0	0	0	0	0	0	0	0	0	0	0	0	0	0	0	0	0	0	0	0	0	0	0	0	0	0	0
plasmid__repUS8	0	0	0	0	0	0	0	0	0	0	0	0	0	0	0	0	0	0	0	0	0	0	0	0	0	0	0	0	0	0	0	0	0	0	0	0	0	0	0	0	0	0	0	0	0	0	0	0	0	0	0	0	0	0	0	0	0	0	0	0	0	0	0	0	0	0	0	0	0	0	0	0	0	0	0	0	0	0	0	0	0	0	0	0	0	0	0	0	0	0	0	0	0	0	0	0	0	0	0	0	0	0	0	0	0	0	0	0	0	0	0	0	0	0	0	0	0	0	0	0
plasmid__repUS9	0	0	0	0	0	0	0	0	0	0	0	0	0	0	0	0	0	0	0	0	0	0	0	0	0	0	0	0	0	0	0	0	0	0	0	0	0	0	0	0	0	0	0	0	0	0	0	0	0	0	0	0	0	0	0	0	0	0	4.76919627363841e-05	2.7539085894176e-05	0	0	0	0	0	0	0	0	0	0	0	0	0	0	0	0	0	0	0	0	0	0	0	0	0	0	0	0	0	0	0	0	0	0	0	0	0	0	0	0	0	0	0	0	0	0	0	0	0	0	0	0	0	0	0	0	0	0	0	0
qacEdelta__qacEdelta	0	0	0	0	0	9.33167419408689e-05	0	0	0.000101821068150548	0	0	0	0.000123247077744705	0	0	0	0	0	0	0	8.41821145976998e-05	0	0	0	0	0	0	0	0	0	0	0.000110282826355955	0	0	0	0	0.000125118059712001	0.000933965767705738	0.000881113615540561	0	0	0	0	0	0	0	0	0	0.000127988479396791	0	0.00034125938655568	0	0	0	0.000214997991629811	0	0	0	0	0	0	0	0	0	4.56149061850777e-05	0	0	0	0	0	0	0	0	0	0	0	0.00016623867415559	0.00062346830864402	0	0	0	0	0.000267101504018353	0	0	0	0	0	0	0	0	0	0	0	0	0	0	0	0	3.68784545162927e-05	0	0	0	7.73698987548919e-05	0	0.000240341272902771	0.000109014276934615	0	0	0	0	0	0	0	0	0	0	0	0	0
Tn916__Tn916-orf13	0.000159873029640687	0	6.52240149810667e-05	0	0	0	0	0	0	0	0	0	0	0	0	0	0	0	0.0001132731494285	0	0	0	0	0	0	0	3.42414307180643e-05	0	0	7.69989017715722e-05	0	0	0	0	2.19540154741781e-05	0	0	0.000152483330177473	0.000355332399506501	0	0	0	0	0	0	0	0	0	0	0	0	7.48972846859137e-05	8.41298343705935e-05	0	0	0	0.00018505204591761	0	0	0	0	0	0	0	0	0	0	0	0	0	0	0	0	0	0	0	0	0	0	0	0	0	0	0.000240958499337152	0	0	0.000184871654000468	0	0	0	0	0	0	0	0	0	0	0	0	0	0	0	0	0	0	0	0	0	0	0	0	0	0	0	7.98295304685593e-05	0	0	0	0	0
Tn916__Tn916-orf14	0	0	0	0	4.0158521765935e-05	3.85187669328776e-05	0	0	0	0	0	0	0	0	0	0	3.57715206768814e-05	0	0.000165637023115348	0	0	2.2686706236781e-05	0	0	0	1.97813209007472e-05	3.05821210317699e-05	0.000104067139052473	0	0	0	0	0	0.000242796195459605	0	0	0	0.000213338530565974	0.00042772237711376	0	0	0	8.52296956262265e-05	0	0	0	0	0	0	2.81443145407398e-05	0	7.04513166990894e-05	7.05028162884105e-05	0	7.18137509523845e-05	2.01398168061765e-05	0.000395296982200544	0	0	6.1972894407945e-05	0	0	0	0	0	0	0	4.11660898097009e-05	0	0	0	0	0	1.82393146616477e-05	0	0	0	0	2.58767771466888e-05	0	0	0	0	0.000235735424566967	0	0	8.65030006230939e-05	0	0	0	0	0	0	0	0	0	0	0	0	1.57406960354572e-05	0	0	0	0	0	0	1.67189649852354e-05	2.24342201369398e-05	0	2.89961686461505e-05	1.86617069602194e-05	9.47710729229516e-05	0	0	0	5.36681267343773e-05	0	0	0	1.82752695357848e-05
Tn916__Tn916-orf15	3.34044725495751e-05	0	0	0	3.62314237575009e-05	0	0	3.0450499414162e-05	0	2.55862461078753e-05	0	0	0	0	0	0	0	4.72947720636767e-05	0.000100519772046791	0	0	0	1.56708316381812e-05	3.13799142727988e-05	6.06644173753019e-05	0	0	3.91895915613701e-05	0	0.000178048142643556	0	0	0	6.12147560750049e-05	0	0	0	0.000164560594534972	0.000419477044754556	0	0	0	0	0	0	5.29488458327923e-05	0	6.11510918167466e-05	0	0	0	0	0.000221665471239114	0	2.63785621381187e-05	0	0.000275010957924336	0	0	0	0	0	0	0	0	0	0	0	0	0	0	0	0	0	0	0	0	0	0	3.61038553072285e-05	0	0	0	0.000201706456636973	0	1.54706951267562e-05	0.000154511116856486	0	0	1.5588390212014e-05	0	0	2.57966611042218e-05	0	0	1.44126376393151e-05	3.05172883625241e-05	0	0	0	0	0	3.74066858587575e-05	0	1.41726972690754e-05	0	0	7.11637288361086e-05	0	0	0	0	0	0	0.000128368716600254	0	0	0	0	0
Tn916__Tn916-orf16	3.0006713699557e-05	0	2.46100759467164e-05	2.49845232334751e-05	0	0.000117072866768299	0	0	2.23806700777969e-05	0	5.37512230305638e-05	0	0	0	6.65960787415739e-05	2.6398543440634e-05	0	0	0.000156268693288658	2.84921309821464e-05	0	0	0	0	1.2800579251903e-05	0	0	3.44993274536699e-05	2.86135062006335e-05	8.77457215298618e-05	0	0	0	2.83533190620843e-05	7.46857032409733e-05	2.92604647462385e-05	0	0.000161531517731116	0.000398562161612468	0	0	1.99793206455311e-05	5.16308126739661e-05	0	0	3.1391657643368e-05	3.05132472942489e-05	0	0	0	0	0	0.000327375373008933	0	4.97904362720589e-05	0	0.000612503450504166	2.68439250838245e-05	3.6252046404735e-05	1.78636311898074e-05	2.85561448269963e-05	0	0	0	0	0	0	0	0	0	2.80446223084247e-05	3.02986322991939e-05	0	0	0	3.23343761023125e-05	2.96729377951419e-05	0	0	0	0	0	9.6427334506727e-06	0.000120069232349304	0	0	0.000328221642731876	0	4.23204591559223e-05	0	0	2.41594240703374e-05	3.48761380449074e-05	1.4202614659125e-05	0	2.09735670235062e-05	0	0	0	6.44288293608173e-06	0	0	0	0	1.29909302448883e-05	0	0	0	0	1.55986391834544e-05	0	3.0101894319194e-05	3.00886898271391e-05	2.06788753551662e-05	9.09714241267262e-05	0	0	0	2.82915122943524e-05	2.7704883918628e-05
Tn916__Tn916-orf17	0.000146362900585981	0	0	0	0	0	0	0	0	0	0	0	0	5.15650740963813e-05	0	0	0	0	0.000462405370604341	0	0	0	0	0	0	0	0	0	0	0.000136028355697755	0	0	0	0.00018944918083728	0	0	0	0.000319458476167899	0.000530231501443439	0	0	0	0	0	0	0	0	0	0	0	0.000146988308740843	0	0.000286414794113142	0	0	0	0.000256770473231437	0	0	0	0	0	0	0	0	0	0	0	0	0	0	0	0	0	0	0	0	0	0	0	0	0	6.84691132592145e-05	0.000410463728660564	0	0	0.000341917185894833	0	0	0	0	0	0	0	0	0	0	0	0	0	0	0	0	0	0	0	0	0	0	0	0	0	0	0	0.000267367519738544	0	0	0	0	0
Tn916__Tn916-orf18	0	0	0	0	0	0	0	0	0	0	0	0	0	7.95408682209605e-05	0	0	0	0	0.000342236570047019	0	0	0	0	0	0	0	0	0	0	0	0	0	0	7.03915916838896e-05	0	0	0	0.000146500820776009	8.62322681241976e-05	0	0	0	0	0	0	0	0	0	0	0	0	3.86594848480217e-05	0	0	0	0	0.000246579079160173	0.000125672076123929	0	0	0	0	0	0	0	0	0	0	0	0	0	0	0	0	0	0	0	0	0	0	0	0	0	7.47306775357956e-05	0	0	0.00031328677093135	0	0	0	0	0	0	0	0	0	0	0	0.000117479638462753	0	0.000164791525502858	0	0	0	0	0	0	0	0	0	0	0	0	0	0	0	0	0	0	6.80939315590374e-05
Tn916__Tn916-orf19	0.00013843141389029	0	0	6.95719729679078e-05	0	0	0	0	0	0.000253442140500981	0	0	0	0	0	0	0	0.000128396547861759	0.000331896364460799	0	0	0	0	0	0.000104856019076592	0.000140792831816441	0	0	0	0.000113261222403184	0	0	0	0.000151589243928982	0	0	0	0.000138027530060856	0.000634483045246799	0.000289623287514538	0	0	0.000319288867858142	0	0	0	0	0	0.00018044197819831	0	0	0	0	0.000132157555161425	0.00013229891239987	0	0.000203787261724126	0	0	0	0	0	0	0	0	0.000318426422112884	0	0	0	0	0	0	0	0	0	0	0	0.000167095887336888	0	0.000102178092433199	0	0	0	0.000171060293311391	0	0	0.000847238443129811	0	0	0	0	0	0.000105824058990606	0	0	0	0	0	0	0.000205243550107973	0	0	0	0	0	0	0	0	0	0	0	0	0	0	0	0	0	0	0	0
Tn916__Tn916-orf20	7.4955546057669e-05	0	0	0	0	0	0	0	0	0	0	0	5.06881617924588e-05	0	0	0	0	3.81298839104619e-05	3.60849674491815e-05	0	0	0	0	0	4.52176306041247e-05	0	2.04156854392615e-05	8.70483958014676e-05	0	0	0	0	2.52690086103468e-05	7.0110025317154e-05	0	0	0	0.000133386777607151	0.00055696638051709	0	0	0	8.62627828459384e-05	0	0	0	0	0	0	0	0	6.12216982273385e-05	0.000195836408692299	8.12854780837021e-05	3.70837860514787e-05	0	9.23281063321551e-05	0.00015725194555598	0	0	0	0	0	0	0	0	0	6.63239933037928e-05	0	0	0	0	0	3.69207945272141e-05	0	0	0	0	0	4.09154699137267e-05	0	0	0	0.000377452312659462	0	0	0.000386102211326606	0	0	0	0	0	0	0	0	2.3049738304621e-05	0	7.53090406796241e-05	0	0	0	0	0	0	0	0	0	0	0	0	0	0	0	0	0.000184321547698542	0	0	0	2.19057880317704e-05	0
Tn916__Tn916-orf5	0	0	0	0	0	0.000159675313987709	0	0.000198616641320704	0	0	0	0	0	0	0	0	0.000142234379834266	0	0.000253990916718197	0.000273984936313165	0	0	0	0	0	0	0	0	0	0	0	0	0	0.000242046515975889	0.000135470214533123	0	0	0.000952499503078686	0	0.000345862306836144	0.000176916669708535	0	0	0.00017549282163308	0	0	0.000556899786114949	0.000177872025006648	0.000130347848060398	0	0	0.00013864914010309	0.000267873398818559	0	0.000116549041876076	0	0.000582546385190979	0	0	0	0.000108186994401706	0	0	0	0	0	0	0	0	0	0	0	0	0	0	0	0	0	0.000144047392783234	0	0	0	0	0.000144668133771919	0	0.000129375222788682	0	0.00014343443896264	0	0	0	0	0	0	0	0	0	0.000257395542608572	0.00020167620474919	0	0	0	0	0	0.000113577847283881	0	0	0.000168112841923606	0	0	0	0	0	0	0	0	0	0	0	0
Tn916__Tn916-orf6	9.91475476953293e-05	0.000670584822968709	0	0.000382447074257871	0.000127742345426879	0	0.000215164530688602	0.000193248623987712	9.53562384267036e-05	7.59423323496624e-05	0.000264558400592337	0.000417118372822061	0.000119138841819882	0	0	0.000666579094016125	0.000527215434585681	0.000448368897295033	0.000303213962593817	0.000972926100377362	0.000349128617493444	0.00031182550959197	0	0	0.00163429436326337	0.000334784968260388	0.000265623434209746	0	9.26532581734799e-05	0.00100728007769907	0.000234822958922647	0.000248136359300899	0.000107320113789118	0.000471109693930082	0	0.00022969253711333	0.000197108897025407	0	0.000295379737479394	0.000211675291615563	0.0001651222250613	0.00016803881309785	0.000623556687429212	0.000157019893040124	0.000626355684663041	0.000151960386013879	0.000339329618779718	0.000355744050013296	0.00139461600038605	0.000208893356813491	0	0.000350867211689453	0.000564818329291845	0	0.000213673243439473	0	0	0.000380806338604095	0.000507493775162774	0.000138825933817932	0.000255210345768127	0.000126722413711939	9.2827963645225e-05	0.000193439130334477	0.000410172132600738	0.000219125573786836	0.000632248092199715	0	0.000243395778824015	0	9.44436042691332e-05	0.000396363822154026	0.000252194187252515	0.000123772568319804	0.000275524082241615	0.000126911259737792	0	0	0.000301813584879157	0.000107159564059761	0.000313390263157173	0.000163331710076541	9.18355566730733e-05	0	0	0.000281250484323222	0.00014675302708883	0	0.0179445282799359	0	0.000405793362647163	0.000173845591193962	0	0	9.12580599426023e-05	0.000187812682482097	0	0.000461536835022267	0.000537803212664507	0.000370891885421001	0.000305557008486781	0.000407091673119703	0.000246187211981767	0.000104633577363759	0.000201916172949121	9.0748899252886e-05	0.000715914654495976	0.000356810929797042	0.000196466897172468	0	0.000133183977023788	0.000124604404957999	0.000327364945319274	0.000339700363558038	0.000918204327990986	0.000267789420418779	0.000114091162413366	0.000291620473136343	0.000259100718655349	0.000222483410668448
Tn916__Tn916-orf7	0	0	0	5.11181304927323e-05	0	0	0	0	0	0	0	0	0.000299621512832128	0	0	0	6.43988851675146e-05	0	0.000140756965227304	0	0	0	0	0	0	7.74957257982902e-05	0	0	4.30541948618894e-05	0.000380429183901759	0	0.000350206634758007	0	8.1214922944221e-05	8.96729552465116e-05	0	0	0	0.000174617285069652	0	0	0	0	0	0	0	0	0	0	0	4.75679186371962e-05	0	0.000252365636492101	0	0.000170112005802102	0	0.000109134877461176	0.000183093519416724	0	0	0.000138819318512173	0	0	0	0	0.000337610935401582	0.00014124691421483	0	0	0	0	0.00015605729589338	0	0	0	0.000187126602124021	0	0	0	0	0	0	0	0	0	0	0	8.71941878192343e-05	0	0	0	0	0	0	0	7.4925272266794e-05	0	0	0.00012014752623356	0	0	0	0	7.79186214410968e-05	0	0	0	0.000173733636030475	0	0	0	0	0	0	0.000172556342526294	0	0	0	0	0
Tn916__Tn916-orf8	0	0	0	0	0	0	0	0	0	0	0	0	0.000139253191737524	0	0	0	0	0	0.000312521593086661	0	0	0	0	0	0	0	0	0	0	0.000155497782149084	0	0.000296474611112763	0	0.000148718235521236	0	0.000128419009386089	0	0	0	0	0	0	0	0.000188927678791593	0	0	0	0	0	0	0	0	9.17452232740095e-05	0	0.000473612924714599	0	0.000567558056240953	0	0	0.000117371016773342	0	0	0	0	0	0.000154555655492283	0	0	0	0	0	0.000144489062081351	0	0	0	0	0	0	0	0	0	0	0	9.20615396730395e-05	0	0	0.000285167814002158	0.000159667278993663	0	0	0	0	0	0	0	0	0	0.000103280970074913	0	0	0	0	0	0	0	0	0	0.000273222355334099	0	0	0	0	0	0	0	0	0	0	0	0
Tn916__Tn916-orf9	0	0	0	8.72597627055115e-05	0.000227338072369869	0	0	0	0	0	0	0	8.72338638409982e-05	0	0	0	0	0	6.72770579561011e-05	0	0	0	0	0	0.000101164868470245	0	9.02464826552373e-05	0	0.00039178194659525	8.92926247323893e-05	0	0	0	0	0	0	0	0.00048638272497635	8.24906646259274e-05	0	0	0	0	0.00012657087091021	0	0	0	0	0.000203685351661143	0.000179241121842084	0	0.000100713661091833	0.000330380711432113	0	0.000192898541342353	0	0.000130406929847677	0	0	0	0	0	0	0.000165242918116231	0.000104179806922699	0	0.000108191084877722	0	0.000106124684919454	0	0	0	0	0	0	0	0	0	0	8.4674218245187e-05	0	9.90937763368844e-05	0	0	0	0.000168178255710564	0.00030361087066153	8.96031119911894e-05	0	0	0	0.000180062780980729	8.09320004682186e-05	0	0	0	0	0.000103198914219451	0	0	0	0	0	0	0	0	0	0	0	0.000117248430118817	0	0	8.15638084100564e-05	0	0.000534411349985879	0	0	0.000169849828729642	0	5.9391757932679e-05
Tn916__Xis-Tn916	0.000117577327149285	0	0.000292337871851904	0.000308899559977511	0.000220919115032367	0.000217373116521083	0.000176468113163603	0.000440966835619019	0.000639615992223354	0.000225146679436646	0.000164478742473525	0.00020868186828539	8.830290629003e-05	0.000532034830906201	0	0.000252786052340617	0.000182729344445905	0	0.000288215410968187	0.000100154157391787	0.000288298983051652	0.000305405572629782	0.000172300793861802	0.000724836465187864	0	0.000295220550501763	0.000162996198265071	0.000228118001938552	0.000460105179706187	0.000461325331922886	0.000110998247389907	0	8.94860360565145e-05	0.000391791317948802	0.000290065635823863	9.22147979881456e-05	0	0.00072242140033252	0.000362074076394425	0.000868491270010914	0.000139868237698983	0.000778415090085629	0	0.000236752312775897	0.000112191356458762	0.000190252470565866	0.000395747570967834	0.000123045589063422	0.00047912652328657	0	0.000105939661932187	0.000384489212050586	0.00178148635890072	0.000345164438186309	0	0.00020517164136314	0.00254354881169957	0.00019941201490841	0.000123037248403949	0.000291534461017657	0.000167910131582738	9.25005854100514e-05	0.0010595492979835	0.000465960728658637	0.00072313042452226	0.000441029108701801	0.00021778228967739	0.000614847426611518	0.000514889452703449	0.000194905711027384	9.42299309563071e-05	0.000341768572334907	0.000190258261853736	0.000637861020743694	0.000225484046716851	0	0.000284140858886813	0.000337702192474971	0.000265095622012843	0	0	0.000674070840917489	0.000272265415077817	0.00108341539887279	0.000334120575911652	0	0.000365398851455551	0.000310975506322363	0.000888729642274369	0.000385077176101313	0.000264443356590481	8.69739266532146e-05	0.000755571634959469	0.000280501639517719	0.000290844805158247	0.000270325974969636	0.000284411964872488	0.000197353986016309	0.000107183591716909	0.000237670792753237	9.312157282637e-05	0	0.000118115555748605	8.07832766411371e-05	0.000607975535460773	0.000299311222418195	0.000606421824984827	0.000334812970889872	0.00048980143027703	0.000508651277721338	0.000176272910766779	0.000286743818050879	0.000678800842500259	0.000233015619855776	0.000277478056199245	0.0008094230588136	0.000456905879076678	0.000291230606193647	8.91611296549287e-05	0.000312511090602123
tniAb__tniAb	0	0	0	0	0	0	0	0	0	0	0	0	0	0	0	0	0	0	0	0	0	0	0	0	0	0	0	0	0	0	0	0	0	0	0	0	0	0	0	0	0	0	0	0	0	0	0	0	0	0	0	0	0	0	0	0	0	0	0	0	0	0	0	0	0	0	0	0	0	0	0	0	0	0	0	0	0	0	0	0	0	0	0	0	0	0	0	0	0	0	0	0	0	0	0	0	0	0	0	0	0	0	0	0	0	0	0	0	0	0	0	0	0	0	0	0	0	0	0	0
tniA__tniA	0	0	0	1.7392993241977e-05	0	0	0	0	1.01477078055445e-05	0	0	0	0	9.16929453102739e-05	4.74417779987593e-05	0	0	0	0	0	0	0	0	0.000362386103158272	0	0	0	0	0.000107445285849022	0	0	0	0	0	0	2.21263453182565e-05	0	3.1715351938009e-05	0.000924232391670597	0	0	0	0	0	0	0	0	0	0	0	0	0	0	0	0	0	0	0	0	0	0	0	0	0	0	0	0	0	0	0	0	0	0	0	0	0	0	4.61282919178856e-05	0	5.97112511044197e-05	0	0	0	0	0	0	0	0	0	0	0	1.93161767993291e-05	9.4320751162961e-06	0	0	0	0	0	1.68452303004925e-05	0	0	0	0	0	0	0	0	0	0	0	0	0	0	0	0	0	0	0	0	4.49419948289647e-05
tniB__tniB	0	0	0	0	0	0	0	0	0	0	0	0	0	0	0.000116304768069417	0	0	0	0	0	0	0	0	0	0	0	0	0	0	0	0	0	0	0	0	0	2.20299824591978e-05	4.30744848687542e-05	0.000252160167119283	0	0	0	0	0	0	0	0	0	0	0	0	5.61320714808504e-05	0	0	2.98038693801183e-05	0	0	0	0	0	0	0	0	0	0	0	0	0	0	0	0	0	0	0	0	0	0	4.56276592728033e-05	0	0.000122629853599686	0	0	0	0	0	0	0	0	0	0	0	0	0	0	0	0	0	0	0	0	0	0	0	0	0	0	0	0	0	0	0	0	0	0	0	0	0	0	0	0
tnp-ISCR__tnp-ISCR5	0	0	0	0	0	0	0	0	0	0	0	0	0	0	0	0	0	0	0	0	0	0	0	0	0	0	0	0	0	0	0	0	0	0	0	0	0	0	0	0	0	0	0	0	0	0	0	0	0	0	0	0	0	0	0	0	0	0	0	0	0	0	0	0	0	0	0	0	0	0	0	0	0	0	0	0	0	0	0	0	0	0	0	0	0	0	0	0	0	0	0	0	0	0	0	0	0	0	0	0	0	0	0	0	0	0	0	0	0	0	0	0	0	0	0	0	0	0	0	0
tnp-ISCR__tnp-ISCR5b	0	0	0	0	0	0	0	0	0	0	0	0	0	0	0	0	0	0	0	0	0	0	0	0	0	0	0	0	0	0	0	0	0	0	0	0	0	0	0	0	0	0	0	0	0	0	0	0	0	0	0	0	0	0	0	0	0	0	0	0	0	0	0	0	0	0	0	0	0	0	0	0	0	0	0	0	0	0	0	0	0	0	0	0	0	0	0	0	0	0	0	0	0	0	0	0	0	0	0	0	0	0	0	0	0	0	0	0	0	0	0	0	0	0	0	0	0	0	0	0
transposase__delta-tnpA	0	0.000455355203141626	0	0	0	0	0	0.000136640441203433	0	0	0	0	0.0019284759207193	0	0	0	0	0	0	0	0	0	0.000689203175447208	0	0	0	0	0	0	0	0	0.00100156857754181	0	0	0	0	0	0.00135744996879763	0	0	0	0	0	0	0	0	0	0.000857155926821509	0	0	7.52758308400075e-05	0	0	0	0	0	0	0	0	0	0	0	0	0	7.60248436417961e-05	0	0	0.000336721812157717	0	0	0	0	0	0	0	0	0	0	0	0	0	0	0	0	0	0	0	0	0	0	0	0	0	0	0	0.000371356894907783	0	0	0	0	0	0	0	0	0	0	0	0	0	0	0	0	0	0	0	0	0	0	0	0
transposase__tnpA	0.65956119663138	0.715881547554377	2.01938291635524	0.678794612102786	0.492664878206861	1.06181820902534	0.685780311081832	0.447779062338653	0.244698010861546	0.283148598798848	0.275882745475905	0.377322497485342	0.409262112152467	0.47108416458248	0.840135102689742	0.402810975652597	0.24278508081425	0.380963874639273	0.50578538165862	0.494068766119792	0.336780654163951	0.440758019859413	0.402705237978868	0.496692136714732	0.288989030520714	0.353043606059565	0.372901572689387	0.371824210699849	0.200272950785129	0.464122420933205	0.397920415057443	0.603407311086793	0.247353812342284	0.624455836245779	0.293831568927869	0.378204607761383	0.309742222302599	0.321767083038662	0.445043138637044	0.253741311058553	0.240586896826049	0.296174415382753	0.411598826182259	0.248236884738779	0.334455368547352	0.524147781471873	0.23525414513102	0.323287270610516	0.287445308986589	0.417600318127859	0.299104277409395	0.255351062037832	0.288188451093627	0.289852933744916	0.300773026611261	0.192184003027725	0.28582342783493	0.269990532658189	0.25844239831214	0.295812547981734	0.274222674558916	0.737759235072112	0.254474931781819	0.319112299956752	0.268309418578188	0.403565019787511	0.230667349513966	0.40332033745839	0.319198342595637	0.261650367854551	0.3460114159452	0.228412095302416	0.234841277304048	0.432663901606824	0.418357639857685	0.275346072001644	0.202251944707084	0.20610464416465	0.334122636210797	0.284905761001156	0.183741219904771	0.196774955762127	0.234130219858025	0.236884562935978	0.181052709275162	0.274850202933407	0.236865796173671	0.307235724895444	0.206080181799449	0.305539408228329	0.268399407695861	0.319999347156641	0.325329852848257	0.378995618335019	0.338207334971274	0.398872843258992	0.286088363360498	0.462018491315006	0.276340508919189	0.367135650242283	0.229759794287506	0.297690299137124	0.249948849557008	0.255184769738072	0.234536193409328	0.249052715977225	0.271587227543138	0.268937047192372	0.213457675588338	0.324832337222903	0.279013045485143	0.323596959995264	0.298684380604305	0.208439462605379	0.267141932544265	0.287486348579394	0.305258989488191	0.309123527366029	0.281735456007823	0.234194959291242
transposase__tnpA03	0	0	0	0	0	0	0	0	0	0	0	0	0.000486086474625118	0	0	0	0	0	0.000520224947392367	0	0	0	0	0	0	0	0.000715207560872192	0	0	0	0	0	0	0	0.000151726640277098	0	0	0	0	0	0	0	0	0	0	0	0	0.000181106061824951	0	0	0	0	0	0	0	0	0	0	0	0	0	0	0	0	0	0	0	0	0	0	0	0	0	0	0	0	0	0	0	0	0	0.00020834916901086	7.01289705503469e-05	0	0	0	0	0	0	0	0	0	0	0	0	0	0	0	0	0	0	0	0	0	0	0	0	0	0	0	0	0	5.95208991489589e-05	0	0	0	0	0	0	0
transposase__tnpA1	0	0	0.000144603578560004	0	0	0	0	0	0	0	3.37392292253385e-05	0	0.000127081431274541	2.66656226622191e-05	0.00106991931722705	9.08540575919238e-05	1.94587750913329e-05	0	0.000169483232016886	0	0.000233246054104846	2.29849136999541e-05	0.000420245838687322	0	7.38703866305008e-05	0	6.01832116671033e-05	0	0.000104007493811466	0	0	0	2.63036874288516e-05	0	0	5.9697317814108e-05	0.000179694858902827	0.000339304636868942	0.000733641905111366	4.44281162439382e-05	0	0.000112745869509501	0	0	0.000124448760639039	0	0	0.000130181188994964	2.69252104093445e-05	0	0	0	0	2.82149308087769e-05	0	0	0	0	0	0	4.28495269148437e-05	2.9157037445714e-05	8.94535752923897e-05	5.55743690407195e-05	0	5.504597840888e-05	0	0	0	1.9986711831738e-05	2.75805614571974e-05	0	0	0	0	0	1.70635075692994e-05	0.00017150190043858	2.57395062023089e-05	3.67557304724979e-05	0	0	0	0	0	0	2.57805558164704e-05	0	8.13250270671249e-05	0	0	2.56861108031209e-05	0	2.59533121295412e-05	0	1.69031414233887e-05	3.1715551102916e-05	3.4410438587459e-05	0	0	0	0	0	4.84114909382536e-05	0	0	0	0.00010842921629019	0	3.3348967159528e-05	0	0	1.96617570798431e-05	0	2.02174136610113e-05	0	0.00017217526106776	0	0	0
transposase__tnpA-1	0.00167889847430758	0.00493636093235249	0.0108871787766153	0.00256054308976067	0.00194878044745672	0.00318771307108342	0.00236680983757463	0.00141357789768789	0.000292425797841891	0.000198462628540451	0.000193777424995264	6.95197288036768e-05	5.55981261826115e-05	0.000814582660813557	0.00471542520714941	0.000166932588311465	9.60872254880377e-05	0.000381792909514861	0.0017634067835884	0.00133948191086436	0.000440205648143908	0.000757290523294784	0	0.00211486424828963	8.68465603666523e-05	0.000782509443885725	0.000611738818180021	0.00131926679859113	0	0.000653781786280149	0	0.00136934509391978	0.000228949576083451	0.00186960067512411	0.000184640884993293	0.000547433880120103	0	0.000514690714260688	0.000543801670538988	9.70178419904665e-05	0	0	0.00101968086325985	0.000142652059690048	0.00046767891121507	0.0013539533492588	0	0	3.95635744790368e-05	0.000993486857702256	0.000126176630741346	0	0	0.000136013399174449	0.000182593498939186	0	0	0	0	0	0.00019726403537633	0.000688653116939626	0.000112631262556206	0.000413959738915781	0	0.000494921554587509	0	0.000485485152449619	0.00105606724034197	3.50624030419633e-05	0.000369298709001098	0	5.52425362553129e-05	0.000408707334972685	0.00018827478953177	0.000108579633331222	0	0.000523390292610781	0.00150906792439579	0	0	0	0	0	0	0.00018125031211941	0	0.000231576690570068	0	0	0.000262504745893221	0.000217886474296433	0.000325406591512215	0	0	0.000930119951339909	0.00026999827761083	0.0011689636647715	0.000138619820318565	0.000542944510046854	0.00012865558252075	0	4.83582023535613e-05	0	4.93572867208963e-05	0	0	0	0	0.000452392831639397	0.000143331327654172	5.89526217005586e-05	0	0	0	0	0	4.16600675909061e-05	0.000235658272681769	0
transposase__tnpA10	0	0	0	0	0	0	0	2.79722987575265e-05	0	0	0	0	4.20385689994719e-05	0	0	0	0	0	0	0	0	0	0	0	0	0	0	0	0	0	0	0	0	0	0	0	0	6.03452512377606e-05	0	0	0	0	0	0	0	0	0	2.52110423532996e-05	0	0	0	0	0	0	0	0	0	0	0	7.23410573244805e-05	0	0	0	0	0	0	0	0	0	0	0	0	0	0	0	0	0	0	0	0	0	0	0	0	0	0	0	0	0	0	0	0	0	0	0	0	0	0	0	0	0	0	0	0	0	0	0	0	0	0	0	0	0	0	0	0	0	0	0	0
transposase__tnpA1000	0	0	0.000315732753950122	0.000116371317301971	3.72262028089489e-05	0.00112037050476722	0	0	0	0	0	0	0.00554624544829137	3.74012769196928e-05	0.000181530049486474	0.00213728064332783	0.000470044946233413	0.000138499280526132	1.73907344913348e-05	0	0	0.000191511718551978	0	0	0	7.23442981726129e-05	0	0	0	0	0	0	0	0	0	0	6.11532142554064e-05	0	0	0	0	0	0	0	0.000123819497148411	0.00015509795111195	3.59804190576828e-05	0.000432206118788686	0	3.32839736982869e-05	0	3.40034678364415e-05	0	3.83751184086148e-05	6.96793198855682e-05	0	0.000221464174940744	0	0	0	2.73354615545633e-05	0	0	0.000103560502652029	0	0.00011917810917073	3.61627540355235e-05	0	0	0	0.000124734776783977	0	0.000210739091236329	0.00013595726053369	4.09738602990213e-05	0.00017538809285652	0	0	3.53273802043493e-05	7.72652650731321e-05	0	0	0	0.000287214882177369	3.12537129443056e-05	0	0.000280240021417752	0	0	0	0.000116539768366262	0.000140389641369339	0	0	0	8.97752682894573e-05	0	0.000114838206667255	0.000134987586490475	0.00010975534549261	0	0	0.00043743135519507	0.000122282073459877	0	3.27163413615555e-05	0.00019879690191369	0	0.000284926826683599	0.000157948228522293	0	0	0	0	0.000245783589573671	0	0	0	0	1.584766922178e-05
transposase__tnpA11	0	0	0	0	0	0	0	0	0	0	0	0	0	0	0	3.3633475478135e-05	0	0	0	0	0	0	0	0	0	0	0	0	7.36549560243436e-05	0	0	0	0	0	0	0	0	0	0	0	0	0	0	0	0	0	0	0	0	0	0	0	0	0	0	0	0	0	0	0	0	0	0	0	0	0	0	0	0	0	0	0.000104510209783062	0	0	0	0	0	0	0	0	0	0	0	0	0	0	0	0	0	0	0	0	0	0	0	0	0	0	0	0	0	0	0	0	0	0	0	0	0	0	0	0	0	0	0	0	0	0	0	0
transposase__tnpA1133	0	0	0	0	0	0	0	0	0	0	0	0	0	0	0	0	0	0	0	0	0	0	0	0	0	0	0	0	0	0	0	0	0	0	0	0	0	0	0	0	0	0	0	0	0	0	0	0	0	0	0	0	0	0	0	0	0	0	0	0	0	0	0	0	0	0	0	0	0	0	0	0	0	0	0	0	0	0	0	0	0	0	0	0	0	0	0	0	0	0	0	0	0	0	0	0	0	0	0	0	0	0	0	3.76461367508068e-05	0	0	0	0	0	0	0	0	0	0	0	0	0	0	0	0
transposase__tnpA13	0	0	0	0	0	0	0	0	0	0	0	0	0	0	0	0	0	0	0	0	0	0	0	0	0	0	0	0	0	0	0	0	0	0	0	0	0	0	0	0	0	0	0	1.75304322361723e-05	0	0	0	0	0	0	0	0	0	0	0	0	0	0	0	0	0	0	0	0	0	0	0	0	0	0	0	0	0	0	0	0	0	0	0	0	0	0	0	0	0	0	0	0	0	0	0	0	0	0	0	0	0	0	0	2.72491997452164e-05	0	0	0	0	0	0	0	0	0	0	0	0	0	0	0	0	0	0	0	0
transposase__tnpA1353	0.00144719996045325	0.00145350166784905	0.00795434725380122	0.00116082255354655	0.00102928084773471	0.00139734724152129	0.00145283830699338	0.00087950012917126	0.000139046059823141	0.000107021178885614	0.000264869327685521	0.000942962901697779	0.000186134198307334	0.000956825676763178	0.00243327330065446	0.00024167054914196	0.000196730861055426	0.000477186393412442	0.00105495978865386	0.000623819239184038	0.000662916989113133	0.000649565838233525	0.000131149342123935	0.000601128360939712	0.000372610836422883	0.000291614194016587	0.000473058222019793	0.000737392876744626	0.000270209284496918	0.000850455112753473	0.000142457090475404	0.00117804543396252	0.000423174670041867	0.0012156942254023	0.000217523953536422	0.000370429391649468	0.000135400122094077	0.000425466830294846	0.00060093342080834	9.15547013735276e-05	0.00016909798348996	7.81135764186899e-05	0.000596419205591326	0.000297916327046203	0.000328453623689516	0.000675244807376919	0.000196807303054215	2.84318933952374e-05	7.31157903115014e-05	0.000827765277508992	0.000225257442538904	0.000137995316141439	0.000236241475679677	8.08415646718373e-05	0.000310812532257481	0.00011223258717562	0.000264733664110969	5.01285169665205e-05	0.00014505084763295	8.32146908147486e-05	0.000134833798549341	0.000857305649692859	0.000186686948556568	0.000164224187504544	0.000250394834534397	0.00029624867915078	0.000183441660806265	0.00034326009977243	0.000408408664603441	0.000175856673897847	0.000191518087133665	7.5851302234378e-05	4.40727705878182e-05	0.000365752445667847	0.000247730924819378	0.000126270542698339	4.17917881179474e-05	7.25196813201345e-05	0.000117475543629045	6.34467849963149e-05	0.000112272822432036	0.000113070809177877	0.000123576778202796	9.73349676737282e-05	5.17525074264949e-05	0.00017982555238437	0.000302384256119866	0.000212465992804577	4.44015019388716e-05	0.000130810682734222	0.000267975866980308	0.000216068128177536	0.000402767922174807	0.000163150812278415	8.12710613826701e-05	0.000241649279086795	0.000321240137186659	0.000857514068833754	0.0002459457026623	0.000260884632026714	0.000215911859573809	0.000204178211974406	2.63515923504755e-05	0.000201810742515381	0.000201720137829753	0.000274868724206974	0.000220612923628178	8.22610410965997e-05	0.000176102314291678	0.000204708928981816	0.000107064400947278	0.000184881249273102	6.71257052926511e-05	0.000342433949381293	0.000212114037850828	0.000101142504153801	4.23205677301569e-05	0.000121847424521399	0.000134933616977407	0.000187003124820539
transposase__tnpA1B1-IS1068	0	0	0	0	0	0	0	0	0	0	3.91616053508393e-05	0	0	0	0	0	0	4.58559099506283e-05	0	0	0	0	0	0	0	0	0	0	0	0	0	0	0	0	0	0	0	0.000229294713203136	0.000102246832204406	0	0	0	0	0	0	0	0	0	0	0	0	0	0	0	0	0	0	6.14671100899001e-05	8.85742640295776e-05	0	0	0	0	0	0	0	4.55948143413256e-05	0	0	7.27544863120739e-05	0	0	0	0	3.20296745605877e-05	2.37958612008361e-05	0	0	0	0	0	0	2.72751603319028e-05	0	0	0	0	0	0	2.21044301086728e-05	0	0	0	0	2.29970311055358e-05	2.11289267792359e-05	0	0	0	0	0	2.83946442000993e-05	0	0	0	2.12352424251753e-05	2.45456452970049e-05	0	4.01864107852775e-05	0	0	2.98447647359078e-05	0	0	0	0	4.14040508758184e-05	0	0	0
transposase__tnpA1B1-ISLL6	0	0	0	0	0	0	0	0	0	0	0	0	0	0	0	0	0	0	0	0	0	0	0	0	0	0	0	0	0	0	0	0	0	0	0	0	0	0	0	0	0	0	0	0	0	0	0	0	0	0	0	0	0	0	0	0	0	0	0	0	0	0	0	0	0	0	0	0	0	0	0	0	0	0	0	0	0	0	0	0	0	0	0	0	0	0	0	0	0	0	0	0	0	0	0	0	0	0	0	0	0	0	0	0	1.78461263970183e-05	0	0	0	0	0	0	0	0	0	0	0	0	0	0	0
transposase__tnpA1-IS1068	0	0	0	0	0	0	0	0	0	0	0	0	0	0	0	0	0	0	0	0	0	0	0	0	0	0	0	0	0	0	0	0	0	0	0	0	0	0	0	0	0	0	0	0	0	0	0	0	0	0	0	0	0	0	0	0	0	0	0	0	0	0	0	0	0	0	0	0	0	0	0	0	0	0	0	0	0	0	0	0	0	0	0	0	0	0	0	0	0	0	0	0	0	0	0	0	0	0	0	0	0	0	0	0	0	0	0	0	0	0	0	0	0	0	0	0	0	0	0	0
transposase__tnpA1-IS981	0.000143593000110477	0	0	0	0	0	0	0	0	0	0	0	0	0	0	0	0	0	0	0	0	0	0	0	0	0	0	0	0	0	0	0	0	0	0	0	0	0	0	0	0	0	0	0	0	0	0	0	0	0	0	0	0	0	0	0	0	0	0	0	0	0	0	0	0	0	0	0	0	0	0	0	0	0	0	0	0	0	0	0	0	0	0	0	0	0	0	0	0	0	0	0	0	0	0	0	0	0	0	0	0	0	0	0	0	0	0	0	0	0	0	0	0	0	0	0	0	0	0	0
transposase__tnpA1-ISLL6	0	0	0	0	0	0	0	0	0	0	0	0	0	0	0	0	0	0	0	0	0	0	0	0	0	0	0	0	0	0	0	0	0	0	0	0	0	0	0	0	0	0	0	0	0	0	0	0	0	0	0	0	0	0	0	0	0	0	0	0	0	0	0	0	0	0	0	0	0	0	6.71607737716537e-05	0	0	0	0	0	0	0	0	0	0	0	0	0	0	0	0	0	0	0	0	0	0	0	0	0	0	0	0	0	0	0	0	0	0	0	0	0	0	0	0	0	0	0	0	0	0	0	0	0
transposase__tnpA2	0	0	0.000119433095843368	0	0	0	0	0	0	0	0	0	0.000298626517533573	0	0.000284408823754669	0	0	0	3.44561321129337e-05	2.28320780260971e-05	0	0	0	0.000162322078007358	0	0	0	3.83012941526457e-05	5.45528529432639e-05	0.000111900273135322	0	0	0	0	0	0	0	8.8785050121267e-05	0.00014482525863287	0	0	0	0	0	0	0	0	0.000292986756151024	0	0	0	0	0	0	0	0	0	0	0	0	0	0	0	0	0	0	0	0	0	0	0	0	5.30314879736598e-05	0	0	0	0	0.000144199366331542	0	0	3.13390263157173e-05	0	0	0	3.03421463167633e-05	5.51986931849314e-05	0	0	0	0	0	0	0	0	0	5.22354023153332e-05	0	3.38263107719311e-05	0	0	0	3.5620521397974e-05	0.000113861585541567	8.81488995094636e-05	0	0.000106863189774426	0	0	0	0	0	0	0	2.85805594339696e-05	0	0	0	0	0	0
transposase__tnpA-2	3.7065929369177e-05	8.06184425586518e-05	0.000190204982780813	0.000217248042181986	4.27445540466864e-05	4.66241890136796e-05	0	3.09693307672615e-05	0	0	0	0	3.29922946578134e-05	4.20779933643631e-05	8.50966157809914e-05	0	0	0	1.8966678227303e-05	0.000178068702721586	8.14438831778186e-05	4.78018226242635e-05	0	0	0	0	0	0	0	0	0	0.000282221024040034	0	7.57599174672543e-05	0	3.57790298195764e-05	3.67392322858006e-05	0	4.37754021670239e-05	0	0	0	0.000223667072664826	0	0	0.000116576678667612	4.00746744350708e-05	0	0	0.000187229279286817	0	0	0	5.06638539567031e-05	0	0	5.07297287539314e-05	0	4.76117452614968e-05	8.00918848949606e-05	0	0.00020470543753467	0	7.76732507958438e-05	3.58402834311324e-05	0	0	4.00859300187758e-05	3.65093668236022e-05	3.37138490788109e-05	7.74580084304905e-05	0	0	7.6316499456802e-05	4.60972983750394e-05	3.80733779213377e-05	0	0.000138653236857252	3.93473255012288e-05	0	0	0	0	0	0	4.80289288613502e-05	4.12742888687334e-05	0	2.14068278398417e-05	0	2.97599434796648e-05	8.28165062975725e-05	0	0	0	3.598883132727e-05	3.96888932842053e-05	4.50612886264344e-05	0	6.84723480777232e-05	0	0	0	0	0	0	3.06820566212561e-05	0	0	3.80788479468451e-05	0	0	0	0	0	0	3.56711822930128e-05	0	3.84380187016176e-05	0
transposase__tnpA27	0	0	0	0	0	0	0	0	4.33750398619663e-05	0	0	0	0.00011535392554546	0	0.000719006848114442	6.44123304780551e-05	0	0	4.478053270995e-05	0	0.000257202192152799	0	0.00222353034100357	0	0	0	0	0	0	0	0	0	0	0	0	0	0	0	0	0	0	0	0	0	0	0	0	0	0	0	0	0	0	0	0	0	0	0	0	0	0	0	0	0	0	0	0	0	0	0	0	0	0	0	0	0	0	9.11006827004324e-05	0	0	0	0	0	0	0	0	0	0	0	0	0	0	0	0	0	0	0	0	0	3.44447427886471e-05	0	0	0	0.000223696767201508	0	0.000366560030310719	5.73765535372227e-05	0	0	0	0	0	0	0	0	0	0	0	0	0
transposase__tnpA2B2-ISLL6	0	0	0	0	0	0	0	0	0	0	0	0	0	0	0	0	0	0	0	0	0	0	0	0	0	0	0	0	0	0	0	0	0	0	0	0	0	0	0	0	0	0	0	0	0	0	0	0	0	0	0	0	0	0	0	0	0	0	0	0	0	0	0	0	0	0	0	0	0	0	0	0	0	0	0	0	0	0	0	0	0	0	0	0	0	0	0	0	0	0	0	0	0	0	0	0	0	0	0	0	0	0	0	0	0	0	0	0	0	0	0	0	0	0	0	0	0	0	0	0
transposase__tnpA2-ISLL6	0	0	0	0	0	0	0	0	0	0	0	0	0	0	0	0	0	0	0	0	0	0	0	0	0	0	0	0	0	0	0	0	0	0	0	0	0	0	0	0	0	0	0	0	0	0	0	0	0	0	0	0	0	0	0	0	0	0	0	0	0	0	0	0	0	0	0	0	0	0	0	0	0	0	0	0	0	0	0	0	0	0	0	0	0	0	0	0	8.87685306619522e-05	0	0	0	0	6.56099046753059e-05	0	0	0	0	0	0	0	0	0	0	0	0	0	0	0	0	0	0	0	0	0	0	0	0	0	0
transposase__tnpA3	0	0	0	0	0	0.000123052535550161	0	0	0	0	0	0	1.69211688381861e-05	0	0	0	0	0	0	0	0	0	0	0	0	0	0	0	0	0	0	0	0	0	0	0	0	2.86107485280206e-05	0	0	0	0	0	0	0	0	0	0	0	0	0	0	0	4.02691844550694e-05	0	0	0.000282348949027997	0	0	0	0	0	0	0	0	0	0	0	0	0	0	0	0	0	0	0	0	0	0	0	0	0	0	0	0	0	0	0	0	0	0	0	0	0	0	0	0	0	0	0	0	0	0	0	0	0	0	0	0	0	0	0	0	0	0	0	0	7.22362639879014e-05	0	0
transposase__tnpA-3	0	0	0	0	0	0	0	0	0	0	0	0	0	0	0	0	0	0	0	0	0	0	0	0	0	0	0	0	0	0	0	0	0	0	0	0	0	0	0	0	0	0	0	0	0	1.306784646311e-05	0	0	0	0	0	0	0	0	0	0	0	0	0	0	0	0	0	0	0	0	0	0	0	0	0	0	1.14633721478416e-05	0	0	0	0	0	0	0	0	0	0	0	0	0	0	0	0	0	0	0	0	0	0	0	0	0	0	0	0	0	0	0	0	0	0	0	0	0	0	0	0	0	0	0	0	0	0	0
transposase__tnpA3B3-ISLL6	0	0	0	0	2.84938236820059e-05	0	0	0	0	0	7.15866029418452e-05	0.000119818873519456	2.222278914775e-05	0	0	0	0	0	0	0	0	0	2.67825068178967e-05	5.10765592049479e-05	0	0	4.9546340059849e-05	0	0	0	0	2.69992929809269e-05	0	2.42176253254418e-05	0	0	0	0	0.000149820746877751	0	0	0.000139324201408901	0	0	3.06687109847966e-05	0	0	0	0	0	0	0	0.000168780576264881	3.25747341737634e-05	0	0.000231064879595868	3.3486877944305e-05	4.86409538158418e-05	0.00010140782834774	0.00021978375169984	0	2.25629168078723e-05	7.33292815406787e-05	0	2.14484597735534e-05	0	0.000282451606354865	0	2.84697394142597e-05	0	0	7.94232334342392e-05	2.58727715419679e-05	0	0	0	4.81550455409933e-05	0.000154285850504991	0	0	0	0	0	0.000137078678567563	4.35794971969264e-05	0	5.76343049229204e-05	4.8413104490721e-05	0	2.46681563588217e-05	6.51079716831797e-05	0	0	2.50201501766969e-05	2.68100103561946e-05	0	0	0	0	8.17211265675029e-05	0	2.72413935665335e-05	0	0	8.67821064566301e-05	0	0.000143553871134685	0	4.4309161736306e-05	0.000118281188311573	0	0	6.25894636387627e-05	0	4.63094001619684e-05	0.000157889960413365	2.64299433569991e-05	2.53433713111895e-05	0	9.83939670113178e-05
transposase__tnpA4	0	0	0.000105245092463217	3.88984631082791e-05	0	0	0.000210625065180133	9.51928407050581e-05	2.57710599156691e-05	0	0	0	0	0	0.000336292824754842	0	0	0.000212877754715728	3.5954224813496e-05	0	0.000236305295828975	0	0.000892967592535948	0.000101367054041179	0	4.65875467880419e-05	3.8636135885054e-05	0.000738548867682539	0.000307423510619606	7.99378791768726e-05	0	0.000107885373609087	0	0	0	0	0	0	4.61246820833208e-05	0	4.13523485370907e-05	3.52881507505485e-05	0	0	4.82293877190541e-05	7.42480945999659e-05	6.56095119686616e-05	5.81048615021716e-05	0	0	4.00216500632706e-05	3.37580515033611e-05	0	0	0.000129175188079318	0	0	0	4.81407646532912e-05	4.5349805047191e-05	3.62472665004007e-05	0	0	5.14548086689709e-05	4.87826080034858e-05	0	8.93658361089981e-05	6.58803545525968e-05	0	0	3.25024979240596e-05	4.5326753919594e-05	0	0	9.1611757345337e-05	7.72503320143083e-05	0	0	3.5072408677657e-05	7.67076114208651e-05	0	0	0	0	0	0	0.000253886724717672	3.96152259992054e-05	0	0	0	0.000370684151449317	0	0	0	3.16933901688539e-05	9.19103725839608e-05	3.60173672815593e-05	6.62805754131902e-05	0	3.59746180472423e-05	0	3.8466751872151e-05	0.000126106207153191	0	9.58387288196783e-05	0	0.000116112720632951	0	0	0	0	0	0	0	0	0	0	0	8.4531214516245e-05
transposase__tnpA5	0	0.00066219956012426	0.000461774515945661	0.000168380544458329	0.000146860654417495	0.00186135794591386	0.000248362529637663	6.63108023487247e-05	6.9262284240761e-05	0	6.45014676366765e-05	0	0.00215963679383616	0	0.000623339297021132	0.00120569347496132	0	0.000595155763029802	0.00014447253511823	6.90718326839912e-05	0.000140633650269098	0.000165084093313396	0.00138786600232212	0.000138064088607212	0	0.000372202111771843	0	0.000253464446598391	0	7.04313483851734e-05	0	0	6.49602335817661e-05	0.000478397819811168	0	7.09344599908812e-05	0.000129235652393581	0.000284676947853805	0.000137586514014861	0	0.000169590238210017	0	0	5.70487500664811e-05	0.000605059591384497	0.000149157936923639	7.39715085921185e-05	0.000254880148774232	0	0	0.000140278724765379	6.85089868744681e-05	0	0	0.000141092898929979	0	0.000362071005224138	0	0	0	0.000137069495169582	0	0	0.000140505081257066	7.37888188288021e-05	7.00046204288574e-05	0.00014869273571077	0.000158457323368337	0.000368315082955752	0	0.000398457993758099	0	0	7.1669777611651e-05	8.50883195157929e-05	0.000313545465234546	0	3.67498385068249e-05	7.26289375377651e-05	0.000311342658119982	0	0.000386558992444519	0	0	0	0	8.49764770826864e-05	7.23198851912473e-05	0	0	0.000126168155674494	6.4425130854233e-05	0	0.000558162756103614	0.000530284481962943	6.09010242460329e-05	0.00013569534709579	0.000257291122510151	0	0.000171810211628846	0	0	0	0	0	6.59157298808609e-05	3.53746064574482e-05	0	0.000216896382276339	0	0	0	0.000171000042025597	0	0	0	5.62773507049959e-05	0	6.85854843499452e-05	6.38320525485188e-05
transposase__tnpA-5	0	0	0	0	0	0	0	0	0	0	0	0	0	0	0	0	0	0	0	0	0	0	0	0	0	0	0	0	0.000309623018400594	0	0	0	0	0	0	0	0	0	0	0	0	0	0	0	0	0	0	0	0	0	0	0	0	0	0	0	0	0	0	0	0	0	0	0	0	0	0	0	0	0	0	0	0	0	0	0	0	0	0	0	0	0	0	0	0	0	0	0	0	0	0	0	0	0	0	0	0	0	0	0	0	0	0	0	0	0	0	0	0	0	0	0	0	0	0	0	0	0	0	0
transposase__tnpA6	0	0	0	0	0	0	0	0	0	0	0	0	0	0	0	0	0	0	0	0	0	0	0	0	0	0	0	0	0	0	0	0	0	0	0	0	0	0	0	0	0	0	0	0	0	0	0	0	0	0	0	0	0	0	0	0	0	0	0	0	0	0	0	0	0	0	0	0	0	0	0	0	0	0	0	0	0	0	0	0	0	0	0	0	0	0	0	0	0	0	0	0	0	0	0	0	0	0	0	0	0	0	0	0	0	0	0	0	0	0	0	0	0	0	0	0	0	0	0	0
transposase__tnpA7	0	0	0.000157769645126425	0	0	0.000199865699141078	0	8.76776164388693e-05	0	0	0.000335919548120533	0	0.000709727100555581	0	0	0.00111211641592328	0	0.00054415679808079	0	0	9.48719069275664e-05	0	0.00222441236519999	0	0	6.45368613514e-05	0	0.000184666953950256	0	0	0	0	0	0	0	0	0	0	0	0	0	7.89782421559896e-05	0	0	0.000202521671374383	0	0	0	0	0	0	0	0.000107979974717559	0	0	0	0.000249139334547085	0	0	0	0	0	0	0	0	0	0	0	0	0	0	0	8.82679655383804e-05	5.99523377799049e-05	0	0	0	9.81356798645214e-05	0	0	0	0	0	0	0	0	0.000112357786364885	0	0	0	0	0	0	0	0	0	0	0.000250492213879607	0	0	0	0	0.000105508805135043	0.000453412168576287	0	0.00023050220410233	0.000250570129073592	0	0	0	0	0	0	0	0	0	0	0	0	0
transposase__tnpA9	0	0	0	0	0	0	0	0	0	0	0	0	0	0	0	0	0	0	0	0	0	0	0	0	0	0	0	0	0	0	0	0	0	0	0	0	0	0	0	0	0	0	0	0	0	0	0	0	0	0	0	0	0	0	4.12836365199594e-05	0	0	0	0	0.000128790324144346	0	0	0	0	0	0	0	0	0	0	0	0	0	0	0	0	0	0	0	0	0	0	0	0	0	0	0	0	0	0	0	0	0	0	0	0	0	0	0	0	0	0	0	0	0	0	0	0	0	0	0	0	0	0	0	0	0	0	0	0
transposase__tnpAa	0	0	0	0	0	0	0	0	0	0	0	0	0	0	0	0	0	0	0	0	0	0	0	0	0	0	0	0	0	0	0	0	0	0	0	0	0	0	0	0	0	0	0	0	0	0	0	0	0	0	0	0	0	0	0	0	0	0	0	0	0	0	0	0	0	0	0	0	0	0	0	0	0	0	0	0	0	0	0	0	0	0	0	0	0	0	0	0	0	0	0	0	0	0	0	0	0	0	0	0	0	0	0	0	0	0	0	0	0	0	0	0	0	0	0	0	0	0	0	0
transposase__tnpA-ab	0	0	0	0	0	0	0	0	0	0	0	0	0	0	0	0	0	0	0	0	0	0	0	0	0	0	0	0	0	0	0	0	0	0	0	0	0	0	0	0	0	0	0	0	0	0	0	0	0	0	0	0	0	0	0	0	0	0	0	0	0	0	0	0	0	0	0	0	0	0	0	0	0	0	0	0	0	0	0	0	0	0	0	0	0	0	0	0	0	0	0	0	0	0	0	0	0	0	0	0	0	0	0	0	0	0	0	0	0	0	0	0	0	0	0	0	0	0	0	0
transposase__tnpAB	1.36371363847611e-05	4.04365677470363e-05	1.18623793328139e-05	0.000131268318584877	2.56231722113564e-05	8.66308347439019e-05	0.000451937064232606	7.95471106538113e-05	0.000125538123285984	4.46724978490506e-05	2.68633864689539e-05	6.5568081061152e-05	0.000155238412749132	3.80927885078471e-05	0	9.54333308858646e-05	7.63919041262904e-05	0	0.000117186895500956	1.28180087164054e-05	0.000141338456848546	9.30005905800612e-05	5.41868643464017e-05	2.24185937251087e-05	7.79556723924409e-05	2.97209229907763e-05	4.10932585619543e-05	2.74380616005796e-05	4.09624930872227e-05	2.52070088957463e-05	7.64745708666293e-05	4.05526640681905e-05	0.000123877241498724	7.86644963042023e-05	0.000150053769013295	1.3633796793569e-05	9.21249094229562e-05	6.29733130472088e-05	1.39518094625895e-05	3.85286166756398e-05	0.000109503635843087	9.36530717816097e-05	0.000230738735357822	2.04174473922143e-05	0.00011710238950878	0.000235544862585009	6.84138391161097e-05	7.22306047746294e-05	2.3425800678377e-05	7.14635168046152e-05	0.000102656864046139	0	0	0	9.4312486724821e-05	1.4569414800223e-05	0.00010138693937709	1.85772508307206e-05	8.18632824236372e-05	7.160495533767e-05	0.000124912259243235	2.82193737738605e-05	5.01596715837356e-05	0.000116877958749463	0	1.2063174358501e-05	2.8867827871467e-05	7.65774101723203e-05	8.91739505457574e-05	1.48314648345147e-05	1.6505326252163e-05	4.72304293899013e-05	8.67194047394614e-05	4.46504111592274e-05	5.5829879822643e-05	1.45465537477236e-05	0	1.22977042436744e-05	0.000231679612926495	7.89596787808762e-05	5.45225750229584e-05	9.13363819762353e-05	5.77436201958412e-05	3.60260313632801e-05	6.68591855681662e-05	0	6.98364185927107e-05	1.82138970111289e-05	2.54712041197648e-05	8.24480793038492e-05	3.37859475293505e-05	3.62940795650553e-05	5.84540444707298e-05	0	0	6.09567478231368e-05	2.45276012825989e-05	0.000128377692152693	6.33580896192886e-05	2.23944954208879e-05	2.86371526882809e-05	0.000117663306344463	0.000139831441828416	3.08393701703709e-05	4.78072968114364e-05	9.04941655005972e-05	1.88398593288415e-05	0	7.80854079352137e-05	0.000191675044214175	1.77578636031718e-05	2.41874990948464e-05	1.87612658720987e-05	3.89096738960709e-05	0.000125923261572819	7.82386588908221e-05	0.000118126219046421	5.62776351666626e-05	3.27285118301493e-05	3.34921263371858e-05
transposase__tnpAc	0	0	0	0	0	0	0	0	0	0	0	0	0	0	0	0	0	0	0	0	0	0	0	0	0	0	0	0	0	0	0	0	0	0	0	0	0	0	0	0	0	0	0	0	0	0	0	0	0	0	0	0	0	0	0	0	0	0	0	0	0	0	0	0	0	0	0	0	0	0	0	0	0	0	0	0	0	0	0	0	0	0	0	0	0	0	0	0	0	0	0	0	0	0	0	0	0	0	0	0	0	0	0	0	0	0	0	0	0	0	0	0	0	0	0	0	0	0	0	0
transposase__tnpAcp1	0	0	0	0	0	0	0	0	0	0	0	0	0	0	0	0	0	0	0	0	0	0	0	0	0	0	0	0	0	0	0	0	0	0	0	0	0	0	0	0	0	0	0	0	0	0	0	0	0	0	0	0	0	0	0	0	0	0	0	0	0	0	0	0	0	0	0	0	0	0	0	0	0	0	0	0	0	0	0	0	0	0	0	0	0	0	0	0	0	0	0	0	0	0	0	0	0	0	0	0	0	0	0	0	0	0	0	0	0	0	0	0	0	0	0	0	0	0	0	0
transposase__tnpAcp2	0	0	0	0	0	0	0	0	0	0	0	0	0	0	0	0	0	0	0	0	0	0	0	0	0	0	0	0	1.941460832099e-05	0	0	0	0	0	0	0	0	0	0	0	0	0	0	0	0	0	0	0	0	0	0	0	0	0	0	5.45157534100247e-05	0	0	0	0	0	0	0	0	0	0	0	0	0	0	0	0	0	0	0	0	0	0	0	0	0	0	0	0	0	0	0	0	0	0	0	1.19827923908311e-05	0	0	0	0	0	0	0	0	0	0	0	0	0	0	0	0	0	0	0	0	0	0	0	0	0	0	0	0
transposase__tnpAIS1	6.24629550480575e-05	0.000358381409879984	0.000415352739210383	0	0	0.000698986833680889	6.61366385313327e-05	0	0.000484886472399788	0	0	0	0.00057314292832636	0	0.00117094933878756	0.000515476320113506	0	0.000131453608525135	0.000283524744243569	0	0.000138038624579609	0	0.00328055241646399	6.84567772677427e-05	0	7.56291343961719e-05	0.000191455851930401	0	0	0	0	0	0	0	0	0	0	0	0	0	0	0	0	0	7.82944605828801e-05	0	0	0	0	0	0.000121247856103012	0	0	0	7.28431511725475e-05	0	0.000272954123878792	0	0	8.67662086362073e-05	0	0	6.96209727339187e-05	0	0	7.08380087672961e-05	0	0	7.60611808825046e-05	0	0	0.000145693137598695	0	0	0	0	0	0.000150207673262022	7.20236963916171e-05	0	0	0	0	0	0	0	0	0	0	0	0	4.17229418865509e-05	0	0.000212701062394992	5.61237068647004e-05	0	0	0	5.862680370616e-05	0	0.000446274051868851	0	0	0.000129484051987651	0	0.000201462556341407	6.39209512942836e-05	0	0	0	0	0	0	0	0	0	0	0	0	0.00020050420275967
transposase__tnpAIS5	0	0	0	0	0	0	0	0	0	0	0	0	0	0	0	0	0	0	0	0	0	0	0	0	0	0	0	0	0.000503316972843898	0	0	0	0	0	0	0	0	0	0	0	0	0	0	0	0	0	0	0	0	0	0	0	0	0	0	0	0	0	0	0	0	0	0	0	0	0	0	0	0	0	0	0	0	0	0	0	0	0	0	0	0	0	0	0	0	0	0	0	0	0	0	0	0	0	0	0	0	0	0	0	0	0	0	0	0	0	0	0	0	0	0	0	0	0	0	0	0	0	0	0
transposase__tnpA(IS5)	0.000161570843724309	0.000611356522736443	0	9.61020853263367e-05	0	0.000136864554846608	2.29626408980787e-05	3.53215540510874e-05	8.0099240278431e-05	6.12398968067677e-05	3.65508316607834e-05	0	0.0014117952755656	0	0.000316997334809892	6.81775715848617e-05	0	3.16711484725673e-05	0.000891449050025821	3.9140705187595e-05	0.000196043308475123	4.39673968524678e-05	0	3.91181584387101e-05	0	0	0.000859171071743887	0	3.89143684328616e-05	0.000108558184977681	0	0	0	3.66130132211804e-05	0.0005436871276596	3.29608790757628e-05	7.64176031544653e-05	0.000116731853994324	0	3.7307770147243e-05	0	2.54074685403949e-05	0	0	0.000248162122263497	5.9510972793003e-05	0	0	0	2.42838527295683e-05	3.39493997088434e-05	0	4.09908596331655e-05	0	7.91367994338556e-05	0	0.000380596971658106	3.56385062541441e-05	0	0.000141880104361926	2.71854498753005e-05	4.03207679992532e-05	3.66484800471348e-05	0	0.000245028071057509	0.000158677139638743	3.65974376446373e-05	4.67669183552385e-05	0.00019337794627568	3.27249095058324e-05	0	3.04925435459087e-05	0	4.06128739799356e-05	0	4.17538044537337e-05	0	4.20581485133663e-05	0.000148986160535802	0	0	3.66382722376241e-05	0	0	0	0	9.05282735854219e-05	3.60635160820353e-05	0	2.14242937976367e-05	0	0.000238759534945788	0	7.80670385763239e-05	0.000144114728261358	0.000277493238367298	0	0.000106863528724387	6.50053999493902e-05	0.000327126642941323	0	0	0	8.64273349024645e-05	5.79499416363978e-05	7.62290753724242e-05	0.0002491382997646	9.03006122332515e-05	9.30181454976557e-05	0	0	4.22047178083544e-05	5.89256901574693e-05	0	4.05507404936792e-05	0	2.00947660250639e-05	7.31702278051187e-05	3.88651077983023e-05	0.000141671694406296
transposase__tnpAIS50-A	0	0	0	0	0	0	0	0	0	0	0	0	0	0	0	0	0	0	0	0	0	0	0	0	0	0	0	0	0	0	0	0	0	0	2.56542628487846e-05	0	0	0	0	0	0	0	0	0	0	0	0	0	0	0	0	0	0	0	0	0	0	0	0	0	0	0	0	0	0	0	0	0	0	0	0	0	0	0	0	0	0	0	0	0	0	0	0	0	0	0	0	0	0	0	0	0	0	0	0	0	0	0	0	0	0	0	0	0	0	0	0	0	0	0	0	0	0	0	0	0	0	0	0	0
transposase__tnpA-IS683	0.000358565970962895	0.000139039756684466	0.00228357367213932	0.000583214945301051	0.000755630102834264	0.00318392924347357	0.000937645882030018	0.0001712438506456	0.000899282119385515	0	7.19856073929932e-05	0	0.00446702447563973	1.66307204623825e-05	0.00184805643608908	0.00228550442993592	0.000100324096921269	0.00146038821613757	0.000213522809536485	0.00010756224326362	0.00121363619564287	0.000214766844297218	0.0079872159353036	0.0020640054284608	0	0.00054799369747211	0	0.000634273816812182	0.000120753364640902	0	0.000118691866369299	0.000325797357250036	0.00022623243834248	0.000656501000425259	4.43983807426622e-05	0.000171217375947455	0.000159507163072894	0.000180537099251718	5.46357118649497e-05	0	0.000302892142612445	1.53543862044371e-05	0	0	0.000241481632472572	0.000103694858003075	3.35977462689393e-05	0.000497281301056754	0.00042912132738856	4.48482874838124e-05	4.69324693424245e-05	0.000120656503601162	0	9.81165360456901e-05	0.00016114461992217	0	0.000735335808701388	5.87229157231754e-05	2.16690464746322e-05	0.000137978141855685	0.000169427313017822	0.000182366832363034	7.18743538361463e-05	0.00029071243347023	0.000229815557879017	9.40252898050187e-05	9.745456500436e-05	0.000259717046591115	0.00050869253278458	0	0.000664259357889104	0	0.000441821114308796	0.000161831452042186	0.000104898958792371	0.000180049294826479	0	4.81581853206484e-05	0.00012394045027914	0.00023912125012175	2.19791835324925e-05	0.000163345878337304	6.5806135151919e-05	0.000193742104722222	6.87909729471657e-05	0.000162309439807905	0.000205662534802028	0.000128574818786576	0	0.000376151723164614	0.000212931259721297	0.00122439715291024	0.000135595079868432	0	0	6.73383735139771e-05	0.000128512460536976	0.000678212524746462	0.000144732124569253	5.5368354460034e-05	2.36855786761423e-05	0	0.000124737986223586	0.000294791126454421	0	0.000395838385664821	1.10666196591935e-05	0	0.000239216512445492	0	0	9.47189850050092e-05	0.000395836697241015	0	0.000290911606127734	6.6001915357033e-05	4.380611794953e-05	8.15059996916461e-05	4.36119911935148e-05	0.000509093103579551
transposase__tnpA(ISnew)	0	0	0	0	0	0	0	0	0	0	0	0	0	0	0	0	0	0	0	0	0	0	0	0	0	0	0	0	0	0	0	0	0	0	0	0	0	0	0	0	0	0	0	0	0	0	0	0	0	0	0	0	0	0	0	0	0	0	0	0	0	0	0	0	0	0	0	0	0	0	0	0	0	0	0	0	0	0	0	0	0	0	0	0	0	0	0	0	0	0	0	0	0	0	0	0	0	0	0	0	0	0	0	0	0	0	0	0	0	0	0	0	0	0	0	0	0	0	0	0
transposase__tnpA(ISRSB101-1)	0	0	0	0	0	0	0	0	0	0	0	0	0	0	0	0	0	0	0	0	0	0	0	0	0	0	0	0	0	0	0	0	0	0	0	0	0	0	0	0	0	0	0	0	0	0	0	0	0	0	0	0	0	0	0	0	0	0	0	0	0	0	0	0	0	0	0	0	0	0	0	0	0	0	0	0	0	0	0	0	0	0	0	0	0	0	0	0	0	0	0	0	0	0	0	0	0	0	0	0	0	0	0	0	0	0	0	0	0	0	0	0	0	0	0	0	0	0	0	0
transposase__tnpAISSm4	0	0	0	0	0	0	0	0	0	0	0	0	0	0	0	0	0	0	0	0	0	0	0	0	0	0	0	0	0	0	0	0	0	0	0	0	0	0	0	0	0	0	0	0	0	0	0	0	0	0	0	0	0	0	0	0	0	0	0	0	0	0	0	0	0	0	0	0	0	0	0	0	0	0	0	0	0	0	0	0	0	0	0	0	0	0	0	0	0	0	0	0	0	0	0	0	0	0	0	0	0	0	0	0	0	0	0	0	0	0	0	0	0	0	0	0	0	0	0	0
transposase__tnpAN	0	0	0	0.000111985485247321	0	0	4.05509316542478e-05	0	0	0	0	0	0	0	0.000293528293338044	0	0	0	0	4.28547867017464e-05	0	0	0	8.5660200960679e-05	0	0	0	0	0.000170427890946839	0	0	0	0.000242645293767732	0	9.22911437208623e-05	0	0.00014119128320054	0	5.22429069657548e-05	0	0	0	0	0	0	0	3.3962101390104e-05	0	0	0	7.43417511872482e-05	0	0.000188116151911794	0	0	0	0	0	0	0	0	0	0	0	9.06471402108569e-05	0	0	0	0	0	0	0	0	0	0	0	8.74764244489385e-05	9.20981354307291e-05	0	0	0	0	0.000252541077525647	0	7.97311874017138e-05	0	0	0	0	0	0	0	0	0	0	0	0	0	0	0	0.000273627885817398	0	0	0	0	8.26278663708394e-05	0	0	0	0	0	0	0	0	0	0	0	0	0	0
