feature	a1	a2	a3	a4	a5	a6	a7	a8	a9	a10	a11	a12	a13	a14	a15	a16	a17	a18	a19	a20	a21	a22	a23	a24	a25	a26	a27	a28	a29	a30	a31	a32	a33	a34	a35	a36	a37	a38	a39	a40	a41	a42	a43	a44	a45	a46	a47	a48	a49	a50	a51	a52	a53	a54	a55	a56	a57	a58	a59	a60	a61	a62	a63	a64	a65	a66	a67	a68	a69	a70	a71	a72	a73	a74	a75	a76	a77	a78	a79	a80	a81	a82	a83	a84	a85	a86	a87	a88	a89	a90	a91	a92	a93	a94	a95	a96	a97	a98	a99	a100	a101	a102	a103	a104	a105	a106	a107	a108	a109	a110	a111	a112	a113	a114	a115	a116	a117	a118	a119	a120
Aluminium__G2alt	0.00120968980817053	0.000397205267697698	0.000541536403116558	0.000909459941291254	0.000711310996752567	0.000611865068726011	0.00119354786510084	0.00114870712991791	0.000571930321988073	0.000710077988992499	0.0012801060500202	0.000680148311448678	0.000438603446627402	0.000238982518093746	0.000654075948748012	0.00106627962876295	0.00114395057055483	0.000941187364416517	0.00104958679359398	0.000777855100379716	0.000513853722137091	0.000542237752652462	0.000643464201511044	0.000610668084224207	0.00080618329459897	0.00107394739695675	0.00150949722073535	0.000326254236390749	0.00160482151084661	0.0025842887061329	0.000829242291269827	0.00111043827759543	0.00186824408040495	0.000586893877089298	0.000890221162410121	0.00127136378291349	0.00122644201895246	0.000916644366301583	0.00111277864623546	0.000372826277200715	0.000781379289452974	0.000685005279275354	0.00099182683806122	0.00092945578954467	0.000359488484355928	0.000608807905810772	0.000652087298819752	0.000646327379915559	0.000692407308557894	0.000572093684214322	0.00055526995219629	0.000604427796286516	0.000819264702016478	0.00124158050658958	0.00103438593093093	0.000595223223295263	0.0011029239851443	0.000542778265431176	0.000458347551746579	0.000725538251401408	0.000582018164104688	0.000738910001796269	0.00223976654798509	0.000651793587307112	0.000375755369728208	0.00142917125090913	0.000511817264334663	0.000548506119351937	0.00072969173420747	0.00221781598245975	0.000799401172508452	0.000596277083648135	0.00155390418453281	0.000906347033796571	0.000629653564416867	0.00060658988081914	0.00155378292454561	0.000500130381416863	0.000660364647458757	0.00125123580029381	0.000605155180101011	0.000682536408778305	0.000977013970260014	0.00132083315347643	0.000621780598368134	0.000489604915515068	0.000533390809995939	0.000793293509867066	0.00150664353967986	0.000584886452092344	0.00119894059355017	0.000961421183517016	0.000666337695800688	0.000595417306863319	0.000544228383176254	0.00137481433070322	0.000941538033850351	0.000548767778780392	0.00115606751315452	0.000627327541947376	5.73055832777661e-05	0.000870365681217465	0.00147628779492686	0.00213168424761351	0.000189947386226798	0.00220822869020027	0.000458703688129549	0.000884140970840635	0.00136655617345483	0.00134221334084252	0.000721362988676356	0.000373540398340006	0.0012407279556535	0.00126633863338204	0.000650444512305113	0.000649828591868036	0.000613754165923896	0.000562488029015348	0.000903218070823894	0.00073652368325214
Arsenic__acr3	0	0	0	0	0	0	0	0	0	0	0	0	0	0	0	0	0	0	0	0	0	0	0	0	0	0	0	0	0	0	0	0	0	0	0	0	0	0	0	0	0	0	0	0	0	0	0	0	0	0	0	0	0	0	0	0	0	0	0	0	0	0	0	0	0	0	0	0	0	0	0	0	0	0	0	0	0	0	0	0	0	0	0	0	0	0	4.16311271010279e-05	0	0	0	0	0	0	0	0	0	0	0	0	0	0	0	0	0	0	0	0	0	0	0	0	0	0	0	0	0	0	0	0	0
Arsenic__aioA	0	0	0	0	0	0	0	0	0	0	0	0	0	0	0	0	0	0	0	0	0	0	0	0	0	0	0	0	0	0	0	0	0	0	0	0	0	0	0	0	0	0	0	0	0	0	0	0	0	0	0	0	0	0	0	0	0	0	0	0	0	0	0	0	0	0	0	0	0	0	0	0	0	0	0	0	0	0	0	0	0	0	0	0	0	0	0	0	0	0	0	0	0	0	0	0	0	0	0	0	0	0	0	0	0	0	0	0	0	0	0	0	0	0	0	0	0	0	0	0
Arsenic__aioB	0	0	0	0	0	0	0	0	0	0	0	0	0	0	0	0	0	0	0	0	0	0	0	0	0	0	0	0	0	0	0	0	0	0	0	0	0	0	0	0	0	0	0	0	0	0	0	0	0	0	0	0	0	0	0	0	0	0	0	0	0	0	0	0	0	0	0	0	0	0	0	0	0	0	0	0	0	0	0	0	0	0	0	0	0	0	0	0	0	0	0	0	0	0	0	0	0	0	0	0	0	0	0	0	0	0	0	0	0	0	0	0	0	0	0	0	0	0	0	0
Arsenic__aioR	0	2.06043078344627e-05	0	1.49091793654304e-05	3.70221593872923e-05	2.2294678617547e-05	1.55855028719991e-05	2.9584819509431e-05	0	9.17905693087865e-05	0	1.72415218811291e-05	1.5525785721324e-05	0	1.84419910361282e-05	1.77220990930131e-05	3.18965423736934e-05	5.22881869120287e-05	3.53604106932731e-05	3.24106291824882e-05	1.67678583013156e-05	0	1.40335488213232e-05	0	7.56218835804729e-05	0	2.99932672523962e-05	0	0	3.68410130014753e-05	0	3.368366868338e-05	0	4.86434564794734e-05	3.37551726106665e-05	6.60236127607433e-05	3.89003635967301e-05	6.10729439732747e-05	5.31128341043701e-05	0	6.52270146961605e-05	2.77834309076717e-05	2.76938662575535e-05	2.98408846501594e-05	7.32070920128794e-05	3.8635886330299e-05	0	8.58614824783221e-05	7.37117728133185e-05	6.59290119354795e-05	1.68604236496849e-05	0	1.89425364628087e-05	2.14937562240559e-05	1.77196733350052e-05	0	2.50664542078249e-05	8.02367870637391e-05	6.55747972262805e-05	7.98092076541549e-05	3.2685802694285e-05	3.22931037822073e-05	0	4.90775205332766e-05	0	5.60036963430859e-05	7.50973412680657e-05	3.6821012641681e-05	2.0815295112099e-05	1.9990329336142e-05	3.26180530233371e-05	3.41209212969383e-05	1.84866327307274e-05	3.41809708609412e-05	7.85430641684242e-05	5.06496520763497e-05	1.71535864177044e-05	0	1.56431557773648e-05	1.89396043989785e-05	4.46687479160676e-05	1.90475276868364e-05	0.00010524105467431	0	5.04146431109298e-05	1.65695986691781e-05	2.35319474998208e-05	1.72455110840667e-05	1.7948801804175e-05	0	4.95065412708777e-05	7.48322673768399e-05	1.55565220809499e-05	0.000117444698142765	1.66494342845508e-05	5.49734520274238e-05	1.31794237661023e-05	7.19695447580842e-05	4.99150198432174e-05	1.5859404150355e-05	7.16319790972077e-05	0	1.87982316841281e-05	0	0.000118956948950116	3.10435148575483e-05	0	0	4.4805120441142e-05	3.88140051922744e-05	3.4712203966381e-05	3.4947798004203e-05	1.59979249296297e-05	4.84188300999014e-05	2.02210729214025e-05	2.91039237180251e-05	1.62618625159323e-05	3.29287617753707e-05	0	6.44458222845623e-05
Arsenic__aioS	0	0	0	0	0	0	0	0	0	0	0	0	0	0	0	0	0	0	0	0	0	0	0	0	0	0	0	0	0	0	0	0	0	0	0	0	0	0	0	0	0	0	0	0	0	0	0	0	0	0	0	0	0	0	0	0	0	0	0	0	0	0	0	0	0	0	0	0	0	0	0	0	0	0	0	0	0	0	0	0	0	0	0	0	0	0	0	0	0	0	0	0	0	0	0	0	0	0	0	0	0	0	0	0	0	0	0	0	0	0	0	0	0	0	0	0	0	0	0	0
Arsenic__aioX	0	0	0	0	0	0	0	0	0	0	0	0	0	0	0	0	0	0	0	0	0	0	0	0	0	0	0	0	0	0	0	0	0	0	0	0	0	0	0	0	0	0	0	0	0	0	0	0	0	0	0	0	0	0	0	0	0	0	0	0	0	0	0	0	0	0	0	0	0	0	0	0	0	0	0	0	0	0	0	0	0	0	0	0	0	0	0	0	0	0	0	0	0	0	0	0	0	0	0	0	0	0	0	0	0	0	0	0	0	0	0	0	0	0	0	0	0	0	0	0
Arsenic__arsB	0.000108044576272949	0.00117878146993021	0.000800511516081029	0.000202092796815124	0.00104864852654974	0.0027487762344018	0.000395228851911438	2.62770079237371e-05	0.000238057182645687	0	0.000114508899189028	7.29113271337521e-05	0.00394507862787066	6.09405421139051e-05	0.00189691711839286	0.00226210362497012	0.000275715874755655	0.00086375859470638	0.000143414614221106	5.36474001172631e-05	0.000366139216749548	0.00031008103121663	0.00554629159915053	0.000395558441275348	0	0.000613664316241722	0	0.00067629907507294	0.000323288599288388	1.45131263339145e-05	0.000263911916871107	0.000115102879955429	0	0.0011211066985447	0	5.56562686082299e-05	0	0.00044783490994326	0.000280882671201903	5.55092547942911e-05	0	0	0.000465155467500022	0	0.000258776880069178	0.000238840024587303	0.000168255007189252	0.000781349530841888	0.000211651290045197	0	0	7.81199950231198e-05	0	6.38299427259841e-05	0.000107828239441992	8.65300978309746e-05	0.000745368317630996	0	9.26364364439989e-05	0	0.000457345630269791	5.58287556912737e-05	0.000135775502629617	0.000554507470676285	5.73110359761232e-05	0.000137594163043386	0.000118440235668935	0.000425153803229441	5.83809455500958e-05	0	5.28101810854029e-05	0	0.000416914027038424	0.000112466420252129	0.000201633532913182	0.000255952498659995	0.000219492127280304	0.000169409045760133	0.000134693665979128	8.120147105955e-05	0	0.000155362410172933	5.34059083421873e-05	0	5.09238819302321e-05	0	6.66738512494924e-05	0	0	0	0.000168675752376864	0.000385006672283819	4.45220328916075e-05	0.00112505234023554	0.000765495580855596	0.000161545174442643	0	0.000332518379616186	0.000298004552992542	8.03382947616469e-05	0.000508939627980546	0	0.000169146108931528	6.76093884504286e-05	0	0.000229753367031572	7.50959427792982e-05	0.000120920325859137	0.000254944838212614	0	2.7940694480515e-05	0.000141075909876877	0.000643283563879132	2.39836862382962e-05	0.000318873383930601	0	2.70236229492521e-05	6.10513309533003e-05	0	4.26848952793854e-05
Arsenic__arsC	0.000244535824017927	0.000940134461963011	0.000568258448251711	0.000195709413886461	0.000663988403995458	0.00251986088214038	0.000232962522777849	0	0.000414130114631037	3.52889476280133e-05	0	0	0.00330952493361782	0	0.00367485664123078	0.00173916077809278	0	0.00067749667807907	0	5.6629105377797e-05	0.000420504588322354	0.00034433497761326	0.00431933243052139	0	0	0.000264927248659271	0	9.98278411425341e-05	8.27965285805565e-05	8.49172285494998e-05	0	0	0	0.000555093054109956	0	0.000170038576035695	0	0.00039793596586539	0.000402227335775123	0	0	0	0.000167323458940099	0	0.000417925835553893	8.99179052376549e-05	0.000269596879516311	0.000682423054238271	0.000192125271750718	0	0	0	0	0	0	0.000213798412504548	0.000661357357414728	0.000162749795037088	0.000105334047194748	0	0.000817293387561132	0.000509104471257064	5.30896949528435e-05	0.00136352113244306	0.000277072327367112	0	0	0.000177117265260265	0	0	0	0	0.000884773889413464	0.000163035853818734	0	9.45083849111219e-05	0	0	0	7.8522880557833e-05	0	0	8.65637750991687e-05	0	0.000165784322854145	0.000125665110016759	0.000308835882575629	8.84487804497268e-05	0	0	0.000382598898896866	0.000372843310475561	0	0.000871597337910702	0.000723680745667595	7.4925272266794e-05	0.000155341474789793	0.000209743689892825	0.000136912297335917	0	0.000192213493300615	0	0.000225889862057738	0.000327258210052607	0	7.9472865813804e-05	0	0	0	0	0.000170743774860713	0.000334045851589529	0.000424877907754802	0.000128430088350093	0.000520142182823067	6.58078256561042e-05	8.173576662104e-05	0	0	8.01673236794341e-05
Arsenic__arsH	0	0	0	0	0	0	0	0	0	0	0	0	0	0	0	0	0	0	0	0	0	0	0	5.05838255672975e-05	0	0	0	0	0.000231473398436849	0	0	0	0	0	0	5.19778370622837e-05	0	0	0	0	6.40560355841249e-05	0	0	0	5.10263898281529e-05	5.57636551658574e-05	0	0	0	0	0	0	0	0	0	0.000263097255627302	6.50011093430402e-05	5.62003357666276e-05	0	0	0	0	0	0	0	0	0	0	0	0	0	0	0	0	0	0	0	0.000160981189137368	0	0	0	0	0.000132670711959255	0	0	0	0	0	0	0	0	0	0	0	0	0	0	5.24891029219621e-05	0	0	0	0	0	0	0	0	0	0	0	5.84422778402586e-05	0	0	4.14850404844252e-05	0	0	0	9.89414043342833e-05	0	0	0
Arsenic__arsM	0	0	0	0	0	0	0	0	0	0	0	0	0	0	4.70455408551783e-05	0	0	0	0	4.14919136264258e-05	0	0	0	3.98092919800301e-05	0	0	0	0	4.1251980670878e-05	0	0	0	0	0	4.46780448401348e-05	0	4.05040299405293e-05	9.96826786170612e-05	4.8558212891421e-05	0	0	0	0	0	3.25350832669495e-05	0	0	0	0	0	0	0	0	0	0	0	0	0	0	0	0	0	0	0	3.01412984332492e-05	0	0	0	0	0	0	0	0	0	0	0	6.82741286371141e-05	0	2.61772142362263e-05	0	0	2.80964120610304e-05	4.00701573780604e-05	0	0	0	0	0	0	0	0	0	0	0	0	0	3.54046824167549e-05	0	0	0	0	0	0	2.56222859056836e-05	3.14646757139797e-05	0	0	0	0	0	0	0	0	0	0	0	0	0	0	0
Arsenic__arsP	0	0	0	0	0	0	0	0	0	0	0	0	0	0	0	0	0	0	0	0	0	0	0	0	0	0	0	0	0	0	0	0	0	0	0	0	0	0	0	0	0	0	0	0	0	0	0	0	0	0	0	0	0	0	0	0	0	0	0	0	0	0	0	0	0	0	0	0	0	0	0	0	0	0	0	0	0	0	0	0	0	0	0	0	0	0	0	0	0	0	0	0	0	0	0	0	0	0	0	0	0	0	0	0	0	0	0	0	0	0	0	0	0	0	0	0	0	0	0	0
Arsenic__arsR	0.000183651765269502	0.000884331804771724	0.000792315690360176	0.000579076667992029	0.000325579208600815	0.00201670506457736	0.000241212191402481	0.000175355232877739	0.000137606387144997	0	9.37200811814958e-05	0	0.00423584405301149	0	0.00152808971651948	0.0012348583614934	0.00020627632111349	0.000667223086324356	0	0	0.000551716627978771	0.00031182550959197	0.0054409743565932	0.000170515049604634	0	0.000799264205967339	0	0.000763570671889284	0	0	0.000255466735531232	0	0.000165658226925767	0.00082094645029488	0	0.000179336865515407	0.000102053423016113	0.0003595906470979	0.000134887167100428	0	0	0	0	0	0.000519393406205198	0.000249897433133012	0	0.00119274594819842	0.000164341001682153	0	0	0.000197054455531132	0	0	0	0	0.000439281873432191	0	0	0	0.000595490806792297	0	0	0.000181237585190302	0	0	0.000194226115108689	0	0	0	0	0	0.00034531204100729	0.000104135574307527	0	0	0	0.000219996469146839	0	0.00034159171804896	0	0	0	9.95366219541837e-05	0.000186720900410851	0	0	0.000210160350128411	0	0	0.000301831960091534	0.000234022911222641	0	0.00043542545967762	0.000570011882103024	0	0	0.000271884946863874	0.000548867142799824	8.3212923011122e-05	0	0	0.000224882549406421	0	0	0.000275597426346457	0.000251487968374228	0	0	0.000217581018353825	0	0	0.000359262042555511	0	0.000568686470554998	0	0	0	0	0
Arsenic__pstA	6.41511430223293e-05	0.00136145052290655	0.00176874087193133	0.000741637231837897	0.000647990309656955	0.00670173938495518	0.000406901199872232	0.000191942890041849	0.000198083256364228	0	7.40895236367231e-05	0	0.00444693777014453	2.94408700077312e-05	0.00342485634027714	0.00258973819034073	0.0004004090000956	0.00117552244832894	0.000420737310503336	0.000155504963853418	0.000321461918148892	0.000328996981910717	0.00782183513756415	0.000340962326932	0	0.000489340939849826	7.26874938209102e-05	0.000956885372495997	0.000485903735567082	0	0	0.000453519494533063	0	0.00049345457008132	4.18615167431182e-05	0.000252584191994557	2.50099841405028e-05	0.000133919567856664	0	0	0	0	0	0	0.000673670931653127	0.000322555066989103	0	0.000727881170439366	0	0	8.3083155187265e-05	0	8.66253071603699e-05	0	0.000265424693002239	0	0.000986704649878549	0	0	4.92456859827123e-05	0.000246400940472077	0.000162645260105096	3.87243140233526e-05	0.000639799923581283	0.000210198419042047	7.96066055282209e-05	0.000344179233663033	8.81619609534563e-05	0.000484365822690155	0	2.70592707138044e-05	0	0	8.15001592705464e-05	0.000194495800622924	0	3.80085787973808e-05	0.000225067929882339	2.75302932153285e-05	0.000314745016870121	0	0.000208579008138285	0.000498034152006366	0.000165928484512049	0.000146872389333306	6.62458911047805e-05	0.000195216231135901	8.2239437011398e-05	0	0	0.000209333051081556	0.000500992453379303	5.22667608429212e-05	0.000486151661237347	0.000506556225703018	2.7124973567938e-05	7.47843248565726e-05	0.000421476205371166	0.000264866392095181	6.51253572457991e-05	8.38597515290445e-05	0	0.000232983759312136	0.000206368521841089	0	0.000509910706883108	0.000423018490105899	9.73626497627064e-05	0.000458450918715288	9.25470378816229e-05	8.09902562982497e-05	0.000207886751907367	0.000279366166174488	0	0.000131683665006363	7.12446515472258e-05	0	0.000160409173030464	0	7.33206009003257e-05
Arsenic__pstB	0.00167896534424895	0.00291856501797432	0.00621168647265404	0.00215548590490144	0.000898719590530506	0.00591872631348325	0.00164286498203902	0.000731637786537135	0.000964930925688804	0.000531679065175489	0.000326824167924048	0.00053886175471071	0.00465948765330737	0.00119090940081739	0.00437910937448328	0.00320032147434527	0.000394227211842586	0.00150978353166629	0.00127710245935783	0.000952169995458537	0.00120747942678519	0.000923828571997377	0.00720936914394516	0.000290418078992447	0.000321660981597124	0.00174023521075954	0.000795742788936095	0.0014698307921419	0.000464246901226278	0.00103706734847927	0.000420566744663018	0.00142605993263591	0.000399005325780164	0.00206419918897457	0.000520514868395491	0.00092904821918018	0.000454379960390729	0.000591418683093811	0.00116410206626495	0.000127869996199674	0.000496137673900139	0.000429224744148695	0.00071665240332437	0.000433215333189668	0.000851648756609545	0.00108933974897698	0.000612610734970681	0.000755783079016574	0.000523717044271141	0.000987569760810861	0.000295772505767469	0.000258030751008975	0.000397046988747443	0.000328344307142581	0.000738068348845578	0.000276280323069598	0.00129810203974132	0.000719399286348719	4.06932533631738e-05	0.000570590793353624	0.000460596171316931	0.00126233812965755	0.000482416452313473	0.0004002157758033	0.000446120882086353	0.00130862333643703	0.000653726738851815	0.00127635472896359	0.000934753438518687	0.000445033302423674	0.000586802621736247	0.0003617161543778	0.000415973213915725	0.000584066856925455	0.00101761657145425	0.000767393376002059	0.000156072445367962	0.000274932643978426	0.0011587848073146	0.000525373738191822	0.000454537823314537	0.000164703881323204	0.000247634399900544	0.000348723380823751	0.000136008375707826	0.00040999097839242	0.00041370649076209	0.000639116432865217	8.35282761003628e-05	0.000147274652564818	0.000819401251568347	0.000618782073932252	0.000512800270671001	0.00105784610819055	0.000867981329664191	0.000650310547952358	0.000602930432306686	0.001795725027972	0.000298161780218285	0.000597792572912506	0.000391270035800885	0.000351271009459243	0.000176737512103642	0.000671161292934459	0.00039680063481694	0.000596188488321295	0.000584988628187374	0.000189512419911659	0.000805604623991245	0.000580329544935175	0.000254656055678948	0.000282788031385161	0.000813954085832747	0.000256224159283525	0.000627919828179738	0.000150162657004285	6.76642076569795e-05	0.000411280801696002	0.000489972565239297	0.00039584565661168
Arsenic__pstC	0.000154297205573258	0.000740685753629883	0.000696291917922487	0.000320196827061328	0.000585292200864973	0.00467999549926896	0.000586546980569793	3.46312842360424e-05	0.000149903593875308	0	6.87476457569593e-05	0	0.00408866578278163	7.11928172239769e-05	0.00302034719902161	0.00231639131363493	0.000343823746011911	0.000832363827517612	0.000230974899405321	0.000269445105303946	0.000466912536050164	0.000514658717241919	0.0063511837035203	0.00039952025138971	0	0.000341739371423254	5.8590064998103e-05	0.00117785484525848	0.000390851524949493	7.43172158822864e-05	0.000442935200618984	0.000175017808284333	0	0.000336264384749986	3.96360084318437e-05	0.000182961986459238	0.000195385917156303	0.000190588842075372	0	0	0	0.000106196315738328	0	0	0.000526138775116954	0.000200343604741335	7.80526952730629e-05	0.000593902982053545	6.94843028272111e-05	0	0	7.22738912136126e-05	3.11675982003659e-05	0	0.000115087611883899	6.63844652417683e-05	0.000509396448729132	0	9.17958154236359e-05	8.40789041179448e-05	0.000297299008488508	0.00015016010151446	0.000219260232123524	0.00021775545988436	3.93231949871359e-05	7.46130750652398e-05	0.000362585971852899	0.0002911570528323	0.000189871597367887	0	0.000350798663698962	0	0.000106727947583353	7.56239722385007e-05	0.000270255439916619	8.18756653731588e-05	7.36030922111471e-05	0.000137644849680108	0	0.000148988745616881	0	0.000291776809522598	0.000212563327978465	0.000142854113285751	0.000129434459899221	0.000222179065985743	0.000179329668877945	0	0	7.46231062265297e-05	0.000292039269807971	0.000360497989262715	0.000143698699263947	0.000945342059740445	0.000269620364685592	0.00018744471092551	3.65222903110798e-05	0.000398099170213323	9.13916518714709e-05	0.000241719194291618	0	0	0.00039243322035338	0.000292055602773325	0	0.000287472030322967	0.000177071054043049	0	0.000298412444727791	0.00021685446322916	0	0.000238939562262972	0.000267844046170315	0	0.0001556550719481	0	0	0	0	0
Arsenic__pstS	0.000420993095873035	0.000605385530188289	0.000984334065856896	0.000386868427717499	0.000463638258344146	0.00275153133963296	0.00041939039268447	0.000225456727985664	0.000248631745835361	0	0.000188247346877214	0	0.0039834381661199	7.5559227071865e-05	0.00231426377956586	0.00176774523790167	0.000205113486017646	0.00121420088035745	0.000443826848557581	0.0002674237776401	0.000698575302651733	0.000546685994562107	0.0048549649507418	0.000307970704008804	0	0.00117288984057545	0	0.000448324396873455	0.000104596423822431	9.62018937769738e-05	8.63861504542027e-05	0.000212278503910596	5.47146476080936e-05	0.00100301914832345	0.000138132634934352	0.000104556573974998	0.000274694780125336	0.000638904475438587	3.97166885788212e-05	0	0	0	7.07554270857726e-05	0	0.0006698385272804	0.000298377458462028	0	0.000789381652711584	0	0	0	6.86948671031e-05	7.48633950993122e-05	0	0.000246875123673341	0.000144009822591799	0.000716032038510451	0	0	4.12866722250439e-05	0.000543484509893497	0.000139141609800891	6.7608805891898e-05	0.00024302887270635	0.000143568302992918	0	0.000531324541688511	0.000242485120026872	0.000251133794913796	0	0.000263236875660765	0	0.000223694786323113	0.000140853898196308	8.36127995241895e-05	9.78243727516451e-05	0	0	6.9942086669316e-05	7.72663816232054e-05	6.72521012700002e-05	0	0.000132434304501724	0	6.25083291751124e-05	0	0.00020792221242255	2.55836819289268e-05	0	6.74239175391264e-05	0.000246082048245839	0.000203851541211602	9.7155825764391e-05	0.00101253149074173	0.000191420374520067	0.000156940294285076	2.693782799823e-05	0.000114204201284968	7.91360185055634e-05	0.000110865587426783	7.10092363425129e-05	0	0.000551519834356551	0.000307368693735619	6.12751391897622e-05	0.000130206310823996	0.00017877175187414	0	0.00024520679320774	6.79769800053025e-05	0	3.58618122417809e-05	0.000436549669856396	0	0.000500844936851269	0	0	2.48252846285273e-05	0	4.90040143300587e-05
Cadmium__cadR	0	0	0	0	0	0	0	0	0	0	0	0	0	0	0	0	0	0	0	0	0	0	0	0	0	0	0	0	0	0	0	0	0	0	0	0	0	0	0	0	0	0	0	0	0	0	0	0	0	0	0	0	0	0	0	0	0	0	0	0	0	0	0	0	0	0	0	0	0	0	0	0	0	0	0	0	0	0	0	0	0	0	0	0	0	0	0	0	0	0	0	0	0	0	0	0	0	0	0	0	0	0	0	0	0	0	0	0	0	0	0	0	0	0	0	0	0	0	0	0
Cadmium__frnE	0	0	0	0	0	0	0	0	0	0	0	0	0	0	0	0	0	0	0	0	0	0	0	0	0	0	0	0	0	0	0	0	0	0	0	0	0	0	0	0	0	0	0	0	0	0	0	0	0	0	0	0	0	0	0	0	0	0	0	0	0	0	0	0	0	0	0	0	0	0	0	0	0	0	0	0	0	0	0	0	0	0	0	0	0	0	0	0	0	0	0	0	0	0	0	0	0	0	0	0	0	0	0	0	0	0	0	0	0	0	0	0	0	0	0	0	0	0	0	0
Cadmium__ychH	0.00026614650411781	0.000175982687204493	0.000542394401102335	0	0.000145792894237199	0.00224636388933019	7.72936019009662e-05	0	0.000222014198597825	0	0	0	0.00199764758034076	0	0.00128177183205739	0.000789939023219605	0	0.000276331700832917	0	0	0	0.000576538251973849	0.00328869776110135	0.000193890002696215	0	8.01011179952499e-05	6.37811210602453e-05	0.00136760599229827	0.000251251465751302	0.000124939087570221	0.000164084365706819	0.000755197615263607	0	0.000490262133558359	0	0.000117967091071792	0.000111615385042188	0	0	0	0	0	0	0	0.000157269742562133	0	0	0	0	0	0	0	0	0	0	0.000132692528925074	0.000612175487637115	0	0	0	0.000103845041449129	0	0	7.41797012847864e-05	0.000578119354476093	0	0.000208150239384312	0.000247051329572238	8.33365981843094e-05	0	0	0	0	0	0	0	0	0.000260577659267595	0.00050461322689282	0.000132085810482357	0	0.000353333939016865	7.79803661663097e-05	0.000354987295641421	0	0	8.16513105881465e-05	0	0	0	0	8.80943637115491e-05	0	0.000131219809350612	0	0.000114831123800195	0	8.64416814757424e-05	6.42345849302274e-05	0.000201067747667092	0	0	0.000370284298456271	0	0	0	0	0	0.000239720676510438	0	0	0.000134871598213654	0.000185744023322458	0	0.000118737749449105	0	0	0	0	0
Cadmium__yhcN	0	0.0010816866894552	0.000291446388780341	0.000234337597224319	0.000114087129191592	0.00192554270266951	0.000227327590648388	0.000129572832175669	0	0	6.55394222883012e-05	0	0.00156523788735776	0	0.0022954979417268	0.000980396480604027	0	0	0.000139725556430379	0.000124170513008922	0.000354493787402452	0.000161289056685502	0.00341432837491663	0.00024819797078354	0	0.000432285700603774	0.000212332212299327	0.000729705690321958	0.000112717480977944	0	0	0.000131198534802774	0	0.00075751061836925	0	0	0.000197631732296031	0.00021523833231712	0	0	0	0	0	0	0	0.000145729018833441	0	0.000456824428361901	0	0	0	0	0	0	0	0	0.000145036488874267	0	0	0	0.000182129122317284	0	0	0.000137275079389087	0.000219161273394971	0	0	0	0.000255565567765215	0	0.000157823529680514	0.000142090137678978	0	0	0	0	0	0	0	0	0	0	0.000260686311218186	0.00014549955982808	0	0	0	0	0	9.0293958534101e-05	0.000403421688990546	0.000468304054623184	0	0.000496765016180661	0.000206180278877217	0	0	0.000554170664863165	0.000226420759141032	0	0	0	0.000136888579076068	0.000181845941349429	0	0	7.65288078943975e-05	0	0.000129335574941123	0.00015584607424069	0	0.000291067019367962	0.000413157137885704	0	0.000131269110676231	0	0.000133254416611829	0	0	0.000181896893038164
Cadmium__yjaA	0	0	7.98609002327233e-05	0	0	0	0	0	0	0	0	0	0.00144711478260905	0	0	0.00068188993526826	0	0	0	0	0	0	0	0	0	0	0	0	0	0	0	0	0	0	0	0	0	0	0	0	0	0	0	0	0	0	0	0	0	0	0	0	0	0	0	0	0	0	0	0	0	0	0	0	0	0	0	0	0	0	0	0	0	0	0	0	0	0	0	0	0	0	0	0	0	0	0	0	0	0	8.52962159574646e-05	7.24402258738935e-05	0	0	0	0	0	0	0	0	0	0	0	0.000160905020938126	0	0	0	0	0	0	0	0	0	0	0	0	0	0	0	0
Cadmium__yodD	0.000239857747384541	0.000371030165522807	0.000316440831082143	0	0	0.00176281546642431	0.000642953945146204	0.000483980442742559	0	0	0	0	0.00177564529848352	0	0.00115205888536624	0.000472891241205637	0	0.000777227103056516	0.000165389434142082	0.00015656282075038	0.00058334838131622	0.000359222987049949	0.00284870645851513	0.000112660296303485	0	0.000579379672782194	0	0.000532387988721776	0	0.00015964438967306	0	0.000218359996184791	0	0.000267976096767789	0	0	0	0.000162127574992117	0.00018704353837926	0	0	0	0	0	0	0.000541636100202984	0.000114014751909985	0.000171326334486403	0.000178036085155665	0	0	0	0	0	9.46378220033737e-05	0	0.000714004022301999	0	0	0	0	0.000296760852474504	0	0	0	0	0	0.000164619552610439	0.00017037704517681	0	0	0	0.000432765225325316	0	0	0	0	0	0	0.000100815717867423	0	9.97808265194868e-05	0.000256111000449867	0	0	0	0	0	0	0.000285657250635156	0	0.000134347872874694	0	0.000563370381478626	0.000260633019196072	0	0	0.000165679889495173	0.000404478044129539	0	0	0	0.000605620541475146	0.000506845048750046	0	0.0001006223794916	8.30460999215333e-05	0	0	0.0003615628922384	0	0	0.000159754093315806	0	0.00013241058120385	0	0.000154575123269722	0	0	0
Chromium__ceuE	0	0	0	0	0	0	0	0	0	0	0	0	0	0	0	0	0	0	0	0	0	0	0	0	0	0	0	0	0	0	0	0	0	0	0	0	0	0	0	0	0	0	0	0	0	0	0	0	0	0	0	0	0	0	0	0	0	0	0	0	0	0	0	0	0	0	0	0	0	0	0	0	0	0	0	0	0	0	0	0	0	0	0	0	0	0	0	0	0	0	0	0	0	0	0	0	0	0	0	0	0	0	0	0	0	0	0	0	0	0	0	0	0	0	0	0	0	0	0	0
Chromium__chrA	0	0	0	0	0	0	0	0	0	0	0	0	0	2.53697162220915e-05	0	0	0	0	0	0	0	0	0	0	0	0	0	0	0	0	0	0	0	0	0	0	0	0	0	0	0	0	0	0	0	0	0	0	0	0	0	0	0	0	0	0	0	0	0	0	0	0	0	0	0	0	0	0	0	0	0	0	2.4778904861055e-05	0	0	0	0	0	0	0	0	0	0	0	2.38497219957092e-05	0	0	0	0	0	0	0	0	0	0	0	0	0	0	0	0	0	0	0	0	0	0	0	1.62291274325159e-05	0	0	0	0	0	0	0	0	0	0	0
Chromium__chrA1	0	0	0	0	0	0	0	0	0	0	0	0	0	0	0	0	0	0	0	0	0	0	0	0	0	0	0	0	0	0	0	0	0	0	0	0	0	0	0	0	0	0	0	0	0	0	0	0	0	0	0	0	0	0	0	0	0	0	0	0	0	0	0	0	0	0	0	0	0	0	0	0	0	0	0	0	0	0	0	0	0	0	0	0	0	0	0	0	0	0	0	0	0	0	0	0	0	0	0	0	0	0	0	0	0	0	0	0	0	0	0	0	0	0	0	0	0	0	0	0
Chromium__chrB	0	0	0	0	0	0	0	0	0	0	0	0	0	0	0	0	0	0	0	0	0	0	0	0	0	0	0	0	0	0	0	0	0	0	0	0	0	0	0	0	0	0	0	0	0	0	0	0	0	0	0	0	0	0	0	0	0	0	0	0	0	0	0	0	0	0	0	0	0	0	0	0	0	0	0	0	0	0	0	0	0	0	0	0	0	0	0	0	0	0	0	0	0	0	0	0	0	0	0	0	0	0	0	0	0	0	0	0	0	0	0	0	0	0	0	0	0	0	0	0
Chromium__chrB1	0	0	0	0	0	0	0	0	0	0	0	0	0	0	0	0	0	0	0	0	0	0	0	0	0	0	0	0	0	0	0	0	0	0	0	0	0	0	0	0	0	0	0	0	0	0	0	0	0	0	0	0	0	0	0	0	0	0	0	0	0	0	0	0	0	0	0	0	0	0	0	0	0	0	0	0	0	0	0	0	0	0	0	0	0	0	0	0	0	0	0	0	0	0	0	0	0	0	0	0	0	0	0	0	0	0	0	0	0	0	0	0	0	0	0	0	0	0	0	0
Chromium__chrC	0	0	0	0	0	0	0	0	0	0	0	0	0	0	0	0	0	0	0	0	0	0	0	0	0	0	0	0	0	0	0	0	0	0	0	0	0	0	0	0	0	0	0	0	0	0	0	0	0	0	0	0	0	0	0	0	0	0	0	0	0	0	0	0	0	0	0	0	0	0	0	0	0	0	0	0	0	0	0	0	0	0	0	0	0	0	0	0	0	0	0	0	0	0	0	0	0	0	0	0	0	0	0	0	0	0	0	0	0	0	0	0	0	0	0	0	0	0	0	0
Chromium__chrE	0	0	0	0	0	0	0	0	0	0	0	0	0	0	0	0	0	0	0	0	0	0	0	0	0	0	0	0	0	0	0	0	0	0	0	0	0	0	0	0	0	0	0	0	0	0	0	0	0	0	0	0	0	0	0	0	0	0	0	0	0	0	0	0	0	0	0	0	0	0	0	0	0	0	0	0	0	0	0	0	0	0	0	0	0	0	0	0	0	0	0	0	0	0	0	0	0	0	0	0	0	0	0	0	0	0	0	0	0	0	0	0	0	0	0	0	0	0	0	0
Chromium__chrF	0	0	0	0	0	0	0	0	0	0	0	0	0	5.4575641048675e-05	0	0	0	0	0	0	0	0	0	0	0	0	0	0	0	0	0	0	0	0	0	0	0	0	0	0	0	0	0	0	0	0	0	0	0	0	0	0	0	0	0	0	0	0	0	0	0	0	0	0	0	0	0	0	0	0	0	0	0	0	0	0	0	0	0	0	0	0	0	0	0	0	0	0	0	0	0	0	0	0	0	0	0	0	0	0	0	0	0	0	0	0	0	0	0	0	0	0	0	0	0	0	0	0	0	0
Chromium__chrI	0	0	0	0	0	0	0	0	0	0	0	0	0	0	0	0	0	0	0	0	0	0	0	0	0	0	0	0	0	0	0	0	0	0	0	0	0	0	0	0	0	0	0	0	0	0	0	0	0	0	0	0	0	0	0	0	0	0	0	0	0	0	0	0	0	0	0	0	0	0	0	0	0	0	0	0	0	0	0	0	0	0	0	0	0	0	0	0	0	0	0	0	0	0	0	0	0	0	0	0	0	0	0	0	0	0	0	0	0	0	0	0	0	0	0	0	0	0	0	0
Chromium__nfsA	0.000286288543970263	0.000969737932616426	0.000218905382612914	0.000494239295964017	0.000276083144053842	0.00164693680998751	0.000484252467326418	0.00022169911585257	0.000197244379185636	0	0	0	0.0023741392703657	0	0.00316770908142171	0.00184949795256806	0.000567515175538723	0.000755399689920017	3.92799906087444e-05	0	0.000164365578752009	0.00052152816479257	0.00332636254816535	0	0	0.000402346994987635	0	0.000718149265362108	0	3.6917765111895e-05	0.000125798013708561	0.000241932950318377	0	0.000779974031653338	0	0.000179877968126876	0.000254725343848218	0.000380999801231474	0	0	0	0	0	0.000240032615904719	0.000530523264909596	0	0	0.000307540731236494	5.34108255466996e-05	0	3.0016237547453e-05	0.000196089498145799	0	0.0001152602677515	0	0	0.000927128067752057	0	0	0	7.47599871570764e-05	8.5681631998413e-05	0	0.000275215522683377	0	9.71897480287303e-05	0.000200009252243948	0.000233834591776192	0.000403580625762569	0	9.43981986901577e-05	0	0.000167393891788857	8.63023572073631e-05	0.000233851064802571	0	8.66210002302627e-05	0	0	0.000112517542262749	0	3.2155930421319e-05	9.6427334506727e-05	0	0	0.000366188130588835	0.000120383342533806	0.000206955404788953	0	0	0.000224776853101909	0.000344996575724418	0.000141657978152872	0.000760550014996146	0.000295128565854376	8.71568229643481e-05	8.73795795692585e-05	0.000125295416430725	0.000146097994835751	0.0001249442039012	0.000156195918154098	0	0.000460447019909648	0.000146487008309262	0	0.000224875772348651	0	0	0.00021191633954103	0	0	0.000104456676575677	0.000503323603428384	4.28708391509544e-05	8.68944439150268e-05	0	9.66094520435763e-05	0	3.40069693235145e-05	0
Chromium__oscA	0	0	0	0	0	0	0	0	0	0	0	0	0	0	0	0	0	0	0	0	0	0	0	0	0	0	0	0	0	0	0	0	0	0	0	0	0	0	0	0	0	0	0	0	0	0	0	0	0	0	0	0	0	0	0	0	0	0	0	0	0	0	0	0	0	0	0	0	0	0	0	0	0	0	0	0	0	0	0	0	0	0	0	0	0	0	0	0	0	0	0	0	0	0	0	0	0	0	0	0	0	0	0	0	0	0	0	0	0	0	0	0	0	0	0	0	0	0	0	0
Chromium__srpC	0	0	0	0	0	0	0	0	0	0	0	0	0	0	0	0	0	0	0	0	0	0	0	0	0	0	0	0	0	0	0	0	0	0	0	0	0	0	0	0	0	0	0	0	0	0	0	0	0	0	0	0	0	0	0	0	0	0	0	0	0	0	0	0	0	0	0	0	0	0	0	0	0	0	0	0	0	0	0	0	0	0	0	0	0	0	0	0	0	0	0	0	0	0	0	0	0	0	0	0	0	0	0	0	0	0	0	0	0	0	0	0	0	0	0	0	0	0	0	0
Chromium__yieF	0.000131570905313993	0.000721248194101394	0.000884756824493171	0.000377909036142699	0.000450903300134452	0.00221895299559819	0.00063947093647189	0.000119923791481736	0.000255635873229035	0	0.000330124000851118	0	0.00406770424400775	0.000112372630848336	0.00329378537704442	0.00138191524115536	6.35515314153105e-05	0.000920630566583253	0.000130640058351591	3.24784574960895e-05	0.000226360332826751	0.000298556338971035	0.00515558190994995	0.000228466691306934	0	0.000954278763027783	0.000105196127958308	0	9.93558342966678e-05	8.91630899769748e-05	0.000126868635101825	0.000180822772469272	0	0.000348063955475233	0.000189658300346372	0.000236045734948379	0.00058558036991703	0.000333741337882708	0	0	0.000123314682971311	0	0	0	0.000138531220044092	0.000441790524203376	0.000100333695164842	0.00036081529498157	0.00014205006794335	0	0	0	0	0	0.000367129481909639	0	0.000956021526559903	0	0	5.73764630726239e-05	0.000167326857135208	0	0	0.000363007048840444	0.000241540633549174	6.33020503877966e-05	0.000355833572348898	0.000138808193841612	0	0	0.000120508338753393	0	0.000170231076395448	0	0	0.000252337387712695	0	0	0	0.000403626757989349	0	0.000176639927266046	0	0.000130624551637145	0	6.28325550083794e-05	0.00027047831854404	6.53956408644257e-05	0	0.000429245602683146	0.000285796767850671	0.000202733550071086	0.000117850768341381	0.000955503564939433	0.00039266207366367	5.39461960320917e-05	0.000394137678057081	0.000182424133646281	0.000264045144862126	5.17867659164961e-05	0.000133381793248324	0	0.000294638950510093	5.25950694727403e-05	0	6.08210707758704e-05	4.56966800742113e-05	0	0.00043213217044424	0	0	0	0.000558958231103654	0	0	0	0	0	0	6.01254927595756e-05
Cobalt__corT	0	0	0	2.08499183785443e-05	0	0	0	0	0	5.03774462633555e-05	3.45012523153189e-05	0	1.80378433409541e-05	0	0	0	1.89823078881619e-05	2.55993117232168e-05	4.90758367664589e-05	4.93831327133208e-05	1.41509872389155e-05	1.44255726400023e-05	0	0	1.48753326847214e-05	0	0	0	0	1.19360291344344e-05	0	1.58467145347926e-05	0	1.38327152754509e-05	1.45739503900639e-05	1.2021291662006e-05	9.67123092881668e-06	4.01530910027205e-05	0	0	1.29628662664946e-05	0	4.34538691158512e-05	1.05744567880238e-05	0	0	1.4102979208217e-05	0	1.03993040394664e-05	3.7337247187458e-05	1.12210233822254e-05	2.70264011415903e-05	3.34186765750604e-05	2.74196049026507e-05	1.4486936980858e-05	0	3.25976699407401e-05	0	6.93487650661333e-05	1.2714898611362e-05	1.08886982144061e-05	2.22329468407097e-05	0	2.96124575222312e-05	0	2.59518686325048e-05	1.63061828236267e-05	0	2.50788641264931e-05	1.37628124089949e-05	0	1.23233315669245e-05	0	0	1.26174579718123e-05	4.02676380196079e-05	0	9.82667021340334e-06	0	1.05156581553971e-05	4.86926460279252e-05	1.0928098698834e-05	2.99195093983489e-05	0	8.5071438271299e-06	0	0	1.37880902607612e-05	7.85050396668587e-05	0	1.21487320672127e-05	4.53785734770782e-05	0	0	1.07462762175401e-05	3.48857669563708e-05	3.55688423584105e-05	5.49685614680247e-05	1.31937704041526e-05	1.24352769995125e-05	0	2.71648088418195e-05	0	9.58326222583957e-06	2.04746773504483e-05	1.06863189774426e-05	0	3.32185588847714e-05	4.83739225153621e-05	1.55162408456304e-05	0	1.10442252208778e-05	8.26061076973868e-06	1.15390669864251e-05	2.59097807846319e-05	2.98916812161382e-05	0	2.30422293981987e-05	0	0
Cobalt__nhlF	0	3.0184530511282e-05	0	0	0	0	0	0	0	0	0	0	0	0	0	0	0	0	0	0	0	0	0	0	0	0	0	0	0	0	0	0	0	0	0	0	0	0	0	0	0	0	0	0	0	0	0	0	0	0	0	0	0	0	0	0	0	0	0	0	0	0	0	0	0	0	0	0	0	0	0	0	0	0	0	0	0	0	0	0	0	0	0	0	0	0	0	0	0	0	0	0	0	0	0	0	0	0	0	0	0	0	0	0	0	0	0	0	0	0	0	0	0	0	0	0	0	0	0	0
Copper__actP	0.000186670301415354	0.000341653095985517	8.95698525562302e-05	0.000197189315054634	0.000329125896539745	0.000462021687747197	0.0002689952140522	0.000280136971017118	0.000264944314203162	0.000102760976441252	0.000236161871909262	0.000136672674014794	0.000317492301843516	0.000167472416465384	0.000210551971489192	0.000279406600382544	0.000127521797634396	0.000180919578716538	4.59227499477841e-05	0.000104543257460823	0.000319690615297854	0.000276174251096999	0.000940803742847454	0.000254820789369506	0.000197178416956521	0.000309674634310718	0.000196342158444731	0.000325710208487556	0.000452075198538463	0.000177569141018422	0.0001922058545026	0.000203125840031128	0.00011519856529832	0.000275270391577151	0.000209234494005912	0.000289103144088522	0.000244263306095856	0.000435517070586141	0.000443832469497749	0.000160004708843188	0.00033409756398609	0.000317169446572119	0.0001469649635061	0.000122454323780349	0.00023408779195483	0.000303923554883205	0.000191224709842779	0.000281113899623748	0.000166251520439119	0.000358552902832779	0.000177948519737557	0.000163151245210718	0.000189959376047445	0.000238228771751583	0.000157140801438094	0.00062219895991526	0.000255746338753459	0.000129807567340914	0.000440702705998141	0.000480548152637577	0.000266131847444637	0.000276031652561953	0.000248080643065857	0.000273398195667484	0.000281123149113501	0.000188111966122649	0.000254699522738925	0.000439292940262354	0.000296897653362191	0.000223016719745872	0.000245876792926129	0.000208987143765911	0.000298066562870389	0.000221161412870115	0.000275068834595032	0.000229621707315546	0.000181500989959221	0.000393694203715028	0.000142679954897272	0.000220502784409156	0.000181621460095182	0.00036751027785563	0.000225741341445795	0.000206671971342587	0.000221272559871728	0.000269561888451023	0.000178591858371581	0.000332094478344193	0.000209902582406319	0.000196632616109423	0.00037754888816081	0.000237693567551949	0.000214738696415094	0.000284427103230451	0.000226317553660637	0.000186712517645485	0.000306362967158155	0.000234303089386093	0.00028437458937081	0.000232884840999705	9.64476036052619e-05	0.000172468864665915	0.000468772052906312	0.000128661449780229	0.000349403203052778	0.000112028529718473	0.000207257213731912	0.000135402317532108	0.00023691340125309	0.000237946717699277	0.000114773713184834	0.000194708944607762	0.000250124822879361	0.000141504972833711	0.000216028639889049	0.000346222838330435	0.000387314132511878	0.000466240925347002	0.000514930728792298	0.000238957656167773
Copper__bhsA	0.000490885340848264	9.82138673442723e-05	0.000921162600284368	6.54140244658258e-05	0.000811088750904548	0.000946780685291827	0.000413066101923693	0	0.000277049136963044	0	0	0	0.00212179269114044	0	0.000300481507281982	0.0013336864128553	0.000188351785813471	0.000552860429616517	0	0	0.000239077205457467	0.000125463910918181	0.00147570562272226	0.000138064088607212	0	7.4739379873864e-05	0	0	0.000497188283742208	0	0	0	0	0.00133346518740469	0.000270727926768939	0	0.000112378828168331	0	0	0	0.000171338591181255	0	0	0	0.000411626218179735	0.000127849660220262	0	0.000312887355046988	0	0	8.47517295457496e-05	0	0	0	0.000529818232716656	0	0.00047431301684362	0	0	0	0	0	0	0	0	0	0.000519673601575014	0.000330119423684036	0	0	0.000134614187080439	0	0.000125503695538605	0	0	0	0.000140991413523583	0	0	0.000190617953951009	0	0	0	0	0	0	0	0	0	0	0	0	0	0.000633436613796976	7.84604590659456e-05	0	0.000227529571897991	0.000143264375034061	0.000345304976558258	0	0	0	0.00060605498949629	0.000382589598172425	0	0	0	0	0.000288585707568628	0.000159513040693412	0	0	0.000448297407472511	0	0.000201536693449978	0.000121568520710702	0.000231862684904583	0	0	0
Copper__cinA	0	0	0	0	0	0	0	0	0	0	0	0	0	0	0	0	0	0	0	0	0	0	0	0	0	0	0	0	0	0	0	0	0	0	0	0	0	0	0	0	0	0	0	0	0	0	0	0	0	0	0	0	0	0	0	0	0	0	0	0	0	0	0	0	0	0	0	0	0	0	0	0	0	0	0	0	0	0	0	0	0	0	0	0	0	0	0	0	0	0	0	0	0	0	0	0	0	0	0	0	0	0	0	0	0	0	0	0	0	0	0	0	0	0	0	0	0	0	0	0
Copper__comR	0.000116597516089707	0.000356574444788152	0.000412454929401938	0.000142191860942029	6.13163258049019e-05	0.00143642608991392	0.000250790133310814	0	5.72137430560222e-05	0	0	0	0.00321164277877309	0	0.00111660693853444	0.000657944649793118	0.000183197881226535	0.000786276002620107	0.000386302464031863	0.000154326209025375	0.000487262113979981	0.00026594261318058	0.00253364214973926	3.91181584387101e-05	0	0.00115803330587418	0	0.000640178773694222	0.000111183909808176	0	0	0.000101617747142273	0	0.000153574341170909	9.03134763554153e-05	0.000164230164036031	0.000270645677838731	0	6.68012637068784e-05	0	0	0	0	0	0.000414647463246933	0.000115818456367335	0.000176052190449242	0.000569190480021273	0	0.000110788083881441	0.000118290591320012	5.65914857563633e-05	0	0	4.42886359129089e-05	0.000118636663373244	0.00106397151106579	0	0	0	0.000395021230841101	0	0	0.000211235530325249	0.000119467611437108	0.000224414811774794	0	0.000399523102520466	0.000139952572823808	0	0.000108973389541308	0	9.8355733028481e-05	3.01695635279521e-05	0.000137762041120808	0.000248746069086073	0	0	0.000157570209248599	0	0	0	0.00010579456128738	0.000120556778143266	0.000104030215943188	0	0.00027241030653364	8.89878968258014e-05	0	0	0.000200145539881906	0.00040366946275238	9.00426313780695e-05	0.00104281007347166	0.000501554297444542	0.00020625857094016	0.000110958196278423	0	5.25296161207193e-05	0	0	0	0.000195191289499829	0.000143348000988349	0	0.000153547137535883	0.000102273522070854	0.000105670929209124	0.000180035120318043	0	0	0	9.25975131045946e-05	0	0.000292012621047777	0.000100421032657042	0	0	9.99388486242059e-05	0.000106576730594402
Copper__copA	0.000812333823187286	0.00106579601112505	0.00137367091206556	0.000875092911466838	0.0012473202577155	0.000886287509722811	0.000800596272941033	0.00061028374498345	0.000831573191329556	0.000682484467378895	0.000900928996403583	0.00104844711092792	0.000775565159647006	0.000803133807952748	0.00217419728761102	0.00146826581729386	0.000999715929181292	0.000931836162488626	0.000790713468733674	0.00123334191995951	0.00095944372501154	0.00101640487668843	0.000608016747501025	0.000555470317788614	0.000642490778860335	0.000851180813778829	0.000701066273438497	0.000864711631807782	0.000950434174256881	0.000996395644285087	0.000849103919455346	0.000911582535489483	0.00090194992391969	0.000764392683318166	0.000741102411338279	0.000742317987846777	0.000849505325858291	0.000874506794156253	0.00144082031057463	0.000484855038089426	0.000810870105685652	0.000796935588161079	0.000946360128606342	0.000648604261298483	0.000832639520457422	0.00111417279876933	0.000916767677845019	0.000787044251339303	0.000778301981005497	0.000772163419024114	0.000928503849729184	0.000631132939935682	0.000993133653459959	0.00075356034474991	0.000858650757663929	0.000754298573181877	0.000810293920970819	0.000620161802828951	0.000524013473394247	0.000751531128881636	0.000868093052323594	0.000845051189358188	0.000781322027068218	0.00101062211251221	0.00082987350909806	0.000870704034615448	0.000717621720602933	0.000876185090447008	0.000474183716485996	0.000613437857880142	0.000925052767619978	0.000829785206052481	0.0010534750146228	0.000735580910790399	0.00055402475340823	0.000898577045078035	0.000601865458888986	0.000770362276720094	0.000946767161293465	0.00056692288280113	0.000568447498687988	0.000963977735084871	0.000919392241097348	0.000905793674864009	0.000907707659529018	0.000795349688701987	0.000951099578703676	0.000782711921081102	0.00086542718708851	0.000557581016745425	0.00069150670184374	0.000696355437439575	0.000667879733619725	0.000638242114348966	0.000713720756901178	0.000591150003776362	0.000523962329584455	0.000874896511609654	0.000812542635784761	0.000952005335220907	0.00090492160272179	0.000794926523818205	0.000957707851056746	0.000801223546852853	0.000678654604868216	0.000669620082339512	0.000765394262361794	0.000898972997297558	0.000730910196908842	0.000855926240060615	0.00067245974259566	0.000844516621943408	0.000939151643329232	0.000565272409146333	0.00062926027729937	0.00050256252393083	0.00071111139199604	0.000467429043776646	0.000560235749648539	0.000689691432995323
Copper__copC	0	0	0	0	0	0	0	0	0	0	0	0	0	0	0	0	0	0	0	0	0	0	0	0	0	0	0	0	0	0	0	0	0	0	0	0	0	0.000170425443003524	0	0	0	0	0	0	0	0	0	0	0	0	0	0	0	0	0	0	0	0	0	0	0	0	0	0	0	0	0	0	0	0	0	0	0	0	0	0	0	0	0	0	0	0	0	0	0	0	0	0	0	0	0	0	0	0	0	0	0	0	0	0	0	0	0	0	0	0	0	0	0	0	0	0	0	0	0	0	0	0	0	0
Copper__copD	0	0	0	0	0	0	0	0	0	0	0	0	0	0	0	0	0	0	0	0	0	0	0	0	0	0	0	0	0	0	0	0	0	0	0	0	0	0	0	0	0	0	0	0	0	0	0	0	0	0	0	0	0	0	0	0	0	0	0	0	0	0	0	0	0	0	0	0	0	0	0	0	0	0	0	0	0	0	0	0	0	0	0	0	0	0	0	0	0	0	0	0	0	0	0	0	0	0	0	0	0	0	0	0	0	0	0	0	0	0	0	0	0	0	0	0	0	0	0	0
Copper__copJ	0	0	0	0	0	0	0	0	0	0	0	0	0	0	0	0	0	0	0	0	0	0	0	0	0	0	0	0	0	0	0	0	0	0	0	0	0	0	0	0	0	0	0	0	0	0	0	0	0	0	0	0	0	0	0	0	0	0	0	0	0	0	0	0	0	0	0	0	0	0	0	0	0	0	0	0	0	0	0	0	0	0	0	0	0	0	0	0	0	0	0	0	0	0	0	0	0	0	0	0	0	0	0	0	0	0	0	0	0	0	0	0	0	0	0	0	0	0	0	0
Copper__copK	0	0	0	0	0	0	0	0	0	0	0	0	0	0	0	0	0	0	0	0	0	0	0	0	0	0	0	0	0	0	0	0	0	0	0	0	0	0	0	0	0	0	0	0	0	0	0	0	0	0	0	0	0	0	0	0	0	0	0	0	0	0	0	0	0	0	0	0	0	0	0	0	0	0	0	0	0	0	0	0	0	0	0	0	0	0	0	0	0	0	0	0	0	0	0	0	0	0	0	0	0	0	0	0	0	0	0	0	0	0	0	0	0	0	0	0	0	0	0	0
Copper__copL	0	0	0	0	0	0	0	0	0	0	0	0	0	0	0	0	0	0	0	0	0	0	0	0	0	0	0	0	0	0	0	0	0	0	0	0	0	0	0	0	0	0	0	0	0	0	0	0	0	0	0	0	0	0	0	0	0	0	0	0	0	0	0	0	0	0	0	0	0	0	0	0	0	0	0	0	0	0	0	0	0	0	0	0	0	0	0	0	0	0	0	0	0	0	0	0	0	0	0	0	0	0	0	0	0	0	0	0	0	0	0	0	0	0	0	0	0	0	0	0
Copper__copP	0	0	0	0	0	0	0	0	0	0	0	0	0	0	0	0	0	0	0	0	0	0	0	0	0	0	0	0	0	0	0	0	0	0	0	0	0	0	0	0	0	0	0	0	0	0	0	0	0	0	0	0	0	0	0	0	0	0	0	0	0	0	0	0	0	0	0	0	0	0	0	0	0	0	0	0	0	0	0	0	0	0	0	0	0	0	0	0	0	0	0	0	0	0	0	0	0	0	0	0	0	0	0	0	0	0	0	0	0	0	0	0	0	0	0	0	0	0	0	0
Copper__copR	4.95300965138782e-05	4.56915402075543e-05	0	4.08237303935036e-05	0	5.42634798951308e-05	2.44734697648984e-05	0.000219497519316439	6.13976555438194e-05	3.7937711402871e-05	0	0	0.000208781635576868	0	4.82259396185735e-05	8.24342181502218e-05	0.000124355113858143	5.09061202976138e-05	0	6.30317849774257e-05	0.000122873747298258	0	4.14938769358818e-05	0	0	0	2.9679190286151e-05	0.000279666938581543	0.000649421788610839	0	4.65508068348861e-05	9.40076074884465e-05	0	2.57378947566645e-05	0.00012981703217255	0	0	9.55104776985998e-05	0.000113507496544098	0	8.77257283805848e-05	0	0	3.84513601769675e-05	0.000137226327934226	0	2.72189533780523e-05	0.000157285314863708	0	2.84854577472942e-05	0	7.79861043202428e-05	2.88153948119544e-05	0.000105859116557244	3.12680028645508e-05	0	0	0	0	0.000165178954494624	2.56627909458469e-05	4.26298868714571e-05	0	0	4.53134861001542e-05	0	5.06162696652601e-05	4.57368100214227e-05	3.87220557220023e-05	0	3.02437160400986e-05	9.36668202743713e-05	0	0.000139550844512554	0	4.69627569073769e-05	0	5.46209720952809e-05	9.79050876059741e-05	0.000165536421007783	0	0.00020295453081297	4.58773221441697e-05	4.60307698365198e-05	7.47126096319263e-05	0	0	0	2.67255286775821e-05	8.38934656784599e-05	0	0.000130482360108961	0	9.14723463948934e-05	0.000102247036099407	0.000149482412353127	4.6191848230445e-05	0.000101982374911526	3.12400800717934e-05	0	4.49563541194666e-05	0	5.49040863725856e-05	0.000161496919166971	4.20288069244316e-05	2.6729675779941e-05	0	0	8.52589226175756e-05	8.04520505520129e-05	8.55428363439134e-05	0	0	2.35695186169124e-05	0	0.000163504906035431	3.01120370005952e-05	0	2.87636040093162e-05	3.98364498283708e-05
Copper__copS	0	0	0	0	0	0	0	0	0	0	0	0	0	0	0	0	0	0	0	0	0	0	0	0	0	0	0	0	9.95601374191393e-05	0	0	0	0	0	0	0	0	0	0	0	0	0	0	0	0	0	0	0	0	0	0	0	0	0	0	0	0	0	0	0	0	0	0	0	0	0	0	0	0	0	0	0	0	0	0	0	0	0	0	0	0	0	0	0	0	0	0	0	0	0	0	0	0	0	0	0	0	0	0	0	0	0	0	0	0	0	0	0	0	0	0	0	0	0	0	0	0	0	0	0
Copper__copY	0	0	0	0	0	0	0	0	0	0	0.000149732372458657	0	0	0	0.00113556877770322	0.000129052189793795	0	0.000159388818035287	0	0.000121471154030467	0	0.000265159209190965	0	0	0	0	0	0	0	7.76202032548324e-05	0	0	0.000295315347599021	0	0	0	0	0.000164363817405801	0	0	0	0	0.000186506085670356	0.000115041755306476	0	6.42397307510677e-05	0	0	0	0	0	0.000313087516370722	0.000268861544475788	0	0.000155291550968675	0	0	0	0	0	0	0	0	8.40459669729107e-05	0	0	0	0.000149009077793932	0	0.000167574105572969	0	0	0	0	0	0	0	0	0	0	0	0	0	0	0	0	0	0	0	0	0	0	0	0	0	0	0	0	0	0	0	0	0	0	0	0	0.000133308246009596	0	0	0	0.000153758605198498	8.73201058103885e-05	0	0	0	0	0	0	0	0
Copper__copZ	0	0	0	0	0	0	0	0	0	0	0	0	0	0	0.00063793252471059	0.000334265614615881	0.00016622870130196	0.00020841178783358	0	0.00019059821656568	0.000169779464745158	0	0	0	0	0	0	0	0	0.000260289765771293	0	0	0	0	0	0	0.000100367322983673	0	0	0	0	0	0	0	0	0	0	0	0	0	0	0	0	0	0	0	0	0	0	0	0	0	0	9.89062683797152e-05	0	0	0	0	0	0	0	0	0	0	0	0	0	0	0	0	0	0	0	0	0	0	0	0	0	0	0	0	0	0	0	0	0	0	0	0	0	0	0	0	0	0	0	0	0.00018916733656606	0	0	0.000165148895771822	0	0	0	0	0	0	0	0
Copper__corR	0	0	0	0	0	1.99716517801917e-05	0	0	0	0	0	0	0	0	0	0	0	0	0	0	0	1.86693813682746e-05	0	0	0	0	2.47175922977075e-05	1.72602398541966e-05	0	1.3874673351414e-05	0	0	0	0	1.35664020276375e-05	0	0	0	0	0	0	0	0	0	0	0	3.88588525822974e-05	0	0	0	0	0	0	0	0	0	0	0	1.73127213419413e-05	0	1.30010122027801e-05	0	0	0	0	0	1.36980128922437e-05	0	0	0	0	0	0	0	1.67620337586905e-05	0	0	0	0	1.62257056653577e-05	1.46271206516492e-05	0	0	1.57551669290234e-05	0	0	0	0	0	0	1.16229822173798e-05	0	0	0	0	0	0	3.19982619196686e-05	0	0	0	0	1.78300824128425e-05	0	1.18289946813541e-05	0	0	1.54610216361379e-05	1.25560974470738e-05	0	2.67511164150785e-05	0	0	0	0	0	0	0	0	1.26134510132534e-05
Copper__corS	0	0	0	0	0	0	0	0	0	0	0	0	0	0	0	0	0	0	0	0	0	0	0	0	0	0	0	0	0	0	0	0	0	0	0	0	0	0	0	0	0	0	0	0	0	0	0	0	0	0	0	0	0	0	0	0	0	0	0	0	0	0	0	0	0	0	0	0	0	0	0	0	0	0	0	0	0	0	0	0	0	0	0	0	0	0	0	0	0	0	0	0	0	0	0	0	0	0	0	0	0	0	0	0	0	0	0	0	0	0	0	0	0	0	0	0	0	0	0	0
Copper__crdA	0	0	0	0	0	0	0	0	0	0	0	0	0	0	0	0	0	0	0	0	0	0	0	0	0	0	0	0	0	0	0	0	0	0	0	0	0	0	0	0.000165741753334986	0	0	0	0	0	0	0	0	0	0	0	0	0	0	0	0	0	0	0	0	0	0	0	0	0	0	0	0	0	0	0	0	0	0	0	0	0	0	0	0	0	0	0	0	0	0	0	0	0	0	0	0	0	0	0	0	0	0	0	0	0	0	0	0	0	0	0	0	0	0	0	0	0	0	0	0	0	0	0	0
Copper__crdB	0	0	0	0	0	0	0	0	0	0	0	0	0	0	0	0	0	0	0	0	0	0	0	0	0	0	0	0	0	0	0	0	0	0	0	0	0	0	0	0	0	0	0	0	0	0	0	0	0	0	0	0	0	0	0	0	0	0	0	0	0	0	0	0	0	0	0	0	0	0	0	0	0	0	0	0	0	0	0	0	0	0	0	0	0	0	0	0	0	0	0	0	0	0	0	0	0	0	0	0	0	0	0	0	0	0	0	0	0	0	0	0	0	0	0	0	0	0	0	0
Copper__crdR	0	0	0	0	0	0	0	0	0	0	0	0	0	0	0	0	0	0	0	0	0	0	0	0	0	0	0	0	0	0	0	0	0	0	0	0	0	0	0	0	0	0	0	0	0	0	0	0	0	0	0	0	0	0	0	0	0	0	0	0	0	0	0	0	0	0	0	0	0	0	0	0	0	0	0	0	0	0	0	0	0	0	0	0	0	0	0	0	0	0	0	0	0	0	0	0	0	0	0	0	0	0	0	0	0	0	0	0	0	0	0	0	0	0	0	0	0	0	0	0
Copper__crdS	0	0	0	0	0	0	0	0	0	0	0	0	0	0	0	0	0	0	0	0	0	0	0	0	0	0	0	0	0	0	0	0	0	0	0	0	0	0	0	0	0	0	0	0	0	0	0	0	0	0	0	0	0	0	0	0	0	0	0	0	0	0	0	0	0	0	0	0	0	0	0	0	0	0	0	0	0	0	0	0	0	0	0	0	0	0	0	0	0	0	0	0	0	0	0	0	0	0	0	0	0	0	0	0	0	0	0	0	0	0	0	0	0	0	0	0	0	0	0	0
Copper__csoR	0	0	0	0	0	8.67260545562663e-05	0	0	0	0	0	0	0.00011465639034547	7.84383215327492e-05	0	0.000116334175234333	0	0	0.000152289280942709	0	7.10130313240002e-05	0	0	0	7.68252020957209e-05	0	0	0	0	0	0	0	0	0	0	7.16367813769295e-05	0	0	0	0	0	0	9.01915828567435e-05	0	0	0	0.000214151179330054	0	0	0.000132626599065991	0.000135272903935261	0	0	0	0	0	0	0	0.000218926249635315	0	7.38275300715374e-05	0	0	0	0	0	0	0	0	0	7.25050671007512e-05	0	0	0	0	0	0	0	0	0	0	0	0	6.76789041655761e-05	0	0	0	0	5.77560454094739e-05	0.000417172717511737	0	0	0	0	0	0	0	0	0.000124822850187848	0	0	7.61785408115088e-05	0	0	6.71721129810938e-05	0.000122268417924086	0	0	0	0	0	0	0	0	0	0	0	0	0	0
Copper__ctpG	0	0	0	6.94456425370971e-06	0	0	0	0	0	0	0	0	0	0	0	0	0	0	0	0	0	0	0	0	0	0	0	0	0	0	0	0	0	0	1.54153741742836e-05	0	0	1.54557415848516e-05	0	0	0	0	0	0	0	0	0	0	0	0	0	0	0	0	0	0	0	0	0	0	0	0	0	0	0	0	0	0	0	0	0	0	0	0	0	0	0	0	0	0	0	0	0	0	0	0	0	0	0	0	0	0	0	0	0	0	0	0	1.07307581569563e-05	0	0	0	0	0	0	0	0	0	0	0	0	0	0	0	0	0	0	0	0	0
Copper__ctpV	0.000124276944329382	0.000193180995272205	3.89887137863446e-05	0.000154850948248466	0.000123329428039405	0.000121933876136069	7.76323887924152e-05	0.000106872345084113	0.000180067253145408	0.000114327729428219	0.000154652739676405	9.14626832042555e-05	0.000177687072657081	7.16776852482598e-05	4.65792002169637e-05	6.47112347040619e-05	6.88931614324519e-05	0.000103384233343235	0.000108577089556912	0.000198855115186846	8.29007972170699e-05	0.000156722691184536	0.000142017624031546	0.000121012277144166	0.000134490152739697	0.000157748623598706	0.000127574513620454	0.000223092602954047	0.000123414139887075	0.000146478910784437	8.70456905245732e-05	0.000101832583816992	9.21977341188331e-05	0.000148414728918131	0.000230874086828571	0.000176341225083824	6.48185026756626e-05	0.00011970068361431	0.000125298845283217	7.66979303386262e-05	0.000108852001871579	0.000139686082451522	0.000157121497326531	3.45107893259311e-05	0.000139392610550466	5.98134000968636e-05	7.61041936450341e-05	0.000107111299422185	0.00018069506564825	5.64622466062438e-05	0.000161305351800016	0.000149401522396799	0.000305137816666891	0.000121565335526965	0.000186266559652856	7.63588706075062e-05	0.000127101029496214	0.000118870279016832	0.000135820339147216	0.000152203705622205	8.77600793748105e-05	0.000172489103622779	0.000107545415335886	0.000138010026805907	5.96251987990658e-05	0.00013137230716844	8.45576556875493e-05	0.000208082418552009	0.000247267984396215	4.30311310060459e-05	8.11356418493917e-05	0.000145452322495226	5.45328989318751e-05	0.000283235238015914	0.000121355834405511	0.000128757241697615	8.89370697551361e-05	0.000199585032036156	7.66471099262181e-05	0.000183768910583938	0.000123321103554056	0.000127864431710747	0.000128336016107135	0.000241003959215493	0.00017704051295059	0.000182557132551619	0.000156842297701187	0.000183936705400699	0.000102424720944863	6.52312552857336e-05	0.000144341136775189	0.000119763808187986	0.000102693249009699	0.000188452096067897	0.000147838057107016	8.69853219352959e-05	0.000139202100785659	0.000132328742908482	0.000141215980999856	8.11747467410054e-05	9.57241393812057e-05	0.000217831053452961	0.00013164621367986	0.00018948189646237	9.69197630155782e-05	0.000141667281633687	0.000263586759155337	0.000120142980907186	6.80976997306885e-05	6.79188178833729e-05	0.000131073789335879	0.000149634908593257	0.00016912438343897	0.000107700456173514	0.000131550772234994	0.000148440544636682	0.000250833268214958	0.00035232022451053	6.72315890744658e-05	0.000183499880500003
Copper__cueO	0.000152041611512326	0.000608905213503338	0.000580235870946684	0.000547159298099699	0.000539117258984718	0.00317600034832031	0.000320408942763889	0.000232447634279793	2.1421889841906e-05	0	0.000167878819837319	0	0.00404420954563698	5.11774578475947e-05	0.00231007858440365	0.00198527960800055	0.000148651465808184	0.000660893858761304	0.000166831783858437	0.000165210185849965	0.000228420663353743	0.000556934863643332	0.00485870429822698	0.000180125473741037	0	0.000652028667519741	0	0.000345713716116177	0.000130770377640663	4.64082528119359e-05	2.86702449847418e-05	9.52151146154614e-05	0	0.000798928195474546	6.66499453413607e-05	6.0294290992249e-05	0.000155963737058229	0.000451977745399534	0.000193080064534831	0	0.000313348222441908	0	0	0	0.000499118082208816	0.000124357273783828	0	0.000509624034437651	2.53597911994989e-05	4.55436097703831e-05	4.81415197232606e-05	4.60628372435516e-05	0	2.70754681116983e-05	7.02004694090783e-05	4.82823630007389e-05	0.00066383192731065	5.05367360382078e-05	0	8.70083468928665e-05	0.000388815155193251	6.98580747894038e-05	0	0.00056351517817089	2.38240643737954e-05	6.82680717050408e-05	0.000227620623533439	5.43801376223703e-05	0.000202570382201498	0	0.000220861183686627	0	8.70949693186012e-05	2.36121360348463e-05	0	0.000141520811730864	0	0.000146225423319727	0	0.000157001221761975	0	0	0.000149798742908125	2.40412644785699e-05	0	0	0.000166296989453676	0	0	9.08825555153839e-05	0.000245203478493536	0.00030309776678631	4.47886473909002e-05	0.000961098640828156	0.000534814676872925	0	9.8443143907485e-05	0.000349661627248534	0.000184006358794962	0.000106038421311498	4.85964673075289e-05	0	0.000302187646102619	0.000260610607806013	0	0.000217607418650351	0.000124452605636219	5.52929280745417e-05	0.000280868743907025	2.68126254922876e-05	2.32297634343817e-05	9.76597539984015e-05	0.000350585017022153	0	0.000117398916474344	0	0	9.15552648218751e-05	0.000191162099984673	6.00229531595205e-05
Copper__cueP	0	0	0	0	0	0	0	0	0	0	0	0	0	0	0	0	0	0	0	0	0	0	0	0	0	0	0	0	0	0	0	0	0	0	0	0	0	0	0	0	0	0	0	0	0	0	0	0	0	0	0	0	0	0	0	0	0	0	0	0	0	0	0	0	0	0	0	0	0	0	0	0	0	0	0	0	0	0	0	0	0	0	0	0	0	0	0	0	0	0	0	0	0	0	0	0	0	0	0	0	0	0	0	0	0	0	0	0	0	0	0	0	0	0	0	0	0	0	0	0
Copper__cueR	0	0.000970674877478858	0.000894027989049739	0.000477459566780054	0.000900157727441407	0.0022425510764496	0.000161314609893313	0	0.00017443834549525	0	0.000237174285443305	0	0.00388233772543721	0	0.00345174875681882	0.00140706903058119	0.000433656820294696	0.000256793095723519	0.000356506113595154	0	0.001227262988015	0.000103941836530657	0.00442961942145452	0.000158211218574339	0	0.000688930994926195	0.000160983899521058	0.000653249850270125	0	0	0	0	0	0.000225044525709383	0	0	5.83745579652166e-05	8.8269457495708e-05	0.000173895353141715	0	0	0	0	0	0.000590444625409026	0.000191661748125614	0	0.000520176855352775	0	0	6.62427311392066e-05	0	6.97716759713455e-05	0	0.000395230750895315	0	0.000672513367110759	0	0	0.000185718249240878	0	6.98893311987055e-05	0	0.00035386464909187	0.000276899374953119	0.000146335584333508	0.000208047449142641	0	9.08677574276321e-05	0	8.30619391392633e-05	0	0.000237062536017364	8.12257479598711e-05	0	0	0	0.000657976367853553	4.93876775256803e-05	0.000188029315070193	0	0.000157639847452661	0.000145712416587943	9.3766383000318e-05	0	0	0	0	0	6.87693381158708e-05	0.000160483250764415	0.000494880449598812	0	0.000270060087629437	0.000229970311055358	0.00030989092609546	0.000422874014705547	9.02034953918164e-05	0	0.000144235733219278	0	0	0.00016822792818754	0.000270187148659305	0	0	0.000130455559263711	0	8.33495927398349e-05	0	0	0.000165067340761564	0.000455401012821923	0	0	0	4.63725369809166e-05	0	0	0
Copper__cuiD	0	0	1.36240311889556e-05	0	0	2.50237432368798e-05	0	0	0	0	0	0	0	0	0	0	0	0	0	0	2.18559385586118e-05	0	2.14304469977366e-05	0	0	0	0	5.30572964707826e-05	0	0	0	0	0	1.962034290592e-05	0	0	0	0	2.67062621429418e-05	0	0	0	0	0	0	0	0	0	0	0	0	0	0	0	0	0	0	0	0	0	0	0	0	0	0	0	0	0	0	0	0	0	0	0	0	0	0	0	0	0	0	0	0	0	0	0	0	0	0	0	0	0	0	2.20723470355432e-05	0	0	0	0	0	0	0	0	2.58358781230865e-05	0	0	0	0	0	0	0	0	0	0	0	0	0	0	0	0	0
Copper__cutA	0.000174003946205303	0.000767960164028536	0.000722641320980855	0.000229835982126124	0.000603582582142003	0.00297924807782169	0.000345233253133557	0	0	0	0.000150772180600731	0	0.00450727768356431	0	0.00230227401072388	0.000922806226333852	0	0.000923996585505161	0.000356620967368864	0	0.00034580810075098	0.000215493700378736	0.00412496305304862	0.000129928169100001	0	0.00128872045011077	0	0.000128240940243234	0.000102150217136262	0	0.000474438223129431	0.000110775160402187	0	0.000732399371616698	6.99929441754468e-05	9.90549066301234e-05	0	0.000267076228446835	0	0	0.000132687502281402	0	0	0	0.000507348104577063	0.000228710648544538	0.000110032619030776	0.00103521518553869	0.000119220592738169	0	0	0	0	0	0.000107079432223645	0.000111221871912416	0.000991977571009166	0	0	0	0.000274628524250485	0.000628571972559786	0	0	0.000208321647443457	0.000106257013150944	0.000111707295136248	0.000250537062617349	0.000171137656985635	0	0.000102162552694976	0	5.26905712652577e-05	0	0	0	0	0	0	0.000549728563626572	0	0.000102314324067833	0	0.000171793408854154	0	0	0.000257964305429584	0.000109771254308143	0	0	9.67198163089107e-05	0.000131036114362449	8.52676433504446e-05	0.00100673712302494	0.00104307962514394	0.000167899507442143	0	6.43488856521431e-05	0.000339449193458666	0	0	0	0	8.04370625983894e-05	0	0.00030219383451211	0	0	0.000186866810151541	0.000123529596018039	0	0	0.000152575447729162	0.00016903359436662	0.000166252124837424	0.000160046020797161	5.38252661385639e-05	0	9.78567892778682e-05	0
Copper__cutC	0.000375785197305249	0.000352941084872318	0.000809750885988734	0.000511511099317599	0.000373182779281346	0.0014271441081989	0.000178312911240283	0.000232729525662621	0	0	2.82974180599613e-05	0	0.00263738807093206	0	0.000690236132247345	0.00126604627398278	7.6118334240338e-05	0.00057881992140906	0.000199067524562143	4.4506769608475e-05	0.000328731157504018	0.00027837970896638	0.00342656256180003	0.000329349656532366	0	0.000756193757981853	0	0.000269885127144147	9.41476655633747e-05	0	0.000242262626400035	0.000132072578337575	0	0.000772718020968633	0	9.4331390745938e-05	0.0001415497437463	0.00013042117423761	0	0	0.000119846776254169	0	0	0	0.000250340223644357	0.000423587919950197	0	0.000294005243914214	0.000107683116021572	0	3.10512802215031e-05	4.79202097130496e-05	0	0	0.000168761132813302	0	0.000613038770538772	0	0	8.69901214326879e-05	0.000280937195139914	8.19422059339662e-05	0	0.000269285989341431	9.50923649100207e-05	0	0.000231651072863186	0.000214976963407145	2.78236706841162e-05	0	4.61379270235375e-05	0	0.000265414043842365	0	0	0	0	0	0	0	0	9.33559270296358e-05	0.000138108827487054	0	0	0	0.000115335008814646	0	0	0.000191014088966384	0	8.83247761711259e-05	0	0.00043226344938337	0.00027633529312297	8.51972854001448e-05	0	0.00019039826010534	0.000183482983728117	0.000166452688900635	0	0	0.0001116776667256	0	0	9.22125911763196e-05	8.57365533811714e-05	0	0.000225043900397554	0	0	0	0.000396005982241057	0	0.000226245902359401	0	0	8.85123723449017e-05	0	4.55790025758073e-05
Copper__cutE	0.000532399093417427	0.000484704268969114	0.000396977304617772	0.000642736324015706	0.000247825140063513	0.00229087741217857	0.000336800831720812	0.0001321035515541	4.64638171146368e-05	0	0.000168762043058773	0	0.00305968092009692	0	0.00231751232329486	0.00166250826986357	4.57372427654563e-05	0.000975011285325235	0.000261166713874752	0.000137145361536222	0.000155026625413827	0.000424253222620637	0.00359588167189709	0.000117812891235334	0	0.000424350346276021	0	0.00033551035991136	0.000226189766516008	4.44322764226777e-05	0.000117935637851776	0.000119706407709614	0	0.000626699640367529	4.8896280558049e-05	0.000168635595118947	0.000185167165846696	0.000211842475917434	0	0	8.64956655496887e-05	0	0	0	0.000421322066011623	0.000217303993724451	7.36825573866805e-05	0.000545122171637561	0	0	0	3.80666165908038e-05	0	0	0.000282039575946207	4.86595689616822e-05	0.000966559863164749	0	0	0.000113311245590847	0.000244395980742796	4.67783909991336e-05	2.23874940447507e-05	0.000288481215543346	0.000236181867766877	4.64874432535381e-05	9.12608705800595e-05	0.000350751887664289	0.000197164842318867	0	0	0	6.64965142169718e-05	0	0	0	0	0	0.00014420815996268	9.70463802016206e-05	2.2953388414832e-05	9.08953146852625e-05	0.000132436917236583	0.000139440867219614	0.000105391548847133	3.78369792191085e-05	0.000194682436753889	3.0255701968682e-05	0	0.000184579961754813	0.000140908682385044	0.00033199075243322	7.38630960523227e-05	0.000868162560520774	0.000229071989527798	0.000122564282293615	8.28285598000263e-05	0.000422774952393444	5.73260214989295e-05	0	9.74575460610978e-05	0	0.000160658793366031	0.000168660334762324	0	6.65515560380344e-05	0.000139687253875289	0	0.000145047826428111	5.35037562753132e-05	0	4.05560960189656e-05	0.000429666490731547	0	4.0246868554393e-05	0	0	3.72810263952711e-05	9.1090096402271e-05	8.78677709031735e-05
Copper__cutF	0	0.000608855356366393	0.000722856200945464	0.000398777115564188	0.00019210067115254	0.0026097054949565	0.000363460062328802	4.77662559291661e-05	0.000455140174632949	0	0.000137530247943965	0	0.00304228100145481	5.59482378164383e-05	0.00309014835337681	0.00229481575470683	0	0.00054405316890576	0.000359511778452915	0	0.000737492396495916	0.00053393512044964	0.00435132513312008	0.000286424482127504	0	0.00133302117697063	7.82750104662772e-05	0.00095793808786437	0	0	0.000446476340179198	0.0001556109371887	0	0.000812008767797546	0	0	0	0.000659501999967932	0	0	0	0.00016597392937758	0	0	0.000463715530611553	8.77096135490096e-05	0	0.000184866314803519	0.000112026943413628	0	0.000168413723235271	0	0	0	0.000101634715330917	0.00010451085726821	0.00116583795283823	0	0.000112684840699258	0	0.00014218056109116	0.000153765640675118	0	0.000140456480398797	0.000156269710384048	0	0.000161204716467805	0.000204506185350026	3.79016731855192e-05	0	9.69678466257398e-05	5.23806863477589e-05	9.42522343884401e-05	0.000101188008051704	0	0	0	0	0	0.000300936748628165	0	0.00065996455040365	0.000189259073489474	9.11838343159872e-05	0	8.30880668093858e-05	0.000331768330440624	0.000207337433561008	0	8.37201687949079e-05	0.000172587495949188	0.000405605336539065	0	0.000809248132717179	0.000624622751637646	8.14717091911215e-05	4.93669941069257e-05	0.000388575503540586	0.000287966910407545	7.2606801298518e-05	0	0.000107586049374898	0.000117356192152325	0.000270007833112411	0	4.74816698294337e-05	0.00048051220878035	0	0.000454855680040819	0	0	0.000104081126120603	0.000189760697117274	8.71949270866869e-05	9.67831578714584e-05	4.37852722898713e-05	0	0.000100090077644253	0	0.000279716021231327
Copper__cutO	0	0	0	0	0	0	0	0	0	0	0	0	0	0	0	0	0	0	0	0	0	0	0	0	0	0	0	0	0	0	0	0	0	0	2.47212448516656e-05	0	0	0	0	0	0	0	0	0	0	0	0	0	0	0	0	0	0	0	0	0	0	0	0	0	0	0	0	0	0	0	0	0	0	0	0	0	0	0	0	0	0	0	0	0	0	0	0	0	0	0	0	0	0	0	0	0	0	0	0	0	0	0	0	0	0	0	0	0	0	0	0	0	0	0	0	0	0	0	0	0	0	0	0	0
Copper__cutR	0	0	0	0	0	0	0	0	0	0	0	0	0	0	0	0	0	0	0	0	0	0	0	0	0	0	0	0	0	0	0	0	0	0	0	0	0	0	0	0	0	0	0	0	0	0	0	0	0	0	0	0	0	0	0	0	0	0	0	0	0	0	0	0	0	0	0	0	0	0	0	0	0	0	0	0	0	0	0	0	0	0	0	0	0	0	0	0	0	0	0	0	0	0	0	0	0	0	0	0	0	0	0	0	0	0	0	0	0	0	0	0	0	0	0	0	0	0	0	0
Copper__dnaK	0.0791406639866157	0.102502682408168	0.199968210969736	0.0786875088175643	0.0851586885635305	0.114808558103961	0.076429150257304	0.0657009763811408	0.0719201466551198	0.0500979099817452	0.0467249457178877	0.0571188551954611	0.0457509164848691	0.0799067663960074	0.109786864383377	0.049830087707666	0.0571588859207189	0.0479459416197769	0.0702201197672139	0.0646017025995618	0.0576654219563423	0.0630202847331087	0.0665399016704831	0.0808566701913305	0.0528146411045135	0.066618091232064	0.0532499451944895	0.0751917218338863	0.064922241773807	0.0652077088282995	0.0524202134614974	0.0769357700012239	0.056951384486681	0.0891332121865385	0.0523092765019329	0.0638255105562182	0.0543688321163084	0.057005222685769	0.0725420497933972	0.0564916478160124	0.0729239982458415	0.0499808945801712	0.0634962677911035	0.0547706519954265	0.0585748193782614	0.0750976727975703	0.0511267633214805	0.0565142625003559	0.051447016312999	0.0701943093540229	0.0523609044016752	0.055139701362727	0.0531689475005567	0.0520246568250438	0.051696921915027	0.061955387440084	0.0514949549215545	0.0525039686460326	0.0502962491303524	0.0517023539098534	0.0521785407963151	0.0850227583926883	0.0505385970771532	0.0561109163913572	0.0470546221000539	0.0672982754052958	0.0499480467208894	0.0629939166184668	0.0560383731750152	0.0558535665481752	0.0643868487496413	0.0510819001059935	0.0539121364994854	0.0720500975867335	0.0666297904311515	0.0553875054300364	0.0524145995874274	0.0653656304378356	0.074612137495856	0.053575056721744	0.0499475133614644	0.0645258907155229	0.0529035225228071	0.0528605208679363	0.0615154635433829	0.0585704448603663	0.0495440053864732	0.0545524283669154	0.0472925942807903	0.0489205181147747	0.0624256992658667	0.0571168883224228	0.0587193647723506	0.0563415451109155	0.0474213499496062	0.063710982590208	0.051741759788884	0.0651495739546741	0.060297275515722	0.0594192834238614	0.0759551874846073	0.0535430807775419	0.0483998642637492	0.0493409260347928	0.048550743785617	0.0512200842572811	0.0506743865330862	0.0506182963807927	0.0465761658370003	0.0594342985329119	0.0547918029098419	0.0466008962703701	0.0523451833510313	0.0491685860002331	0.0469774204629896	0.049010155607283	0.0490714186332065	0.0483194551488094	0.054310288189866	0.049293791924174
Copper__dsbC	0.000209621442364667	0.000808234047007501	0.000891322093199104	0.000555844688434108	0.000397841626647271	0.00235801389833181	0.000258000147870704	0.000249339855950247	0	0	0.000138459506376018	0	0.00335850375787843	0	0.00223241343412729	0.00165311556777394	0	0.000648511377335666	0.000161885420706868	0.000122397628934089	0.000249207595519224	0.000141510644395339	0.00375362633407406	8.55295328575187e-05	0	0.000471618154695586	8.65629527509419e-05	0.000966458502877141	0.000278996234696618	0.000101468891741351	0.000354366608107845	5.25712625637499e-05	0	0.000641684977479037	9.75079397261009e-05	0.000146137010371044	0.000328862831371838	0.000229795228113826	0.000160128937215036	0	0.000227952631038015	0	0	0	0.000640952956975103	0.000162262785065668	0	0.000568527228402604	0	9.95784010233801e-05	0	0.000197398775739993	0	0	0.000193935630274301	5.27832612465705e-05	0.000444687630780577	0	0	0.000158120385636695	0.000238942331833755	0	9.9121384909308e-05	0.000462680170725447	0.000188161488013445	0	0.000466303575822981	0.000131977828917749	0.0001407776432605	0	0	0.000104761372695518	9.61757493759592e-05	5.05940040258519e-05	0	0.000207790299841877	0	0	0.000104634910012034	0.000157905974565349	0	4.85559504050734e-05	0.000280456450870413	0.000141603130937768	0	8.90944330847631e-05	0.000122423738169972	0.000144823634497387	0	0.000302603019740631	9.08838409519663e-05	0.000166140401007992	0	0.000410250949708709	0.000145193120115459	0.000112806981956938	0	0.000342241297156342	0.000166102652669859	0.00014356344802207	5.25900136707567e-05	0	0.000116182630230802	9.31061493491072e-05	0	0.000124033749758521	0.000312150923506932	0	0.000381430339656871	0	0	0.000213527258742268	0.000505196241886778	0	0.000312441281389382	8.93576985507578e-05	0	0	0	0
Copper__hmrR	0	0	0	0	0	0	0	0	0	0	0	0	0	0	0	0	0	0	0	0	0	0	0	0	0	0	0	0	0	0	0	0	0	0	0	0	0	0	0	0	0	0	0	0	0	0	0	0	0	0	0	0	0	0	0	0	0	0	0	0	0	0	0	0	0	0	0	0	0	0	0	0	0	0	0	0	0	0	0	0	0	0	0	0	0	0	0	0	0	0	0	0	0	0	0	0	0	0	7.63511862219758e-05	0	0	0	0	0	0	0	0	0	0	0	0	0	0	0	0	0	0	0	0	0
Copper__hpcopA	0	0	0	6.91050469748346e-06	0	0	0	0	0	6.42196904433387e-06	0	0	0	0	0	0	0	0	0	1.10329504555637e-05	0	0	0	0	0	0	0	0	0	0	0	0	0	0	0	0	0	0	0	0	0	0	0	0	0	0	0	0	0	0	0	0	0	0	0	0	0	0	0	0	0	0	0	0	0	0	0	0	0	0	0	0	0	0	0	0	0	0	0	9.06181548424821e-06	7.88733883784831e-06	0	7.76595982604513e-06	0	0	0	0	0	7.83001420987498e-06	0	0	0	0	0	0	0	2.18937649032594e-05	0	0	0	0	0	0	0	0	0	0	0	7.55180873817296e-06	0	0	0	0	0	0	0	0	0	0	7.58630378442967e-06
Copper__hpcopP	0	0	0	0	0	0	0	0	0	0	0	0	0	0	0	0	0	0	0	0	0	0	0	0	0	0	0	0	0	0	0	0	0	0	0	0	0	0	0	0	0	0	0	0	0	0	0	0	0	0	0	0	0	0	0	0	0	0	0	0	0	0	0	0	0	0	0	0	0	0	0	0	0	0	0	0	0	0	0	0	0	0	0	0	0	0	0	0	0	0	0	0	0	0	0	0	0	0	0	0	0	0	0	0	0	0	0	0	0	0	0	0	0	0	0	0	0	0	0	0
Copper__mctB	0	0	0	0	0	0	0	0	0	0	0	0	0	0	0	0	0	3.18946838637491e-05	0	0	0	0	0	0	0	0	0	0	0	0	0	0	0	0	0	0	0	0	0	0	0	0	0	0	0	0	0	0	0	0	0	0	0	0	0	0	0	0	0	0	0	0	0	0	0	0	0	0	0	0	0	0	0	0	0	0	0	0	0	0	0	0	0	0	0	0	0	0	0	0	0	0	0	0	0	0	0	0	0	0	0	0	0	0	0	0	0	0	0	0	0	0	0	0	0	0	0	0	0	0
Copper__mmco	0	0	0	0	0	0	0	0	0	0	0	0	0	0	0	0	0	0	0	0	0	0	0	0	0	0	0	0	0	0	0	0	0	0	0	0	0	0	0	0	0	0	0	0	0	0	0	0	0	0	0	0	0	0	0	0	0	0	0	0	0	0	0	0	0	0	0	0	0	0	0	0	0	0	0	0	0	0	0	0	0	0	0	0	0	0	0	0	0	0	0	0	0	0	0	0	0	0	0	0	0	0	0	0	0	0	0	0	0	0	0	0	0	0	0	0	0	0	0	0
Copper__pcoA	0	0	0	0	0	0	0	0	0	0	0	0	0	0	0	0	0	0	0	0	0	0	0	0	0	0	0	0	5.67313602607998e-05	0	0	0	0	0	0	0	0	1.96964905155712e-05	0	0	0	0	0	0	0	0	0	0	0	0	0	0	0	0	0	0	0	0	0	0	0	0	0	0	0	0	0	0	0	0	0	0	0	0	0	0	0	6.13145239484117e-05	0	0	0	3.78816670928837e-05	0	0	0	0	0	0	0	0	0	0	0	0	0	0	0	0	0	0	0	0	0	0	0	0	0	0	0	0	0	0	1.62329724951706e-05	0	0	0	0	0	0	0
Copper__pcoB	0	0	0	0	0	0	0	0	0	0	0	0	0	0	0	0	0	0	0	0	0	0	0	0	0	0	0	0	1.97201191382744e-05	0	0	0	0	0	0	0	0	0	0	0	0	0	0	0	0	0	0	3.12958616971156e-05	0	0	0	0	0	0	0	0	0	0	0	0	0	0	0	0	0	0	0	0	0	0	0	0	0	0	0	0	0	0	0	0	0	0	0	0	0	0	0	0	0	0	0	0	0	0	0	0	0	0	0	0	0	0	0	0	0	0	0	0	0	0	0	0	0	0	0	0	0	0	0	0
Copper__pcoC	0	0	0	0	0	0	0	0	0	0	0	0	0	0	0.000181141334177081	0	0	0	0	0	0	0	0	0	0	0	0	0	0	0	0	0	0	0	0	0	0	0	0	0	0	0	0	0	0	0	0	0	0	0	0	0	0	0	0	0	0	0	0	0	0	0	0	0	0	0	0	0	0	0	0	0	0	0	0	0	0	0	0	0	0	0	0	0	0	0	0	0	0	0	0	0	0	0	0	0	0	0	0	0	0	0	0	0	0	0	0	0	0	0	0	0	0	0	0	0	0	0	0	0
Copper__pcoD	0	0	0	0	0	0	0	0	0	0	0	0	0	0	6.85874954651084e-05	0	0	0	0	0	0	0	0	0	0	0	0	0	0	0	0	0	0	0	0	0	0	0	0	0	0	0	0	0	0	0	0	0	0	0	0	0	0	0	0	0	0	0	0	0	0	0	0	0	0	0	0	0	0	0	0	0	0	0	0	0	0	0	0	0	0	0	0	0	0	0	0	0	0	0	0	0	0	0	0	0	0	0	0	0	0	0	0	0	0	0	0	0	0	0	0	0	0	0	0	0	0	0	0	0
Copper__pcoR	0	0	0	0	6.17232925690938e-05	0	0	0	8.29346116157206e-05	2.11697652125165e-05	4.85188030895355e-05	3.02318537470149e-05	4.74446715211919e-05	0	0.00042800651526797	0	0	8.74914529677475e-05	0	0	2.64465935240561e-05	9.56172912155908e-05	0	2.59633794947191e-05	0	0	2.40407372072377e-05	3.17765161664649e-05	0	5.5098506170348e-05	0	0	7.47916722202923e-05	0	0	2.77460454123624e-05	0	2.90538353415076e-05	0	2.63423344101226e-05	0	0	0.000103286323177482	4.54875431946013e-05	0	0	8.01248907227903e-05	3.30558630543328e-05	0	2.59961312406169e-05	0	5.25850088886562e-05	0.000159764789005183	0	0	0	3.40442869956324e-05	3.23077328442489e-05	6.61072447176717e-05	6.44987745614285e-05	2.57763431181737e-05	5.78049948307878e-05	0	3.77463081758869e-05	5.88351555440272e-05	0	0	6.20799801175732e-05	5.65410548153131e-05	3.69241235574658e-05	2.53146148270737e-05	3.28190494993038e-05	0	9.05703030349005e-05	6.91248471818565e-05	0	2.92193691562781e-05	0	6.774415943788e-05	0	0	0	0	3.80874069001292e-05	2.41663112257407e-05	0.000126488049675276	3.19601794337537e-05	0	0	0	7.47738332101455e-05	2.61691460726486e-05	0	2.67084567704785e-05	0	0	2.78377421636576e-05	7.58755246139398e-05	2.1790493412909e-05	7.1511565961151e-05	2.80188803194388e-05	0	0	0	0	7.58917785787409e-05	0	0	0	0	0	2.80119808462529e-05	0	2.36738085222969e-05	8.23904335477498e-05	0	0	0	0.000107308970204162	5.50174862950453e-05
Copper__pcoS	0	0	0	0	0	0	0	0	0	0	0	0	0	0	0	0	0	0	0	0	0	0	0	0	0	0	0	0	0	0	0	0	0	0	0	0	0	0	0	0	0	0	0	0	0	0	0	0	0	0	0	0	0	0	0	0	0	0	0	0	0	0	0	0	0	0	0	0	0	0	0	0	0	0	0	0	0	0	0	0	0	0	0	0	0	0	0	0	0	0	0	0	0	0	0	0	0	0	0	0	0	0	0	0	0	0	0	0	0	0	0	0	0	0	0	0	0	0	0	0
Copper__ricR	0	0	0	0	0	0	0	0	0	0	0	0	0	0	0	0	0	0	0	0	0	0	0	0	0	0	0	0	0	0	0	0	0	0	0	0	0	0	0	0	0	0	0.000148264158016457	0	9.86510203344289e-05	0	0	0	0	0	0	0	0	0	0	0	0	0	0	0	0	0	0	0	0	0	0	0	0	0	0	0	0	0	0	0	0	0	0	0	0	0	0	0	0	0	0.000150479178167257	0	0	0	0	0	0	0	0	0	0	6.7307455107414e-05	0	0	0	0	0	0	0	0	0	0	0	0	0	0	0	0	0	0	0	0	0	0
Copper__tcrB	0	0	5.11402209856479e-05	0	0	0	0	0	0	0	0	0	7.85309548897249e-06	0	0	6.12923927943018e-05	0	0	0	0	6.7008963219769e-05	0	0	0	0	0	7.95849982139316e-06	0	0	0	0	0	4.79312789894779e-05	3.25863497952969e-05	2.84932657797366e-05	2.85336363005573e-05	0	0.000375062735105002	0.000964922076763944	0	0	1.2524808435406e-05	0	0	0	0	0	0	0	0	2.13422883775965e-05	0	3.13235517124879e-05	1.92838348094698e-05	0	3.54406145091058e-05	0	0	1.05212938776013e-05	1.72457005109036e-05	1.0174031542869e-05	1.19258609575256e-05	1.61442210576231e-05	0	0	0	0.000104290110549736	0	0	0	0	0	0	0	0	2.43991365552234e-05	9.98976241263676e-06	0	0	1.40726165534255e-05	3.31046052630816e-05	1.02108460236711e-05	4.00920410512476e-05	0	0	0	0	9.00433500127642e-06	0	0	0	4.59686919588091e-05	0	0	0	1.87482026350967e-05	0	9.80078219548911e-06	2.08083866675385e-05	4.25089115156816e-05	9.27543328208575e-06	0	1.98943539259913e-05	0	2.0305372885306e-05	0	0	0	1.29954928398588e-05	1.5199359870614e-05	8.77888749959619e-06	0	0	0	1.71341157015546e-05	0	0	0	3.28437530689878e-05	1.59205530123947e-05
Copper__ycnJ	0	0	0	0	0	0	0	0	0	0	0	0	0	0	0	0	0	0	0	0	0	0	0	0	0	0	0	0	0	0	0	0	0	0	0	0	0	0	0	0	0	0	0	0	0	0	0	0	0	0	0	0	0	0	0	0	0	0	0	0	0	0	0	0	0	0	0	0	0	0	0	0	0	0	0	0	0	0	0	0	0	0	0	0	0	0	0	0	0	0	0	0	0	0	0	0	0	0	0	0	0	0	0	0	0	0	0	0	0	0	0	0	0	0	0	0	0	0	0	0
Copper__ycnK	0	0	0	0	0	0	0	0	0	0	0	0	0	0	0	0	0	0	0	0	0	0	0	0	0	0	0	0	0	0	0	0	0	0	0	0	0	0	0	0	0	0	0	0	0	0	0	0	0	0	0	0	0	0	0	0	0	0	0	0	0	0	0	0	0	0	0	0	0	0	0	0	0	0	0	0	0	0	0	0	0	0	0	0	0	0	0	0	0	0	0	0	0	0	0	0	0	0	0	0	0	0	0	0	0	0	0	0	0	0	0	0	0	0	0	0	0	0	0	0
Copper__yfmO	0	0	0	0	0	0	0	0	0	0	0	0	0	0	0	0.000108793997209886	0	0	0	0	0	0	0	0	0	0	0	0	0	0	3.81206102147155e-05	0	0	0	0	0	0	3.25483389188719e-05	3.61478699712546e-05	0	0	0	0	0	0	0	0	0	0	0	0	0	0	0	0	0	0	0	0	0	0	0	0	0	0	0	0	0	0	0	0	0	0	0	0	0	0	0	0	0	0	0	0	0	0	0	0	0	0	0	0	0	0	0	0	0	0	3.13787669498434e-05	0	0	0	0	0	0	0	0	0	0	0	0	0	0	0	0	0	0	0	0	0	0
Copper__yfmP	0	0	0	0	0	0	0	0	0	0	0	0	0	0	0	0	0	0	0	0	0	0	0	0	0	0	0	0	0	0	0	0	8.04900853418384e-05	0	0	0	0	0	0	0	0	0	0	0	0	0	0	0	0	0	0	0	0	0	0	0	0	0	0	0	0	0	0	0	0	0	0	0	0	0	0	0	0	0	0	0	0	0	0	0	0	0	0	0	0	0	0	0	0	0	0	0	0	0	0	0	0	0	0	0	0	0	0	0	0	0	0	0	0	0	0	0	0	0	0	0	0	0	0	0
Gold__gesA	0	0	0	0	0	0	0	0	0	0	0	0	0	0	0	0	0	0	0	0	0	0	0	0	0	0	0	0	0	0	0	0	0	0	0	0	0	0	0	0	0	0	0	0	0	0	0	0	0	0	0	0	0	0	0	0	0	0	0	0	0	0	0	0	0	0	0	0	0	0	0	0	0	0	0	0	0	0	0	0	0	0	0	0	0	0	0	0	0	0	0	0	0	0	0	0	0	0	0	0	0	0	0	0	0	0	0	0	0	0	0	0	0	0	0	0	0	0	0	0
Gold__gesB	2.67613797931014e-05	0	0	3.41595090022524e-05	1.52564317761012e-05	0	3.07525965857162e-05	1.2608480522421e-05	7.28865124808472e-06	1.07024701172965e-05	0	0	5.85417778193618e-05	3.10382792693886e-05	0	4.99111797626395e-05	2.55940992111252e-05	6.81536178223557e-06	0	1.91437003571555e-05	2.65137753919656e-05	0	4.96487595582823e-05	1.15685928273721e-05	2.26302454587468e-05	1.42111086281489e-05	5.3559572257717e-06	1.66093289808867e-05	1.217226690317e-05	6.35551124764787e-06	3.17654889592044e-05	2.02272292889833e-05	1.83715758770755e-05	6.5568933629945e-05	1.86961736834338e-05	0	2.62572333113684e-05	4.3336470282253e-05	5.64441280339772e-05	4.01781773895891e-05	0.000112690049330934	0.00014871196041416	4.12834872596344e-05	2.40848467105315e-05	1.39638727045258e-05	4.68435846011274e-05	1.28731459502492e-05	0.000100269242380999	8.88492879947468e-05	2.51711544880711e-05	5.76876864778635e-05	4.34815718996286e-05	0.000110361596471263	0.000124745279014118	8.74614942685207e-05	1.39327797080047e-05	3.55893490443062e-05	2.96609923742732e-05	4.98479955618978e-05	6.16229239876184e-05	5.0800163612613e-05	6.2143667077522e-05	5.87587811585604e-05	5.29051437599147e-05	5.70726788287227e-05	7.26455530289223e-05	4.79199337835657e-05	0.000127933010780302	3.56096099161011e-05	1.44237752798219e-05	3.16694229700141e-05	3.51521572836145e-05	3.09804423392663e-05	0.000122647029857891	0.000125317754373118	5.12817725367022e-05	4.12651143555821e-05	6.38646008705335e-05	2.78537138651941e-05	8.19085046993279e-05	7.129257171348e-06	0.000137435083920502	9.6518734823795e-05	9.47884810140656e-05	6.41930526815315e-06	2.44088098053405e-05	0.00013117790576006	8.74008091173841e-05	1.26066939686196e-05	4.73839041337936e-05	3.67590308504463e-05	5.27370075883561e-05	5.6485166431051e-05	9.31449202146788e-05	5.4931297048294e-05	3.98545633087009e-05	9.9168230588555e-05	5.32374242074537e-05	4.49987114399053e-05	5.16787745562911e-06	3.74534083238723e-05	6.27191284823474e-05	2.91399318447612e-05	0.000120799713013325	6.49098294366772e-05	2.53615217589772e-05	0.000120517955107569	3.87900179604367e-05	1.30120169898112e-05	1.62614126018818e-05	9.02116303139328e-05	2.7843112411957e-05	0.000104818842207441	3.7450014560682e-05	3.90642591466336e-05	8.17550947385151e-05	0.0001432933370216	0.000240181687396567	2.58609532458845e-05	6.42858349126078e-06
Gold__gesC	0	0	0	0	0	0	0	0	0	0	0	0	0	0	0	0	0	0	0	0	0	0	0	0	0	0	0	4.96850783988098e-05	0	0	0	0	0	0	0	0	0	0	0	0	0	0	0	0	0	0	0	0	0	0	0	0	0	0	0	0	0	0	0	0	0	0	0	0	0	0	0	0	0	0	0	0	0	0	0	0	0	0	0	0	0	0	0	0	0	0	0	0	0	0	0	0	0	0	0	0	0	0	0	0	0	0	0	0	0	0	0	0	0	0	0	0	0	0	0	0	0	0	0	0
Gold__golS	0	0	0	0	0	0	0	0	0	0	0	0	0	0	0	0	0	0	0	0	0	0	0	0	0	0	0	0	0	0	0	0	0	0	0	0	0	0	0	0	0	0	0	0	0	0	0	0	0	0	0	0	0	0	0	0	0	0	0	0	0	0	0	0	0	0	0	0	0	0	0	0	0	0	0	0	0	0	0	0	0	0	0	0	0	0	0	0	0	0	0	0	0	0	0	0	0	0	0	0	0	0	0	0	0	0	0	0	0	0	0	0	0	0	0	0	0	0	0	0
Iron__acn	0.02417998617451	0.0370754745463557	0.134682240906674	0.027855992345034	0.0198238509810994	0.0528372653148535	0.0235432069668284	0.0154147370945363	0.00384654729163176	0.00194926169415762	0.00117094445861322	0.0102789733074721	0.00160871548320352	0.0172469704490088	0.0432022082012329	0.00401141811557553	0.00601970888434355	0.00504245785102057	0.0177844503776865	0.0183507232393624	0.00689140678551952	0.0131949807602347	0.00284061824875025	0.0150502447792488	0.00571428096717	0.00685730243776327	0.0063827214011328	0.0119378797710608	0.00145415112920167	0.0162872829239407	0.00290517372570473	0.027842583577929	0.0051025422075664	0.0302350413528382	0.00179991023248476	0.0113327691544329	0.00287351054809689	0.00705203372984005	0.0139951734026346	0.00163057876745165	0.00875869217604588	0.000321747105146571	0.0105918530897784	0.00285415562050528	0.00474863957054125	0.0168122819675674	0.00303590680788323	0.00270210052189739	0.00222932141412312	0.0126013034577768	0.00403515173219923	0.00206807973557798	0.00131959474119719	0.000717066352925554	0.00136547769835745	0.0025378684576491	0.000867146619033354	0.000782032141996634	0.00074748716448168	0.00105638733117427	0.00301589228051546	0.0279983479253347	0.00382195662611092	0.00515820313080308	0.00115278010259775	0.0106418009991231	0.000775740404339584	0.00977909653124009	0.00536687692306954	0.00312639140761447	0.00894579079871539	0.00033218353735347	0.00147690050867793	0.0135565170396738	0.0105384455318514	0.0015386005151923	0.000388781374123128	0.00573658873604053	0.0118145484990781	0.000516888645898438	0.000796104321731714	0.00214343936474663	0.000563716447156612	0.000921933350903869	0.00380098608829033	0.00359311064133348	0.000853891942248271	0.00280828160756426	0.000527786134918311	0.000739891659253836	0.0039698161415098	0.00415605630989331	0.00571965586053447	0.000576343006533126	0.000671864482457594	0.00906930614255713	0.00303459488636285	0.0148437233763407	0.00835697172266242	0.00718248065196626	0.00893877038820943	0.000732143365794371	0.000699597223020296	0.000980282360483136	0.000734735053931723	0.00128118198894756	0.000376253767516655	0.00104642030737118	0.000670597412637463	0.00681642336661495	0.00298761460908845	0.0022299128951044	0.000955850095908895	0.00105945072701362	0.000817210586008917	0.000824304395954507	0.000768367858246895	0.000431653402538842	0.00220974721072511	0.000765000299266415
Iron__bfrA	0	0	0.000187537502697448	0	0	0	0	0	0	0	0	0	0	0	0	0	0	0	4.3687775056399e-05	0	0	0	0	0	0	0	0	0	0	0	0	0	0	0	0	0	0	0	0	0	0	0	0	0	0	0	0	0	0	0	0	0	0	0	0	0	0	0	0	0	0	0	0	0	0	0	0	0	0	0	0	0	0	0	0	0	0	0	0	0	0	0	0	0	0	0	0	0	0	0	0	0	0	0	0	0	0	0	0	0	0	0	0	0	0	0	0	0	0	0	0	0	0	0	0	0	0	0	0	0
Iron__dpr	0	0	0	0	0	0	0	0	0	0	0	0	0	0	0	0	4.16779810677153e-05	0	4.32704914906609e-05	0	0	0	0	0	0	0	0	0	0	0	0	0	0	0	0	0	0	0	0	0	0	0	0	0	0	0	0	0	0	0	0	0	0	0	0	0	0	0	0	0	0	8.4392305114716e-05	0	0	0	0	0	0	0	0	0	0	0	0	0	0	0	0	0	0	0	0	0	0	0	0	0	0	0	0	0	0	0	0	0	0	0	0	0	0	0	0	0	0	0	0	0	0	0	0	0	0	0	0	0	0	0	0	0	0
Iron__dpsA	0	0	0	0	0	0	0	0	0	0	0	0	0	0	0	0	0	0.000145833116089899	0	0	0	0	0	6.51969307311835e-05	0	0	0	0	6.77398265312775e-05	0	0	0	0	0	0	0	0	0	0.000204998587036981	0	0	0	0	0	0	0	0	0	0	0	0	0	0	0	0	0	0	0	0	0	0	0	0	0	0	0	0	0	0	0	0	0	0	0	0	0	0	0.000119943608723304	0	0	6.8191399853644e-05	0	0	0	0	0	0	0	0	0	0	0	0	0	0	0	0	0	3.28310100754496e-05	0	0	0	0	0	0	0	0	0	0	4.78257793966137e-05	0	0	3.15240317714856e-05	0	0	0	0	0	0	0
Iron__fetA	0.000108824348350393	0.000740935997210695	0.000302917718642735	0.000406374532237081	0.000115649403393134	0.00156694708126605	0.000310119107182654	4.60933754992913e-05	0.000105730997167529	0	4.28863091486525e-05	3.15341489853478e-05	0.00264011673472858	0	0.00198530902258081	0.0019476543144952	0.00010513965357349	0.000396032018738049	5.51298113806939e-05	0	0.000238014640099879	6.11177998800261e-05	0.00258527768923308	0.000103271938278195	0	0.000697966155515392	8.78972091384978e-05	0.000412377267043486	8.92436182726958e-05	0	0.000134184547955799	0.000109179998092396	5.0082719768255e-05	0.000348992126023167	0	0.000159712877472802	8.17243811513032e-05	0.000425855096979293	6.3620251149408e-05	0	0	0	0	0	0.00036712794530383	0.000264493212413347	0	0.000463510780897323	0	0	0	8.87354496659777e-05	0	0	0	0	0.00042128972963413	0	0	0	5.79956264006411e-05	0.000107522047998009	0	0.000408388691962148	0.000110388072967888	2.64461899397906e-05	0.000268948611528032	0.000327991987398073	0.000285097588929196	0	0.000201382823872336	0	9.8860121402986e-05	9.31388576606522e-05	0.00019158107851867	0	0	0	9.65803471613303e-05	0.000134420957156564	0	0	4.52565623284905e-05	0.000319555833265084	0.000192247839063012	9.76501681570227e-05	0.000128408898702726	8.30553703707479e-05	0	0	0.000218578187541133	0.000371890488682124	0	0.000742575817110875	0.000293339907879501	3.47453462591879e-05	0	0.000279446746948525	0.000313426709520292	0	0	0	0.000121862669930974	0.000328130898612747	0	0.000147376212386687	0.000218592607839438	0	0.000125024389109752	0	0.00010548170980284	0	0.000145786522315517	0	5.51710755016043e-05	0	0.000233923686548179	0	0.000102603884587518	0.000148705040937105
Iron__fetB	0.000173642191639388	0.000291067890468049	0.0006531819946602	0.00010654450717371	7.25024122693097e-05	0.00234202203505855	0.000562840668668812	4.35244648620973e-05	0.000515851477932135	0	4.14901332365649e-05	0	0.00267524199326667	4.99602642555438e-05	0.00192926011709451	0.00143910515228212	4.05944608391852e-05	0.000399566091029259	8.52489940462082e-05	0	0.000162461730349476	0.000364077351739814	0.00346286897933835	0.000258270466911947	5.06996136194511e-05	0.000878115571259337	0	4.32553225469069e-05	0	4.53044889612737e-05	8.62614951144419e-05	8.81411006010917e-05	4.35081542388316e-05	0.00121000700064741	0.000306577638655139	0.00040227233526875	0.000272920011265948	0.000224412106697582	0.000205599035567778	0	0	8.17486117773325e-05	0	0	0.000460117500247066	0.000294707687996238	0.000144687128389063	0.000287287357145872	0	0	0	0	0	0	0.000139858850251291	0	0.000229334935934439	0	0	0.000112561567960485	8.90687105677248e-05	0	0	0.00026349546402318	0.00014336113372453	0.000109358569210485	0.000145903405892242	0.000162510527103145	0.000130249632992311	0	0	0	0.000347911131680787	0	4.57965704266468e-05	9.46689396962991e-05	9.34869391538061e-05	0	9.53430068063326e-05	0.000103220726029456	0	9.02939429170066e-05	8.93535146008281e-05	0.00019354250328946	4.21744118688602e-05	0	0.000105974525473775	3.79749204093036e-05	0	0	3.01138455102338e-05	0.000295161622670397	0	0.000534160885693193	0.000386243572621933	0.000121552513131512	4.22840693925884e-05	0.000322404109287904	0.000186338165293092	0.000148106151543116	0	2.87164666714169e-05	0.00010586525380104	8.31412749863379e-05	0	0.000254293131744303	0.000204823459066223	0	4.34447684165163e-05	0.000213672814733906	9.25602929122853e-05	9.67938315759171e-05	0.000376153697787706	3.73423216697116e-05	0.000139951338241521	0	0	0	0.000174667897595459	0.000129183915872002
Iron__furA	0	0	0	0	0	0	0	0	0	0	0	0	0	0	0	0	0	0	0	0	0	0	0	0	0	0	0	9.37990877207651e-05	0	0	0	0	0	0	0	0	0	0	0	0	0	0	0	0	0	0	0	0	0	0	0	0	0	0	0	0	0	0	0	0	0	0	0	4.9741490657437e-05	0	0	0	0	0	0	0	0	0	0	0	0	0	0	0	0	0	0	0	0	0	0	0	0	0	0	0	0	0	0	0	0	0	0	0	0	0	0	0	0	0	0	0	0	0	0	0	0	0	0	0	0	0	0	0	0
Iron__ideR	0	0	0	0.000325911419802359	5.83171576948795e-05	0	9.27523222811595e-05	0	0	0	0	5.59845398652914e-05	0	0	0.000301245914446667	3.21651817837923e-05	0	0	0.000114334434906917	5.105309372295e-05	0.000103946611068464	0	0.000303648935269495	0	0.000102506402595612	0	0	0	5.07578718689499e-05	0	0	5.39426868045434e-05	4.50744477914295e-05	9.75443830499534e-05	0	5.1381221889047e-05	0	4.01794424980463e-05	0.000322388707454935	0	0.000108549914909863	0	0	0	0.000170423211940057	0	7.98249062285383e-05	0	0	0	0	5.16704869949404e-05	0	0	0	0.000269717875121171	6.15520708881034e-05	0	6.49575535051905e-05	0	0	0	0.000101707160167812	0	4.79948143338643e-05	0	0	0	0	5.33558307160311e-05	0	0	0	0	0	0	0	0.000461908187585927	0	0	3.06577431349408e-05	0.000103712407999195	0	0	9.49841102089982e-05	5.13587840938058e-05	6.15525264433719e-05	0	0	0	0	3.61901169842039e-05	7.47389430410854e-05	0	0	0	0	5.18650088854454e-05	0	0	0.000340290519691771	5.57538595794376e-05	0	0	0	0	0	0	0	5.05289756233788e-05	4.2734684801546e-05	0	0	0.000178044458943442	5.28922702091467e-05	4.3093721405435e-05	0	0	0	0
Iron__pmrA	2.81364662378637e-05	0	0	0	0	0	0	0	0	0	0	3.07765718325467e-05	2.41497652337598e-05	0	0	0	0	3.47017696923674e-05	3.01723967691636e-05	0	3.23077304672253e-05	3.53964091969263e-05	0	0	0	0	0	0	2.94487112464898e-05	0	0	0	0	0	0	0	0	0	3.86879905638292e-05	0	0	5.72240282441327e-05	0	0	7.10998344752641e-05	0	0	0	0	0	2.79741263256784e-05	0	2.9464390190602e-05	0	0	0	0	0	0	3.28304573218082e-05	0	2.72437621616576e-05	0	0	0	0	0	0	0	0	0	0	0	0	0	0	0	0	0	0	0	0	0	0	2.95220883082021e-05	0	3.25360385226502e-05	0	0	3.00240353520434e-05	0	2.96007357978909e-05	0	0	2.69334598533302e-05	0	0	0	0	0	0	0	3.1189258274717e-05	0	0	0	0	0	2.73702041024052e-05	0	0	0	0	4.82007272616136e-05	0	0	3.34216482745345e-05	3.22430498553696e-05	0	0
Iron__pmrB	0	0	2.50772002653854e-05	0	6.6327756279341e-05	0.000204544829221304	0	0	3.23477701124433e-05	0	2.65093943913374e-05	0	0.000153178510911277	0	0	5.26036909586261e-05	0	3.45683013473967e-05	0	3.22588229568091e-05	0	5.24278054588697e-05	0.000408977708507134	2.51473875677422e-05	0	0	0	7.10257515193293e-05	0	3.28937616084601e-05	0	3.40846647391345e-05	0	9.43788802346304e-05	0	0	5.90451947450368e-05	0	0	0	0	0	0	0	3.54131867867181e-05	0	0	3.53007557320886e-05	0	2.84072009952412e-05	0	0	0	0	0	0	3.72018010862163e-05	0	4.02237158243679e-05	0	0	0	0	0	0	3.20405762732078e-05	0	3.77732802100003e-05	0	0	0	0	0	6.5605411813742e-05	0	0	0	0	0	0	0	0	0	0	0	2.72596623267123e-05	0	0	0	0	0	2.94868868140528e-05	0	3.25021373929977e-05	0	0	0	0	0	0	0	0	3.80440403131164e-05	0	0	0	0	0	0	0	0	0	2.69806273614786e-05	0	0	0	0	0	0	0
Iron__pmrC	0	2.30816708810638e-05	5.441325351988e-05	0	0	2.39762723818875e-05	5.19051925174372e-05	0	0	0	0	0	0.000165533420003026	0	7.38778981543387e-05	7.9411676795537e-05	0	0	0	0	0	2.56061093643041e-05	7.46217550058413e-05	0	0	2.31855740484615e-05	0	5.13712613178734e-05	6.39104591050646e-05	0	0	2.26401787683302e-05	0	0	0	2.15651113767898e-05	0	2.21889929277532e-05	0	0	0	0	0	0	2.35226277196449e-05	0	0	0	0	0	0	0	0	0	0	0	2.75187178240608e-05	0	0	0	2.12607793602454e-05	0	0	0	0	0	0	0	0	0	2.08799377770754e-05	0	0	0	0	0	0	0	0	0	0	0	0	0	0	0	0	0	0	0	0	1.9586180292546e-05	0	1.89454586055117e-05	0	1.85070891496957e-05	0	0	0	1.70556122492869e-05	0	0	0	0	0	0	0	0	0	0	0	0	1.7921438612369e-05	0	0	0	0	0	0	0
Iron__pmrG	0.000121818300392232	0.000188787397654074	0.000199819124104683	0.000101429706261272	6.53964544498798e-05	0.000461662528288557	0.000110556768888198	0	0.000119551104893181	0	0	0	0.0007297698609385	0	0.000269008399262979	3.57234020689177e-05	0	0.000226131233547576	0	0	0.000118943883312173	0	0.000454896954938622	0	0	0	0	7.00284855775986e-05	0	0	0	0	0	0.000172077674078587	0	0	5.94042313078866e-05	0	0	0	7.24566181612271e-05	0	0	0	0	0	0	7.43345776147185e-05	6.64313750580841e-05	0	0	4.13878030158478e-05	0	0	0	0	7.65573020996311e-05	0	7.43295388367851e-05	0	5.68054176498816e-05	0	0	6.0630175179463e-05	6.11602846610867e-05	0	0.000168950336922484	6.0029178784336e-05	0	0	0	0	0	0	0	0	0	0	0	0	0	5.8174455759962e-05	0	0.000122176197551161	0	0	0	0	0	0	0	5.3399138310026e-05	0	0.000176578776284346	5.72065450386462e-05	0	0	0.000123641708578487	0	4.64998781721852e-05	0	0	6.88956749948973e-05	5.46593314586798e-05	0	5.68873696809136e-05	5.12894080832938e-05	0	5.59810697506354e-05	0	0	0	9.77208791997832e-05	0	0	0	0	0	0	0
Iron__ybtO	2.66508608205045e-05	1.47568815832934e-05	0	0	0	0.000410137449357001	0	1.99153443054003e-05	4.60570631600978e-05	0	1.64478742473525e-05	0	0	0	0.000510365709043926	6.27378717243674e-05	2.11075819674051e-05	1.49795972505386e-05	5.20976717547558e-05	1.01765833487747e-05	0.00027095416618513	1.68385775179664e-05	0.00242982408410444	2.42532582320003e-05	5.76976966508632e-05	0	2.10083988874981e-05	0.000359553398857962	1.16743105298585e-05	3.91128754698996e-05	3.37138676738944e-05	1.03390149708708e-05	2.10347423026671e-05	2.10330075951462e-05	2.52877733795163e-05	0	1.43283005914623e-05	1.13489302494482e-05	5.10552515473999e-05	9.92227929447953e-06	6.14254677228035e-05	0	1.18611326413165e-05	2.87715862835287e-05	3.50759183411303e-05	1.20746901319137e-05	5.53306884269046e-05	1.74314584506515e-05	1.55781574511207e-05	3.95591794465548e-05	1.11784608797411e-05	3.24835128241526e-05	4.01187136835237e-05	1.16424512880303e-05	1.06059628107229e-05	1.12111646887716e-05	4.66769870901451e-05	2.5207723935858e-05	1.74302768572261e-05	2.67239922599519e-05	0	2.54020838395295e-05	0	0	2.50881984017927e-05	0	0	2.99308277473526e-05	0	2.41346207605514e-05	3.31823971153282e-05	2.2663376959797e-05	2.11843117292113e-05	3.61454578421427e-05	1.73580171812217e-05	0	1.10059623821981e-05	2.69172150485544e-05	0	5.80590518075783e-05	4.81837529604153e-05	4.20950361879085e-05	0	1.26584617050429e-05	1.01949611624325e-05	1.10250189854703e-05	2.74474020977077e-05	1.10649424342608e-05	0	1.11088930802561e-05	0.000113381416665059	0	2.10099473215496e-05	0	9.58209629397324e-06	2.00724804402741e-05	1.126225692226e-05	3.81063745838898e-05	0	9.73591199230128e-06	4.51701709256445e-05	5.34307820969611e-05	1.24632276065769e-05	1.06203081024215e-05	1.97877849490139e-05	5.52660796450076e-05	5.83470443414221e-05	1.72916065978567e-05	2.28794632070847e-05	1.47576690709551e-05	2.75690832439242e-05	2.36346419726785e-05	0	2.43506366377421e-05	1.11721427890749e-05	2.987525721547e-05	0	9.94160703873896e-06	1.32141366514228e-05	1.05500197962135e-05
Iron__ybtP	0.000127424428298037	9.27575413807016e-05	2.97508473666972e-05	3.32925081309095e-05	1.56484373147927e-05	0.000496818334093186	2.25922757223032e-05	4.65943904503706e-05	4.32535897503528e-05	2.26460035066693e-05	8.11428462869391e-05	0.000132706210313339	4.78938144115925e-05	1.10031534372329e-05	0.00096684187117017	0.000116046930357211	1.39389692237581e-05	5.77784465377917e-05	3.72126226819684e-05	0.000101374426435871	0.000377343522613703	2.66610810701134e-05	0.00194699897063836	2.11238055569035e-05	6.71481814471252e-05	1.31292177311754e-05	1.26774820872833e-05	0.000795230619844307	5.33126847530203e-05	2.83368791669681e-05	1.81149139740328e-05	4.50781052729967e-05	1.23954731426431e-05	1.40220050634308e-05	5.81618787728874e-05	1.04510104386565e-05	2.42785093355333e-05	5.63393323097606e-05	6.91870231249812e-05	0	7.92586680294239e-05	5.54023966783612e-05	4.69700852596134e-05	5.94828300693177e-05	0.00027929199979125	4.18301765284152e-05	6.53908135954327e-05	8.66592505832388e-05	5.87519081013696e-05	1.37086265408853e-05	4.76119630063047e-05	6.89284296512506e-05	5.58173407770764e-05	4.4241314894515e-05	8.2808094252952e-05	9.59177423372679e-05	3.64183086087945e-05	7.99693311068599e-05	4.38246960981685e-05	2.47804291865008e-05	9.70908924117875e-06	5.24169983990291e-05	5.96512494384216e-05	3.5341329112109e-05	7.48464585653482e-05	0	1.53198576186854e-05	1.16917295888096e-05	3.3223523809478e-05	3.8860830038176e-05	1.14422059018373e-05	3.99699557290966e-05	3.3289632717332e-05	2.47738531277607e-05	2.55548586279098e-05	5.90771914079423e-05	3.30178871465943e-05	2.10290742566831e-05	9.13672034225085e-05	0	2.42877453946809e-05	0.00018981743169918	5.47707259998209e-05	6.79337444837304e-05	5.89851324397879e-05	3.58313117027785e-05	1.7335201324868e-05	3.52438907165345e-05	3.34446006951127e-05	9.91865453594291e-05	5.48852717614299e-05	2.62854533885271e-05	2.67399329546994e-05	3.94359267035038e-05	5.02101845804198e-05	5.24701681684359e-05	3.80586613234993e-05	7.04139530354485e-05	8.20775251886239e-06	3.92681783689485e-05	4.55923220557907e-05	0	4.93913094038419e-05	2.56352264541208e-05	7.17307204401753e-05	1.37212335670364e-05	2.9710458161583e-05	0	4.05079020715598e-05	4.38118300543979e-05	2.5171771657496e-05	8.73637658632937e-05	8.57696156736497e-05	8.29979445962477e-05	0.000135307062667685	7.09976700885288e-05	4.5599661364568e-05	1.07369356018381e-05	3.65332013304041e-05	2.93893408608805e-05
Lead__pbrA	0.000192313979246835	4.55925109528537e-05	0	0.000282481366487569	0.000101730230782382	6.78327455810471e-05	0.000190791372151665	0.000140804639880909	8.15027313471395e-05	0.000115687070391383	0.00014629481808659	0.000224962014038151	0.000245315672793579	4.19744826992313e-05	5.06696973574188e-05	0.000241280304200147	0.000122018940317396	0.000303716489935826	0.000382217259253259	0.000272466335736425	0.00021304501913106	0.000181241259893005	5.11798770252829e-05	2.70253109614117e-05	0.000408622503146461	7.31491803020797e-05	0.000215696262368296	8.2331004639761e-05	3.21445346253925e-05	0.0001528510113891	8.99321970342054e-05	0.000345962333243056	0.000124956072413037	0.00019977116099965	0.000322506146104219	0.00030939498506661	9.92281142337394e-05	0.000175012557485232	0.000195279932345336	0.000148722424068444	7.77459087209774e-05	8.71824900895905e-05	0.000133604748149998	0.000156580611884597	0.000248582462586546	9.84455337055717e-05	0.000349082566079402	0.000237863205605886	0.000224606225077485	4.11773513117957e-05	0.000222916324593919	0.000204664276898107	0.000230534699079289	0.000215771487701066	0.000124367600880529	0.000106639363748015	0.000199139052873276	7.63705589010933e-05	6.61932916945258e-05	0.000234978964825245	0.000120446173414973	0.000219518574213706	6.82163543603633e-05	0.000142152340134157	0.000191850928954885	0.000203758129248249	6.39126308664389e-05	0.000237405032351498	0.000103633596941089	0.000189222880997429	0.00014435223465647	0.000284678213262213	0.000120447186302328	0.000134190221911176	0.000142658714422223	0.000185458807096178	3.73446644591341e-05	0.000148756355067301	2.84334563977634e-05	9.80127777407672e-05	0.00018709281042049	7.69781290322621e-05	0.00017262785892168	0.000132129625306706	2.5154740576e-05	6.38674441496939e-05	0.000188756259732605	0.000120635723382846	6.83357385335422e-05	0.000120066616610313	0.000149677244642856	0.000226721630708301	5.42639440435971e-05	4.29100272679948e-05	0.000351719299261135	0.000166862988707107	0.000254884447370987	0.000253807490290478	0.000201177253228287	0.00016596135336063	0.00010714924805213	9.21229604715564e-05	0.000245070280012513	5.22513108487355e-05	0.000238281300968368	9.78861468486949e-05	0.000133595588216959	0.000230482616104097	0.000270390668813081	0.000132638937441547	0.00010951423392319	0.00043387928920879	0.000209448010071605	0.000121819716155603	0.00015070196781258	0.000133287240466575	0.000162216822104708	5.49463537960842e-05	4.40698218589009e-05	7.80924047136134e-05
Lead__pbrB	0	0	0	0	0	0	0	0	0	0	0	0	0	0	0	0	0	0	0	0	0	0	0	0	0	0	0	0	0	0	0	0	1.82564104183164e-05	0	0	0	0	0	0	0	0	0	0	0	0	2.16824044667244e-05	0	0	0	0	0	0	0	0	0	0	0	0	0	0	0	0	0	0	0	0	0	0	0	0	0	0	0	0	0	0	0	0	0	0	0	0	0	0	0	0	0	0	0	0	0	0	0	0	0	0	0	0	0	0	0	0	0	0	0	0	0	0	0	0	0	0	0	0	0	0	0	0	0	0
Lead__pbrD	0	0	0	0	0	0	0	0	0	0	0	0	0	0	0	0	0	0	0	0	0	0	0	0	0	0	0	0	0	0	0	0	0	0	0	0	0	0	0	0	0	0	0	0	0	0	0	0	0	0	0	0	0	0	0	0	0	0	0	0	0	0	0	0	0	0	0	0	0	0	0	0	0	0	0	0	0	0	0	0	0	0	0	0	0	0	0	0	0	0	0	0	0	0	0	0	0	0	0	0	0	0	0	0	0	0	0	0	0	0	0	0	0	0	0	0	0	0	0	0
Lead__pbrR	0	0	0	0	0	0	0	0	0	0	0	0	0	0	0	0	0	0	0	0	0	0	0	0	0	0	0	0	0	0	0	0	0	0	0	0	0	0	0	0	0	0	0	0	0	0	0	0	0	0	0	0	0	0	0	0	0	0	0	0	0	0	0	0	0	0	0	0	0	0	0	0	0	0	0	0	0	0	0	0	0	0	0	0	0	0	0	0	0	0	0	0	0	0	0	0	0	0	0	0	0	0	0	0	0	0	0	0	0	0	0	0	0	0	0	0	0	0	0	0
Lead__pbrT	0	0	0	0	0	0	0	0	0	0	0	0	0	0	0	0	0	0	0	0	0	0	0	0	0	0	0	0	0	0	0	0	0	0	0	0	0	0	0	0	0	0	0	0	0	0	0	0	0	0	0	0	0	0	0	0	0	0	0	0	0	0	0	0	0	0	0	0	0	0	0	0	0	0	0	0	0	0	0	0	0	0	0	0	0	0	0	0	0	0	0	0	0	0	0	0	0	0	0	0	0	0	0	0	0	0	0	0	0	0	0	0	0	0	0	0	0	0	0	0
Mercury__merC	0	0	0	0	0	0	0	0	0	0	0	0	0	0	0	0	0	0	0	0	0	0	0	0	0	0	0	0	0	0	0	0	0	0	0	0	0	0	0	0	0	0	0	0	0	0	0	0	0	0	0	0	0	0	0	0	0	0	0	0	0	0	0	0	0	0	0	0	0	0	0	0	0	0	0	0	0	0	0	0	0	0	0	0	0	0	0	0	0	0	0	0	0	0	0	0	0	0	0	0	0	0	0	0	0	0	0	0	0	0	0	0	0	0	0	0	0	0	0	0
Mercury__merD	0	0	0	0	0	0	0	0	0	0	0	0	0	0	0	0	0	0	0	0	0	0	0.000189863133732013	0.000547007637010723	0	0	0	0	0	0	0	0	0	0	0	0	0	0	0	0	0	0	0	0	0	0	0	0	7.28329439273177e-05	0	0	0	0	0	0	0	0	0	0	0	0	0	0	0	0	0	0	0	0	0	0	0	0	0	0	0	0	0	0	0	0	0	0	0	0	0	0	0	0	0	0	0	0	0	0	0	0	0	0	0	0	0	0	0	0	0	0	0	0	0	0	0	0	0	0	0	0	0	0	0
Mercury__merE	0	0	0	0	0	0	0	0	0	0	0	0	0	0	0.00010102112867568	0	0	0	0	0	0	0	0.000164937512072836	0.000294890732845661	0	0	0	0	0	0	0	0	0	0	0	0	0	0	0	0	0	0	0	0	0	0	0	0	0.000126679522129993	0	0	0	0	0	0	0	0	0	0	0	0	0	0	0	0	0	0	0	0	0	0	0	0	0	0	0	0	0	0	0	0	0	0.000148349745394965	0	0	0	0	0	0	0	0	0	0	0	0	0	0	0	0	0	0	0	0	0	0	0	0	0	0	0	0	0	0	0	0	0	0	0	0	0
Mercury__merF	0	0	0	0	0	0	0	0	0	0	0	0	0	0	0	0	0	0	0	0	0	0	0	0	0	0	0	0	0	0	0	0	0	0	0	0	0	0	0	0	0	0	0	0	0	0	0	0	0	0	0	0	0	0	0	0	0	0	0	0	0	0	0	0	0	0	0	0	0	0	0	0	0	0	0	0	0	0	0	0	0	0	0	0	0	0	0	0	0	0	0	0	0	0	0	0	0	0	0	0	0	0	0	0	0	0	0	0	0	0	0	0	0	0	0	0	0	0	0	0
Mercury__merG	0	0	0	0	0	0	0	0	0	0	0	0	0	0	0	0	0	0	0	0	0	0	0	0	0	0	0	0	0	0	0	0	0	0	0	0	0	0	0	0	0	0	0	0	0	0	0	0	0	0	0	0	0	0	0	0	0	0	0	0	0	0	0	0	0	0	0	0	0	0	0	0	0	0	0	0	0	0	0	0	0	0	0	0	0	0	0	0	0	0	0	0	0	0	0	0	0	0	0	0	0	0	0	0	0	0	0	0	0	0	0	0	0	0	0	0	0	0	0	0
Mercury__merH	0	0	0	0	0	0	0	0	0	0	0	0	0	0	0	0	0	0	0	0	0	0	0	0	0	0	0	0	0	0	0	0	0	0	0	0	0	0	0	0	0	0	0	0	0	0	0	0	0	0	0	0	0	0	0	0	0	0	0	0	0	0	0	0	0	0	0	0	0	0	0	0	0	0	0	0	0	0	0	0	0	0	0	0	0	0	0	0	0	0	0	0	0	0	0	0	0	0	0	0	0	0	0	0	0	0	0	0	0	0	0	0	0	0	0	0	0	0	0	0
Mercury__merP	0	0	0	0	0	0	0	0	0	0	0	0	0	0	0	0	0	0	0	0	0	0	0.000116129472785976	0	0	0	0	0	0	0	0	7.36228758365306e-05	0	0	0	0	0	0	0.000421571554319704	0	0	0	0	0	0	0	0	0	0	0	0	0	0	0	0	0	0	0	0	0	0	0	0	0	0	0	0	0	0	0	0	0	0	0	0	0	0	0	0	0	0	0	0	0	0	0	0	0	0	0	0	0	0	0	0	0	0	0	0	0	0	0	0	0	0	0	0	0	0	0	0	0	0	0	0	0	0	0	0	0
Mercury__merR	0	0	0	0	0	0	0	0	0	0	0	0	0	0	0	0	0	0	0	0	0	0	0	0.000312945267509681	0	0	0	0	0	0	0	0	0	0	0	0	0	0	0	0	0	0	0	0	0	0	0	0	0	0	0	0	0	0	0	0	0	0	0	0	0	0	0	0	0	0	0	0	0	0	0	0	0	0	0	0	0	0	0	0	0	0	0	0	0	0	0	0	0	0	0	0	0	0	0	0	0	0	0	0	0	0	0	0	0	0	0	0	0	0	0	0	0	0	0	0	0	0	0	0
Mercury__merR1	0	0	0	0	0	0	0	0	0	0	0	0	0	0	0	0	0	0	0	0	0	0	0	0	0	0	0	0	8.10716009017949e-05	0	0	0	0	0	0	0	0	0	0	0	0	0	0	0	0	0	5.52544753574461e-05	0	0.000101156866565719	0	0	0	0.000158571990843967	0	0	0	0	0	9.28105650839312e-05	0	0	0	0	0.000827216062812164	0	0	0	0	0	0	0	0	8.42557852866358e-05	5.16891123380998e-05	0	0	0	0	0	0	0	0	0	0	0	0	0	0	0	0	0	0	0	0.000179254212288654	0	0	0	0	0	0	0	0	0	0	0	0	0	0	0	0	0	0	0	0	0	0.000127808587018054	0	0	0	0
Mercury__merR2	0	0	0	0	0	0	0	0	0	0	0	0	0	0	0	0	0	0	0	0	0	0	0	0	0	0	0	0	0	0	0	0	0	0	0	0	0	0	0	0	0	0	0	0	0	0	0	0	0	0	0	0	0	0	0	0	0	0	0	0	0	0	0	0	0	0	0	0	0	0	0	0	0	0	0	0	0	0	0	0	0	0	0	0	0	0	0	0	0	0	0	0	0	0	0	0	0	0	0	0	0	0	0	0	0	0	0	0	0	0	0	0	0	0	0	0	0	0	0	0
Mercury__merT	0	0	0	0	0	0	0	0	0	0	0	0	0	0	0	0	0	0	0	0	0	0	0	0	0	0	0	0	9.66149836953804e-05	0	0	9.19815814649886e-05	0	0	0	0	0	0	0.000185102023818321	0	0	0	0	0	0	0	0.000128317923067961	0	0	0	0	0	0	0	0	0	0	0	0.000268314465907154	0	0.000178330210552263	0	0	0.000251194527820057	0	0	0	0	0	0	0	0	0.000412260293855642	0	0	0	0	0	0	0	0	0	0	0	0	0	0	0	0	0	0	0	0	0	0	0	0	0	0	0	0	0	0	0	0	0	0	0	0	0	0	0	0	0	0	0	0	0	0	0
Mercury__merT-P	0	0	0	0	0	0	0	0	0	0	0	0	0	0	0	0	0	0	0	0	0	0	0	0	0	0	0	0	0	0	0	0	0	0	0	0	0	0	6.87660067570807e-05	0	0	0	0	0	0	0	0	0	0	0	0	0	0	0	0	0	0	0	0	0	0	0	0	0	0	0	0	0	0	0	0	0	0	0	0	0	0	0	0	0	0	0	0	0	0	0	0	0	0	0	0	0	0	0	0	0	0	0	0	0	0	0	0	0	0	0	0	0	0	0	0	0	0	0	0	0	0	0	0	0
multi-metal__acrD	0.000280691774854337	0.000917980086479127	0.00101775439762158	0.000548492822023712	0.000700008343416377	0.00334625257818794	0.000705015291206137	0.000175669273107441	0.000324876957194871	4.53984288044385e-05	0.000168126776298878	0	0.00471396896693498	8.27623884382029e-05	0.00315442698479925	0.00232296691053162	5.23071389523586e-05	0.000784741871116519	0.000372724308187122	0.000139049525468756	0.00054339920276109	0.000547483804545901	0.00567534778161574	0.000389521797529528	2.21596912950976e-05	0.00122131498128308	0.000188407048846415	0.000799451795500499	0.000277841835946873	6.18872175974638e-05	0.000151685473810207	0.000177787188968725	2.15157682321674e-05	0.0011554294432692	8.73001241067196e-05	0.000224431979971149	0.000327694820662983	0.000292673886581719	0.000281321756649576	0	9.91688734505087e-05	6.63566962040208e-05	6.83530652502484e-05	1.8330418054148e-05	0.000373928907677141	0.000496028736373695	0.000121022238647433	0.000833079152183498	9.47694493789078e-05	5.12161388330087e-05	3.18597513555249e-05	0.000106808925672473	0.000249532982891734	0	0.000194716697251978	2.40247823610234e-05	0.00112776214741944	4.1240315819646e-05	2.30514751108101e-05	0.000280570291316896	0.000372334677862292	2.16962281037447e-05	8.68483031134014e-05	0.000302022464729558	0.000291042455905078	0.000147124464573435	0.000206086802102856	0.000541720562471673	0.000154029392336798	1.15973039955578e-05	0.000128876533204879	3.95769675672093e-05	0.000296577445857707	6.48552741666088e-05	0.00014981123796715	0.000140324445916444	1.17925237139163e-05	0.000289094004439031	0.000248367153612751	0.000321863102573016	4.46513128075914e-05	0.00021920269567474	0.000170723805356172	0.000301508200689065	0.000143044054882731	0.000116872187757534	0.000180261575975404	0.000196804933471263	0	0.000212108083885313	0.000263450975832981	0.000320224584836122	0.000137770146370817	0.00112503334480151	0.000529574833944257	9.49477326820052e-05	4.47149761087302e-05	0.000263378300706647	0.000391312714110469	0.00011022141445479	0.00013091977189491	0	0.000351208492502918	0.000217187825723713	4.68184607382991e-05	0.000345787435440582	0.000201312163212176	8.19836699834091e-05	0.000259766199398141	4.00250185747938e-05	3.44454605957377e-05	0.000145050736999976	0.000450039986544992	6.15157267662682e-06	0.000348822716033046	0.000120999113119551	2.63836034896247e-05	0.000161750042389203	0.000205756453049836	0.000111182878414428
multi-metal__actA	0	0	0	0	0	0	0	0	0	0	0	0	0	0	0	0	0	0	0	0	0	0	0	0	0	0	0	0	0	0	0	0	0	0	0	0	0	0	0	0	0	0	0	0	0	0	0	0	0	0	0	0	0	0	0	0	0	0	0	0	0	0	0	0	0	0	0	0	0	0	0	0	0	0	0	0	0	0	0	0	0	0	0	0	0	0	0	0	0	0	0	0	0	0	0	0	0	0	0	0	0	0	0	0	0	0	0	0	0	0	0	0	0	0	0	0	0	0	0	0
multi-metal__actR	0	0	0	0	0	0	0	0	0	0	0	0	0	0	0	0	0	0	0	0	5.42236960831369e-05	0	0	0	0	0	5.26516929103667e-05	0	4.57344123850126e-05	0	0	0	0	0	0	0	0	0	0	0	0	0	0	0	0	0	0	0	0	0	0	0	0	0	0	0.000160526413069467	0	0	0	0	0	0	0	0	0	0	0	0	0	0	0	0	0	0	0	0	0	0.000382425639059681	0	0	0	0	0	0	0	0	0	0	0	0	0	0	0	0	0	0	0	0	2.64001936689182e-05	0	0	0	0	0	0	0	0	0	0	0	0	0	0	0	0	0	3.70502228455777e-05	0	0	0
multi-metal__actS	0	0	0	0	0	0	0	0	0	0	0	0	0	0	0	0	0	0	0	0	0	0	0	0	0	0	0	0	0	0	0	0	0	0	0	0	0	0	0	0	0	0	0	0	0	0	0	0	0	0	0	0	0	0	0	0	0	0	0	0	0	0	0	0	0	0	0	0	0	0	0	0	0	0	0	0	0	0	0	0	0	2.70047704567029e-05	0	0	0	0	0	0	0	0	0	0	0	0	0	0	0	0	0	0	0	0	0	0	0	0	0	0	0	0	0	0	0	0	5.6190402531657e-05	0	0	0	0	0
multi-metal__arsA	0	1.0847989402078e-05	0	0	0	0	2.51568798639937e-05	0	0	0	0	0	0	0	4.61397737998225e-05	0	1.02467306227087e-05	1.45354582485011e-05	0	0	0	0	0	0	0	0	0	0	0	0	0	0	3.47915977806917e-05	0	2.03863696198502e-05	0	0	1.04284460758223e-05	4.81244095315419e-05	0	0	0	0	0	0	0	0	0	0	0	0	0	0	0	1.38539427135713e-05	0	0	0	0	0	0	0	0	0	0	0	0	0	0	0	0.000117366022801007	0	0	1.12852239875636e-05	0	0	0	0	0	1.48222079687463e-05	3.9509750157894e-05	0	0	0	6.14545563822198e-05	0	1.5362814210146e-05	0	0	0	0	0	0	0	0	0	0	0	1.04743874340199e-05	0	4.30116245809347e-05	0	0	0	0	0	1.10518557297835e-05	0	0	0	0	0	1.98777342440863e-05	0	1.2775463452344e-05	0	1.98853074532232e-05	0	0	0
multi-metal__arsD	0	0	0	0	0	0	0	0	0	0	0	0	0	0	0	0	0	0	0	0	0	0	0	0	0	0	0	0	0	0	0	0	0	0	0	0	0	0	0	0	0	0	0	0	0	0	0	0	0	0	0	0	0	0	0	0	0	0	0	0	0	0	0	0	0	0	0	0	0	0	0	0	0	0	0	0	0	0	0	0	0	0	0	0	0	0	0	0	0	0	0	0	0	0	0	0	0	0	0	0	0	0	0	0	0	0	0	0	0	0	0	0	8.18412363298185e-05	0	0	0	0	0	0	0
multi-metal__baeR	0.000193635160648978	0.000167596012267404	0.000376956759248493	8.58054333270863e-05	0.000482866065713603	0.00195488205839238	0.000271292491255527	0.000170971352055795	4.00496201392155e-05	0	0.000100514787067154	0	0.00268509164751559	2.86081989368055e-05	0.00251673241172282	0.000906616643415714	0.000199128131767973	0.000592764062628456	7.13241934737728e-05	3.1312564150076e-05	0.000714243151304184	0.000247901280125616	0.00292337013585524	0.000314901175431616	0	0.000105880788154641	3.44103085226262e-05	0.000925215636874849	7.68558776549016e-05	0	3.27074835642259e-05	7.85765137786181e-05	2.44153258870243e-05	0.000914351580177883	7.90242918109884e-05	3.61765745953494e-05	0.000174128653021243	0.000339454610139744	2.9821992726285e-05	2.48056982361988e-05	0.000122603252108015	0	0	0	0.000561214693458084	0.000407520791952086	0	0.000415864794465543	8.34544149167182e-05	0	3.72615362658037e-05	5.14982520382906e-05	0	8.73183846602269e-05	6.32278552177712e-05	0.000298964391700575	0.000603979695589514	4.12885133432157e-05	0	0.000120257965169783	0.000322341762807134	0.000118946265597797	0	5.07777717128002e-05	0.000103488818407395	0.000127933443833737	0.000105324021128462	3.0398496930905e-05	8.19939529913399e-05	0	9.53517158486441e-05	7.72615123629444e-05	0.000124836122689995	0.000228447416137138	0.000150677232475883	0	4.07628236377707e-05	8.41162970267326e-05	0.000379667770978667	0.000176652541352515	8.61823223682225e-05	0.00039853865279756	0	0.000301693337303523	0	0	0	0	0	0	0.000144434925687973	0.000389718354059065	0.000174287063008309	0.000510051398945828	0.000546179488756475	0	4.85442108718103e-05	6.31654578700347e-05	0.000457992590552522	0	0	0	4.03900894657586e-05	5.6763715719839e-05	0	0.000141023789438985	0.000200456103258873	3.72249864259414e-05	9.1892925995668e-05	0.000259412151637882	0	0	0.000331457007135765	4.71579230660498e-05	2.68958993070321e-05	3.33899933584665e-05	0	0	0	0.000117745756654169
multi-metal__baeS	0.000105932891644671	0.000433903780295554	0.000776203488090635	0.000645580236698181	0.00126317211337641	0.00250400590280389	0.000406846542125937	0.000144833015836615	0.000125037143817936	0	8.40590860892534e-05	0	0.00283606568895773	0	0.00134285074715429	0.00113173712729256	0.000102335656583112	0.000369518116330202	5.04667973559886e-05	0.000185562144079947	0.000238053320209256	0.000408644993298256	0.00427738872984545	0.000348294010253012	0	0.000984895382748948	0	0.00084701630698383	0.000281483375944767	7.23014741238803e-05	0.000126713887898302	6.16355838948701e-05	0	0.000600514135478835	0	7.12686266118233e-05	0.000155964728065524	0.000312972181703197	3.06521552647041e-05	0	0.000121561072753908	2.13089047358773e-05	0	0	0.000354890180218074	0.000109702752192669	0	0.000131815739645183	4.34606289245093e-05	0	0	2.54479914536109e-05	0	0	6.49879454058462e-05	4.21452300934073e-05	0.000635291181329033	4.85801960219962e-05	0	0	0.000148692518742849	0	0	9.34224014039357e-05	0.000218648752666587	0.000101933922680135	5.46747238354225e-05	0.000216910375069479	0.00037869672996473	0	0	0	0.000153098612604043	5.11356957177775e-05	0	0	0	0.000152381985620162	0.000104168870155878	0.000251538145872183	2.51651710243982e-05	0.000154238295811038	0	1.35529568576477e-05	0	0	9.21821911993339e-05	5.21260671421281e-05	0	9.78697218450213e-05	0.00015216698809097	0.00019512399374781	0	0.000388792774737161	0.000571724906071243	0.000109490370033728	7.33464565120971e-05	0.000187321159857497	0.000202891424149352	7.88045981389696e-05	5.4237832566965e-05	1.42787186417575e-05	0.000137590711621501	8.09285827490141e-05	0	0	0.000192239181314337	3.02387124659164e-05	0.000458279977040844	5.86593644817139e-05	0	5.15132529994904e-05	0.000259929168574704	0	0.000153640222033911	4.51572095459932e-05	0.000135046360372691	0	0	6.48685830235215e-05
multi-metal__cadA	0	0	0	0	1.0167247901323e-05	0	0	0	2.27687344814782e-05	6.97429582803022e-06	0	1.26412404824645e-05	0	0	0	8.56395896404348e-06	0	0	0	0	0	0	4.35356719184339e-05	1.19749464608296e-05	0	0	8.87054140218076e-06	1.21436318924205e-05	1.22529206727378e-05	0	0	9.40458504638977e-06	0	8.85743760080663e-06	0	0	2.36716336302097e-05	0	0	1.21497297483423e-05	0	0	1.45238358873264e-05	0	0	0	0	0	0	2.9461271533098e-05	0	2.21746229902485e-05	1.14421480273708e-05	1.09975341612881e-05	2.0693401312691e-05	0	0	0	1.30672629500237e-05	0	1.35870636611248e-05	0	0	1.24353726643592e-05	1.02400809803236e-05	1.21436586458222e-05	0	1.43164035781342e-05	0	2.18245569955078e-05	9.00698423759787e-06	0	1.12494783235087e-05	0	0	0	0	0	2.51977946559593e-05	0	9.25095164567456e-06	0	9.44594297208754e-06	0	0	1.10204271408283e-05	0	0	0	0	9.47459425066881e-06	0	1.00232984836441e-05	0	8.71607592921181e-06	0	1.29073820160615e-05	0	7.75309567379421e-06	0	0	0	3.75471385620879e-05	1.76168778214491e-05	8.03543953573034e-06	4.00035964053538e-05	0	1.2603211806018e-05	0	0	0	1.14432616798162e-05	0	7.79924304087333e-06	0	2.09039700633026e-05	0	0	0	1.02160749796737e-05
multi-metal__cadC	0	0	0	0	0	0	0	0	0	0	0	0	0	0	0	0	0	0	0	0	0	0	0	0	0	0	0	0	0	0	0	0	0	0	0	0	0	9.76752193600047e-05	7.5092755455039e-05	0	0	0	0	0	0	0	0	0	0	0	0	0	0	0	0	0	0	0	0	0	0	0	0	0	0	0	0.000104643836193206	0	0	0	0	0	0	0	0	0	0	0	0	0	0	0	0	0	0	0	0	0	0	0	0	0	0	0	0	0	0	0	0	0	0	0	0	0	0	0	0	0	0	0	0	0	0	0	0	0	0	0	0	0
multi-metal__cadD	0	0	0	0	0	0	0	0	0	0	0	0	0	0	0	0	0	0	0	0	0	0	0	0	0	0	0	0	0	0	0	0	0	0	0	0	0	0	0	0	0	0	0.000277724081357655	0	0	0	0	0	0	0	0	0	0	0	0	0	0	0	0	0	0	0	0	0	0	0	0	0	0	0	0	0	0	0	0	0	0	0	0	0	0	0	0	0	0	0	0	0	0	0	0	0	0	0	0	0	0	0	0	0	0	0	0	0	0	0	0	0	0	0	0	0	0	0	0	0	0	0	0	0
multi-metal__cadX	0	0	0	0	0	0	0	0	0	0	0	0	0	0	0	0	0	0	0	0	0	0	0	0	0	0	0	0	0	0	0	0	0	0	0	0	0	0	0	0	0	0	0	0	0	0	0	0	0	0	0	0	0	0	0	0	0	0	0	0	0	0	0	0	0	0	0	0	0	0	0	0	0	0	0	0	0	0	0	0	0	0	0	0	0	0	0	0	0	0	0	0	0	0	0	0	0	0	0	0	0	0	0	0	0	0	0	0	0	0	0	0	0	0	0	0	0	0	0	0
multi-metal__chrR	0	0	0	5.53583440819912e-05	0	0	0	0	0	0	0	0	0	0	0.000210357678399191	5.49819125684369e-05	0	0	0	0	0	0	0	0	0	0	0	0	0	0	0	0	0	6.28226033307831e-05	6.6618327720231e-05	0	3.43957833128381e-05	0	0	0	0	0	0	0	0	0	0	0	0	0	0	0	0	0	0	0	0	0	0	0	0	0	0	0	0	0	0	0	0	0	0	0	0	0	0	0	0	0	0	0	0	0	0	0	0	0	0	0	0	0	0	0	0	0	0	0	0	0	0	0	0	0	0	0	0	0	0	0	4.53792227139101e-05	0	0	0	4.04154253480585e-05	0	0	0	0	0	0	0
multi-metal__cmeA	0	0	0	0	0	0	0	0	0	0	0	0	0	0	0	0	0	0	0	0	0	0	0	0	0	0	0	0	0	0	0	0	0	0	0	0	0	0	0	0	0	0	0	0	0	0	0	0	0	0	0	0	0	0	0	0	0	0	0	0	0	0	0	0	0	0	0	0	0	0	0	0	0	0	0	0	0	0	0	0	0	0	0	0	0	0	0	0	0	0	0	0	0	0	0	0	0	0	0	0	0	0	0	0	0	0	0	0	0	0	0	0	0	0	0	0	0	0	0	0
multi-metal__cmeB	0	0	0	1.10887021530388e-05	2.01194194047334e-05	1.36864554846608e-05	5.55547763663195e-06	1.12728363992832e-05	0	1.25129596840751e-05	0	0	3.15488817665341e-05	1.52351355284763e-05	0	2.42694301468207e-05	1.79215318591176e-05	1.48149862917415e-05	8.34898585813394e-06	1.26454585990692e-05	0	0	0	2.34708950632261e-05	8.6087412111699e-06	0	0	7.18149265362108e-06	2.13280673141645e-05	5.98666461273974e-06	8.70909325674654e-06	0	1.21354282515387e-05	3.10102035056643e-05	0	1.20588581984498e-05	4.54647999536783e-05	2.1045406369169e-05	0	2.70191297711212e-05	1.7147307987135e-05	1.58796678377468e-05	0	1.41744202088257e-05	1.46711773830689e-05	2.13960855359459e-05	1.35424761884032e-05	2.24118751508376e-05	1.72044486136004e-05	0	1.33759360954167e-05	5.94210600441815e-06	0	8.06015858402095e-06	0	5.38998302344787e-05	0	6.5192389489288e-06	3.21789726594944e-05	1.56980094394123e-05	6.49762126140424e-06	3.30320137840036e-05	6.74787889574905e-06	0	6.27204960044818e-06	6.86583777283024e-06	1.5221653403181e-05	0	7.61781980838623e-06	1.93517493712374e-05	8.14156958399961e-06	0	2.79353561264325e-05	1.42926075737081e-05	0	6.66284113623409e-06	3.95085829104547e-05	2.86318934110224e-05	1.23469193814201e-05	7.78967600280567e-06	0	1.9338531582052e-05	0	0	4.28524466442903e-05	6.81491558167807e-06	3.25035024841275e-05	6.14719024125602e-06	0	0	1.0207660613525e-05	0	0	1.90369661873272e-05	6.63375897275071e-06	0	1.41151628534956e-05	7.16884137238729e-06	4.92465151131744e-06	0	2.36242267062591e-05	9.12433355809643e-06	9.32078987671352e-06	0	0	6.37685534365472e-06	1.07387198174396e-05	0	1.86093994559516e-05	1.6229888461447e-05	0	7.30466269759981e-06	0	1.22676555108885e-05	6.20674599393048e-06	1.88579112287695e-05	0	3.25778815269446e-05	1.25564194425284e-05	6.52130344546166e-06
multi-metal__cmeC	0	0	0	0	0	0	0	0	0	0	0	0	0	0	0	0	0	0	0	0	0	0	0	0	0	0	0	0	0	0	0	0	0	0	0	0	0	0	0	0	0	0	0	0	0	0	0	0	0	0	0	0	0	0	0	0	0	0	0	0	0	0	0	0	0	0	0	0	0	0	0	0	0	0	0	0	0	0	0	0	0	0	0	0	0	0	0	0	0	0	0	0	0	0	0	0	0	0	0	0	0	0	0	0	0	0	0	0	0	0	0	0	0	0	0	0	0	0	0	0
multi-metal__cmtR	0	0	0	0	0	0	0	0	0	0	0	0	0	0	0	0	0	0	0	0	0	0	0	0	0	0	0	0	0	0	0	0	0	0	0	0	0	0	0	0	0	0	0	0	0	0	0	0	0	0	0	0	0	0	0	0	0	0	0	0	0	0	0	0	0	0	0	0	0	0	0	0	0	0	0	0	0	0	0	0	0	0	0	0	0	0	0	0	0	0	0	0	0	0	0	0	0	0	0	0	0	0	0	0	0	0	0	0	0	0	0	0	0	0	0	0	0	0	0	0
multi-metal__cnrA	0	0	0	0	0	0	0	0	0	0	0	0	0	0	0	0	0	0	0	0	0	0	0	0	0	0	0	0	0	0	0	0	0	0	0	0	0	0	0	0	0	0	0	0	0	0	0	0	0	0	0	0	0	0	0	0	0	0	0	0	0	0	0	0	0	0	0	0	0	0	0	0	0	0	0	0	0	0	0	0	0	0	0	0	0	0	0	0	0	0	0	0	0	0	0	0	0	0	0	0	0	0	0	0	0	0	0	0	0	0	0	0	0	0	0	0	0	0	0	0
multi-metal__cnrB	0	0	0	0	0	0	0	0	0	0	0	0	0	0	0	0	0	0	0	0	0	0	0	0	0	0	0	0	0	0	0	0	0	0	0	0	0	0	0	0	0	0	0	0	0	0	0	0	0	0	0	0	0	0	0	0	0	0	0	0	0	0	0	0	0	0	0	0	0	0	0	0	0	0	0	0	0	0	0	0	0	0	0	0	0	0	0	0	0	0	0	0	0	0	0	0	0	0	0	0	0	0	0	0	0	0	0	0	0	0	0	0	0	0	0	0	0	0	0	0
multi-metal__cnrC	0	0	0	0	0	0	0	0	0	0	0	0	0	0	0	0	0	0	0	0	0	0	0	0	0	0	0	0	0	0	0	0	0	0	0	0	0	0	0	0	0	0	0	0	0	0	0	0	0	0	0	0	0	0	0	0	0	0	0	0	0	0	0	0	0	0	0	0	0	0	0	0	0	0	0	0	0	0	0	0	0	0	0	0	0	0	0	0	0	0	0	0	0	0	0	0	0	0	0	0	0	0	0	0	0	0	0	0	0	0	0	0	0	0	0	0	0	0	0	0
multi-metal__cnrH	0	0	0	0	0	0	0	0	0	0	0	0	0	0	0	0	0	0	0	0	0	0	0	0	0	0	0	0	0	0	0	0	0	0	0	0	0	0	0	0	0	0	0	0	0	0	0	0	0	0	0	0	0	0	0	0	0	0	0	0	0	0	0	0	0	0	0	0	0	0	0	0	0	0	0	0	0	0	0	0	0	0	0	0	0	0	0	0	0	0	0	0	0	0	0	0	0	0	0	0	0	0	0	0	0	0	0	0	0	0	0	0	0	0	0	0	0	0	0	0
multi-metal__cnrR	0	0	0	0	0	0	0	0	0	0	0	0	0	0	0	0	0	0	0	0	0	0	0	0	0	0	0	0	0	0	0	0	0	0	0	0	0	0	0	0	0	0	0	0	0	0	0	0	0	0	0	0	0	0	0	0	0	0	0	0	0	0	0	0	0	0	0	0	0	0	0	0	0	0	0	0	0	0	0	0	0	0	0	0	0	0	0	0	0	0	0	0	0	0	0	0	0	0	0	0	0	0	0	0	0	0	0	0	0	0	0	0	0	0	0	0	0	0	0	0
multi-metal__cnrT	0	0	0	0	0	0	0	0	0	0	0	0	0	0	0	0	0	0	0	0	0	0	0	0	0	0	0	0	0	0	0	0	0	0	0	0	0	0	0	0	0	0	0	0	0	0	0	0	0	0	0	0	0	0	0	0	0	0	0	0	0	0	0	0	0	0	0	0	0	0	0	0	0	0	0	0	0	0	0	0	0	0	0	0	0	0	0	0	0	0	0	0	0	0	0	0	0	0	0	0	0	0	0	0	0	0	0	0	0	0	0	0	0	0	0	0	0	0	0	0
multi-metal__cnrY	0	0	0	0	0	0	0	0	0	0	0	0	0	0	0	0	0	0	0	0	0	0	0	0	0	0	0	0	0	0	0	0	0	0	0	0	0	0	0	0	0	0	0	0	0	0	0	0	0	0	0	0	0	0	0	0	0	0	0	0	0	0	0	0	0	0	0	0	0	0	0	0	0	0	0	0	0	0	0	0	0	0	0	0	0	0	0	0	0	0	0	0	0	0	0	0	0	0	0	0	0	0	0	0	0	0	0	0	0	0	0	0	0	0	0	0	0	0	0	0
multi-metal__coaR	0	0	0	0	0	0	0	0	0	0	0	0	0	0	0	0	0	0	0	0	0	0	0	0	0	0	0	0	0	0	0	0	0	0	0	0	0	0	0	0	0	0	0	0	0	0	0	0	0	0	0	0	0	0	0	0	0	0	0	0	0	0	0	0	0	0	0	0	0	0	0	0	0	0	0	0	0	0	0	0	0	0	0	0	0	0	0	0	0	0	0	0	0	0	0	0	0	0	0	0	0	0	0	0	0	0	0	0	0	0	0	0	0	0	0	0	0	0	0	0
multi-metal__copB	0.000211485798546721	0.000477409633027167	0.000186139112016138	0.000334574588734712	0.000758984108737654	0.000548664320803521	0.000403945528100223	0.000259469312861237	0.00069015534199518	0.000357815362187559	0.000443633452853891	0.000330480805455091	0.000327678052139084	0.00035048270475878	0.00211194568516076	0.000965712095489425	0.000545038159136095	0.000519131183884604	0.000383098297975856	0.000514852747221617	0.00032841315528783	0.000571361329777107	0.00051391813608137	0.000191168739500479	0.000421555512432959	0.000447093136764291	0.000241864099042177	0.000589484522552421	0.000464283655386668	0.000355962268044723	0.000207948851980873	0.000225567318392207	0.000227860299371663	0.000438072297087549	0.000362389214602108	0.00017606800935408	0.00021692906799563	0.00049406568913705	0.000480479555058708	0.000216035265250496	0.000453794613385566	0.000201810740860768	0.000268447162378972	0.000204187581125021	0.000645603647856281	0.000394955468437952	0.000275540379944152	0.000342318994133483	0.000261030409007557	0.000261077075158407	0.000245728252000923	0.000356399206941388	0.000401062435488483	0.000234572122140322	0.00032295681688462	0.000711483491074601	0.000239353199303131	0.00051735909226375	0.000552781514383589	0.000296011972095829	0.00024988538243792	0.000183689512200625	0.000354657645693892	0.000295929356736211	0.00033509253149847	0.000129279965446552	0.00050006969665895	0.000348053953681554	0.000385578118346446	0.000229640153202111	0.000299491754087405	0.000308619198571297	7.52277525295838e-05	0.000364572537903224	0.000262553868478082	0.000372439922857708	0.000309916405732957	0.000506479761490463	0.000616087378319936	0.000415325329855158	0.000312880443864175	0.000653931367373263	0.000329931738453119	0.000567304949068063	0.000557012746340388	0.000305558339138141	0.000353934755189266	0.000232829090550053	0.00027249584235033	0.00047524102997533	0.000242761941045441	0.000277934814587861	6.51453088908452e-05	0.00037642882865666	0.000220311602727987	0.000376635810348864	0.000350565411381103	0.00042827066970746	0.000280468986627043	0.000375394644946224	0.000726696153793095	0.000322037785342617	0.000208371038731883	0.000221716016267793	0.000507826539869759	0.000250817458707884	0.000314778920496376	0.000265995175838475	0.000316315717486133	0.000226957835219828	0.000389562549847497	0.000365091129376197	0.000446104710224661	0.000357936354573727	0.000381885426797456	0.000537782321117405	0.000373648261572867	0.00036085219614577	0.000139345077186385	0.000323211724074834
multi-metal__corA	0.000671279099187352	0.00069728266866448	0.00138333737216411	0.000372764869846279	0.00104077671688621	0.00275981311228666	0.000338251233318983	0.000168379075331065	0.000368050939507221	5.5716678265651e-05	0.000227633027558296	0	0.00473622138832189	0.000268254095191272	0.00252709358139134	0.00169594693118955	0.000276762897064854	0.00105398938339685	0.000389397908233256	7.35746167133906e-05	0.000111216294943822	0	0.00500399309768263	0.000235451700476034	0	0.000991526671858268	0.000106600889160701	0.000476342044366765	0.000415250792264586	4.77417557724814e-05	0.000271341538429605	0.000259914983951259	5.84826696028041e-05	0.000895603804420606	0.000119236652960377	0.000485407203431271	0.000281124885022361	0.000489461096653415	7.42907363105429e-05	0	0	0	2.88270565459845e-05	4.72638062259644e-05	0.000545286230540514	0.000356181524008755	0.000154403819833422	0.000422704987022127	0.000109864039890363	0.000111553018867964	0.000106124628605137	0	0	4.15591299142346e-05	0.000210673457973464	3.62667774742259e-05	0.000893089382980867	8.00463516514042e-05	0.000173987573692384	0.000226954042437796	0.000444651707273224	0.000114072046175102	0	0.000196683520811606	8.33626845629188e-05	0.000106203212131627	0.000391076534147876	0.000171380036251159	0.000159324103954897	7.3009687346873e-05	0.00014266547864949	2.81662222285164e-05	0.000372784509068512	0	0.000127255505706214	2.53019283654459e-05	0.000117644604929262	7.82600991324664e-05	0	0.000251241701963909	2.15703741255332e-05	0.000330070079813769	0.000108389206382245	0	1.72835010665107e-05	6.80341361445161e-05	9.1430386734536e-05	0.000178190704461725	0	0.000281740009856404	0.00038668337700008	0.000162204538315278	8.58288987243969e-05	0.00138830558292947	0.000323122842115756	0.000379785772487532	6.19399551377022e-05	0.000633096413181713	0.000177661478572844	0.000158978816076818	0.00014588260573407	0.000169625824682504	0.00044173464934703	0.000297609681438437	2.0127719771827e-05	0.000228687226117273	0.00032352092614565	2.82721415893226e-05	0.000321898237277514	0	4.70358602400468e-05	0.000158668369482041	0.000538909001756602	0	0.000156347145923059	6.74028513498691e-05	0.000104925202346061	0.000120054343227303	9.96225864450153e-05	6.29567184945834e-05
multi-metal__corB	0.000110066881141952	0.000402308439388466	0.000397650993537653	0.000496235122783255	0.000518791490083875	0.00239000482560332	0.000242776820067793	4.86668707986676e-05	0.000105858026799689	0	0	0	0.00219267953019869	0	0.00117901463104246	0.00128539868069125	0.0002568489734875	0.000665173305222154	0.000109288172340583	0.000152079744385281	0.000314907860932964	0.000390674779418309	0.00413420700690432	0.000286406957379455	0	0.000628008339962151	9.47819302686759e-05	0.000464424282621839	0.000246857667591721	0	0	0	0	0.000575499326759017	0.000109171885074564	0.000483416782404816	8.31083514482759e-05	0.00023890605213596	0	0	0.000112603173742243	0	0.000125404045546959	0	0	0.000201751430460861	0	0.000259332710996477	0	0	0	0	0	0.000121861076036828	0.000101351457560958	0	0.000379616296226188	0	0	9.50376657061964e-05	8.21209310267101e-05	0	9.78987422760654e-05	0.000433780858614371	0.000109415490827202	0	0.000111355793263572	0	0.000168875925836045	0	0.000100812386800329	0	0	0	0	0.000116232823345758	0	5.55834561850656e-05	0	0.000236732943544884	0	5.15113022367945e-05	7.54427075259679e-05	0	7.12171610465704e-05	0	0	0.000106154122227857	0	0.000309357154689321	0.000146980034510669	0.000427476352831039	0	0.000410561926842196	0.000453862111686345	0	0.000306919169353401	0.000162030552722152	0.000150993720347002	0.000127810650824043	0.000110465978549273	0	0.000240357889231097	0	0	8.16020498480136e-05	8.42067016521699e-05	9.3948523365741e-05	7.33623287639604e-05	0	0	0	0.00012892698727552	0	0	0	3.47283316597173e-05	0	0	0
multi-metal__corC	0.000210491601942769	0.000632437782141148	0.000841952685439843	0.000205227789848072	0.000256315891046604	0.00286384393874237	0.000336372755533058	0.000291858367049935	0.000186806789827437	0.000201860961220938	0.000310932417278719	2.33986265302238e-05	0.00295162400511435	0.00011847230961185	0.0011771084986336	0.00101118804256038	4.25534089805531e-05	0.000372877645845109	9.26067550761314e-05	0.000129486031545263	0.000311946627668819	0.000343114850109246	0.00440035771721031	0.000327949492664255	0	0.000525632844208792	0.000197977117527438	0.000676831088450863	0.00020549984973792	0.000163198117525371	2.68828632034733e-05	6.45834359824259e-05	8.25850327685438e-05	0.00119891344663352	0.000121242749079873	0	0.000163565075245003	0.000329807464196292	0	2.20193047356943e-05	5.49653434108162e-05	0.000123266827964245	3.50959541167722e-05	0	0.000309016438125197	0.000264946111749671	0.000220495894104726	0.000583322777898514	0.000197546889008341	7.16282443525711e-05	6.89083204915548e-05	2.11636652212153e-05	0.000189960556154862	0.000126312622193424	0.000248105768596468	8.95869324445217e-05	0.00074094359305371	4.82245072934459e-05	2.6605902052126e-05	5.59107185513314e-05	0.000642395904587581	4.22539555060667e-05	8.81229846659464e-05	0.000598482120297169	0.000238853395743095	8.72180853151312e-05	0.000174009798294429	0	8.66472301669737e-05	0.000176512782437281	0	6.77361204277868e-05	0.00043607138747875	2.25317999477725e-05	0.000123844300665109	0.000159725643676845	4.27172055930063e-05	0.000111482900511457	8.79506586073758e-05	9.52545768744912e-05	0.000106252178262192	0.000591861334529383	7.52925762586772e-05	0.000225424660500765	0	6.39170621222226e-05	0.00022064782508251	0.000110312592000622	1.9977262282044e-05	0.000381528519683941	0.000149134007174397	0.000203292176606474	8.69963572156317e-05	0.00067968266180347	0.000370157692452117	5.78874706280436e-05	7.66067546908567e-05	0.000451931616379813	0.000276590016389062	0.000100693336358732	0.0003903452230804	8.78314226251415e-05	4.64762673304619e-05	0.000226503028259013	0.000161187191487809	0.000195793857977117	0.00031259972071314	0.000148044577036444	1.9267457225818e-05	0.000100448175611381	0.000168304409321157	0.000288784336236617	0.000184983616361918	5.6378089842351e-05	0.0002261636211487	1.94995635330626e-05	0.00015325170611844	0	0	9.2906240866851e-05
multi-metal__corD	0.000383772395815265	0.00069011610787242	0.000355387394907637	0.000250414576621769	0.000673866420595872	0.00241319583105539	0.000202663824184333	0.000268744419758912	0	0	0	0	0.00325106071558093	0	0.00129334912602436	0.00128115811114361	0.000189251376432281	0.000542347018168071	0.000160758529986104	0	0.000284980028905301	0.000704975112085526	0.00435025044342278	0.00026475169631319	0	0.000705420163001478	0	0.000344711647373812	0.000156902733521298	0.000189657534931595	0.000241532186320437	0.000194538905691905	0	0.000570228205912853	0	0	0	0.000178988842791297	0	0	0.000233020484006506	0	0	0	0.000370401697682336	0.000271163041248118	0	0.000580915803909711	0	4.70010052830354e-05	0	6.46501133280695e-05	0	0	0.000162515983992	0	0.000785404424532199	0	0	0	0.000249795447997047	7.93512714225303e-05	0	0.000179387711906981	0.000196691475470055	0.000133288797296544	0	0.000484879409507113	0.000161517438827616	0	8.97068942704044e-05	0	0	0.000124762748866362	0.000113405712250649	0	0	0	0	0.000216033681144477	0.000351623875262348	0	0.00011108428935175	0.00020051003340788	7.86468432530505e-05	0.000245700423104767	0	0.000196710087720193	0	0	0	0.000417062527097963	0	0.000357337784823586	0.000253887223405115	0.000316088744617369	9.13407871763982e-05	9.74197750231617e-05	0.000873042219926355	0.000283509757215813	0	0	0	4.74617906922009e-05	0	0	4.29548792697586e-05	0	0.000354669187026546	0	0	0	0.000202704374141694	0	9.13633010306567e-05	0	9.27450739618332e-05	0	0.000404818962827116	0.000274903372975621
multi-metal__ctpC	0	0	0	0	0	0	0	0	0	0	0	0	0	1.61829109048996e-05	0	0	0	0	0	0	0	5.39397329962711e-05	0	0	0	0	0	0	0	0	0	1.69340969439332e-05	0	0	0	0	0	0	0	0	0	0	0	0	0	0	0	0	0	0	0	0	0	1.2064044231608e-05	0	5.20481183322728e-05	0	0	0	0	0	0	0	0	9.43428073605018e-06	0	0	0	0	0	7.96810995949672e-06	1.03302300652405e-05	0	0	1.0476054937599e-05	0	0	0	0	0	0	0	9.66959343242945e-06	0	0	0	0	0	0	8.95165479009889e-06	0	0	0	0	1.5694352704335e-05	0	0	0	0	0	0	0	0	0	0	0	0	0	3.13431616152583e-05	0	0	0	0	0	9.336052469979e-06	1.43918165186764e-05	0	0	0	0
multi-metal__ctpD	0	0	0	0	0	0	8.92997950865104e-06	0	0	0	0	0	0	0	0	0	0	0	0	0	0	0	0	0	0	0	0	0	0	0	0	0	0	0	0	0	0	9.39688417651372e-06	0	0	0	0	0	0	0	0	0	0	0	0	0	0	0	0	0	0	0	0	0	0	0	0	0	0	0	0	0	0	0	9.48364842711527e-06	0	0	0	0	0	0	0	0	0	0	0	9.03637218528003e-06	0	0	0	0	0	0	0	0	0	0	0	0	0	0	0	0	0	0	0	0	0	0	0	0	0	0	0	0	0	0	0	0	0	0	0	0	0	0
multi-metal__cueA	0	2.12664147570675e-05	0	0	0	5.01436010228475e-05	1.1710417101056e-05	0	2.29142117735035e-05	1.00849892796591e-05	1.37581549538708e-05	1.21995348437669e-05	0	0	0	3.4399105767743e-05	1.37915594398897e-05	0	1.30734433512562e-05	7.36650662250847e-06	0	1.47892148840357e-05	1.12417080060398e-05	0	4.15639098878065e-05	0	2.18146313027281e-05	0	8.58362104202894e-05	3.99611740775099e-05	0	2.61523891860421e-05	2.00770752395953e-05	1.14357632261355e-05	0	3.96414159095841e-05	0	1.28156050495651e-05	0	0	0	0	1.25010682794302e-05	3.60187340444834e-05	1.38631295827554e-05	2.69456698588143e-05	0	3.63689149248222e-05	1.57484868299554e-05	3.1255373651203e-05	9.9738114638705e-06	1.25253928323996e-05	0	4.9783530727236e-05	0	2.87585989507036e-05	0	0	0	0	4.09316685700886e-05	1.27488501076685e-05	1.23273672173282e-05	0	1.29060995542472e-05	0	1.34553329147801e-05	0	5.96426544596362e-05	4.89641839218383e-05	1.14852756856585e-05	0	0	2.56824196811638e-05	0	8.69429709119631e-06	2.88459630259757e-05	3.67283204081593e-05	0	1.3891751767446e-05	4.0992390130659e-05	1.46713495705801e-05	0	1.33414150969085e-05	4.33089405896486e-05	1.39319562372407e-05	3.33508682954383e-05	0	0	3.94257184063578e-05	4.75711016224504e-05	0	2.32458639236946e-05	2.54470937681688e-05	0	4.42726571158394e-05	0	2.12036997848277e-05	0	2.68745374944326e-05	4.7988572636445e-05	2.63868956503938e-05	1.56376757924428e-05	1.21306681912312e-05	0	1.03296614055481e-05	2.9373160855732e-05	3.21822038312263e-05	1.1859277059846e-05	1.00683595449584e-05	1.50395958998004e-05	0	1.23223944285799e-05	1.08441169044321e-05	0	0	0	0	1.22885911733653e-05	0
multi-metal__cusA	0.000202840541703339	0.00065575401747128	0.00052988126822035	0.000489164728216536	0.000335643927668906	0.00225205592253807	0.000401777236528912	0.000160425274450162	0.00023593701720982	0	7.39395047349945e-05	0	0.0032353876424989	0.000144522794717122	0.00212854043398341	0.00142938894519502	0.000136936251072532	0.00054522545539005	0.000181264924238815	0	0.000336123826583947	0.000246065172898649	0.00354014773405454	0.00020803238413251	0	0.000572059639382208	0	0.000741333071636453	0.000148075304523897	2.28716890649083e-05	0.00010640565514833	0.000105937872595513	4.26205380262801e-05	0.000514720529708237	0	0.00013383374619483	0.00010788421171222	0.000259218300417195	2.73439474854189e-05	0	6.58596381906388e-05	0	1.35944213654058e-05	0	0.000247491257636199	0.000279255011237463	5.64500815330493e-05	0.000533432596713347	0	1.16716918563412e-05	1.92179843204718e-05	6.40181048040466e-05	4.52316380759797e-05	0	1.84675129391032e-05	8.25697579752464e-05	0.000576132086631722	2.46572934458052e-05	0	2.78447431726511e-05	0.000223225593327273	9.47364749552654e-06	3.19498423870041e-05	0.000346860194164228	0.000102557296236555	0.000168907041191384	0.000178756059129201	0.000193767804990472	0.000142550421752517	0	6.27299540368157e-05	0	9.6469696269945e-05	0.000138479427037603	5.4710082806143e-05	7.61103915848708e-05	0	0.000141238252314227	9.15110739253292e-05	0.000114000581501742	0	0.000215322163244953	0.000139916338665348	0.000103975903212387	7.30298077538143e-05	2.23388636832084e-05	0.000182955085615847	0.000106386902742654	0	0.000200760388658741	0.000249346827298005	0.000368213928397068	3.64851043180508e-05	0.000752467275794007	0.000376255150752462	0.000109378016373886	0.000110163366792188	0.000207693271215296	0.000190589187429401	0.000170727167314853	7.20922846897254e-05	0	9.17911488800211e-05	0.000310812692415497	0	0.000123626523383358	0.000162875712226305	0	9.28547898488476e-05	0	4.55649480132961e-05	0.000165674680221907	0.000338621046590997	5.50319081364687e-06	0.000175946725023741	5.63969123231526e-05	3.3218149699797e-05	0	9.93343156334832e-05	6.45611117287729e-05
multi-metal__cusB	0.000213632514562398	0.00089629020328996	0.000702736678362347	0.000373917731078428	0.000870688060070528	0.00276822853930534	0.000216759176584067	0.000129623769898392	0.000162953736979216	0	5.38832899176168e-05	0	0.00299544906226744	0	0.0017177272217603	0.00138732394476488	0.000127989973637596	0.000902246012001552	0.000121908673814802	5.71242724359495e-05	0.000441734787479153	0.000368214594373221	0.00559547180852432	0.000163200572552653	0	0.000628104606684433	5.33976079492453e-05	0.000879424063529421	0.000197918286624136	2.94184993255024e-05	0.000120914454454027	5.79188062250257e-05	0	0.000514484706668059	2.17462424639575e-05	9.42190886267086e-05	6.92358505238553e-05	0.000157148226865823	0	0	1.89870273534861e-05	0	1.81851271945492e-05	0	8.59661635019102e-05	0.000127146614235665	0.000192798467603241	0.000432451907087416	0	5.77407927310017e-05	5.9813768289087e-05	0.000115046180134681	1.86429232478718e-05	0	0	6.06008902095761e-05	0.000437821241329384	0	0	0.000175493717320211	0.000311454223913587	0.000118881871250869	0	0.000208400957909242	3.08208825574849e-05	5.84805182943772e-05	0.000211416544533046	0.000246819018739686	0.000351638127637643	0	0.000166994356405193	0	0.000312299435811469	0.000119743117385559	0	0	6.00926146994162e-05	0.000123384347235772	0	0.000132035327235107	0	0.000237308899066424	0.000253032907255981	0.00015550935755581	0	0.000116093566010568	6.95679660047938e-05	0.000180035645395016	0	4.32814016113872e-05	0.00018524577692659	0.000287396234837704	0	0.000538059251668425	0.000553736866914621	5.13946867603036e-05	0.000113357292414173	0.000302864466300758	9.38950754983374e-05	6.31518615716839e-05	9.27280369412069e-05	0	0.000101393443263989	5.2908084082215e-05	0	0.000133166763119886	0.000153561054883289	0.000140202215658297	0.000131598153058029	6.66270685942997e-05	0	0.00015492346045622	0.000256261600930518	0	0.00011833992361892	0	0	0	0	0
multi-metal__cusC	0.000285935452867694	0.000843619413551955	0.000742143676105795	0.000460983588412828	0.000281172921805027	0.00268218589323024	0.000267440936555586	0.000196349623059725	7.83465216727761e-05	0	4.75080831652195e-05	0	0.0022970072981947	5.6628920972367e-05	0.0014953078406631	0.00217778443430205	0.00025202562672778	0.000646197068013231	0.000155799018376731	0.000293426818321008	0.000159559185261548	0.00033468361587497	0.00443281808978372	0.00018335031810879	0	0.000712297363463079	7.94175495558481e-05	0.000186058803104756	0.000369388468844099	0.000168727002652271	9.05085052677788e-05	0	9.86311767864978e-05	0.000483764288475767	5.47809532729127e-05	0.000149878150037626	0.000260229529341656	0.000313434819486948	0	0	0	0	0	0	0.000545710677035966	0.000332346503943419	2.75167537432388e-05	0.000511337311975347	0	0	0	0	5.72524693419137e-05	6.05305563684024e-05	0.000159598228459624	0	0.000437733545703142	5.59199489711179e-05	0	6.31551677040438e-05	0.000295734184326495	0.000203809571287254	0	0.000506666606149604	0.000188847707882203	6.45819430477161e-05	0.000193314031220465	9.08731367602883e-05	0.000268986954256168	0	9.96498457096552e-05	0	0.000135588866100532	0.000131169807427538	0.000126608440417372	8.68939456716744e-05	2.67589651889085e-05	0	5.29539649618891e-05	0.000251724147066595	0	0.000142773098667961	0.000142805295392019	9.69466432552522e-05	0	2.53310064217589e-05	0	0.000160876138480136	0	8.54263112767424e-05	9.48150496857593e-05	0.000469246150024945	0	0.000371940683239406	0.000434779756568554	0.000129917471005805	5.0987354963827e-05	0.000311057648111288	0.000107329385235715	0.000233917535394897	2.71580814579838e-05	5.61198586576396e-05	0.000307262649965208	0.000334163470814892	0	0.000147120447436495	0.000187986342537237	0.000126124045206832	0.000119662292771566	7.99239189291331e-05	0	5.43027879022153e-05	0.000276361916639334	0	3.63984228965726e-05	4.61453322931703e-05	0	0.000102331114902031	2.55131998675945e-05	2.47343383781186e-05
multi-metal__cusF	0	0.000252975112856459	0.000553218236157593	0.000177851261805234	0.000351175320518984	0.00242872373691435	0.000101008684302399	0.000102480330902575	0	0	0	0.000193505005137362	0.00338830866135744	0	0.00243799768408335	0.00078529485258772	0	0.00110654479429953	0.000214254494229515	0	0.00047380755263389	0.000505157325538991	0.00246860046478364	0.000106685886651028	0	0.000824715084462692	0	6.78977487251447e-05	0	0.000291713839311682	8.78298859347045e-05	0	0	0.000480147446111418	0	0.000217059447572097	0.000623063980265101	0	0.000200403791120635	0	0	0	0	0	0.000119576994344762	0.000533952206482675	0	0.000339573865921782	0	0	0	0	0	0	0	0	0.000293771247420493	0	0	0	0.000281740116889478	0	0	0.000221575731110401	0	6.05858169529747e-05	8.58840502865696e-05	0	0.000116166167166007	0	0.000104020053653066	0	0.000140311675089581	0.000383237847192483	0.000215660213463664	0	0	0	0	0.000316685737132245	0	5.95283340031029e-05	0	0.000193329233313383	0	0	0	0	0	0.000194766307251243	0.000194987149678764	0	0	9.43828301438218e-05	0.000806986727885165	0.000155585733556192	0.000105914641902131	0.00033663141183792	5.55142534003056e-05	8.85082908391025e-05	0	0	0.000105748597873986	9.98775056654059e-05	0	0	0.000187439473177128	0	0.000202539510357799	0	7.84574701012862e-05	0	0.000237488387604346	0	0.000110592928619125	0	0	0	0	0
multi-metal__cusR	0.000105664205896273	0.00083359200183538	0.000388715016154784	0.000503492674853211	0.00101631134731693	0.00334745378197518	0.000337733882755598	9.73337415973351e-05	5.29290133998443e-05	0	0	0	0.00329799407148799	5.81664498884557e-05	0.0045269373955356	0.00100742282878934	3.78957501866803e-05	0.000736441873638813	0.000417480818341026	0.000203807548597962	0.000353876392218983	0.000519251289100285	0.00502177115502063	0.00027193151549024	0	0.00127168890231195	9.5739323503713e-05	0.000761807678851082	0	0.000157182912299246	0.000263344564380213	0.000360726865944039	0	0.000733015242669804	0	8.07465394786066e-05	0.00012518852939677	0.000160699138208045	0	0	0.000129624583726536	0	0	2.90521388003754e-05	0.000440380472564851	0.000227967718034871	5.42892217244358e-05	0.000456794166069936	0	0	0	0	0	0	0	9.32891824322647e-05	0.000634501523692343	0	0	0.000113017764623585	9.1359535767215e-05	5.32873585893214e-05	0.000204041589164852	0.000212595569320905	0.000167991460663986	0.000185589341736063	0.000166471286899078	0.00018418337008627	0.000112583950557364	2.70304869266237e-05	0	0	4.89945535587486e-05	0	0.000268909076742863	0	0	0.000103385228504222	0	0.000178441917244888	8.49052915602032e-05	0.000137020063949873	0.00033133621548567	3.56890550274338e-05	4.7157309341648e-05	0	0	5.41602664427843e-05	0	0.000202392985949284	6.49002749787369e-05	9.5530832799713e-05	8.41407581960335e-05	0.000660515431525916	0.000869226990685009	0	0	9.85320928715786e-05	2.69011800618221e-05	0	0	0	0.000120788990019688	9.67975825832127e-05	0	5.03716357086504e-05	8.60989870825557e-05	0	0.000400518659738379	0	0	0.00016733148029744	0.000125465860100338	3.71673178189772e-05	9.84329761151971e-05	9.29005147928583e-05	0	0	0.000191072512347601	9.75993020795084e-05
multi-metal__cusS	7.59965953084699e-05	0.000400543928689393	0.000830403623232386	0.000392988884638055	0.000296761436219818	0.00182657153822369	0.000350921004047251	0.000111788960959558	0.000234290277814411	0	4.56885395759792e-05	0	0.00342494385521705	2.75078835930822e-05	0.00231747694412803	0.00110425907168034	0.00014635917684946	0.000329016153895758	0.000308554663071321	4.84366226696488e-05	0.000358117730674831	0.00041745640096625	0.00415388497201827	0.000164296265442582	0	0.000830105379132383	0	0.00053023354092569	0.00014544245201782	0	0.000127055993845647	5.11781241058105e-05	4.69525497827391e-05	0.00084570218038817	0	2.51226212467704e-05	0.000196516622695402	0.000141354979446252	5.964398545257e-05	0	0.000123841668795975	0	0	4.97037234954217e-05	0.000243339183491591	0.000134762166650822	0.000103745040800446	0.000323727085512099	0	0	0	9.90351000736359e-05	0	0	0	0	0.000955980600980855	0.000104851093095272	0	3.03681730226726e-05	0.000120392706590617	2.46964703995426e-05	0	0.000325485516679049	5.17444092036975e-05	0	0.000317567881887333	0.000257218050953812	0	0	0.000204052671916098	0	9.40999561185948e-05	5.07660924749194e-05	0.000180209970041156	0	0	0.000104619644426999	8.43706157730371e-05	0.000252039294668557	0	0.000331303525552984	2.36246969541481e-05	0	4.50580872803935e-05	8.21954540434616e-05	0.000120383342533806	0.00011782114629074	0	0	0.000287515773947622	4.51781230115309e-05	7.87873024558109e-05	0.000411461582187068	0.00051934961913335	4.35784114821741e-05	0.000160195895876974	0.000374850749982829	0.000326668550250723	8.03212739364855e-05	0.000176775785748726	0	0.000143673318242484	6.54613818382014e-05	0	0.000154363877629159	0.000126179957854916	2.94197473366311e-05	0.000192693839715406	5.70706733603341e-05	0	7.91338458906646e-05	0.00040143126419776	5.53033825047312e-05	0.000146892988523021	4.34948597695814e-05	0	0	0	2.96719306768505e-05
multi-metal__czcA	0	0	0	0	0	0	0	0	0	0	0	1.2113305897476e-05	0	0	0	0	0	0	0	0	0	0	0	0	0	0	1.41069146193665e-05	0	2.17451880048163e-05	0	0	0	0	0	0	0	0	2.28778327834596e-05	0	0	1.39802448311543e-05	0	0	0	0	0	0	0	0	0	0	0	0	0	0	8.20300541668245e-06	0	0	0	0	0	0	0	0	0	0	0	0	0	0	0	0	0	0	0	0	0	0	0	0	0	0	0	0	0	0	0	0	0	0	0	0	0	0	0	0	0	0	9.26557198742697e-06	0	0	0	0	0	0	0	0	0	0	0	0	0	0	0	8.17445380197806e-06	0	0	0	0	0
multi-metal__czcB	0	0	0	0	0	0	0	0	0	0	0	0	0	0	0	0	0	0	0	0	0	0	0	0	0	0	0	0	0	0	0	0	0	0	0	0	0	0	0	0	0	0	0	0	0	0	0	0	0	0	0	0	0	0	0	1.29359592562749e-05	0	0	0	0	0	0	0	0	0	0	0	0	0	0	0	0	0	0	0	0	0	0	0	0	0	0	0	0	0	0	0	0	0	0	0	0	0	0	0	0	0	0	0	0	0	0	0	0	0	0	0	0	0	0	0	0	0	0	0	0	0	0	0	0
multi-metal__czcC	0	0	0	0	0	0	0	0	0	0	0	0	0	0	0	0	0	0	0	0	0	0	0	0	0	0	0	0	0	0	0	0	0	0	0	0	0	0	0	0	0	0	0	0	0	0	0	0	0	0	0	0	0	0	0	0	0	0	0	0	0	0	0	0	0	0	0	0	0	0	0	0	0	0	0	0	0	0	0	0	0	0	0	0	0	0	0	0	0	0	0	0	0	0	0	0	0	0	0	0	0	0	0	0	0	0	0	0	0	0	0	0	0	0	0	0	0	0	0	0
multi-metal__czcD	0	0	0	0	0	0	0	0	0	0	0	0	0	0	0	0	0	0	0	0	0	0	0	0	0	0	0	0	0	0	0	0	0	0	0	0	0	0	0	0	0	0	0	0	0	0	0	0	0	0	0	0	0	0	0	0	0	0	0	0	0	0	0	0	0	0	0	0	0	0	0	0	0	0	0	0	0	0	0	0	0	0	0	0	0	0	0	0	0	0	0	0	0	0	0	0	0	0	0	0	0	0	0	0	0	0	0	0	0	0	0	0	0	0	0	0	0	0	0	0
multi-metal__czcE	0	0	0	0	0	0	0	0	0	0	0	0	0	0	0	0	0	0	0	0	0	0	0	0	0	0	0	0	0	0	0	0	0	0	0	0	0	0	0	0	0	0	0	0	0	0	0	0	0	0	0	0	0	0	0	0	0	0	0	0	0	0	0	0	0	0	0	0	0	0	0	0	0	0	0	0	0	0	0	0	0	0	0	0	0	0	0	0	0	0	0	0	0	0	0	0	0	0	0	0	0	0	0	0	0	0	0	0	0	0	0	0	0	0	0	0	0	0	0	0
multi-metal__czcP	0	0	0	0	0	0	0	0	0	6.46380092954424e-06	0	0	0	0	0	1.1548699341942e-05	0	0	0	1.98300315787574e-05	0	0	0	0	0	0	0	0	0	0	0	0	0	0	0	0	0	0	1.72672575495981e-05	0	0	0	0	0	0	0	0	0	0	0	7.79091228718051e-06	0	0	0	0	0	0	0	0	0	0	0	0	0	0	1.26329206467516e-05	1.38599435633463e-05	9.13901178956409e-06	0	0	0	0	0	0	0	0	0	0	0	9.12084299162449e-06	0	0	0	0	2.58255952244972e-05	0	0	0	0	0	0	1.18902834990322e-05	0	0	0	0	1.20862787984821e-05	7.49456677451024e-06	5.94047226938171e-06	1.17441640437892e-05	0	0	0	0	0	0	0	0	0	0	1.30131509516609e-05	0	1.87178509145158e-05	6.20567032341921e-06	2.24610832108461e-05	0	0	0	0	0
multi-metal__czcR	0	0	0	0	0	3.77137884466208e-05	0	0	0	0	0	0	0.00013057617063459	0	7.72869692488879e-05	0	0	7.53259747455655e-05	0	0	0	0	9.39358402091009e-05	0	0	0	0	0	0	0	4.96482827436455e-05	0	2.70446686748577e-05	0	0	0	0	0	0	0	0	0	0	0	2.92299319509419e-05	0	0	0	0	0	0	0	0	0	0	0	7.38624850657241e-05	0	0	0	0	0	0	3.89973286754306e-05	0	3.27932755253403e-05	3.63137365776246e-05	0	0	0	0	0	0	0	0	0	0	0	0	0	0	0	0	0	0	0	0	2.84136793373611e-05	0	0	0	0	0	6.65313593365235e-05	0	0	0	3.20314453024001e-05	0	0	0	0	0	2.73442415510622e-05	0	0	0	0	0	0	0	0	0	0	0	0	0	0	0	0
multi-metal__czcS	0	0	0	0	0	0	0	0	0	0	0	0	0	0	0	0	0	0	0	0	0	0	0	0	0	0	0	0	0	0	0	0	0	0	0	0	0	0	0	0	0	0	0	0	0	0	0	0	0	0	0	0	0	0	0	0	0	0	0	0	0	0	0	0	0	0	0	0	0	0	0	0	0	0	0	0	0	0	0	0	0	0	0	0	0	0	0	0	0	0	0	0	0	0	0	0	0	0	0	0	0	0	0	0	0	0	0	0	0	0	0	0	0	0	0	0	0	0	0	0
multi-metal__cznA	0	0	0	0	0	0	0	0	0	0	0	0	0	0	0	0	0	0	0	0	0	0	0	0	0	0	0	0	0	0	0	0	0	0	0	0	0	0	0	0	0	6.0256508641761e-06	0	0	1.00684063933078e-05	1.26959450426682e-05	0	0	0	0	0	0	1.25814970164227e-05	0	0	0	0	0	0	0	0	0	0	0	0	1.16788866269929e-05	0	0	0	0	0	0	1.11371329012396e-05	0	0	0	0	0	0	0	0	0	0	0	0	0	0	0	0	0	0	0	0	9.47770163710012e-06	0	0	0	0	0	0	0	0	0	0	0	0	0	0	0	2.7154690390619e-05	0	0	0	0	0	0	0	0	0	0
multi-metal__cznB	0	0	0	0	0	0	0	0	0	0	0	0	0	0	0	0	0	0	0	0	0	0	0	0	0	0	0	0	0	0	0	0	0	0	0	0	0	0	0	0	0	0	0	0	0	0	0	0	0	0	0	0	0	0	0	0	0	0	0	0	0	0	0	0	0	0	0	0	0	0	0	0	0	0	0	0	0	0	0	0	0	0	0	0	0	0	0	0	0	0	0	0	0	0	0	0	0	0	0	0	0	0	0	0	0	0	0	0	0	0	0	0	0	0	0	0	0	0	0	0
multi-metal__cznC	0	0	0	0	0	0	0	0	0	0	0	0	0	0	0	0	0	0	0	0	0	0	0	0	0	0	0	0	0	0	0	0	0	0	0	0	0	0	0	0	0	0	0	0	0	0	0	0	0	0	0	0	0	0	0	0	0	0	0	0	0	0	0	0	0	0	0	0	0	0	0	0	0	0	0	0	0	0	0	0	0	0	0	0	0	0	0	0	0	0	0	0	0	0	0	0	0	0	0	0	0	0	0	0	0	0	0	0	0	0	0	0	0	0	0	0	0	0	0	0
multi-metal__czrA	0	0	0	0	0	0	0	0	0	0	0	0	0	0	0	0	0	0	0	0	0	0	0	0	0	0	0	0	0.000105079902580838	0	0	0	0	0	0	0	0	0	0	0	0	0	0	0	0	0	0	0	0	0	0	0	0	0	0	0	0	0	0	0	0	0	0	0	0	0	0	0	0	0	0	0	0	0	0	0	0	0	0	0	0	0	0	0	0	0	0	0	0	0	0	0	0	0	1.07217366714677e-05	0	0	0	8.43422713641426e-06	0	0	0	0	0	0	0	0	0	0	0	0	0	0	0	0	0	0	0	0	0
multi-metal__czrB	0	0	0	0	0	0	0	0	0	0	0	0	0	0	0	0	0	0	0	0	0	0	0	0	0	0	0	0	0	0	0	0	0	0	0	0	0	0	0	0	0	0	0	0	0	0	0	0	0	0	0	0	0	0	0	0	0	0	0	0	0	0	0	0	0	0	0	0	0	0	0	0	0	0	0	0	0	0	0	0	0	0	0	0	0	0	0	0	0	0	0	0	0	0	0	0	0	0	0	0	0	0	0	0	0	0	0	0	0	0	0	0	0	0	0	0	0	0	0	0
multi-metal__dmeF	0	0	0	0	0	0	0	0	0	0	0	0	0	0	0	0	0	0	0	0	0	0	0	0	0	0	0	0	0	0	0	0	0	0	0	0	0	0	0	0	0	0	0	0	0	0	0	0	0	0	0	1.8044091531741e-05	0	0	0	0	0	0	0	0	0	0	0	0	0	0	0	0	0	0	0	0	0	0	0	0	0	0	0	0	0	0	0	0	0	5.41254802028838e-05	0	0	0	0	0	0	0	0	0	0	0	0	0	0	0	0	0	0	0	0	0	0	0	0	0	0	0	0	0	0	0	0	0	0
multi-metal__dmeR	0	0	0	0	0	0	0	0	0	0	0	0	0	0	0	0	0	0	0	0	0	0	0	0	0	0	0	0	0	0	0	0	0	0	0	0	0	0	0	0	0	0	0	0	0	0	0	0	0	0	0	0	0	0	0	0	0	0	0	0	0	0	0	0	0	0	0	0	0	0	0	0	0	0	0	0	0	0	0	0	0	0	0	0	0	0	0	0	0	0	0	0	0	0	0	0	0	0	0	0	0	0	0	0	0	0	0	0	0	0	0	0	0	0	0	0	0	0	0	0
multi-metal__dsbA	0.000348351095460321	0.000567977777422915	0.000649499486873481	0.000752447646099065	0.000297922171954707	0.00226879319764953	0.000457258543938168	0	0	0	2.63587728322957e-05	0	0.00431477353571716	0	0.00252248016559575	0.00205453279346361	0.000112583982191892	0.00135186749912141	0.000388824198535952	0.000112905880348832	0.000378155772093783	0.000268499753691932	0.00328807348286272	0.000451363366600501	0	0.000572977957436844	0.000102395047628058	0.000414316883862754	0.000221138382152127	0	0.000142248523193527	0.000342380457304606	0	0.00096625996430693	0	5.79752798002395e-05	0.000113661999884196	0.000208115685206227	0	0	0.000142894233226125	0	0	0	0.000670321035605735	0.000164202516903771	0	0.000860558539445624	6.41957037820909e-05	0	0	0.000207973710154635	0.000187427518985526	0.000134335976400349	0	0	0.000504549427231809	0.000116594081201996	6.17721350159936e-05	0	0.000334963578820667	0.000321015345224824	0	0.00034685124062282	0.000316014806791812	0.000113286323251699	0.000213594168722056	0.000133555526456787	6.14340307127922e-05	0	0.000110021210594589	0	0	5.50616849151049e-05	0.000137695809370269	0.000123006297899706	0	0	0	6.49139666900472e-05	0	0	0	0	5.25152532405519e-05	0	0.000168073666691429	0	0	3.31893440241167e-05	0.000357268121473376	5.05489488240905e-05	0.000135903505401632	0.000658168282208203	0.000662270270779612	0	0	0.000102753393004218	0.000145845448604401	0	0.000112032415308033	0	3.86147009178131e-05	0.000139444363679009	0	0.000224289394845787	4.74981838079061e-05	0	0.000161209332496325	0	0	0	0.000401336832001994	0	0.000175459934828419	0	0	0	0	0
multi-metal__dsbB	6.95610181217004e-05	0.000339216628602979	0.000411456063142209	0.000673962676314569	0.000499937088238831	0.00180878951462051	0.00104291466542227	0.000245952794166179	0.000135167467969852	0	0	0	0.00212865910219773	0	0.00130143873333477	6.05784757191409e-05	0.000274253745116799	0.000145905168024727	0	0	0.000463212085573843	0.000312534203931952	0.00287951175196314	0	0	0.000977472185191251	0	0.000378660521736384	0	0	6.17553885478391e-05	0.000140986567784602	0	0.0010224378692085	0	0	0.000270012482736836	6.7706686147276e-05	0	0	0	0	0	0	0.000665147031042741	0.000279325218148977	0	0.00014092315435754	7.58676499242893e-05	0	0	0	0	0	0.00018495538293175	0	0.00073792539530624	0	0	0	0	0.000229553463268476	0	0.000132945438666241	0.000129717389463815	6.76180992778736e-05	0	0.00023596036079234	0.000132139015151333	0	0	0	0.000127673307296586	0.000380745693561896	0	0	0	0.000352714927305276	0	0.000153433012176475	0	0.000249806401620164	0.000130176901584081	0.000179807694673905	0	0	0	0.000139708869119455	0	0.000133901836235229	0.00010586423530539	0.000363416306318651	0	0.000438989907645683	0.000282236290840666	0	5.9576986069949e-05	0.000120023783583151	4.02926032744154e-05	0.000148251387155497	0	0	0	0	0	0	0	0	0	0	6.40191162284801e-05	7.19398599006041e-05	0.000370517597202269	0	0.000277892945637342	0	0	0	0	0
multi-metal__fbpA	0	0	0	0	0	0	0	0	0	0	0	0	0	0	0	0	0	0	0	0	0	0	0	0	0	0	0	0	0	0	0	0	0	0	0	0	0	0	0	0	0	0	0	0	0	0	0	0	0	0	0	0	0	0	0	0	0	0	0	0	0	0	0	0	0	0	0	0	0	0	0	0	0	0	0	0	0	0	0	0	0	0	0	0	0	0	0	0	0	0	0	0	0	0	0	0	0	0	0	0	0	0	0	0	0	0	0	0	0	0	0	0	0	0	0	0	0	0	0	0
multi-metal__fbpB	0	0	0	0	0	0	0	0	0	0	0	0	0	0	0	0	0	0	0	0	0	0	0	0	0	0	0	0	0	0	0	0	0	0	0	0	0	0	0	0	0	0	0	0	0	0	0	0	0	0	0	0	0	0	0	0	0	0	0	0	0	0	0	0	0	0	0	0	0	0	0	0	0	0	0	0	0	0	0	0	0	0	0	0	0	0	0	0	0	0	0	0	0	0	0	0	0	0	0	0	0	0	0	0	0	0	0	0	0	0	0	0	0	0	0	0	0	0	0	0
multi-metal__fbpC	0.000167035767431884	0.000273582636094766	0	9.02403208923065e-05	5.80222956615908e-05	0.00025681326583577	0.000102994810117334	0.000226723338817044	0.000265947477553667	0.000106438725138167	0.000117660823267578	0.00013729755878452	1.80716220738023e-05	9.71739168726409e-05	1.90808989652824e-05	9.41251436534966e-05	6.17520947954613e-05	0.000274104989817239	0.000126829537979743	8.37787004296275e-05	0.000136999297509335	0.000144263093903925	0.000214246680007934	3.82390986985144e-05	0.000259874360157414	0.000278383195822314	0.000101948932997254	0.000203341140304777	0.00039941882655527	0.000148657626900616	7.20865022374901e-05	0.000121977142914768	5.19115831305789e-05	0.000117506503106466	0.000306862867976153	1.82915264807947e-05	6.0372053053914e-05	0.000150969918847996	9.00691196047799e-05	6.55539351140895e-05	2.58815172989341e-05	0.000149280772557096	8.47604534817676e-05	3.10563139406855e-05	7.31569364277787e-05	5.45105393194336e-05	8.76022135461718e-05	0.000109960885571525	0.00013802797613192	3.89474622429647e-05	6.55914683330627e-05	0.0001548953475309	0.000235185424622513	6.67151703021959e-05	7.56259232398133e-05	7.62807085565606e-05	0.000162525130996677	0.000263699552990378	0.000135133607095349	0.000192445500952667	3.59999938156066e-05	4.14533738419288e-05	0.000112363556443821	7.53108524279734e-05	0.000194504010081314	5.14809259221204e-05	0.000140575472531008	6.46329321089251e-05	0.000321610602131507	1.72357318324258e-05	4.24261567146776e-05	0.000151397839956152	8.47967534104665e-05	0.000143057707783256	4.55079102129409e-05	0.000138497259573405	9.61819434149646e-05	4.53660927784625e-05	0.0001560706101584	9.48181535922038e-05	0.000130065762307506	0.000230576743164106	0	0.000113783925438588	0.00042219903369303	9.75528365287401e-05	0.00035952688140995	0.000216878397275774	4.45694966148614e-05	0.000167837008214944	0.000127800566268853	0.000102754464323128	7.02835316425687e-05	7.4603621945404e-05	0.000129196803963684	6.46925005319302e-05	7.85434423094458e-05	0.000203144021810795	0.000149952871861464	0.000106657462837008	0.000112415525668148	0.000203157041141704	2.80072530484875e-05	3.95021146002504e-05	0.000154244672004251	3.59732715240654e-05	0.000182799556442933	0.000122239353758256	0.000154243572182593	5.98493952842455e-05	0.000169697337016827	0.000275279086379211	0.000114209905080488	5.66473110578903e-05	9.34498835041219e-05	0.000111958168150506	3.77753812484995e-05	5.62985387362296e-05	6.35379009511571e-05	0.000169553889582003
multi-metal__fecD	0	0	0.000190089033346393	6.41112294292947e-05	0.000490120866840676	0.000382187813533923	0	0	0	0	0	0	0.00144045603468265	0	0.00105523371560705	0.000182691806635468	0	0	0	0	0.000221033642781432	0	0.002586317995913	0	0	0	0	0.000396562927665365	0	0	0	0	0	0	3.97606499677929e-05	0	0	0	0	0	0	0	0	0	8.27262225026658e-05	0	0	0	0	0	0	0	0	0	0.000162398995142419	0	0	0	0	0	0	7.60769207533079e-05	0	0	7.81047686093547e-05	0.000112271561065149	0	0	4.01832653718892e-05	0	6.7645745583189e-05	0	6.92344419721528e-05	0	0	0	0	3.96774985975154e-05	0	0	0	0	0	0	0	0	0	0	0	0	0	9.23021686075112e-05	0	0	0	3.322158298622e-05	0	7.73693823585949e-05	0	0.000145732519130044	0	0	0	2.90210110801368e-05	0	7.62290753724242e-05	0.000211397440431359	0	0.000115352691084281	0	0	0	0	0	0	0	0	0	0	0
multi-metal__fecE	0	3.07538372492166e-05	0.000152731622845077	6.86443466616691e-05	3.78718482912629e-05	0.000303785639385019	3.05006615344499e-05	0	0	0	0	7.21369421233447e-05	0.00184763319161139	3.31389091756661e-05	0.000476295155159737	8.27687665047758e-05	0	0	0	0	0.000515656717653361	3.85196217731257e-05	0.0022631089891809	0	0	6.97567545489398e-05	3.0681637320484e-05	0.000396531045345038	0	0.000184999675091722	0	0	0	0	0	0	0	3.24255149984233e-05	0	0	0	0	0	2.43408000283653e-05	0.000194980840190401	3.55137945056284e-05	3.55063241242169e-05	0	0	0	0	0	0	0	0.000142052714568958	0	0	3.5791900111766e-05	0	2.85818099036918e-05	6.03105778746162e-05	3.32053383523262e-05	0	0	0.000147577637657604	9.33394939051432e-05	6.50843624323236e-05	0	0	0	0	0	0	0	0	0	3.35693841722817e-05	5.93762096659289e-05	0	2.64747158265291e-05	0	2.84301987325744e-05	0	0	0	0	0.000113301969443582	0	0	0	0	4.29500872361554e-05	1.94744609754114e-05	2.36710244318751e-05	3.15645524977942e-05	3.72863413751222e-05	0	0.000173476590177299	0.000179218690294219	0.000177919019153427	0	0	0	8.53071401330408e-05	0	0.00021882228695143	0.000149078698642103	0	8.82525099598252e-05	0	0	0	0.00011477029847664	0	3.60234669451652e-05	0	0	3.27488231864342e-05	0	2.21639071349024e-05
multi-metal__fieF	0.000676265593320302	0.000761455089697941	0.000745799651033341	0.000626722885021039	0.000777950883649693	0.00363785986782283	0.00050369663905463	0.000223202160705807	0.000156994510945725	0	7.23706466883511e-05	0	0.00452775254452279	0	0.00235030881094763	0.0016210305584273	0.00039586672595473	0.000780651010999496	0.000231545207798915	0.000115073673251529	0.000316378835222049	9.3547652877591e-05	0.00558484306504055	0.000150996091573421	0	0.000569215117119348	0	0.000473978515138991	2.10137589537452e-05	0	0.00018618106028867	0.000286183934393704	7.43728388558587e-05	0.00052816219072256	0	0.000147118070021088	0.000159203339905136	0.000193742452115579	0	0	0	0	7.11667958478992e-05	3.10345200361657e-05	0.000349882285452775	0.000212169555175054	0	0.00082276483887075	8.81278621520544e-05	0	6.95548676961669e-05	7.84357992583196e-05	0	0	0.000159905285453976	8.22152077176582e-05	0.000455485324571965	8.60539541258601e-05	9.96015820412921e-05	9.71781536725522e-05	0.000490114824894703	0	0	0.000445219502377832	2.25793785616134e-05	0.00026261066610212	0.000421296084513848	4.58315799881337e-05	8.43366373625211e-05	0	0.000102979853116536	8.24122798538073e-05	0.000216382612662658	3.00535267451523e-05	0	8.88378818164546e-05	0	2.85995409890891e-05	0	6.39099640052412e-05	3.76068315788607e-05	0	5.78564007040362e-05	0.000113926155345386	0	0.000152775263084374	0.00015216454496273	8.19625365500802e-05	0	0	3.53865567935535e-05	0.000268695745749388	6.36665070349987e-05	0.000994751130725117	0.000452274945075537	0.000140859511861573	0.000498646134075235	9.85795342496279e-05	0.000249515676573417	0.000154476470277847	8.35859237689497e-05	0	9.23202044931624e-05	0.000183108760386577	0	0.000399440354951503	0.000278490800598935	3.45832131957133e-05	0.000127524876891947	0	0	7.76566807673722e-05	0.000551282567917657	0	8.19290471198824e-05	7.02947228599295e-05	0	0.000145545127047138	0.00013758248160599	0.000112282353545415
multi-metal__fptA	0	0	0	0	0	0	0	0	0	0	0	0	0	0	0	0	0	0	0	0	0	0	0	0	0	0	0	0	0	0	0	0	0	0	0	0	0	0	0	0	0	0	0	0	0	0	0	0	3.6349034052615e-05	0	0	0	0	0	0	0	0	0	0	0	0	0	0	0	0	0	0	0	0	0	0	0	0	0	0	0	0	0	0	0	0	0	0	0	0	0	0	0	0	0	0	0	0	0	0	0	0	0	0	0	0	0	0	0	0	0	0	0	0	0	0	0	0	0	0	0	0	0	0	0
multi-metal__fpvA	0	0	0	0	0	0	0	0	0	0	0	0	0	0	0	0	0	0	0	0	0	0	0	0	0	0	0	0	0	0	0	0	0	0	0	0	0	0	0	0	0	0	0	0	0	0	0	0	0	0	0	0	0	0	0	0	0	0	0	0	0	0	0	0	0	0	0	0	0	0	0	0	0	0	0	0	0	0	0	0	0	0	0	0	0	0	0	0	0	0	0	0	0	0	0	0	0	0	0	0	0	0	0	0	0	0	0	0	0	0	0	0	0	0	0	0	0	0	0	0
multi-metal__glpF	0.000465915849753482	0.00068420315220964	0.000368877782377441	0.000463166125517881	0.00017565708993931	0.00359549517394185	0.00112374857247744	0.000144420679848468	0.000125707348622022	0	7.64835908061944e-05	0.000185164931764498	0.00391275699508527	9.39771112076829e-05	0.00391710077269407	0.00200862369225938	0.000111398371223934	0.000848970768424017	0.000375216242937997	0.000188042533819407	0.000581953055277251	0.000592246528360265	0.00489391483775443	0.000201298423851868	0	0.000995656208611468	8.89421722442857e-05	0.000441623462827659	0.000248442622663892	0	0.000106368711947168	0.000174843413315224	7.77975344442823e-05	0.00119844064628729	0	0.00021285386713278	0.000276197965137914	0.000376470614527958	0	0	0	0	0	0	0.000275239857445524	0.000436456770909538	2.41657810987775e-05	0.000609347779901778	2.66103757172169e-05	0	0.000138791487395758	6.76681110823419e-05	0	0	0.000191621556394118	7.71349409191876e-05	0.00138985014158369	2.32001386082875e-05	0	5.08369700706946e-05	0.000488425927093604	0	0	0.000173475661367574	0.000133922767269356	0.000252415236364834	0.000128119805707867	9.78610248856948e-05	0.000338328794336869	0	0.000144147362606776	0	0.000145393090159813	0.000157826542299251	0.000130751374971243	0	0	8.17215270046192e-05	4.39392148804985e-05	4.03621646266372e-05	0	0.000124836999371022	0.000217424765635097	0.000164875337510524	0	0.000105093597344976	4.52401458062985e-05	8.31292630490137e-05	0	0.000132154599937972	0.000206629324293827	0.000287643306653811	7.27293550115109e-05	0.000759561897143527	0.000216875916119821	0.000205273914972648	0.000245450586500598	0.00023879129980621	6.30916207855615e-05	0.000209963084246782	0.000310979658150411	0	0.000564763101507994	0.000336242421208092	0	8.05695209452313e-05	5.35025186634004e-05	0.000102559944234025	6.16668339167675e-05	0	0	0	0.000475319920605921	0	9.89545268783223e-05	2.77676663254526e-05	0	0	4.06631376964444e-05	2.09176803280288e-05
multi-metal__golT	0.000134762595930455	0.000317380850250361	2.42244730705927e-05	4.81050933298311e-05	0.000271427337901128	0.000102738222273307	0.000120149962535032	0.000104739739772868	0.000127717292569939	0.000134364110858025	0.000107925684037746	0.000156222326010089	7.28904567669671e-05	0.000138275849494674	0.00015760722383124	5.59675156250331e-05	8.6236592497941e-05	2.56119098096948e-05	4.52541955624988e-05	6.2871683923381e-05	0.000177582281219064	5.34031876663413e-05	0.000336461392738007	0.000203599234078641	6.73635882700819e-05	0.000197088333226434	0.000211624110433391	0.000118749091122868	0.000165462668927128	0.000203012353796843	9.78649114520145e-05	0.000126347647518043	0.000117714109061607	0.00013739847481227	0.000179204693240667	0.000154454666688806	0.00018615508642451	0.000215106270757257	0.00026863275337693	0.000122817504337967	0.000101803702537793	0.000217841812507323	0.000143827907619114	9.1637362311513e-05	3.41783062575974e-05	0.000150763847541329	0.000105948168605562	0.000161961582454872	3.32941497830477e-05	0.000132305979438466	0.000193968627105452	0.000133190512539976	8.82446886054912e-05	0.000151443539589181	8.67234996636943e-05	0.000285428602312557	0.000113087794282605	5.09903728813854e-05	8.97982767222672e-05	0.000231850240651837	0.00012782360008859	7.55617542033249e-05	0.000130470799296635	9.37189739329163e-05	8.49442938013454e-05	0.000156178287046007	0.000184294000224781	0.000133304129485011	3.2532624768013e-05	0.000300837258646137	0.000130639358721764	0.000155090825866614	0.000126891406027053	0.000202105010671805	0.000141233210660859	0.000121365137757125	4.10837907530287e-05	0.00051397044482476	0.000113747210049303	0.000115529822921751	9.62379548277932e-05	0.000298925089290047	0.00020743265974203	0.000246524372313435	0.000127867060698675	0.0001733123063239	8.87234713477497e-05	0.000173283000501548	0.000134733787821366	0.000149638914101312	0.000234564593883028	8.45135968528758e-05	0.000170445766865351	5.48161282316099e-05	9.02376942330079e-05	9.3444203734941e-05	0.000144638814125142	0.000126869049239414	0.000243518200717114	0.000117801979749367	0.000228692895701254	0.000100971556718667	0.000119216642022666	2.97011060154606e-05	0.000159982794511853	8.82336541712312e-05	0.000126835273434327	5.40835464456147e-05	0.000178971920788606	0.000130001120260874	0.000241618805561266	7.87599852014173e-05	0.000127852766045953	0.000126114531549579	0.000125438173630616	0.000176013558027225	0.000118061314623331	0.000176913637067323	0.000217583398776322	0.000162285175155478
multi-metal__irlR	3.16406235177933e-05	0	0	2.24817729241274e-05	3.04573452415179e-05	0	0	0	0	0	2.58569202141786e-05	0	0	0	0	0	0	2.80341807558426e-05	0	0	0	0	0	0	0	0	2.46748247737517e-05	0	0	2.71883458395167e-05	0	3.25069466333056e-05	0	5.51083168431778e-05	0	0	0	0	0	0	0	0	0	0	2.87193654539822e-05	0	2.85549404346868e-05	0	0	0	0	0	0	0	0	0	3.62861553270478e-05	2.84682923534009e-05	0	0	2.54386617672806e-05	0	0	2.66084393254848e-05	0	0	0	3.06333526344357e-05	0	0	4.99659646368441e-05	0	0	0	0	0	0	0.000127827385874685	0	0	3.18180070672675e-05	0	7.68050035547031e-05	0	0	0	0	5.47609960356431e-05	0	0	0	0	0	2.63585643237037e-05	3.01271149854181e-05	0	0	0	0	2.12574497648499e-05	0	0	3.5073614807446e-05	0	0.000107394715568572	0	0	0	2.75162847647665e-05	0	0	0	0	0	0	5.24908192534845e-05	2.53125201860899e-05	0	5.60064872202609e-05	0
multi-metal__irlS	0	0	0	0	0	0	0	0	0	0	0	0	0	0	0	0	0	0	0	0	0	0	0	0	0	0	0	0	0	0	0	0	0	0	0	0	0	0	0	0	0	0	0	0	0	0	0	0	0	0	0	0	0	0	0	0	0	0	0	0	0	0	0	0	0	0	0	0	0	0	0	0	0	0	0	0	0	0	0	0	0	0	0	0	0	0	0	0	0	0	0	0	0	0	0	0	0	0	0	0	0	0	0	0	0	0	0	0	0	0	0	0	1.05829184909248e-05	0	0	0	0	0	0	0
multi-metal__kmtR	0	0	0	0	0	0	0	0	0	0	0	0	0	0	0	0	0	0	0	0	0	0	0	0	0	0	0	0	0	0	0	0	0	0	0	0	0	0	0	0	0	0	0	0	0	0	0	0	0	0	0	0	0	0	0	0	0	0	0	0	0	0	0	0	0	0	0	0	0	0	0	0	0	0	0	0	0	0	0	0	0	0	0	0	0	0	0	0	0	0	0	0	0	0	0	0	0	0	0	0	0	0	0	0	0	0	0	0	0	0	0	0	0	0	0	0	0	0	0	0
multi-metal__mco	0	0	0	0	0	0	0	0	0	0	0	0	0	0	0	0	0	0	0	0	0	0	0	0	0	0	1.31272105985292e-05	0	0	0	0	0	0	0	0	1.45677481592011e-05	0	0	0	0	0	0	9.29785431211926e-05	0	0	0	0	0	0	0	0	0	0	0	0	0	0	0	0	0	0	0	0	1.47221458925703e-05	0	0	0	0	0	0	0	0	0	0	0	0	0	0	0	0	0	0	0	0	0	0	0	0	0	0	0	0	0	0	0	0	0	0	0	0	0	0	0	0	0	0	0	0	0	0	0	0	0	0	0	0	0	0	0	0
multi-metal__mdrL	0	0	0	0	0	0	0	0	0	0	0	0	0	0	0	0	0	0	0	0	0	0	0	0	0	0	0	0	0	0	0	0	0	0	0	0	0	0	0	0	0	0	0	0	0	0	0	0	0	0	0	0	0	0	0	0	0	0	0	0	0	0	0	0	0	0	0	0	0	0	0	0	0	0	0	0	0	0	0	0	0	0	0	0	0	0	0	0	0	0	0	0	0	0	0	0	0	0	0	0	0	0	0	0	0	0	0	0	0	0	0	0	0	0	0	0	0	0	0	0
multi-metal__merA	0	0	0	2.54035612097731e-05	0	0	3.52169739247667e-05	0	0	0	0	0	3.30990472193854e-05	0	0	0	0	0	0	0	0	0	8.10827265232009e-05	0.000363740732612322	0	0	0	0	2.08098226913698e-05	0	0	4.02502828812511e-05	3.17878435296135e-05	0	4.94760783512275e-05	1.91107102986526e-05	0	0	9.51828628419096e-05	0	4.40124687640539e-05	0	0	0	0	0	3.9060707865125e-05	0	9.90043726275431e-05	0	0	4.34523290999499e-05	2.07324710691399e-05	0	1.3301792822813e-05	0	0	0	2.36770797245544e-05	0	0.000194243332140476	0	0	0.000375449717437782	0	0	0	0	0	0	0	0	7.08621702058177e-05	1.93088148874496e-05	0	0	0.000112017014560847	4.49419574671345e-05	0	0	0	0	0	4.95321299717827e-05	0	0	0	0	0	0	3.16587117044942e-05	0	0	0	0	0	0	0	3.263059421186e-05	0	0	0	0	2.3883751354771e-05	0	0	0	0	0	0	3.49528789146424e-05	0	0	0	0	0	0	0	0	0
multi-metal__merB	0	0	0	0	0	0	0	0	0	0	0	0	0	0	0	0	0	0	0	0	0	0	0	0	0	0	0	0	0	0	0	0	0	0	0	0	0	0	0	0	0	0	0	0	0	0	0	0	0	0	0	0	0	0	0	0	0	0	0	0	0	0	0	0	0	0	0	0	0	0	0	0	0	0	0	0	0	0	0	0	0	0	0	0	0	0	0	0	0	0	0	0	0	0	0	0	0	0	0	0	0	0	0	0	0	0	0	0	0	0	0	0	0	0	0	0	0	0	0	0
multi-metal__merB1	0	0	0	0	0	0	0	0	0	0	0	0	0	0	0	0	0	0	0	0	0	0	0	0	0	0	0	0	0	0	0	0	0	0	0	0	0	0	0	0	0	0	0	0	0	0	0	0	0	0	0	0	0	0	0	0	0	0	0	0	0	0	0	0	0	0	0	0	0	0	0	0	0	0	0	0	0	0	0	0	0	0	0	0	0	0	0	0	0	0	0	0	0	0	0	0	0	0	0	0	0	0	0	0	0	0	0	0	0	0	0	0	0	0	0	0	0	0	0	0
multi-metal__merB2	0	0	0	0	0	0	0	0	0	0	0	0	0	0	0	0	0	0	0	0	0	0	0	0	0	0	0	0	0	0	0	0	0	0	0	0	0	0	0	0	0	0	0	0	0	0	0	0	0	0	0	0	0	0	0	0	0	0	0	0	0	0	0	0	0	0	0	0	0	0	0	0	0	0	0	0	0	0	0	0	0	0	0	0	0	0	0	0	0	0	0	0	0	0	0	0	0	0	0	0	0	0	0	0	0	0	0	0	0	0	0	0	0	0	0	0	0	0	0	0
multi-metal__merB3	0	0	0	0	0	0	0	0	0	0	0	0	0	0	0	0	0	0	0	0	0	0	0	0	0	0	0	0	0	0	0	0	0	0	0	0	0	0	0	0	0	0	0	0	0	0	0	0	0	0	0	0	0	0	0	0	0	0	0	0	0	0	0	0	0	0	0	0	0	0	0	0	0	0	0	0	0	0	0	0	0	0	0	0	0	0	0	0	0	0	0	0	0	0	0	0	0	0	0	0	0	0	0	0	0	0	0	0	0	0	0	0	0	0	0	0	0	0	0	0
multi-metal__mgtA	0.000601572740501601	0.00145349973694473	0.00116359794916343	0.0010345857526881	0.00113420301284327	0.00315555056614791	0.00113854438625904	0.00071267000978764	0.00142918042232368	0.000276590225733261	0.000592065207883826	0.000405882188592032	0.00366061406064258	0.000475447466843793	0.00244081437865003	0.00239695581080395	0.000740426361351244	0.00128047053902869	0.000469249507703652	0.000406662337862206	0.00106877837845133	0.00114666012762882	0.00711009217806188	0.000722249949552009	0.000868876336316378	0.00129237567464605	0.000483515383489793	0.0017601382812767	0.000833934998149611	0.000711733089149325	0.000326122244892573	0.00022845629175216	0.00030286783984755	0.000827090610471428	0.000548984661368009	0.00016275429996126	0.000349845760296924	0.000727173386554328	0.000738803004474232	0.000252662167669035	0.000600217114997069	0.000247514925597369	0.000237750988356011	0.000205961034598209	0.0016255832755782	0.000509228613304144	0.000369350625580885	0.000629792665375263	0.00019478892390361	0.000212356232616103	0.000361410472024771	0.000479338707082462	0.000630970346869075	0.000116372653409086	0.000350883242237383	0.00134972508750924	0.00137725338492534	0.000164262453169351	0.000541301857594178	0.000307047050301877	0.000380753523946381	0.000268713261199157	0.000114879256746338	0.000466991104342797	0.000752267459092741	4.74441113507824e-05	0.000463115278333732	0.000516623880699514	0.000773571766532506	0.000212912342748136	0.00023801826976205	0.000300543807260479	0.000331610653538752	0.000305274943613101	0.000304187538310242	0.000433831080263028	0.00015246579119642	0.000735591303793199	0.000595229935915142	0.000452873508841433	0.000480670493322154	0.00132753444133956	0.000434684570700726	0.00080909973695194	0.000965068420060785	0.000633508886024796	0.000704772153972374	0.000476937498392619	0.000451024416727468	0.000685690701037853	0.000314702254560025	0.000543116938625715	0.00015526687127689	0.000809758007912591	0.000752945254965055	0.000276464242378644	0.000351594150902287	0.000883438374020255	0.00052502443259181	0.000443737174328691	0.00104999260963906	0.000377235532943484	0.000555334758848174	0.000350325952920781	0.000578797661964212	0.00038521565314726	0.000459489021708742	4.74973603653078e-05	0.000541504418560392	0.000120789384934877	0.00028902782337433	0.000391302817205979	0.000469313673178305	0.000436766963501393	0.000749172959879739	0.000365590079331378	0.000415384910040752	0.000334137442519721	4.57032893485604e-05	0.000436631750636694
multi-metal__mntA	0	0	0	0	0	0	0	0	0	0	0	0	0	0	0	0	0	0	0	0	0	0	0	0	0	0	0	0	0	0	0	0	0	0	0	0	0	0	0	0	0	0	0	0	0	0	0	0	0	0	0	0	0	0	0	0	0	0	0	0	0	0	0	0	0	0	0	0	0	0	0	0	0	0	0	0	0	0	0	0	0	0	0	0	0	0	0	0	0	0	0	0	0	0	0	0	0	0	0	0	0	0	0	0	0	0	0	0	0	0	0	0	0	0	0	0	0	0	0	0
multi-metal__mntH	0.000295334554450524	0.000842431686502577	0.000343165389694196	0.000470846902101643	0.000418666235509502	0.00237851993374202	0.000158573827686388	0	0.000131230551427041	0	0.00012455671760131	0	0.00307517014429454	0	0.00208202618445526	0.00135094681972275	4.63987879847704e-05	0.000521688886215012	0.000119224907621841	8.49315301886163e-05	0.000185110748885757	6.74360507394285e-05	0.00339471596450049	0.000252938772040592	0	0.000772210175356952	5.27495787265603e-05	0.000250306394432036	0.000136578098917276	8.71844361078602e-05	0	9.57613619632112e-05	0	0.00084234132359202	0	0.000175029058317305	0.000330385571890513	0.000424404343759704	0	0	2.09208256024268e-05	5.13905108017697e-05	0	4.70790655888437e-05	0.000221565722045611	0.000268163627929636	0	0.000553406496443013	3.11131022602134e-05	0	0	5.71134460618832e-05	0	0	0	0	0.000594604956637504	3.16467910142175e-05	0	0	0.000126123897132982	0.00017380991254047	2.66857864420885e-05	0.000515271135866202	0.000145535908204574	0	0.000153074629118742	0.000202959344706715	0.000343028541199427	0	5.55446888438704e-05	0	0.000166374708969014	5.91449621067023e-05	0	0.00014619437832902	0	3.06248654223541e-05	5.99365018515537e-05	0.000475850887472362	0	0	0.000215697649226698	0.000122897686456727	0	4.41535954515194e-05	0.000251051863847199	9.90712213639319e-05	0	0.000137512996867247	5.20596758851069e-05	0.000132384261604839	9.82813069763572e-05	0.000631154543189127	0.000405797126546711	5.02581268049786e-05	0.00014025977820826	0.00030039533362353	0	0	0.000153695799810514	0	7.66347328559746e-05	7.35990551456729e-05	0	0.000466255509559488	0.000153261341083847	0.00010352580001953	0.000185169617074687	0	2.90935872139343e-05	0.000197911443703254	0.000350884368575222	0	0.000235012712391543	0	0	2.89561370060358e-05	0.000106973379231249	0
multi-metal__mntP	0	0.000640511455955715	0.00122463292170701	6.791408765463e-05	0.000246855287731836	0.000815363305469152	0.000293140096571218	5.87626578260507e-05	0.000126539757248372	0	0	0	0.00255400723565153	0	0.00099724085570893	0.00131247226421288	0.000189383563617625	0.000744426793453817	0	0	0.000433645356707428	6.71751762684829e-05	0.00322972339132441	0.000717859822412499	0	6.62318121648178e-05	0.000161840196858936	6.87589722155209e-05	0.000122952844942126	0.000126102084396007	6.58432156857575e-05	0	0	0.000614084264302732	3.90077355322326e-05	0.000128285725515423	0.000124483462585399	0.000175925666480807	0	0	0	0	0	0	0.000138531220044092	6.1933251056548e-05	0	0.000519764764136447	0	0	0	5.56282264243401e-05	3.6184778761735e-05	0	0.000242149232748911	0.000132519677172241	0.000623705824690622	5.54828846717345e-05	0	0	0.000101635572482126	0	0	5.96368723095015e-05	0	0	0.000285210115241483	0.000291049438700154	0.000193033567141812	0	0	0	0.000318730526017009	0	0	0	0.000128793176812956	0	0	0.000106293167584384	0	0	0.000178493151108197	0	0	0	4.91778760989164e-05	0.0001935710969587	0	0.000187399260168453	0	0.000149137324190225	0	0.000787263017886925	0.000282569903477594	5.50700751160936e-05	0.000298701825194203	3.56916783220984e-05	0.000207464042391671	0.000103573531832992	0	0	0.000207720460109616	0.000218561733142276	0	5.83882279448356e-05	0.000154226295250463	7.66471923663859e-05	4.54875968888673e-05	0	0	0	0.00044194267618102	0	0	0	0	0	0	0.000212844244368897
multi-metal__mntR	0.000288538553641349	0.000649574805915295	0.000492066801021033	0.000298935058042752	0.000744202180132076	0.0033183032071842	0.000273831284799149	0.000144001394003747	7.75153938178365e-05	0	0.000209400893643714	0	0.00284319081220479	0	0.00176875747920653	0.0012493762260232	0	0.000662691859931661	8.00271455526202e-05	0	0.000559903390845553	0.000255294562369168	0.00238627336015055	7.57125647200841e-05	0	0.000378711670664082	0.000140211783453825	0.000450349087698044	0.000289221628610687	5.25281540214583e-05	8.76528095517716e-05	0	0.000143947430043597	0.000405582727103536	0	0.000152486206896527	0.000365140563459844	0.000216518761441085	0	0	0	0	0	0	0	0.000327185151961531	0	0.000366301615368529	0	0	0	0	0	0	0.000150009895834046	0	0.000623462911576273	0	0	0	0.000230011456087796	0.000210708529544484	0	0.000187124278724848	6.63623312563549e-05	0	5.76553781348375e-05	0	0.000461666832092002	0	4.13395826130896e-05	0	0.000194758994929846	0	0	0	0	0	0	0.00025784665168857	0	0.0003817220127434	0	0	0	0.000149371224964436	9.32000071229463e-05	0	0	0	6.98878672683742e-05	0	0	0.000795987829314962	0.000700296689149219	0.000125410404109013	0	0.000278983555859614	0.000227487127877631	0	0.00013563307278246	0	0.00017868426676096	0.000201301501741115	0	0.000258195255293695	0.000249415428017953	0	0	0	0	0	6.20937380153977e-05	0	7.84853041813145e-05	0	0	0	0	0
multi-metal__modA	9.62464210079018e-05	0.00156116159140212	0.000614065066801126	0.000321319646046646	0.000701439680414053	0.0020822584025301	0.000256805736666099	0.00014211669234894	9.25660481038678e-05	0	8.44793541109157e-05	0	0.00345706614392056	0	0.0016091271047715	0.00124710939992344	8.36803044005489e-05	0.000514585386372031	0	9.13790782589767e-05	0.000324661263442242	0.000375646606107681	0.00332533827842232	0.000248221189700671	0.000241855490383698	0.00100360155620508	0	0.00076453556032324	7.54060524496695e-05	0	0	4.82755562842217e-05	0.000169248412913344	0.000588342235800242	9.74120453140899e-05	0.000119180933167558	0.000139380355948076	0.00048638272497635	0	0	4.74164210487312e-05	0	0	0	0.000246691526854447	0.000188268514841678	0.000194743668145632	0.0003767287963098	0.000198472133840849	0	0	0.000161847245256526	0	0	0.000187612212545263	8.21759630464493e-05	0.00111488284040514	0	0	0	8.97618522842051e-05	0.000149673201055594	0	0.000217178702983307	0	0.000121323182642074	0.000191746596654104	0.000257672982066217	0.000290370217071762	0	0	0	0.000350618611304762	0	8.5551835653233e-05	0	0	0	0	0.000258483879190376	0.00017010872260866	0.000313028371133604	0	0.000197018859222458	2.92367447037362e-05	0	0	0	0	0.000183398623948641	0.000231745005707114	8.43793737180344e-05	0.000142692249230192	0.0005758966823453	0.000311399487343442	0.000123320584314607	0	0.000240783808274113	0.000364845777336514	7.50081935593639e-05	0.000138415351966155	0	0.000255407258344897	0.000298388906030734	0	0.000248263564539763	0.000123683309959616	0	0.000171628811198135	0	0	0	0.000377552411644485	0	0.000188375948453921	0	0	0	7.25885281835996e-05	8.79657014692623e-05
multi-metal__modB	4.47332953182595e-05	0.000651769941420571	0.000364946877185766	0.000156473139551927	0.000844605612274399	0.00207986310421919	0.000207663268862749	0	9.54894873188283e-05	0	0.000119707963954531	0	0.00259493762108824	0	0.000971924069223467	0.00105278383326247	0.000155476462707919	0.000679548541521626	5.32369423204126e-05	5.02505123369124e-05	0.000309025558145897	9.19136327399911e-05	0.00324150374430399	0.000297229675473168	0.000527707215187708	0.000380616003532315	0	0.000620932552583831	0.000252858428943659	0	0	0.000249219924188676	9.74316666233957e-05	0.000426579193341636	0	0.000195890622263027	0.000103238847056387	0.00027929837700607	0	0	0	0	0	4.15035884763134e-05	0.000149340700360708	0.000138975691162699	0	0.00065637107428654	0	0	0	0	0	0	0	0.000107859597433065	0.00116250090214431	0	0	0	7.90061510784331e-05	4.88002428145468e-05	8.88716277274197e-05	0.000414027315904544	0	0.000152787376813725	0.00015163760088364	0.000180124113490482	5.24523217684066e-05	0	0.000131910146641268	0	0.000150655741555214	0	0.000123805362719049	0	0	0	0	0.000439850235081277	0.000101612345150306	0.000254285880902213	0	0	0	0	0	0	0	0.000103950964568834	4.73040149633101e-05	0.000177914640839375	0	0.000442823880638222	0.000105444902448963	0.000168846882122278	4.98585082840602e-05	0.000107438705633333	0.000198843061191264	0	3.42882577323996e-05	0	0.000355573888047901	0	0	0.000105855222569567	4.68939730019198e-05	0	0.00013266780154441	0	0	5.5290023329722e-05	0.000112361941930546	0	8.78159695211125e-05	6.90668674387953e-05	0	0	0	3.15908265887866e-05
multi-metal__modC	0.000288181360789902	0.000371557197007924	0.000671353380337079	0.000286668152251857	0.00079410738711107	0.00201800835488504	0.000636711535261617	0.000249795806575025	8.94289813335892e-05	0	0.000209065700660518	0	0.00284887812348585	3.44446542382942e-05	0.00198998164563288	0.00132393801792396	0	0.000395403005347009	0.00026892125877549	3.00227000018484e-05	0.00033265868570632	0.000271872866175499	0.00446154631378514	6.66786791568922e-05	0	0.000711807662185062	5.15402998466629e-05	0.000754872807340852	6.50046836321665e-05	0.000134019650989742	0	0.000138871769267833	7.57179458946938e-05	0.000256937308690706	7.11218626298895e-05	0	0.000158751057689497	5.25072259917651e-05	0	3.29435359974814e-05	0	0	0	0	0.000370688682468763	0.000126111820459481	0	0.00064009673726256	7.51089734250464e-05	3.43683240211919e-05	6.42196931853814e-05	0	0	0	0.00013836887670458	0.000151525513086054	0.000458257296539085	0	0	0.000231074189272518	0.000270089209800063	8.76438828126059e-05	0	6.92424159720003e-05	0.000186736022195162	0.000196092487905833	0.000195125080465264	0.000228785890362843	0.000206194946719662	0	3.18561414312516e-05	0	0.000194734034361459	0	0	0.000225628029386109	8.50702406353475e-05	0	6.17345969071003e-05	0.000105101613340886	0	0.00013287574554264	0.0001314918197819	0	6.14428462914457e-05	0	0.000141783503919015	5.08418797621669e-05	7.19370949779976e-05	8.04763561211732e-05	6.09334842746138e-05	0.000204597536359562	0.00013511045669075	0.000625560618395098	0.000340382193351822	8.88375330490601e-05	8.34077804979286e-05	0.000209688610142328	0.000138785633500764	0.000136634673982864	0.000130962793783995	5.47401530416297e-05	0.000110941609376726	0.000249693764163515	0	9.61525837083987e-05	0.000226234690225112	0	4.98120886255456e-05	0	2.36888496682627e-05	7.12204613015981e-05	0.000226551422385725	0	6.9825892431718e-05	3.417490478961e-05	0	3.86661712494827e-05	0.00013050726539089	2.32326805224352e-05
multi-metal__modE	0.000132554973308091	0.000864170709948591	0.000718479867009759	0.000847312279022282	0.000797609552991723	0.00126103448625844	0.0001560622725405	0.000375187532067746	0.00022837455148087	0	8.37041946430154e-05	0	0.00299083965808292	0	0.00229399598015097	0.0013885768193506	0.00017602318823459	0.000644923118267463	9.27948351865879e-05	0.000250082215587916	0.000262802424319659	0.000596634076177307	0.00418344573798808	0.000178271302197786	0	0.0010465224771193	0	0.000359622838227132	0	9.13994597364845e-05	0.00039871248314347	0	0.000171179677681192	0.000592278076470614	4.05376519824307e-05	0.000261428681554179	0.000207815046746399	0.000158724133532359	0	0	0	0	0	0	0.000192783673325296	0	0	0.000864539509635365	0	7.08602942244236e-05	0	8.16472580759746e-05	0	0	4.57744137749932e-05	0	0.000736510466542764	0	9.35190426799918e-05	0.000106821787243111	0.000176987061892632	8.77207548075356e-05	0	0.000134890569130187	0.0002805664935773	9.08456906328683e-05	4.872728250218e-05	0.000313802452169883	0.000233130422503384	0	4.27990907778647e-05	0	4.33157955204702e-05	0.000172062176021864	0	0.000101722765438688	7.74804815710298e-05	0	9.23662671281806e-05	0.000103069504362823	0	8.83674423791972e-05	0	0	0	0	0	0	0	0.000149006962799509	0.000203421708316268	0.000283421396269424	0	0.000626649715494219	0.000437996890139785	0.00023951493333714	4.4467979424559e-05	0.000273182107869904	7.51855192567548e-05	0.000110736708920068	0.000174016496396148	0	0.000261104089806998	0.000134186572497034	0	0.000692171642408386	4.09874802192353e-05	0	0.000456959370272896	0	0	0	8.69641228787079e-05	0	0.000141191626426816	4.02450703396543e-05	0	9.10681560800515e-05	0	6.47152250312989e-05
multi-metal__mrdH	0	0	0	0	0	0	0	0	0	0	0	0	0	0	0	0	0	0	0	0	0	0	0	0	0	0	0	0	0	0	0	0	0	0	0	0	0	0	0	0	0	0	0	0	0	0	0	0	2.47928235296351e-05	0	0	0	0	0	0	0	0	0	0	0	0	0	0	0	0	0	0	0	0	0	0	0	0	0	0	0	0	0	0	0	0	0	0	0	0	0	0	0	0	0	0	0	0	0	0	0	0	0	0	0	0	0	0	0	0	0	0	0	0	0	0	0	0	0	0	0	0	0	0	0
multi-metal__mreA	0	0	0	0	0	0	0	0	0	0	0	0	0	0	0	0	0	0	0	0	0	0	0	0	0	0	0	0	0	0	0	0	0	0	0	0	0	0	0	0	0	0	0	0	0	0	0	0	0	0	0	0	0	0	0	0	0	0	0	0	0	0	0	0	0	0	0	0	0	0	0	0	0	0	0	0	0	0	0	0	0	0	0	0	0	0	0	0	0	0	0	0	0	0	0	0	0	0	0	0	0	0	0	0	0	0	0	0	0	0	0	0	0	0	0	0	0	0	0	0
multi-metal__mymT	0	0	0	0	0	0	0	0	0	0	0	0	0	0	0	0	0	0	0	0	0	0	0	0	0	0	0	0	0	0	0	0	0	0	0	0	0	0	0	0	0	0	0	0	0	0	0	0	0	0	0	0	0	0	0	0	0	0	0	0	0	0	0	0	0	0	0	0	0	0	0	0	0	0	0	0	0	0	0	0	0	0	0	0	0	0	0	0	0	0	0	0	0	0	0	0	0	0	0	0	0	0	0	0	0	0	0	0	0	0	0	0	0	0	0	0	0	0	0	0
multi-metal__nccA	0	0	0	0	0	0	0	0	0	0	0	0	0	0	0	0	0	0	0	0	0	0	0	0	0	0	7.47318381140972e-06	0	0	0	0	0	0	0	0	1.05346902477164e-05	0	0	0	0	0	0	0	0	0	0	0	0	0	0	0	0	0	0	0	0	0	0	0	0	0	0	0	0	0	0	0	0	0	0	0	0	0	0	0	0	0	0	0	0	0	0	0	0	0	0	0	0	0	0	0	0	0	0	0	0	0	0	0	0	0	0	0	0	0	0	0	0	0	0	0	0	0	0	0	0	0	0	0	0
multi-metal__nccB	0	0	0	0	0	0	0	0	0	0	0	0	0	0	0	0	0	0	0	0	0	0	0	0	0	0	0	0	0	0	0	0	0	0	0	0	0	0	0	0	0	0	0	0	0	0	0	0	0	0	0	0	0	0	0	0	0	0	0	0	0	0	0	0	0	0	0	0	0	0	0	0	0	0	0	0	0	0	0	0	0	0	0	0	0	0	0	0	0	0	0	0	0	0	0	0	0	0	0	0	0	0	0	0	0	0	0	0	0	0	0	0	0	0	0	0	0	0	0	0
multi-metal__nccC	0	0	0	0	0	0	0	0	0	0	0	0	0	0	0	0	0	0	0	0	0	0	0	0	0	0	0	0	0	0	0	0	0	0	0	0	0	0	0	0	0	0	0	0	0	0	0	0	0	0	0	0	0	0	0	0	0	0	0	0	0	0	0	0	0	0	0	0	0	0	0	0	0	0	0	0	0	0	0	0	0	0	0	0	0	0	0	0	0	0	0	0	0	0	0	0	0	0	0	0	0	0	0	0	0	0	0	0	0	0	0	0	0	0	0	0	0	0	0	0
multi-metal__nccH	0	0	0	0	0	0	0	0	0	0	0	0	0	0	0	0	0	0	0	0	0	0	0	0	0	0	0	0	0	0	0	0	0	0	0	0	0	0	0	0	0	0	0	0	0	0	0	0	0	0	0	0	0	0	0	0	0	0	0	0	0	0	0	0	0	0	0	0	0	0	0	0	0	0	0	0	0	0	0	0	0	0	0	0	0	0	0	0	0	0	0	0	0	0	0	0	0	0	0	0	0	0	0	0	0	0	0	0	0	0	0	0	0	0	0	0	0	0	0	0
multi-metal__nccN	0	0	0	0	0	0	0	0	0	0	0	0	0	0	0	0	0	0	0	0	0	0	0	0	0	0	0	0	0	0	0	0	0	0	0	0	0	0	0	0	0	0	0	0	0	0	0	0	0	0	0	0	0	0	0	0	0	0	0	0	0	0	0	0	0	0	0	0	0	0	0	0	0	0	0	0	0	0	0	0	0	0	0	0	0	0	0	0	0	0	0	0	0	0	0	0	0	0	0	0	0	0	0	0	0	0	0	0	0	0	0	0	0	0	0	0	0	0	0	0
multi-metal__nccX	0	0	0	0	0	0	0	0	0	0	0	0	0	0	0	0	0	0	0	0	0	0	0	0	0	0	0	0	0	0	0	0	0	0	0	0	0	0	0	0	0	0	0	0	0	0	0	0	0	0	0	0	0	0	0	0	0	0	0	0	0	0	0	0	0	0	0	0	0	0	0	0	0	0	0	0	0	0	0	0	0	0	0	0	0	0	0	0	0	0	0	0	0	0	0	0	0	0	0	0	0	0	0	0	0	0	0	0	0	0	0	0	0	0	0	0	0	0	0	0
multi-metal__nccY	0	0	0	0	0	0	0	0	0	0	0	0	0	0	0	0	0	0	0	0	0	0	0	0	0	0	0	0	0	0	0	0	0	0	0	0	0	0	0	0	0	0	0	0	0	0	0	0	0	0	0	0	0	0	0	0	0	0	0	0	0	0	0	0	0	0	0	0	0	0	0	0	0	0	0	0	0	0	0	0	0	0	0	0	0	0	0	0	0	0	0	0	0	0	0	0	0	0	0	0	0	0	0	0	0	0	0	0	0	0	0	0	0	0	0	0	0	0	0	0
multi-metal__ncrA	0	0	0	0	0	0	0	0	0	0	0	0	0	0	0	0	0	0	0	0	0	0	0	0	0	0	0	0	0	0	0	0	0	0	0	0	0	0	0	0	0	0	0	0	0	0	0	0	0	0	0	0	0	0	0	0	0	0	0	0	0	0	0	0	0	0	0	0	0	0	0	0	0	0	0	0	0	0	0	0	0	0	0	0	0	0	0	0	0	0	0	0	0	0	0	0	0	0	0	3.44447427886471e-05	0	0	0	0	0	0	0	0	0	0	0	0	0	2.38171328616413e-05	0	0	0	0	0	0
multi-metal__ncrB	0	0	0	0	0	0	0	0	0	0	0	0	0	0	0	0	0	0	0	0	0	0	0	0	0	0	0	0	0	0	0	0	0	0	0	0	0	0	0	0	0	0	0	0	0	0	0	0	0	0	0	0	0	0	0	0	0	0	0	0	0	0	0	0	0	0	0	0	0	0	0	0	0	0	0	0	0	0	0	0	0	0	0	0	0	0	0	0	0	0	0	0	0	0	0	0	0	0	0	0	0	0	0	0	0	0	0	0	0	0	0	0	0	0	0	0	0	0	0	0
multi-metal__ncrC	0	0	0	0	0	0	0	0	0	0	0	0	0	0	0	0	0	0	0	0	0	0	0	0	0	0	0	0	0	0	0	0	0	0	0	0	0	0	0	0	0	0	0	0	0	0	0	0	0	0	0	0	0	0	5.29768372163982e-05	0	0	0	0	0	0	0	0	0	0	0	0	0	0	0	0	0	0	0	0	0	0	0	0	0	0	0	0	0	0	0	0	0	0	0	0	0	0	0	0	0	0	0	0	0	0	0	0	0	0	0	0	0	0	0	0	0	0	0	0	0	0	0	0	0
multi-metal__ncrY	0	0	0	0	0	0	0	0	0	0	0	0	0	0	0	0	0	0	0	0	0	0	0	0	0	0	0	0	0	0	0	0	0	0	0	0	0	0	0	0	0	0	0	0	0	0	0	0	0	0	0	0	0	0	0	0	0	0	0	0	0	0	0	0	0	0	0	0	0	0	0	0	0	0	0	0	0	0	0	0	0	0	0	0	0	0	0	0	0	0	0	0	0	0	0	0	0	0	0	0	0	0	0	0	0	0	0	0	0	0	0	0	0	0	0	0	0	0	0	0
multi-metal__nczA	0	0	0	0	0	0	0	0	0	0	0	0	0	0	0	0	0	0	0	0	0	0	0	0	0	0	0	0	1.99235596770355e-05	0	0	0	0	0	0	0	0	0	1.37244070073028e-05	0	0	0	0	0	0	0	0	0	0	0	0	0	0	0	0	0	0	0	0	0	0	0	0	0	0	0	1.2240218615121e-05	0	0	0	2.17215414052137e-05	0	0	1.02797686775676e-05	0	0	0	0	0	0	0	0	0	0	0	0	0	0	0	0	0	0	0	0	0	0	0	0	0	0	0	0	0	0	0	0	0	0	0	0	0	0	0	0	0	0	0	0	0	0
multi-metal__nia	0	8.23198114426525e-06	0	1.34024005997752e-05	0	0	7.23115987746837e-06	7.33651430241209e-06	0	0	1.39981908488107e-05	0	0	1.12372630848336e-05	8.50162707339242e-06	0	7.77571678493211e-06	0	0	3.05679599963195e-05	1.55594676893471e-05	9.13231154499637e-06	7.47571237447952e-06	7.34383450038362e-06	9.33780857281675e-06	8.26903777327857e-06	1.11520135650695e-05	1.79762018864107e-05	0	7.49269663672057e-06	9.4466593523325e-06	1.55279323717709e-05	7.3337649723227e-06	1.49170266632243e-05	8.22881236379754e-06	7.84806791388473e-06	0	0	1.39741602962717e-05	0	0	0	8.9069832099999e-06	6.31177660310004e-06	4.24730300313436e-05	0	8.49885417866893e-06	9.72396752476893e-06	0	0	7.77253572503206e-06	1.54688116260197e-05	0	0	1.59288552851909e-05	0	0	0	0	0	0	7.87239024766395e-06	0	0	1.63277386344583e-05	7.74519204744805e-06	0	0	0	0	7.16032910002334e-06	0	0	1.58588444076845e-05	9.05194888465882e-06	0	0	0	0	0	0	7.61000515147838e-06	7.53074552342899e-06	7.92144036610947e-06	1.42178968473044e-05	7.6877479069076e-06	9.40165278361636e-06	0	0	7.74623332969759e-06	0	0	6.21525350279086e-06	7.55458226549204e-06	0	0	1.51647497291663e-05	8.08700336709856e-06	0	1.16977165364321e-05	2.44097399408697e-05	0	0	0	0	7.44163689493002e-06	1.61282400261922e-05	9.37800941894604e-06	7.32308061368762e-06	0	7.80101392329574e-06	8.24022024793904e-06	1.89289868257202e-05	6.69622118402892e-06	0	0	7.54496846998643e-06	7.46553720055491e-06	0	0
multi-metal__nmtR	0	0	0	0	0	0	0	0	0	0	0	0	0	0	0	0	0	0	0	0	0	0	0	0	0	0	0	0	0	0	0	0	0	0	0	0	0	0	0	0	0	0	0	0	0	0	0	0	0	0	0	0	0	0	0	0	0	0	0	0	0	0	0	0	0	0	0	0	0	0	0	0	0	0	0	0	0	0	0	0	0	0	0	0	0	0	0	0	0	0	0	0	0	0	0	0	0	0	0	0	0	0	0	0	0	0	0	0	0	0	0	0	0	0	0	0	0	0	0	0
multi-metal__nreB	0	0	0	0	0	0	0	0	0	0	0	0	0	0	0	0	0	0	0	0	0	0	0	0	0	0	0	0	0	0	0	0	0	0	0	0	0	0	0	0	0	0	0	0	0	0	0	0	0	0	0	0	0	0	0	0	0	0	0	0	0	0	0	0	0	0	0	0	0	0	0	0	0	0	0	0	0	0	0	0	0	0	0	0	0	0	0	0	0	0	0	0	0	0	0	0	0	0	0	0	0	0	0	0	0	0	0	0	0	0	0	0	0	0	0	0	0	0	0	0
multi-metal__nrsD	0	0	0	0	0	0	0	0	0	0	0	0	0	0	0	0	0	0	0	0	0	0	0	0	0	0	0	0	0	0	0	0	0	0	0	0	0	0	0	0	0	0	0	0	0	0	0	0	0	0	0	0	0	0	0	0	0	0	0	0	0	0	0	0	0	0	0	0	0	0	0	0	0	0	0	0	0	0	0	0	0	0	0	0	0	0	0	0	0	0	0	0	0	0	0	0	0	0	0	0	0	0	0	0	0	0	0	0	0	0	0	0	0	0	0	0	0	0	0	0
multi-metal__PA0320	0	0	0	0	0	0	0	0	0	0	0	0	0	0	0	0	0	0	0	0	0	0	0	0	0	0	0	0	0	0	0	0	0	0	0	0	0	0	0	0	0	0	0	0	0	0	0	0	0	0	0	0	0	0	0	0	0	0	0	0	0	0	0	0	0	0	0	0	0	0	0	0	0	0	0	0	0	0	0	0	0	0	0	0	0	0	0	0	0	0	0	0	0	0	0	0	0	0	0	0	0	0	0	0	0	0	0	0	0	0	0	0	0	0	0	0	0	0	0	0
multi-metal__pcoE	0	0	0	0	0	0	0	0	0	0	0	0	0	0	0	0	0	0	0	0	0	0	0	0	0	0	0	0	0	0	0	0	0	0	0	0	0	0	0	0	0	0	0	0	0	0	0	0	0	0	0	0	0	0	0	0	0	0	0	0	0	0	0	0	0	0	0	0	0	0	0	0	0	0	0	0	0	0	0	0	0	0	0	0	0	0	0	0	0	0	0	0	0	0	0	0	0	0	0	0	0	0	0	0	0	0	0	0	0	0	0	0	0	0	0	0	0	0	0	0
multi-metal__perO	0	0	0	0	0	0	0	0	0	0	0	3.44490703201278e-05	0	0	0	0	0	0	0	0	0	0	0	2.05123788787858e-05	0	0	0	0	0	0	0	0	0	0	0	0	0	0	0	0	0	0	0	0	1.14954690361687e-05	0	0	0	0	0	0	0	0	0	0	0	0	0	0	0	0	0	0	0	0	0	0	0	0	0	0	0	0	0	0	0	0	3.39292626662451e-05	0	0	0	0	0	0	0	0	0	0	0	0	0	0	0	0	1.89387314986765e-05	0	0	0	0	0	0	0	0	0	0	0	9.38509967238423e-06	0	0	0	0	0	0	0	0	0	0	0	0	0
multi-metal__pfr	0	0	0	0	0	0	0	0	0	0	0	0	0	0	0	0	0	0	0	0	0	0	0	0	0	0	0	0	0	0	0	0	0	0	0	0	0	0	0	0	0	0	0	0	0	0	0	0	0	0	0	0	0	0	0	0	0	0	0	0	0	0	0	0	0	0	0	0	0	0	0	0	0	0	0	0	0	0	0	0	0	0	0	0	0	0	0	0	0	0	0	0	0	0	0	0	0	0	0	0	0	0	0	0	0	0	0	0	0	0	0	0	0	0	0	0	0	0	0	0
multi-metal__pgpA	0	0	0	0	0	0	0	0	0	0	0	0	0	0	0	0	0	0	0	0	0	0	0	0	0	0	0	0	0	0	0	0	0	0	0	0	0	0	0	0	0	0	0	0	0	0	0	0	0	0	0	0	0	0	0	0	0	0	0	0	0	0	0	0	0	0	0	0	0	0	0	0	0	0	0	0	0	0	0	0	0	0	0	0	0	0	0	0	0	0	0	0	0	0	0	0	0	0	0	0	0	0	0	0	0	0	0	0	0	0	0	0	0	0	0	0	0	0	4.06727872307814e-06	0
multi-metal__pitA	0.00067945675350873	0.00140023499340589	0.00161179782030818	0.000756463451488013	0.000823054939442803	0.00577080207208943	0.000717870136292641	2.25908545075816e-05	0.000372726324502038	0	0.000133165154227062	0	0.00513433494549064	3.96907338417218e-05	0.00433432370756382	0.00263285833728773	0.000403683402998961	0.0015170862649157	0.000549861866215859	0.000232961712238792	0.000278843554261014	0.000566347613914233	0.00804346605092733	0.000317492067488529	0	0.000689519457289219	0.000108446368384777	0.0016947746991792	0.000185291662117192	4.75094025379747e-05	0.000234755732195215	0.000387371190171144	0.000186078882666022	0.00107014968503472	8.56439619466583e-05	0.000143063007083813	0.000453203094860212	0.000638438246211441	7.34374041323828e-05	0	8.10058530962048e-05	0	2.79532905534834e-05	0	0.000563569489579183	0.000332892258718375	0.000124995543176101	0.00101923878441485	2.62237520219267e-05	2.30766458804482e-05	3.83318409147212e-05	0.000117174996159268	4.4044244350649e-05	0	7.30825555170825e-05	0.000147784669244105	0.00118725186833266	5.90520241466096e-05	0.000139522055805337	0.000145475111810414	0.000376844970787876	0.000168232142233357	0.000108290609613544	0.000525076757591281	0.000206135497890481	0.000103028844174254	0.000228211639877545	0.000666920623278311	0.000485523363209267	0	5.68670754239609e-05	0	0.000467595314721498	8.69229447105635e-05	8.58044937481903e-05	7.37051764970184e-05	0	2.47797508275144e-05	0	0.000219713613588822	5.84074037547436e-05	0.000372584655637801	0.000114553354500176	0.000197360384900269	0	9.32691986889915e-05	9.14816903583549e-05	0.000273482211134035	0	0.000275734620686573	0.000268753163329225	0.000315618586946409	3.55971051358009e-05	0.000995776906741781	0.000926794179423496	0.000134225847475306	6.35063343830015e-05	0.000338664303176506	0.000453581129178656	0.000207985614905675	0.000202531023160326	0	0.000421823780048919	0.000487898612845678	0	0.000549949241163782	0.000257384947929014	5.71766550830932e-05	0.000451891759916532	5.48976417093394e-05	3.1707928798449e-05	0.00015173399548735	0.000495967732788319	0	0.000395540125464909	0	0	0	4.29930651396049e-05	6.07086738917526e-05
multi-metal__rcnA	0.000117630966440867	0.000445937881422152	0.000836557503094754	0.000451699843178793	0	0.00142658820672231	0.00036495838488823	0.00016045278086571	0.000131549847172606	0	0	0	0.00185256550897003	9.63779863115288e-05	0.0010888313043418	0.000528087650690321	0	0.00105903721958969	0.000253516650874724	0	0.000304518046367358	0.000308297556746221	0.00285826475072936	0.000154188361729222	0	0.000170645824996676	0	0.00038476026333999	0.000109925989660711	0	0	0.000133124251157782	0	0.000574868090800022	0	0.000102104200804393	6.97240904694027e-05	0.00027780619145547	0	3.21568759616709e-05	8.1355840814874e-05	0	0	7.00825155926188e-05	4.80053626931528e-05	8.97102890405472e-05	4.49768369760837e-05	0.000214848632832847	0	0	3.26378419846456e-05	0	9.54904324425349e-05	0	0.000128629307530385	0	0.000633492116439604	0	0	8.0863573128985e-05	0.000455831109483662	0	2.81736257545143e-05	0.000346919666592562	0	0	4.65932409327415e-05	0.00028264969633677	0.000239709309911169	0	0.000327397424344542	0	0.000352059403737544	0	0.000105584046114488	0	0	4.60490677153646e-05	0	0.000131078830256457	0	0.000273122700327062	4.22309494190045e-05	6.9298148020308e-05	0	0	0.000156058990029225	8.97400035219856e-05	0	0	0.000298885411916354	0.000159087750131292	0.000128959530673081	0.00065119506555689	0.000155271925347596	0	8.50409533520764e-05	0.000409967025831121	0.000116466210924588	3.48218750089608e-05	4.52965081251773e-05	0	4.95294527755288e-05	4.00968088437761e-05	0	7.59508670681453e-05	0.000108171046336253	0	0.000105951325369651	0.000100987698934455	0	0.000171899507569794	0.000303230741321284	0	0.000134101957241126	0	0	0	0	0
multi-metal__rcnB	0	8.58308418620129e-05	0.000315136816668343	0.00058470273852886	0.000203589363024088	0.0013270973800305	0.000355153748913257	0	0	0	0	0	0.0017577234127069	0	0.000718096003344857	0.00081206947917379	0	0.000433338349033438	0.000372126226819684	0	0.000578481452490836	0.000350803698290966	0.0017681343370104	0	0	0.000528647649429242	0	0.000253917061681602	0	0.000104766630722945	0	0	0	0.000287951889695454	0	0	0.000106609379400761	0.000193250279120068	0	0	0	0	0	0	0	0	0	0.000482922547893049	0	0	0	0	0	0	0.000109264726758821	0	0.000348978259053086	0	0	0	0.000191407759326095	0	0	0	6.94405491478191e-05	0.000257141971825285	0	0	0	0	0	0	0.000202656043327914	0	0	0	0	0	0.000220480703239644	0	0	8.14338497682754e-05	0	0.000205700002706948	0	0	0.00021669001656085	0	0	9.35187427674617e-05	0.000174095669356039	0.000125168825659653	0	0.000459175604291891	0.000509219974479721	0	0	0	0	0.000163424237013629	0	0	0	9.80939787785236e-05	0	0	0	0	0.00019691341284786	0.00015811788290309	0	0.00011078738424693	0.000154329188507658	0	0	0	0.000103510127189546	0	0	0
multi-metal__rcnR	0.000297046052895207	0	0.000114946455734966	0.000208221184873729	0.000223549104497038	0.00112228934974218	0.000227157307808951	0	0	0	0	0	0.00103650792383297	0	0.000211331556539928	0.000747052114174548	0.000130097046088409	0.00013124980448091	0	0	8.23488152131277e-05	0.000551931151977787	0.00236371163134857	0.000130393861462367	0	0.000536462659983513	0	0	0.00022310904568174	0	0	9.3740402402562e-05	0	0.00117629042476558	0	0.000104510104386565	0	0.000186446711240934	0	0	0	0	0	0	0.000248454421583006	0	0	0.000999403617837352	0	0	0	0	0	0	0.00013325440454498	0	0.00048557744811726	0	0	0.000323927178908507	0.000100974528108259	0.000319878092794075	0	0.000203111086851201	0.000390260864027887	0	7.94362987635539e-05	0	0.000141980870980675	0	0	0	0.000247150303507465	0	0	0	0	0	0	0	0	0.000106536819981744	0	0	0.00068451882090618	0	0.000157300900910839	0	0	0	6.25884677981218e-05	0.000659570172989892	0	0.000702871618797143	0.000339845015226251	0	0	0.000251281165734346	0.000107247966246469	0	0	0	0.0001323256264402	0	0	0	0	0	0.000122523901327557	0	0	0.000137868744840624	0.000264074389224214	0	0	0	0	0	0	0
multi-metal__recG	0.00699569335356222	0.00694121176365706	0.00507042386779842	0.00438599014417733	0.00818432607827065	0.00677306110572937	0.00528055271769093	0.00563170602100648	0.00876425057579082	0.00705640241754514	0.00666771517565753	0.00559933286470599	0.00840788854667394	0.0101906128757141	0.00576020570125282	0.0061652414527447	0.00728769061275882	0.00857138791310987	0.00633727783707881	0.00537733072808036	0.00500740948009617	0.00566101543824816	0.00978389620841285	0.0117128750085954	0.0057391608074466	0.00563111819874244	0.00624400821046197	0.00674957446396695	0.00911165013110686	0.0051472408874727	0.00676792473511513	0.00589657169462932	0.00589304415931722	0.00556170689259175	0.00780851140982264	0.00543267021914778	0.00558652548126653	0.0069953184601366	0.00517222974512747	0.00821564725582906	0.00617025984392832	0.00564907786272588	0.00736349096579628	0.00750012776768765	0.00933858010965766	0.0050521299645342	0.00689698499252878	0.00559158917591253	0.00837906975923142	0.00601847750564205	0.00608239606939915	0.00623783321407809	0.00611005325874067	0.00760537848971341	0.00670443497991849	0.00914939636780233	0.00563647746249491	0.00712618931185407	0.00516012811575463	0.00540273158206439	0.00724298057391936	0.00586021045639998	0.00541479793167774	0.00630122809692666	0.00685608636279026	0.0070901218067427	0.00674461625292853	0.00481089617943583	0.00513424672677042	0.00775328625215107	0.00619052465985189	0.00547780194927871	0.00706019213428666	0.00550213342638447	0.00546959930605685	0.0064195803094	0.00807057168955895	0.0079316433652255	0.0116973511094771	0.00772020897738107	0.00705580097290885	0.0115624759029037	0.00957686916935617	0.00563761635793892	0.0075005785695039	0.00517176371365125	0.00412266646892695	0.00713525486943264	0.00454480675379513	0.00781757147007804	0.00579324459221127	0.00615446863376551	0.00691622703714505	0.00750918308620474	0.0072340720254416	0.00546914143170222	0.00579127950373409	0.00467875544555402	0.00464908921785604	0.00698516913043102	0.00896096956644976	0.00700878864085781	0.00787384821013799	0.00508814869318756	0.00436991199415876	0.00472136993809925	0.0051574705296807	0.00833805581981976	0.00612489513562613	0.00786375079202742	0.00710741415848102	0.00666001534974648	0.00685280915308425	0.0072788089364605	0.00603009245410323	0.00497587921614428	0.00568955357573554	0.00581348613812635	0.00570766535267646	0.00476634822936075
multi-metal__robA	0.000472902926107785	0.000905108189251137	0.000821213229451928	0.000233723311816894	0.00055415425073245	0.00273729109693216	0.000500569680477148	7.72325815591029e-05	4.07425201416241e-05	0	0.000321748497387657	0	0.00325978712043783	4.47740776546223e-05	0.00218309780947673	0.00190935347352436	0.000253836691153361	0.000903662900867884	0.000288430016635326	8.04483698319427e-05	8.18984198625926e-05	0.000289382704749364	0.00458435376332648	3.97949431867847e-05	0	0.000727170201831595	0	0.000380693659008564	0.000200361869301377	4.14302049324549e-05	0.000206848498665426	0.000256722392494702	0	0.000580611282326604	0	0.000124343935748721	0	0.000125382397961031	0	0	8.43323197890929e-05	7.32625967139416e-05	0	0	0.000482445589640114	0.000307089870136904	0.000172310102367523	0.000615227945317111	3.88106344803008e-05	0	0	8.22436817220505e-05	0	0	0.00020918334955405	0	0.00114158858117728	0	0.000205751364978032	0	0.000400726700584014	8.20367182822176e-05	0	0.000237829729378707	8.59422713417812e-05	0	0.000201437574224929	0.000172827227693407	0.000620785565990246	0	0.000116401679416615	0	0.000257604581581116	0.000167791596996689	0.000199206771572268	0	0	0	0	8.5964959624965e-05	0	8.09208692578018e-05	0.000237831847876799	0.000437133037426742	3.02371561910998e-05	0.000116898990231507	0.000197945205439669	0	0	0.000163091509878203	7.49662244055225e-05	0.000285744403906422	0	0.000930688984133252	0.000623068351406039	6.21439022918703e-05	0.000228174588402308	0.000282917043134491	0.00016903994114972	0.00016709385287825	8.76438332483482e-05	0	0.000535712743719839	0.000347463128705879	0	8.86261914364517e-05	7.35732361194827e-05	0	0.000302913762126812	4.78730614325965e-05	7.29977230469484e-05	0.000262866754515702	0.000130492877857371	0	0.000311840663778099	0	0	0	0.000120226319625198	7.66610435018976e-05
multi-metal__ruvB	0.00862416451372818	0.0130219583800873	0.00594193284267708	0.00854704197961531	0.0156398136278185	0.0115096740229747	0.00876324757079377	0.0109610006266419	0.0172152603199397	0.00925485223471437	0.00920710751995799	0.0104145067575387	0.0094590622096024	0.0120638012411945	0.0109961755916364	0.0132051283241267	0.0101593906332975	0.00971583616434598	0.009994297195921	0.0100214092074404	0.00950349171002563	0.00950663362035351	0.0174568628589345	0.0136795878703647	0.0110868262783273	0.0147090399497119	0.0104548139139424	0.0143672034269254	0.016008547016501	0.00931051612103329	0.00775081977987007	0.0088793517955689	0.0103305248395596	0.00923461508616377	0.012531111949892	0.00973217440895733	0.00879818840871633	0.0105695086384884	0.0104744235079854	0.0098819920458557	0.0112835236936917	0.0116003558349158	0.0091023403384042	0.0113941359062645	0.0120165447944608	0.00947517021433592	0.0095580511763953	0.0117253936401769	0.0115770651272114	0.00977251545163055	0.0108223755064797	0.00951173570110194	0.014362010876287	0.0119103156458763	0.0105412921206681	0.0169959996591707	0.0141672501053104	0.0106891577316441	0.0101352784891215	0.0103039106755739	0.0102873330933803	0.00902892572924334	0.00917389021282783	0.00980904634003228	0.0109138276961089	0.009206742436314	0.00990384074125575	0.00955653316189653	0.0110534832989014	0.0096639799965277	0.00955623815670862	0.00989707765802673	0.00976192745320288	0.012155444458382	0.0105601456934572	0.0092262498754178	0.0112545419822137	0.0176707877998256	0.0145815789052778	0.0123253666236096	0.011912231467525	0.0177723167246121	0.0127084575005692	0.0123196152367202	0.0261715790490261	0.0099216870051326	0.0115850366625386	0.011375115478839	0.0123735920329814	0.0117636440893436	0.00965052719561278	0.0101596009144812	0.00912158161328089	0.010204549158985	0.00860727872162902	0.00894334019267004	0.00841201365009736	0.00958158987503423	0.010045736511702	0.0097254058129416	0.0152063384120979	0.0117683249070674	0.00916905239364971	0.0111015184069136	0.0106228465015295	0.0112368750662156	0.0122742912788318	0.0112094904541011	0.00965990764721137	0.00978180237027403	0.00956386034212336	0.0107951177921438	0.0134118028816887	0.0101383521679486	0.011958322324151	0.011224520539521	0.0120825688569564	0.011343276878671	0.00932160520627869	0.0101847307748635
multi-metal__sitA	0	0	0	0	0	0	0	0	0	0	0	0	0	0	0	0	3.8389292288383e-05	0	0	0	0	0	0	0	0	0	0	3.20223934718841e-05	0	0	0	0	0	0	0	0	0	0	0	0	0	0	0	0	0	0	0	0	0	0	0	0	0	0	0	6.45305654217089e-05	0	0	0	0	0	0	0	0	0	0	0	0	0	0	0	0	0	0	0	0	0	0.000121623891766522	0	0	0	0	0	0	0	0	0	0	0	0	0	0	0	0	0	0	0	0	0	0	0	0	0	0	0	0	0	0	0	0	0	0	0	0	0	0	0	0	0	0
multi-metal__sitB	0	0	0	0	0	0	0	0	0	0	7.95281831740122e-05	0	0	0	0	0	0	0	0	0	0	0	0	0	0	9.12203713332289e-05	0	5.26116677920958e-05	0	0	0	0	0	0	0	0	0	0	0	0	0	7.75563752759308e-05	0	0	0	0	0	0	0	0	0	0	0	0	0	0	0	0	0	0	0	0	0	0	0	0	0	0	0	0	0	0	0	0	0	0	0	4.52933907067022e-05	0	0	0	0	4.15379287105901e-05	0	0	0	0	0	0	0	0	0	0	0	0	0	0	0	0	3.56626812904809e-05	0	0	0	0	0	0	0	0	0	0	0	0	7.05093728379974e-05	0	4.45612532897573e-05	0	0	0	0	0
multi-metal__sitC	0	0	0	0	0.000183841781040921	0	0	0	0	0	0	0	0	0	0	0	0	0	0	3.61298817116262e-05	2.59139628293059e-05	0	0	0	0	0	0	0	0	0	0	0	0	0	0	0	0	0	0	0	0	0	0	0	0	0	0	0	0	0	0	0	0	0	0	0.000130666255113888	0	0	0	0	0	0	0	0	0	0	0	0	0	0	0	0	0	4.26009167621702e-05	0	0	0	0	0	0	0	0	4.0459021471354e-05	0	0	0	0	0	0	0	2.2725775020835e-05	0	0	0	0	0	0	0	0	1.70208251613659e-05	0.000131959129493256	0	0	0	3.63237311127003e-05	3.8381072914787e-05	0.000104383360463225	0	0	0	0	0	0	0	4.25357417765865e-05	0	0	0	0	0
multi-metal__sitD	0	0	0	0	0	0	0	0	0	0	0	0	0	0	0	0	0	0	0	0	0	0	0	0	0	0	0	0	0	0	0	0	0	0	0	0	0	0	0	0	0	0	0	0	0	0	0	0	0	0	0	0	0	0	0	0	0	0	0	0	0	0	0	0	0	0	0	0	0	0	0	0	0	0	0	0	0	0	0	0	0	0	0	0	0	0	0	0	0	0	0	0	0	0	0	0	0	0	0	0	0	0	0	0	0	0	3.50341213902286e-05	0	0	0	0	0	0	0	0	0	0	0	0	0
multi-metal__smtA	0	0	0	0	0	0	0	0	0	0	0	0	0	0	0	0	0	0	0	0	0	0	0	0	0	0	0	0	0	0	0	0	0	0	0	0	0	0	0	0	0	0	0	0	0	0	0	0	0	0	0	0	0	0	0	0	0	0	0	0	0	0	0	0	0	0	0	0	0	0	0	0	0	0	0	0	0	0	0	0	0	0	0	0	0	0	0	0	0	0	0	0	0	0	0	0	0	0	0	0	0	0	0	0	0	0	0	0	0	0	0	0	0	0	0	0	0	0	0	0
multi-metal__trgB	0	0	0	0	0	0	0	0	0	0	0	0	0	0	0	0	0	0	0	0	0	0	0	0	0	0	0	0	0	0	0	0	0	0	0	0	0	0	0	0	0	0	0	0	0	0	0	0	0	0	0	0	0	0	0	0	0	0	0	0	0	0	0	0	0	0	0	0	0	0	0	0	0	0	0	0	0	0	0	0	0	0	0	0	0	0	0	0	0	0	0	0	0	0	0	0	0	0	0	0	0	0	0	0	0	0	0	0	0	0	0	0	0	0	0	0	0	0	0	0
multi-metal__troA	0	0	0	0	0	0	0	0	0	0	0	0	0	0	0	0	0	0	0	0	0	0	0	0	0	0	0	0	0	0	0	0	0	0	0	0	0	0	0	0	0	0	0	0	0	0	0	0	0	0	0	0	0	0	0	0	0	0	0	0	0	0	0	0	0	0	0	0	0	0	0	0	0	0	0	0	0	0	0	0	0	0	0	0	0	0	0	0	0	0	0	0	0	0	0	0	0	0	0	0	0	0	0	0	0	0	0	0	0	0	0	0	0	0	0	0	0	0	0	0
multi-metal__troB	0	0	0	0	0	0	0	0	0	0	0	0	0	0	0	0	0	0	0	0	0	0	0	0	0	0	0	0	8.77767709011915e-05	0	0	0	0	0	0	0	0	2.74275972731024e-05	5.38141222128451e-05	0	0	0	0	0	0	0	4.34930223451403e-05	0	0	0	0	0	0	0	0	0	0	0	0	0	0	0	0	0	0	0	0	0	0	0	0	0	0	0	0	0	0	0	0	0	0	0	0	0	0	0	0	0	0	0	0	0	0	0	0	0	0	0	0	0	0	0	0	0	0	0	0	0.000104009663746506	0	0	0	0	0	0	0	0	0	0	0	0
multi-metal__troC	0	0	0	0	0	0	0	0	0	0	0	0	0	0	0	0	0	0	0	0	0	0	0	0	0	0	0	0	0	0	0	0	0	0	0	0	0	0	0	0	0	0	0	0	0	0	0	0	0	0	0	0	0	0	0	0	0	0	0	0	0	0	0	0	0	0	0	0	0	0	0	0	0	0	0	0	0	0	0	0	0	0	0	0	0	0	0	0	0	0	0	0	0	0	0	0	0	0	0	0	0	0	0	0	0	0	0	0	0	0	0	0	0	0	0	0	0	0	0	0
multi-metal__troD	0	0	0	0	0	0	0	0	0	0	0	0	0	0	0	0	0	0	0	0	0	0	0	0	0	0	0	0	0	0	0	0	0	0	0	0	0	0	0	0	0	0	0	0	0	0	0	0	0	0	0	0	0	0	0	0	0	0	0	0	0	0	0	0	0	0	0	0	0	0	0	0	0	0	0	0	0	0	0	0	0	0	0	0	0	0	0	0	0	0	0	0	0	0	0	0	0	0	0	0	0	0	0	0	0	0	0	0	0	0	0	0	0	0	0	0	0	0	0	0
multi-metal__troR	0	0	0	0	0	0	0	0	0	0	0	0	0	0	0	0	0	0	0	0	0	0	0	0	0	0	0	0	0	0	0	0	0	0	0	0	0	0	0	0	0	0	0	0	0	0	0	0	0	0	0	0	0	0	0	0	0	0	0	0	0	0	0	0	0	0	0	0	0	0	0	0	0	0	0	0	0	0	0	0	0	0	0	0	0	0	0	0	0	0	0	0	0	0	0	0	0	0	0	0	0	0	0	0	0	0	0	0	0	0	0	0	0	0	0	0	0	0	0	0
multi-metal__tunR	0	0	0	0	0	0	0	0	0	0	0	0	0	0	0	0	0	0	0	0	0	0	0	0	0	0	0	0	0	0	0	0	0	0	0	0	0	0	0	0	0	0	0	0	0	0	0	0	0	0	0	0	0	0	0	0	0	0	0	0	0	0	0	0	0	0	0	0	0	0	0	0	0	0	0	0	0	0	0	0	0	0	0	0	0	0	0	0	0	0	0	0	0	0	0	0	0	0	0	0	0	0	0	0	0	0	0	0	0	0	0	0	0	0	0	0	0	0	0	0
multi-metal__wtpA	0	0	0	0	0	0	0	0	0	0	0	0	0	0	0	0	0	0	0	0	0	0	0	0	0	0	0	0	0	0	0	0	0	0	0	0	0	0	0	0	0	0	0	0	0	0	0	0	0	0	0	0	0	0	0	0	0	0	0	0	0	0	0	0	0	0	0	0	0	0	0	0	0	0	0	0	0	0	0	0	0	0	0	0	0	0	0	0	0	0	0	0	0	0	0	0	0	0	0	0	0	0	0	0	0	0	0	0	0	0	0	0	0	0	0	0	0	0	0	0
multi-metal__wtpB	0	0	0	0	0	0	0	0	0	0	0	0	0	0	0	0	0	0	0	0	0	0	0	0	0	0	0	0	0	0	0	0	0	0	0	0	0	0	0	0	0	0	0	0	0	0	0	0	0	0	0	0	0	0	0	0	0	0	0	0	0	0	0	0	0	0	0	0	0	0	0	0	0	0	0	0	0	0	0	0	0	0	0	0	0	0	0	0	0	0	0	0	0	0	0	0	0	0	0	0	0	0	0	0	0	0	0	0	0	0	0	0	0	0	0	0	0	0	0	0
multi-metal__wtpC	9.5147059433669e-05	0	1.82797886172228e-05	1.49660639523988e-05	2.10552063537908e-05	2.38717246825479e-05	1.93795731510417e-05	1.96619239522381e-05	0	4.95126345912276e-05	1.72128916542061e-05	3.89593410429442e-05	0	6.90895680942529e-05	4.50220467213385e-05	0	1.87550914804719e-05	0	0	0	3.89195450744714e-05	5.30284660207275e-05	0	0	5.20528538349808e-05	1.99449856756416e-05	0	2.50517185591433e-05	0	0.000111379806748646	2.36968351404499e-05	0	0	2.17395427340012e-05	1.83777422816252e-05	4.48701700407435e-05	0	6.07978406220438e-05	2.57994913818094e-05	2.07675613140269e-05	4.4928605423656e-05	3.69294600877833e-05	0	1.69156177522706e-05	4.74136686878651e-05	0	2.04711849359584e-05	7.38375731713643e-05	0	2.04946243966724e-05	2.52742978547118e-05	3.800184072593e-05	2.35783643362469e-05	2.43679213005284e-05	4.9804387080765e-05	0	0	2.27415312171935e-05	0	0	2.37082411703202e-05	0	0	3.96775146406997e-05	4.44877936775975e-05	2.07571839643705e-05	0	2.52867639944022e-05	2.0058925376921e-05	0	0	2.22800640302444e-05	0	0	2.27067085219471e-05	2.32424690798864e-05	0	0	0	2.35501832642962e-05	3.6896237377516e-05	0	1.81642188256858e-05	2.28146693521123e-05	0	3.50254963616478e-05	4.78733757518158e-05	0	1.69574435649909e-05	0	0	2.22866004989934e-05	0	2.24599487632675e-05	0	1.71979636575176e-05	5.75756919642401e-05	0	1.48884813132853e-05	1.69812418470371e-05	0	0	0	0	0	0	0	2.26198342123125e-05	0	4.50452108270432e-05	1.81192154788177e-05	4.19593415420268e-05	0	0	0	1.83910612133536e-05	2.02205829858648e-05	4.0228828482339e-05	4.13506670179611e-05	0
multi-metal__yfeA	0	0	0	0	0	0	0	0	0	0	0	0	0	0	0	0	0	0	0	0	0	0	0	0	0	0	0	0	0	0	0	0	0	0	0	0	0	0	0	0	0	0	0	0	0	0	0	0	0	0	0	0	0	0	0	0	0	0	0	0	0	0	0	0	0	0	0	0	0	0	0	0	0	0	0	0	0	2.43423367601477e-05	0	0	0	0	0	0	0	0	0	0	0	0	0	0	0	0	0	0	0	0	0	0	0	0	0	0	0	0	0	0	0	4.35968117650803e-05	0	0	0	0	0	0	0	0	0	0
multi-metal__yfeB	0	0	0	0	0	0	0	0	0	0	0	0	0	0	0	0	0	0	0	0	0	0	0	0	0	0	0	0	0	0	0	0	0	0	0	0	0	0	0	0	0	0	0	0	0	0	0	0	0	0	0	0	0	0	0	7.4067754700593e-05	0	0	0	0	0	0	0	0	0	0	0	0	0	0	0	0	0	0	0	0	0	0	0	0	0	0	0	0	0	0	0	0	0	0	0	0	0	0	0	0	0	0	0	0	0	0	0	0	0	0	0	0	0	0	4.04951281491248e-05	0	0	0	0	0	0	0	0	0
multi-metal__yfeC	0	0	0	0	0	0	0	0	0	0	0	0	0	0	0	0	0	0	0	0	0	0	0	0	0	4.3216648226384e-05	0	0	0	0	0	0	0	0	0	0	0	0	0	0	0	0	0	0	0	0	0	0	0	0	0	0	0	0	0	4.23702369190158e-05	0	0	0	0	0	0	0	0	0	0	0	0	0	0	0	0	0	0	0	0	0	0	0	0	0	0	0	0	0	0	0	0	0	0	0	0	0	0	0	0	0	0	0	0	0	0	0	0	0	0	0	0	0	4.70588937211578e-05	0	0	0	0	0	0	0	0	0	0
multi-metal__yfeD	0	0	0	0	0	0	0	0	0	0	0	0	0	0	0	0	0	0	0	0	2.01243438937262e-05	0	0	0	0	0	0	0	0	0	0	0	0	0	0	0	0	0	0	0	0	0	0	0	0	0	0	0	0	0	0	0	0	0	0	0	0	0	0	0	0	0	0	0	0	0	0	0	0	0	0	0	0	0	0	0	0	0	0	0	0	0	0	0	0	0	0	0	0	0	0	0	0	0	0	0	0	0	0	0	0	0	0	0	0	0	0	0	0	4.56518803331313e-05	0	0	0	0	0	0	0	0	0	0
multi-metal__ygiW	0.000397840975229166	0.000628545857327971	0.000251217819547461	0.000831652661477914	0.00149193233124331	0.00222983943973166	0.00059999158475625	0	0	0	0	0	0.00322499680280126	0	0.00167625403857714	0.00129883295130571	9.19052915852183e-05	0.000521487517469299	0.000351134490947804	0	0.000395396916718119	0.000371312222191053	0.0029158595884305	0.000324981623952361	0	0.000390944448570981	0	0.000512648090966182	8.9802388691219e-05	0	0.000116121243423287	0	0	0.000598631754631084	0	0	9.00111191002116e-05	0.000555598728146061	0	0	0	0	0	0	0.000352108257193654	0.000384134372877912	0	0.000639025773531575	0	0	0	0	0	0	0.000363364051325951	0	0.000303025579756817	0	0	0	0.000254527508722594	0.000186095852304246	0	0.000277480992498256	6.94750109588106e-05	0	0	0.000621640268598862	9.82944491404675e-05	0	0	0	0	0.000170574070715729	0.000267046418172642	0.000205010496499511	0.000186254748006429	0	0	6.02401610883638e-05	5.60486432184943e-05	0.000179893317042344	0.000176239497529218	0.000186955742105249	0	0.000167192595603835	0.000333369256247462	0.000185361428813258	0	0	0.000249983525229185	0.000333623062238997	0	0.00062218377295167	0.000514779696285455	0.000160904903934181	0.000155938942000523	0.000282930272830218	0.000216684666497967	0	0	0	0	0.000304242248026929	0	0.000362381296770447	8.2605537057228e-05	0	0.000347952492153142	0	0	9.73955026346641e-05	0.000421545321895742	0	9.54883999066228e-05	0	0	0	0	8.69507126061554e-05
multi-metal__yqjH	0.000274443534778079	0.000545788826162754	0.000969511328825261	0.000436999639968185	0.000893492326320446	0.00291941794550756	0.00021784471362541	0	0.000125825184531866	0	2.59021641690591e-05	0	0.00283006344883637	0	0.0031845930227077	0.00136377987053652	0	0.000694554554181328	0.000144552969998197	0.000136838370892064	0.000753940321147368	0.000530348898203666	0.00441469908052208	4.5278498350318e-05	0	0.00105047081161297	0	0.000912671586058616	0	3.86540549798943e-05	0	9.76914800397242e-05	0.000175683871313052	0.000838192034959676	4.97790814557407e-05	0	0	0.000264255181286363	0	0	0.000146269687554301	0	0	0	0.00050749606261281	0.000304583719019307	8.81251122046262e-05	0.000352942915761223	0	9.25216639429831e-05	0.000109535224718373	0.000208675533698464	0	0	9.63594440707715e-05	0	0.000559784581698893	0.000102665180298091	0	7.69008223944212e-05	0.000370627280639642	8.7626235966881e-05	4.51275470508361e-05	0.000219743805774449	0.000189643074533236	0.000227707942513079	0	0.000381131972422613	0.00033807098727997	0	0	0	7.86369276787371e-05	0	5.69488752664756e-05	8.81383709360101e-05	0	0	0	0	0	0.000499947608268467	0.000230514478395609	8.17317999853166e-05	4.30046168269086e-05	0	0.000218396237163692	0	0	0.000176192792386513	8.52962159574646e-05	8.53759804942317e-05	0	0.000378326341667874	7.33369889585984e-05	2.24598827968256e-05	9.0819720497182e-05	4.89212272131416e-05	3.8001247882607e-05	0.000146421983506263	0.000186477782686633	0	0.000306401308613134	8.47779142577225e-05	0	0.000270103022973157	0.000289184423430265	8.50964891626804e-05	0.000174541922749284	0	0	9.96961837992624e-05	0.00027142936017417	0	0.000261954004153287	0	0	0	0	0.000116596113045892
multi-metal__zinT	0.000375934451678124	0	0.000167160695431569	0.000260276481092162	0.000213613588741614	0.00147636302218794	5.04108155916603e-05	8.76776164388693e-05	5.56244724155771e-05	0	0	0	0.00231526482603304	0	0.000830231114978288	0.000508712672138817	0.000317498743430046	0.000282947948065729	0	0	0.000417278270636413	0	0.00182723928305294	0	0	0.000574109162438496	0	0.00013166069864972	0	0	6.98877853936451e-05	0	0	0.000971586461956856	0	0.00011053953348579	0.000583745579652166	9.68261906202919e-05	0	0	6.88009271088749e-05	9.80226409737459e-05	0	0	0.000241146938595271	3.35408059219824e-05	3.60953565074504e-05	0.000442703706683212	0	0.000107710637106956	0	0	0	0	3.39934705471888e-05	0	0.000343380765834095	0	0.000135568820000648	4.58896836787052e-05	0	0	0	0	5.69130426707335e-05	0.000110192458082461	0.000117026690142736	0.000194862159813494	0.000430675308641381	0	0	0	5.14896465640552e-05	5.64067694165772e-05	0	0	0	0	0	0.000125019491403054	0.000213279484648631	0.000148328702616859	9.4284504851022e-05	0.000167607409613068	3.43877658256651e-05	0	0	0.000111560119193165	0	3.19601090602605e-05	0.000199601043138241	0.000372174436481074	0	0.000209028296302586	0.000198029990075447	0.000180965345099937	0.000181231720588092	0.000128862136274023	0	0	0	0	0.000125658056115693	0	0	0.000105873715795034	8.9489331811997e-05	0	0.000427166662791654	0	0	0	0.000224608726371835	0	3.21831273759358e-05	0	0	0.000109357677426129	0	0
multi-metal__zipB	2.02145485592419e-05	0	0	0	0	4.42927361963132e-05	0	0	0	0	0	0	0	0	0	0	0	0	0	0	0	0	0	0	0	0	0	0	0.000120899008723453	0	0	2.00757572249919e-05	0	0	0	0	0	0	0	0	0	0	0	0	0	0	0	0	0	0	0	0	0	0	0	0	0	0	0	0	0	0	0	0	0	0	0	0	0	0	0	0	0	0	0	0	0	0	0	0	0	3.78416362710432e-05	0	0	0	0	0	0	0	0	3.50570207980518e-05	0	0	0	0	0	0	0	1.59373835317716e-05	0	0	0	0	0	0	0	1.73765692838829e-05	0	0	0	0	0	1.58915021999647e-05	0	0	0	0	0	0	1.82906029754049e-05
multi-metal__zntA	0.000228689507552997	0.00093586967980231	0.00139221551015543	0.000238848566867857	0.000852418388623133	0.00486467484699323	0.000703086677947519	9.88683192396149e-05	0.00022946462686321	0	1.46802520604786e-05	0	0.00355336478467217	7.21518258179205e-05	0.00299662703035159	0.00218360847951864	0.000162240461456857	0.000760556600448891	0.000439230956246184	4.78029924012431e-05	0.000428509963880051	0.000476939672867718	0.00666637734502465	0.00028665273478858	0	0.00115253841532265	7.57086166804977e-05	0.0011286323973669	0.000328539340047929	0.000114171909827659	4.08327978922871e-05	0.000160678462170255	4.61828358518745e-05	0.00075122445159956	3.45461384966069e-05	6.1282721992122e-05	0.000291655298924573	0.000372096073752399	7.07905663404274e-05	0	1.9489836400678e-05	0	0	1.32490266547839e-05	0.000640063632843781	0.000391649785309143	0.000102387885936522	0.000536823603339735	0	2.82519703887098e-05	3.3596467124905e-05	3.21458193681638e-05	0	3.81719714361648e-05	6.58693150602905e-05	3.36947572613353e-05	0.000780752702453606	0	8.12324378123653e-05	1.79222004723969e-05	0.000324060749099015	0.000125589277374723	8.18103495994638e-05	0.000376587933161817	0.00010213501535156	9.65719476899729e-05	0.000244168951117481	0.000221951194489206	0.0001393041824294	0	0.000136618687953631	0	0.00021116095268725	3.32892409671603e-05	3.91266780724261e-05	3.64089679575634e-05	0	0	4.35178306066445e-05	0.000371123434479754	3.21096581103661e-05	0.00018913373879206	0.000151438338454827	9.47655329831083e-05	8.17745713848506e-05	4.90574615278538e-05	3.94699483717396e-05	0	0	0.000183413808467928	0.000168704728774887	0.000221439384192965	0.000104371323008195	0.000554134801454387	0.000458369786652687	0.000161353416251269	0.000174440836444276	0.000260742121172731	0.000233315456847662	0.000117043750727119	4.22151130146211e-05	1.0510973527271e-05	0.000294365242195411	0.000140483442394948	0	0.000137462267065027	5.80947137664768e-05	0	0.00017001267338777	0	0	6.26151960927226e-05	0.000452675953076733	2.8112025672757e-05	8.37741125956738e-05	1.4404656323756e-05	0	0	7.32702851935207e-05	2.77957196036071e-05
multi-metal__zraS	0.000313255077789398	0.000664263683435993	0.000771253638479775	0.000332150064491947	0.000740740774643089	0.00288210262593115	0.000648019584969713	0.00015466816392995	0.000179835713657381	0	0	0	0.00239676604234036	0.000195927119269437	0.00252896675586583	0.00127979175212489	0.00018653809504974	0.000538437136194475	0.000210204635651549	7.52511622316343e-05	0.000223652869621502	0.000328925618182497	0.0049118695127571	0.000433075870198881	0	0.000609326858283481	0	0.00067706803856935	0.000346463409273219	0.000170459009618654	0.00038307524174478	0.000196374581124153	0	0.000616164093468321	0	0.000156116830870253	6.52220134450074e-05	0.000220179706682842	0	0	6.39182806688902e-05	0	0	0	0.000188391625928974	0	0	0.000378511669214147	0	0	0	9.45625471670846e-05	0	2.28342270423303e-05	2.63175255849204e-05	5.35778479750135e-05	0.000461309606548474	5.55186800812001e-05	0	0	0.000267093913060556	9.4688771301472e-05	0.000111177955942578	0.000141522563741482	0.000255737764353758	0.000204744696308056	0.000281138605762255	7.54305134761911e-05	0.000328113212808244	0	0	0	2.3917771307174e-05	5.1355634193983e-05	3.11075576724404e-05	0	0	0	0.0002384415828928	0.000144603189798319	0	0.000124726033149359	4.97689468421817e-05	0.000171501739229614	0	0	0.000169624012963762	2.59107373609931e-05	0	0.00010033838911199	0.000227368528179777	0.000134253659780111	4.06644141707411e-05	0.000550908732487394	0.00026805141632689	0.000112233223967124	8.7191666494916e-05	0.000181713427188254	5.97312570404954e-05	8.24935338702517e-05	0.000108942227134506	0	0.000144734256076377	0.000241467294342041	0	0.000210490608125146	6.92820633383203e-05	0	2.41982688599521e-05	0	0	9.63901297042417e-05	0.000205711907574821	4.33686940572235e-05	0.000323551662135215	2.49432887567492e-05	2.44328420652141e-05	3.74574097459584e-05	9.22732881920983e-05	4.81314267200525e-05
multi-metal__zupT	0.000150688840971967	0.000132885759671681	0.000680365151134409	0.000693922228120686	0.000302704623988207	0.0015177586821511	0.000601807382894293	8.3340035636724e-05	0.000231882625553123	0	0	0	0.00287880236459714	0	0.00220752785464054	0.00141135870310412	0	0.000835326957295181	0.000415082431990828	3.83792128687702e-05	0.00039257035293016	0.000459730294102714	0.00431221286427669	0.000372611874933705	0	0.000512182863166729	0	0.000488453274650959	0.000306166743078778	0	4.34663953981332e-05	0.000279998226448486	8.76934781934426e-05	0.000697462897772466	0	0.000230854405978105	7.99114040768971e-05	0.000220480885057373	0.000105827460569541	0	3.46949422307789e-05	0	0	7.39635934714067e-05	0.000140235432278254	0.00014497682426311	9.68825283739575e-05	0.000393007201088618	0	0	8.69919134610203e-05	0.00015629819684773	0	0	0.000256181143018659	4.84702321174733e-05	0.00120709119562662	0	0	0	0.000408915104850268	9.13100660527835e-05	0	0.000179243558357402	0.000285048791179902	0	0.000214597227343453	0.000325366731592087	0.000179989757842428	0	0.000248433886895923	0	0.000210194532721746	0	0	0	0	0	0	0.000208048000323962	0	7.09773632221544e-05	0.000163888948297815	9.85094296112291e-05	6.80041878539131e-05	9.10069660557165e-05	5.50859186069087e-05	0	0	9.16993119743204e-05	8.43005402848094e-05	0.000257399705685317	7.43188798073914e-05	0.000528923054095275	0.000678278193696347	8.13915856476403e-05	0.00012511939798244	0.000318144067960575	0.000186255302295741	9.54649736210086e-05	4.92783420404137e-05	0	0.000422445760637973	8.46432713382311e-05	0	0.000292755242772695	0.000112819235436136	0	0.000136602523198515	0	0	0.000195094181931226	0.000440223054872922	0	0.000189341978958813	0	0	0	0	0.000185607630100143
Nickel__hoxN	0	0	0	0	0	0	0	0	0	0	0	0	0	0	0	0	0	0	0	0	0	0	0	0	0	0	0	0	0	0	0	0	0	0	0	0	0	0	0	0	0	0	0	0	0	0	0	0	0	0	0	0	0	0	0	0	0	0	0	0	0	0	0	0	0	0	0	0	0	0	0	0	0	0	0	0	0	0	0	0	0	0	0	0	0	0	0	0	0	0	0	0	0	0	0	0	0	0	0	0	0	0	0	0	0	0	0	0	0	0	0	0	0	0	0	0	0	0	0	0
Nickel__hupE	0	0	0	0	0	0	0	0	0	0	0	0	0	0	0	0	0	0	0	0	0	0	0	0	0	0	0	0	0	0	0	0	0	0	0	0	0	0	0	0	0	0	0	0	0	0	0	0	0	0	0	0	0	0	0	0	0	0	0	0	0	0	0	0	0	0	0	0	0	0	0	0	0	0	0	0	0	0	0	0	0	0	0	0	0	0	0	0	0	0	0	0	0	0	0	0	0	0	0	0	0	0	0	0	0	0	0	0	0	0	0	0	0	0	0	0	0	0	0	0
Nickel__hupE2	0	0	0	0	0	0	0	0	0	0	0	0	0	0	0	0	0	0	0	0	0	0	0	0	0	0	0	0	0	0	0	0	0	0	0	0	0	0	0	0	0	0	0	0	0	0	0	0	0	0	0	0	0	0	0	0	0	0	0	0	0	0	0	0	0	0	0	0	0	0	0	0	0	0	0	0	0	0	0	0	0	0	0	0	0	0	0	0	0	0	0	0	0	0	0	0	0	0	0	0	0	0	0	0	0	0	0	0	0	0	0	0	0	0	0	0	0	0	0	0
Nickel__hupN	0	0	0	0	0	0	0	0	0	0	0	0	0	0	0	0	0	0	0	0	0	0	0	0	0	0	0	0	0	0	0	0	0	0	0	0	0	0	0	0	0	0	0	0	0	0	0	0	0	0	0	0	0	0	0	0	0	0	0	0	0	0	0	0	0	0	0	0	0	0	0	0	0	0	0	0	0	0	0	0	0	0	0	0	0	0	0	0	0	0	0	0	0	0	0	0	0	0	0	0	0	0	0	0	0	0	0	0	0	0	0	0	0	0	0	0	0	0	0	0
Nickel__nikA	0.000502087722638203	0.000591884519774845	0.00145554110989046	0.000484964449124998	0.00078583482916707	0.00354489644728657	0.000251480781566622	0.000149730804082082	0.000287073231379568	0	0.000207167881741463	0	0.00390798137589408	0.000250972690614136	0.00325587720600542	0.00214349089159325	0.000222537087716269	0.000931610066737422	0.000232460531003136	5.87110577813925e-05	0.000440741565786095	0.000201912968329304	0.00665089832794795	0.000178271302197786	0	0.000785619283101609	0.000156360220727562	0.000605767128416129	0.000199176214001784	4.52427325695598e-05	5.0703321555817e-05	0.000260922011402282	0	0.000731427745039011	4.77765184078647e-05	5.01685321996576e-05	0.000203257699230031	0.000549965199520014	5.35429976276507e-05	0	0	0	4.56336706200269e-05	1.18452366550251e-05	0.000638595917890044	0.000366388498277533	0.000233264352667207	0.000414020899733031	0	0	0.000116146009988828	4.4905991941786e-05	0	0	0.000264837679698175	0	0.00118170578842427	0	0	7.67781595809859e-05	0.000366870165983472	9.1414260273116e-05	4.46424557988486e-05	0.000270711418047478	0.000183852446303214	9.08456906328683e-05	0.000480938278296517	0.000240439080246207	0	0	0.000252427290506182	0	0.000209648450319076	0	5.5209978311774e-05	0.000101722765438688	0	0	0.000140905683016969	0.000153058213978792	0	8.12266389546156e-05	0.000102463243994934	0.000165719555909532	0.000124657581280015	8.88193323393259e-05	2.75687043970547e-05	0.000233217828236965	0	0.00021760468042977	4.13458756740382e-05	0.000181841161323303	5.46754354308195e-05	0.000928455277000626	0.000589847515378628	0.000228627890912725	4.04658612763487e-05	0.000361871438029056	0.000103756016574322	0.000111108308614431	0.000144046988683478	0	0.000261104089806998	0.000182829205027209	0	0.000107360796993987	0.000186493034997521	0	0.000276580671480964	0	8.14353935847744e-05	9.56855052601623e-05	0.000521409891915011	0	0.000196152125304368	1.97200844664306e-05	0	0	2.22510159150586e-05	0.000141942060235316
Nickel__nikB	0.000459918318697799	0.0013083808384678	0.00147935959329191	0.0011221383166062	0.000918402371978278	0.00314875651022896	0.000348898149663637	3.59007528639592e-05	0.000167596181092131	0	6.49533887475068e-05	0	0.00392566278027141	0	0.00324842946736033	0.00173516031218824	0.000398763596355737	0.000946208954624558	0.000350004073208323	0.000336560203842377	0.00081621262500129	0.000358400721056503	0.0065415770612245	0.000135294012944074	7.69851761814175e-05	0.00102454836537917	0	0.000719978945019081	0.000366588222370715	2.05910757380857e-05	9.5189834576924e-05	0.000401443536703366	0	0.000736080839051649	0	0.000265755728449913	0.000435020591205754	4.18227183896862e-05	2.46173901740544e-05	0	0.000362532681392548	0	2.2664584664936e-05	6.05370812807373e-05	0.000293230209061997	0.000202709766090816	0.000190629760359052	0.00042444570349357	0	2.02074385771012e-05	0	7.49386617117703e-05	0	0	0.000286844266120482	0.000638711080995125	0.000612580323329054	0.00016609525984532	2.56934017367664e-05	0.000208902081939404	0.000404442316161204	0.00015255118593348	7.22639090236904e-05	0.000443998248454345	0.000119848081537226	0.000338831280661712	0.000233375750348339	0.000133151672005042	4.96480880053444e-05	0	0	0	0.000432264049615617	0.000294119985447049	2.3033462289307e-05	0.00010100357900788	0	0	0.000141557037493988	0	0	0.000111717187335214	0.000138560552004571	7.90146017257457e-05	0	0	0.000234632502008564	3.83709964103879e-05	0	9.85547839240187e-05	0.000375346813252822	0.000516919346096034	8.39424646894569e-05	0.000702803269342308	0.00054855975471485	9.6896989051273e-05	0.000185519277217109	4.27390797742325e-05	0.000275404078148835	8.92975367446741e-05	0	8.16776286832526e-05	0.000658001967056362	0.000386277843567098	0	0.000144204047042102	0.000272229967346559	9.08635378549793e-05	0.000311764639085784	2.37932164559586e-05	7.63475027524901e-05	5.48392511649956e-05	0.000180154976277613	0	0.000152598977939947	0	0	6.99078609603045e-05	3.6389623225162e-05	7.05574572358229e-05
Nickel__nikC	0.0001776924497396	0.00118176821673739	0.000980547701608325	0.000529329691225	0.00125316624354874	0.00616928098128066	0.000317685074961191	8.05783973667174e-05	0.00046237792492856	0	0	0	0.0032972642207927	0.000284095860588771	0.00407077547022502	0.0020022808583971	0	0.000614634738139685	8.15005695321089e-05	8.39334977669005e-05	0.00029690454396162	0.000368787136975918	0.00697579772405109	0.000538051204517998	0	0.00054400555126962	0	0.00154933574361154	0.000421455253785504	8.64500305088771e-05	0.000107904722227993	0.000123620280084925	7.97345827357417e-05	0.000690976061790001	0	0.000232470407147011	0.000170698165891067	0.000368737805938749	0	0	0	7.56720633423315e-05	0	0	0.000329549016183363	0.000172806937163798	0.000118033959558543	0.000740050365991558	0	0	0	0	0	0	6.71524443444828e-05	0	0.000387755825630832	0	0	0.000197864543939781	0.000345741719404286	7.77302892115567e-05	7.26269901848128e-05	0.000131985543802224	0	4.29631244509233e-05	0.00055029813467841	0.000500422909765079	0.000128244093571715	0	0	0	8.19403496488317e-05	0.000175060547047087	0	4.81071562182967e-05	0	4.55503413502162e-05	0.000171163070125101	0.000187177196659475	0	4.22132332409833e-05	0	4.56984177077362e-05	0	0.000126227654191563	8.76147359379611e-05	0	0	0	0.000260452149390407	0.00029654166728934	0.000124115212270395	0.000945730062770979	0.000322954696752831	0.000135774330927942	4.20599660983194e-05	0.000548179128961466	0.000175651830078759	6.18599462326724e-05	0	0	0.000296957769687393	0.000117401140233416	0	0.000221256955232596	0.000269824873391263	0	0.00015761197356363	0	0	0.000211175952643968	0.000166637029927861	0	3.49549593882006e-05	0	0	4.30683337418294e-05	0.000104388592786776	7.99820995380809e-05
Nickel__nikD	0.000293133237863325	0.000770876918704328	0.00100544873392999	0.000484023719964761	0.000819562701211189	0.00462214232863858	0.000258963996920166	0.000353274715505096	0.000176912101559842	0	0	0	0.00340249275024182	9.66891278421408e-05	0.004163398066637	0.00274640594531412	0	0.0011818548381921	0.000283245684455927	7.95141884913347e-05	0.000430150720055365	0.000509355920983104	0.00513736750202118	0	0	0.000432193705349337	0	0.000761125126911336	0.000131450898092107	0	0.000177107754732998	0.00018756764167627	0	0.00050144309445996	0	0.000188004245928588	8.9316834395598e-05	0.000382021077294417	0	8.34408998937334e-05	0.000218819452581234	0	0	0	0.000173998650038678	0.000252631312096281	0	0.000852945379756288	3.46960087212813e-05	0	0	9.17049430603116e-05	0	0	2.50534554584006e-05	0	0.00081786708365098	0	0	0.000112481799920198	0.000274300883443696	0	0	0.000142017830806194	0.0001955694206124	0.000205218269178454	0.000197027040240311	0.000164604822872375	0.000214312858007838	0	2.61278717443529e-05	0	8.84665436385792e-05	0.000178440816384284	0.000178819468336733	0	0	9.73629579758243e-05	0	0	3.51638681101552e-05	0.000169411344238302	0.000261492708693833	0.000222270626789337	0	0.00013765771736639	5.34615788890287e-05	0	0	0	0.000203004993978766	0.000158678590009481	0	0.00101425680040106	0.000616573944207475	0.000124777126649031	0.000181639440994364	0.000386477694983819	0.000188455168070888	6.66948301834812e-05	0.000199441478809233	0	0.000218079223212195	0.000121111306082461	0	0.00022418550906772	4.22784244781088e-05	0	6.82219698055578e-05	8.27940095516181e-05	0.000186877044926292	0.000189422749218599	0.000476354660590565	0	0	0	0	0	0.000179942388861431	0.000245652879394398
Nickel__nikE	9.32282911165037e-05	0.00133000721647295	0.00177944985140193	0.000483327918472274	0.00074371784167746	0.0042724211412191	0.00119069640092589	0.00033313755329225	0.000571155403627171	1.78521154404057e-05	0.00015956892926536	0	0.00321994947414092	0.000289694965123564	0.00256605625075854	0.00271579045273931	0.000161382948582103	0.000707139196432675	0.0003582409198488	0.000128813813341264	0.000226588097709689	0.000272265556882541	0.00503786948022792	0.000131366949980743	0	0.00036125892794255	0.000153265081950739	0.00058095059974069	0.000343259578265988	0	0.000203905437145518	0.000274986935493907	0	0.000369734461871558	0	8.18922459745472e-05	0.000292268818034802	7.35018670206798e-05	0.00010575679808605	0	0.000109793957111655	6.00425251576497e-05	0	7.2375279935088e-05	0.000523193968539807	0.000217228567138639	2.43995573117286e-05	0.000781628083618765	4.98235312935631e-05	0	8.34213498488142e-05	0	0	0	6.75810489087396e-05	0	0.000907204029880628	0	0	0.000106605884998994	2.26062376361774e-05	0.000111935266385986	4.27701378765387e-05	0.000296481556627574	0	0.000132329629512161	0.000141956392113441	0.000347610825983713	9.5360286479558e-05	0	0.00014857789753132	0	0.000336227548900462	0.000198215071514014	5.39739340212119e-05	0	4.47174259309872e-05	0	0	0.000161219165033192	0.000131553748526798	0.000228625611136651	0	0	0.000243733479816149	0.000145452675847756	0	0.000182580725076112	0	0.000352630374695761	0.000229586859489092	0.000122600062446488	7.05557932440097e-05	0.000456762446817159	0.000135579511741592	0.000208924089421549	8.60754067398666e-05	0.000224409701069954	0.000255052846929425	7.26560596440394e-05	0	0	0.00019118549811084	0.000660011427363559	0	0.000274765995558813	0.000119408153193918	0	2.8550345572824e-05	0	0	0	0.000349596445337224	0	0.000138956999864115	0	0	8.81390235971782e-05	2.43632019034134e-05	0
Nickel__nikR	0	0.000467908855358563	0.000227249295504334	0.000500123097106446	0.00156114592674323	0.00326828440746486	0.000167082034184419	0.000569574891753256	0.000146346732238036	0	8.07965752501527e-05	0	0.0027475387641349	0	0.00478458275912847	0.00134479196551167	0.000494077319424294	0.000480763013798167	0.000356271224674484	0.000264861914803274	0.000841264151534547	0.000365046855965938	0.00433213424566817	0.000335298500903229	0	0.000674452659583546	0	0.000358534670827398	0.000298441021064051	0	0	6.71647288333262e-05	0	0.000609728791605324	0	0	0.000251373694587057	0.000155423051214247	0	0	7.37463170574527e-05	0	0	0	0.000543940462996851	0	0	0.000900968615086305	0	0	9.33873089368514e-05	0	0	0	0	0	0.000400319859535409	0	0	0	0.000248786286721332	0.000123690777020265	6.33184425706377e-05	0.000775181862298267	0.000388584125621752	0.000302441014273845	0.000182379257365302	0	0.000188311470984896	0	0.000146253759647544	0	0.000588769136405308	0.000229019966052268	0	0	0.000182053513088991	0	9.28339803114291e-05	0	0	0	0.000174004212643718	0	0	0	0	4.80682545180922e-05	0	0.000393763127441944	6.67875784196268e-05	8.07009533858287e-05	0	0.00069528739883882	0.000567144827264341	0.000258948501128982	0.000236516155225061	0.000261599825518694	0.000146628721690354	0.000144940644697417	9.52220594314761e-05	0	0.000208241062766532	7.59970193484141e-05	0	0	0.000214774396348793	0	8.46029700742685e-05	0	0	9.32946393658361e-05	7.23648826495237e-05	0	0.000186669052449037	0	0	0	8.06524041528679e-05	0.000239670159709899
Nickel__nirA	0	0	0	0	0	0	0	0	0	0	0	0	0	0	0	0	0	0	0	0	0	0	0	0	0	0	0	0	0	0	0	0	0	0	0	0	0	0	4.0209428394991e-05	0	0	0	0	0	0	0	0	0	0	0	0	0	0	0	0	0	0	0	0	0	0	0	0	0	0	0	0	0	0	0	0	0	0	0	0	0	0	0	0	0	0	0	0	0	0	0	0	0	0	0	0	0	0	0	0	0	0	0	0	0	2.70366454138584e-05	0	0	0	0	0	0	0	0	0	0	0	0	0	0	0	0	0	0	0
Nickel__nirB	0	0	0	0	0	0	0	0	0	0	0	0	0	0	0	0	0	0	0	0	0	0	0	0	0	0	0	0	0	0	0	0	0	0	0	0	0	0	0	0	0	0	0	0	0	0	0	0	0	0	0	0	0	0	0	0	0	0	0	0	0	0	0	0	0	0	0	0	0	0	0	0	0	0	0	0	0	0	0	0	0	0	0	0	0	0	0	0	0	0	0	0	0	0	0	0	0	0	0	0	0	0	0	0	0	0	0	0	0	0	0	0	0	0	0	0	0	0	0	0
Nickel__nirC	0	0	0	0	0	0	0	0	0	0	0	0	0	0	0	0	0	0	0	0	0	0	0	0	0	0	0	0	0	0	0	0	0	0	0	0	0	0	0	0	0	0	0	0	0	0	0	0	0	0	0	0	0	0	0	0	0	0	0	0	0	0	0	0	0	0	0	0	0	0	0	0	0	0	0	0	0	0	0	0	0	0	0	0	0	0	0	0	0	0	0	0	0	0	0	0	0	0	0	0	0	0	0	0	0	0	0	0	0	0	0	0	0	0	0	0	0	0	0	0
Nickel__nirD	0	0	0	0	0	0	0	0	0	0	0	0	0	0	0	0	0	0	0	0	0	0	0	0	0	0	0	0	0	0	0	0	0	0	0	0	0	0	0	0	0	0	0	0	0	0	0	0	0	0	0	0	0	0	0	0	0	0	0	0	0	0	0	0	0	0	0	0	0	0	0	0	0	0	0	0	0	0	0	0	0	0	0	0	0	0	0	0	0	0	0	0	0	0	0	0	0	0	0	0	0	0	0	0	0	0	0	0	0	0	0	0	0	0	0	0	0	0	0	0
Nickel__nixA	0	0	0	0	0	0	0	0	0	0	0	0	0	0	0	0	0	0	0	0	0	0	0	0	0	0	0	0	0	0	0	0	0	0	0	0	0	0	0	0	0	0	0	0	0	0	0	0	0	0	0	0	0	0	0	0	0	0	0	0	0	0	0	0	0	0	0	0	0	0	0	0	0	0	0	0	0	0	0	0	0	0	0	0	0	0	0	0	0	0	0	0	0	0	0	0	0	0	0	0	0	0	0	0	0	0	0	0	0	0	0	0	0	0	0	0	0	0	0	0
Nickel__nrsA	0	0	0	0	0	0	0	0	0	0	0	0	0	0	0	0	0	0	0	0	0	0	0	0	0	0	0	0	0	0	0	0	0	0	0	0	0	0	0	0	0	0	0	0	0	0	0	0	0	0	0	0	0	0	0	0	0	0	0	0	0	0	0	0	0	0	0	0	0	0	0	0	0	0	0	0	0	0	0	0	0	0	0	0	0	0	0	0	0	0	0	0	8.87948437774649e-06	0	0	0	0	0	0	0	0	0	0	0	0	0	0	0	0	0	0	6.00636401447169e-06	0	0	0	0	0	0	0	0
Nickel__nrsR	0.00069510057668864	0.00167677094034345	0.000349347071351369	0.000349382123393367	0.00071191791739826	0.000691341469353378	0.000540353294913432	0.000919169737172322	0.000713704769147559	0.000723788844471013	0.000652291765023211	0.000367224598226807	0.000459142767321237	0.000555236050371136	0.000728048823904037	0.00047423024424822	0.000496288574560179	0.000430183305656493	0.000177051509626459	0.000482735363980338	0.00057828076191849	0.000454545646674449	0.00267041686213163	0.000568717841916631	0.000380059982359797	0.000384428707761465	0.000695636196584265	0.000753749827234759	0.000564757244435888	0.000583316039190026	0.000587057397306619	0.00118341955974275	0.000198404620620395	0.000432445027953386	0.000435511652647225	0.00064520044719911	0.000579663442731521	0.000679688679774643	0.000655777973386206	0.000268664793204369	0.000515689410576059	0.000542894626931516	0.000394154561619134	0.000155835730950832	0.000627319308793292	0.000630272287105383	0.000620159425453068	0.000476332161325495	0.000178036085155665	0.000188807457119886	0.000525483203748514	0.000636871874319689	0.000800585256337875	0.000254342781984661	0.00107942343399073	0.000439716145912883	0.000711531417744956	0.000556085510344525	0.00024900395510323	0.000267862859482035	0.000346539800608226	0.000754722067678329	0.00040087399069561	0.000320811357693179	0.000647575719430889	0.000593004951342227	0.000373176018916696	0.000609169090370799	0.000465260392598213	0.000393328239252793	0.000305125490715661	0.000750163060207734	0.000295843181200066	0.000742486644812668	0.000530383858315109	0.000435077831460073	0.000338644996375326	0.000378523336620297	0.000618401261325826	0.000223881058451007	0.000221984769736331	0.00127824195831754	0.000637903905198348	0.000657807240740693	0.000574166768763367	0.000565385588998477	0.000563023632773491	0.00051174045256268	0.000649148331917661	0.000354019669590578	0.000812909389448978	0.000808783181185449	0.000183653385677881	0.000661392700600365	0.000318420430692034	0.000417160862051581	0.000345535203538834	0.000840082003786422	0.000376293884710922	0.000224674892130029	0.000610495480519135	0.00035620521397974	0.000347976155397305	0.000204706203919353	0.000746572106134956	0.000185686209240521	0.00055070358038152	0.000332530896112628	0.00026832157355093	0.000529762479470183	0.000220265808154727	0.000700165446718085	0.00114577730861746	0.000361434151611123	0.000537917986140642	0.000468631485732863	0.000442917180138242	0.000499629481946881	0.000515211813633905	0.000681113915414884
Nickel__nrsS	1.43086945484537e-05	0	0	0	1.47719672575135e-05	0	0	0	0	0	0	0	1.18089160394156e-05	0	0	0	0	0	0	2.74157362327207e-05	0	0	0	0	0	0	0	1.58182657568746e-05	0	1.31864859311448e-05	0	6.94125939013529e-05	0	2.57378947566645e-05	1.39249853411433e-05	0	0	0	0	1.41621959974069e-05	0	0	0	1.11081707177906e-05	0	0	0	0	0	0	0	0	0	1.60019594795834e-05	0	0	0	0	1.64540058438258e-05	0	0	4.10312661137775e-05	0	0	0	0	1.40600749070167e-05	0	0	0	2.62112205680854e-05	0	1.29985550257904e-05	1.34183504338994e-05	1.59306325084634e-05	0	0	0	0	1.48701597704073e-05	0	0	1.32534486194268e-05	0	0	1.30093836360962e-05	3.3092161119425e-05	0	0	0	0	0	1.05175947745042e-05	0	0	0	0	0	0	0	0	0	0	0	0	0	0	1.65044703210086e-05	1.28879766747498e-05	0	0	1.50598332267696e-05	0	0	0	0	0	1.31386877163951e-05	0	0
Selenium__sodA	4.2450551974408e-05	0.00039788318721113	0.000595739055279737	0.000896708431391026	0.000815194598534831	0.00500950846380302	0.000976253837116876	0.000217795577034695	0.000207635894702341	0	5.32293664962865e-05	0	0.00306996504926357	5.89683562849762e-05	0.00368789687154698	0.00103618360449415	0.00032943139469187	0.00110196648844461	0.000197503887373554	0	0.00038298775631536	0.000358296592817569	0.00508092179180822	0.000195970580139557	0	0.000584708663129705	0	0.000665159610830535	0.000113342820678238	0.00011624591481048	0.00013923275303666	0	0	0.000960893065430897	3.31441689925699e-05	0.000115905530256945	0.000301404381373801	0.000454508128922075	5.5590510713075e-05	0	0	0.000101753211387504	0	0	0.000254130136524937	0.00034917793238613	0	0	0.000117970512736642	0	0	0	0	0	5.82179437332438e-05	0	0.000906847257987348	0	0	0.000454284281488679	0.000644758936016142	0	0	0.00016091130764134	0.000287418195282674	0.000206819475694187	0.000246654665543559	0.000269704364106909	3.96995056722665e-05	0	0.00026994718778121	0	0.000308509394114727	0	0	0	0	0	0.000119873003703107	0.000131088398752717	0	0.000422312660784842	5.61712628194526e-05	0.000100776102894517	0	3.4405399053132e-05	0	9.54903338447536e-05	0	9.12901407774163e-05	0.00020298015042072	5.31663701224253e-05	4.5431924923033e-05	0.000979842522016917	0.000622929289169367	0.000203083859334403	0.000141390905451875	0.000271441566527286	0.000171167499131227	0	0	0	0.00024065995054771	0.000209063982732636	0	0.000122114538217961	0.000407654315399893	6.99498648780609e-05	0.000253447499476857	0	0	0	0.000868629510250073	0	0	0	0	0	0.000103011402222685	0.000108646181673905
Selenium__sodB	0.000226549577894509	0.000688144737044772	0.000490825920404413	0.000309433065262446	0.000179302597803842	0.00163244665936213	9.09601519780153e-05	0.000116816957505525	0.000123261525195306	0	0	0	0.00213005433981183	6.70451214621029e-05	0.00127127428571428	0.000383315637837939	0.00044819305927465	0.000348599953780113	3.59914830775515e-05	0.000243361897539451	0.000493019314881202	0.000546744831326024	0.00283894572269705	0.000243221710499752	4.02038622366208e-05	0.000275180328178071	0	0.000407819479190088	0.000100411168287902	0	0	6.42840309069688e-05	0	0.000400801699136062	0	0	0.000108885185841855	5.67026492848077e-05	0	0	0	0.000167847266264267	3.68739874859581e-05	0	0.000368024531817559	0.000155514143815912	0	0	0	0	8.10872809929407e-05	3.32511631335316e-05	0	0	0	0	0.000760630513306355	0	0	6.94848974446228e-05	6.0367394245671e-05	0	0.00012120542403418	3.78860058375297e-05	0	0	0	0.000255885314938507	0.000254241393838971	0	0	0	0	0	0	0.000276179943470843	0	0.000639371024550345	0.000112593668970463	0	0	0	0.000170271687046075	0	0	4.4067433398623e-05	0	5.86053370150833e-05	0	0	0	0.000225855147854788	0.000154383032603002	0.000496649981007435	0.000235928091134512	5.47381522778132e-05	0	0.000414628946249578	0.000179634956682253	0.000191691531454636	0.000129926306376606	0	7.17514542692972e-05	0	0	5.80604874598257e-05	0.000332733391234658	0	0.0001737385552292	0	4.47166928038419e-05	0	0.000419298520636914	0	0.000228974256356399	0	0	0.000123626201517997	6.04120846605735e-05	0
Silver__silA	3.57612338061398e-05	8.32790209308e-05	1.93555998655646e-05	8.64604366349267e-06	8.83104286848987e-05	0.00015593156344165	0	0	4.37947182056689e-05	0	0	0	0.000142420936099187	0	0.000100077130237147	7.22525019638172e-05	1.89247728283303e-05	2.42581264089965e-05	0	0	3.39909385621781e-05	9.37261789327009e-06	0.000192249104601527	0	0	4.77675922132768e-05	0	2.68620717578193e-05	0.000108945378799633	0	0	1.16017954253283e-05	0	3.32264432959795e-05	0	0	4.53456077878656e-05	1.16026413400847e-05	0	0	0	0	0	0	0	0	0	2.8513836069768e-05	0	0	0	0	1.24830050044153e-05	0	2.33542927423435e-05	0	1.43895585568562e-05	0	0	7.7890886531435e-06	9.33851331594292e-06	0	0	0	0	2.27114226582171e-05	1.2181820625545e-05	1.3387476628408e-05	1.21930137292565e-05	0	0	0	0	0	0	0	0	0	0	1.26260142844458e-05	0	6.67218819984343e-05	0	0	1.02144171951852e-05	0	0	0	0	0	3.08026773771584e-05	4.15935529923417e-05	0	1.15192962407026e-05	2.17242946512218e-05	0	0	0	9.21022610895246e-06	0	0	0	2.61632640596081e-05	2.05473189136083e-05	0	1.06924370989946e-05	0	0	0	0	0	0	9.37113393089524e-06	9.81774942388268e-06	1.18449351029208e-05	0	1.10621509973561e-05	0	1.09029977983787e-05	0
Silver__silB	0	0	0	0	0	0	0	0	0	0	0	0	0	0	9.35194795053767e-05	0	0	0	0	0	0	0	0	0	0	0	0	0	0	0	0	0	0	0	0	0	0	0	0	0	0	0	0	0	0	0	0	0	0	0	0	0	0	0	0	0	0	0	0	0	0	0	0	0	0	0	0	0	0	0	0	0	0	0	0	0	0	0	0	0	0	0	0	0	0	0	0	0	0	0	0	0	0	0	0	0	0	0	0	0	0	0	0	0	0	0	0	0	0	0	0	0	0	0	0	0	0	0	0	0
Silver__silC	0	0	0	0	0	0	0	0	0	0	0	0	0	0	5.89396965869027e-05	0	0	0	0	0	0	0	0	0	0	0	0	0	0	0	0	0	0	0	0	0	0	0	0	0	0	0	0	0	0	0	0	0	0	0	0	0	0	0	0	0	0	0	0	0	0	0	0	0	0	0	0	0	0	0	0	0	0	0	0	0	0	0	0	0	0	0	0	0	0	0	0	0	0	0	0	0	0	0	0	0	0	0	0	0	0	0	0	0	0	0	0	0	0	0	0	0	0	0	0	0	0	0	0	0
Silver__silE	0	0	0	0	0	0	0	0	0	0	0	0	0	0	0	0	0	0	0	0	0	0	0	0	0	0	0	0	0	0	0	0	0	0	0	0	0	0	0	0	0	0	0	0	0	0	0	0	0	0	0	0	0	0	0	0	0	0	0	0	0	0	0	0	0	0	0	0	0	0	0	0	0	0	0	0	0	0	0	0	0	0	0	0	0	0	0	0	0	0	0	0	0	0	0	0	0	0	0	0	0	0	0	0	0	0	0	0	0	0	0	0	0	0	0	0	0	0	0	0
Silver__silF	0	0	0	0	0	0	0	0	0	0	0	0	0	0	0	0	0	0	0	0	0	0	0	0	0	0	0	0	0	0	0	0	0	0	0	0	0	0	0	0	0	0	0	0	0	0	0	0	0	0	0	0	0	0	0	0	0	0	0	0	0	0	0	0	0	0	0	0	0	0	0	0	0	0	0	0	0	0	0	0	0	0	0	0	0	0	0	0	0	0	0	0	0	0	0	0	0	0	0	0	0	0	0	0	0	0	0	0	0	0	0	0	0	0	0	0	0	0	0	0
Silver__silP	5.48824993383418e-05	0	0	3.99869980553412e-05	1.10689362420864e-05	1.99317312883409e-05	2.42715042377124e-05	1.20389514943801e-05	0	2.09025740010964e-05	4.36480805269549e-05	9.56739957079727e-06	7.80764254644856e-06	0	0.000205762486395325	0	1.2469674270907e-05	1.80752421747137e-05	0	5.5290996163059e-05	1.21859740645796e-05	1.02175834453679e-05	1.36613898045765e-05	1.39572070157534e-05	1.0865401528661e-05	3.70068774132725e-05	1.76711088733977e-05	1.28987974846592e-05	2.55021346526034e-05	1.1624591481048e-05	0	2.58977268202395e-05	1.53165599291265e-05	2.1271245545253e-05	3.95888685189029e-05	9.36610345510665e-06	2.2315516697868e-05	3.1284325756974e-05	5.45481886372048e-05	8.66995278158406e-06	2.77741995066701e-05	4.08554560874069e-05	1.58916146068124e-05	1.41237196766531e-05	0	0	0	2.79241810131796e-05	1.42601718692645e-05	3.33684321487569e-05	1.38675620406713e-05	0	3.52457040328551e-05	5.222148053466e-05	4.93070339781554e-05	0	0	0	0	2.58276889008361e-05	2.48854326181669e-05	6.31235324260153e-05	2.32790903005453e-05	1.39022637116599e-05	0	1.35761387676352e-05	3.53249144120173e-05	2.45185785551736e-05	9.30457164193745e-06	1.87651938610507e-05	9.44259710345796e-06	0	2.2311840110083e-05	0	5.23127944984231e-05	4.9486150186593e-05	5.31301851783564e-05	3.18498600392483e-05	8.99047527773306e-06	3.9326519625815e-05	0	6.18710753031557e-05	2.75239187815318e-05	0	2.81033083361089e-05	9.28945774434564e-05	8.76577736896643e-05	0	3.39807412797487e-05	2.19558566426697e-05	1.7616152951021e-05	8.50661921958805e-06	8.1128437362559e-06	7.61839281472484e-06	1.89781324657334e-05	0	0	4.01130314979211e-05	7.64994409525039e-06	4.32444634609498e-05	0	2.08535673815324e-05	1.34446899747324e-05	3.49328848698665e-05	2.39285367578661e-05	3.69118945067928e-05	5.2390356390907e-05	0	1.1197572713956e-05	0	3.25848176796065e-05	5.10144404576711e-05	6.79361719048493e-05	8.49092348232494e-06	9.03895047659779e-06	2.68723758505798e-05	2.08226197608485e-05	8.62892882779867e-05	2.29228669781249e-05	1.5089747454709e-05
Silver__silR	0	0	0	0	0	0	0	0	0	0	0	0	0	0	0	0	0	0	0	0	0	0	5.23955630456942e-05	0	0	0	0	0	0	0	0	0	0	0	0	0	0	0	0	0	0	0	0	0	0	0	0	0	0	0	0	0	0	0	0	0	0	0	0	0	0	0	0	0	2.86093490546759e-05	0	0	0	0	0	0	0	0	0	0	0	0	0	0	0	0	0	0	0	0	0	0	0	0	0	0	0	0	0	0	0	0	0	0	0	0	0	0	0	0	0	0	0	0	0	0	0	0	0	0	0	0	0	0	0
Silver__silS	0	0	0	0	0	0	0	0	0	0	0	0	0	0	9.95001694775516e-05	0	0	0	2.4958164105948e-05	0	0	0	0	0	0	0	0	0	0	0	0	0	0	0	0	0	0	0	0	0	0	0	0	0	0	0	0	0	0	0	0	0	0	0	0	0	0	0	0	0	0	0	0	0	0	0	0	0	0	0	0	0	0	0	0	0	0	0	0	0	0	0	0	0	0	0	0	0	0	0	0	0	0	0	0	0	0	0	0	0	0	0	0	0	0	0	0	0	0	0	0	0	0	0	0	0	0	0	0	0
Tellurium__klaB	0	0	0	0	0	0	0	0	0	0	0	0	0	0	0	0	0	0	0	0	0	0	0	0	0	0	0	0	0	0	0	0	0	0	0	0	0	0	0	0	0	0	0	0	0	0	0	0	0	0	0	0	0	0	0	0	0	0	0	0	0	0	0	0	0	0	0	0	0	0	0	0	0	0	0	0	0	0	0	0	0	0	0	0	0	0	0	0	0	0	0	0	0	0	0	0	0	0	0	0	0	0	0	0	0	0	0	0	0	0	0	0	0	0	0	0	0	0	0	0
Tellurium__klaC	0	0	0	0	0	0	0	0	0	0	0	0	0	0	0	0	0	0	0	0	0	0	0	0	0	0	0	0	0	0	0	0	0	0	0	0	0	0	0	0	0	0	0	0	0	0	0	0	0	0	0	0	0	0	0	0	0	0	0	0	0	0	0	0	0	0	0	0	0	0	0	0	0	0	0	0	0	0	0	0	0	0	0	0	0	0	0	0	0	0	0	0	0	0	0	0	0	0	0	0	0	0	0	0	0	0	0	0	0	0	0	0	0	0	0	0	0	0	0	0
Tellurium__tehA	8.63124469754976e-05	0.000373329939276047	0.000179488583286686	0.000344469812338558	0.000467420854857444	0.00102523993812368	3.7709908806229e-05	0	0.000143450457589554	0	0.000117627221890157	0	0.00261303972522406	0	0.000778907736961448	0.000864417759649455	6.66174113551037e-05	0.000616303429736445	7.51770155191281e-05	6.5471725041068e-05	0.000142721846894306	0.000209206569162613	0.00276934366861515	7.11239244340184e-05	0	0.000153238377038353	8.29798827531273e-05	0.000924453963411586	0	0	0	0.000448901231826173	0	0.000681979337175953	0	9.64708655875985e-05	0.000136046490464389	0.000257193289419312	0	0	4.50333341076272e-05	5.13282192735251e-05	0	0	0.000493454396662719	0.000282265483603176	7.54509387639608e-05	0.000762456520283042	0	0	0	7.0585016779755e-05	0	0	0.000148335144205915	0	0.000900898492089513	0	8.33031413436261e-05	4.32884502723187e-05	0.000199124593891811	3.66552436356847e-05	0	0.000255550676547329	3.8012421820898e-05	3.53417265559019e-05	0.000153198576186854	0.000389440883758168	0.000207550218669932	0	6.86532354110238e-05	0	0	0.000146206346327768	0	7.99540936348091e-05	5.03976728612438e-05	0	0	0.000324050521716716	0	0.000141734128578816	7.01289705503469e-05	0	0.000198603139527905	0.000158932091868468	7.52943087847803e-05	0	0	0	0.000187765403394365	0.000134082363244507	5.72998563314988e-05	0.000587514826399139	0.000816743044111756	6.40270508461694e-05	0	7.53090406796241e-05	0.000118191636271618	0.000175246415861423	0	0	0	6.59191537391679e-05	0	8.38519829096666e-05	0.000224536868910102	7.33583310212101e-05	0.000199811705504495	0	0	0.000102826039751264	0.000499975552851255	4.92624915334603e-05	0.000214414861608508	0	0	0	0	2.60325163802671e-05
Tellurium__tehB	0.000182632802577061	0.000636932263841643	0.000126650469292931	0.000208023730746276	0.000322727742735826	0.00131445552167402	0.000276363862126868	0	3.41539907786204e-05	0	0.000109095883332694	0	0.002353506176783	0	0.00114615570077021	0.000648345952915766	0.000120083360680382	6.51759126201824e-05	0	0	0.000362863372750166	0.000260698788983743	0.00359994958139684	0.00010484460738903	0	6.44959115662786e-05	0	0.000144358938621012	2.96302297712144e-05	0	0	0.000124697967364411	0	0.000393849888414469	0	0	0.0005430692609962	0.000183936614267706	0	0	0	0	0	0	0.000482071314256905	0.000323100845444245	6.38332815261936e-05	0.000559728049452392	0.00013556047093071	0	0.000126096569427424	0	0	0	0.000339175460444438	0	0.0003889965901304	0	0	0	5.91416603523579e-05	6.14021847704363e-05	0	0.000294459524896969	6.24021178521748e-05	0	0.000190526148049641	7.12186573937642e-05	0	0	4.18192296919942e-05	0	0	0	0	0	0	0	0	0.000135706436759538	0	3.56133977901087e-05	0	0	0	0	0	9.6108355040957e-05	0	0	0.000219951663484223	5.55952905848711e-05	4.75074950971817e-05	0.000610351957889099	0	0.000158735084432838	0	0.000357010726348736	0.000382972899255752	0	0.000128573948267881	0	0.000389431928598061	5.57691655999728e-05	0	0.00021359619089126	0.000161353353602139	0.000438873263904991	0.000109666063137894	0.000139055447781525	0	0	0.000326035544526099	0	9.45189745268602e-05	0	0	0	0	0.000150332044231759
Tellurium__terA	0	0	0	0	0	0	0	0	0	0	0	0	0	0	0	0	0	0	0	0	0	0	0	0	0	0	0	0	0	0	0	0	0	0	0	0	0	0	0	0	0	0	0	0	0	0	0	0	0	0	0	0	0	0	0	0	0	0	0	0	0	0	0	0	0	0	0	0	0	0	0	0	0	0	0	0	0	0	0	0	0	0	0	0	0	0	0	0	0	0	0	0	0	0	0	0	0	3.44555522401466e-05	2.44053526224581e-05	0	0	0	0	5.50946712667578e-05	0	0.000190909985224744	0	0	0	0	0	0	0.000320412061524882	0	0	0	0	0	0	0
Tellurium__terB	0	0	0	0	0	0	0	0	0	0	0	0	0	0	0	0	0	0	0	0	0	0	0	0	0	0	0	0	0	0	0	0	0	0	0.000101565647180024	0	0	0	0	0	0	0	0	0	0	0	0	0	0	0	0	0	0	0	0	0	0	0	0	0	0	0	0	0	0	0	0	0	0	0	0	0	0	0	0	0	8.01891612546309e-05	0	0	0	0	0.000191689600127088	0	0	0	0	0	0	0	0	0	0	0	0	0	0	0	0	0	0	0	0	0	9.00534887147102e-05	0	9.37242729988822e-05	0	0	0	0	0	0	0	0	0	0	0	0	0	0
Tellurium__terC	0	0	0	0	0	0	0	0	0	0	0	0	0	0	0	0	0	0	0	2.10409571239673e-05	0	8.02995748689148e-05	0	0	0.000126792327202664	1.83608303158336e-05	0	0.000165215842551514	0	0	0	0	0	9.99641979473872e-05	0	0	6.34972858581179e-05	0	0	0	0	0	0	0	0	1.94431426566735e-05	0	0	0	2.03761583596974e-05	0	0	3.78097955047031e-05	0	3.53689288930288e-05	0	0	0	0	0	0	0	6.15240133616271e-05	0	0	0	0	0	0	0	0	2.21512775329598e-05	0	0	0	0	2.75679211885501e-05	0	0	0	0	6.75899746112853e-05	0	0	0	0	4.17514482776205e-05	0	0	0	0	0	0	0	0.000105679998432953	1.64878908392881e-05	0	0	0	0	0	0	0	0.000283236440921665	0	0.000173828729678736	0	0	0	0	0	0	0.000336069446755509	0	0	0	0	0	0	1.76414451588211e-05
Tellurium__terD	0	0	0	7.72248899943777e-05	0	6.84322774233039e-05	0.000113424335081236	5.5189928204824e-05	0	0.000210312796650846	0	0.000136866966082239	0.00116718834095415	0	0	0.00022325434844112	5.72493378832922e-05	0	0.000319149923696048	0.000150447085564818	0.000110822246279764	5.55439188960696e-05	3.82890653026227e-05	0	0	0.000116468866970105	0	0	0	3.99110974182649e-05	0.000144667715764845	6.33264666965837e-05	0	0.000175275063292885	0	3.76839318701557e-05	0	0.000122862302923713	0	0	6.96609386977358e-05	0	0.000139368308535469	0	0.000100021173394629	4.17762716617548e-05	0	7.31498702839839e-05	0	0.000242348933490651	0.000183720074643893	6.0658998795102e-05	0	0	0.000161893903480987	5.19035402257943e-05	0	0.000198293518029918	7.4701186530969e-05	7.28836152544141e-05	3.76227208095677e-05	0	0	0.000126944429282001	0.000130667700009337	0	0	3.79981211636313e-05	0	7.54206898767231e-05	0	0.000252387607052285	5.6743692131816e-05	0	9.94469734340829e-05	0	3.31197942056887e-05	0	6.94514215204879e-05	0	0	0.000210718786473037	0	0	0	0	0	0	3.40279367537484e-05	0	0	0.000171129253831557	0	0.000168508105174411	5.74925777638395e-05	9.46399845319942e-05	0.000219662554194941	0	0.000229817070528147	0	0	6.54527080687773e-05	0.000144250319520566	0.000739301620060806	2.98141849120187e-05	0.000304916301489697	0	0.000219147097507558	0	0.000132588433059362	0	0	0.00015345231811841	3.10813583844419e-05	0	0	0.000119554196903926	9.94160703873896e-05	0	5.06306753612926e-05
Tellurium__terE	0	0	0	0	0	0	0	0	0	0	0	0	0	0	0	0	0	5.78120581995356e-05	0	0	0	0	0	0	5.46872914636273e-05	0	0	0.000279739818549428	0	0	0	0	0	0	0	0	0	0	0	0	0	0	0	0	0	0	0	0	0	0	0	0	0	0	0	0	0	0	0	0	0	0	0	0	0	0	0	0	0	0	0	0	0	0	0	0	0	0.000129477441496646	0	0	0	0	0	0	0	0	0	0	0	0	0	0	2.59999348101042e-05	0	0	0	0	0	0	0	0	0	0	0.000205925454089198	0	4.78926127994288e-05	0	0	0	0	0	0	3.80497475711407e-05	0	0	0	0	0	0	0
Tellurium__terW	0	0	0.000120399323654083	0	0	0	0	0	0	0	0	0	0	0	0	0	0	0	0	0	0	0	0	0	0	0	0	0	0	0	0	0	0	7.53871239969398e-05	0	0	0	0	0	0	0	0	0	0	0	0	0	0	0	0	0	0	0	0	0	0	0	0	0	0	0	0	0	0	0	0	0	0	0	0	0	0	0	0	0	0	0	0.000162805736180773	0	0	0	7.39303502941762e-05	0	0	0	0	0	0	0	0	0	0	0	0	0	0	0	0	0	0	0	0	0	0.000404020619691674	0	0	0	0	0	0	0	0	0.000235702760629877	0	0	0	0	0	0	0
Tellurium__terZ	0	0	0	0	0	0	0	0	0	0	0	0.000134796232709388	0	0	0	0	0	0	0	0	0	4.50773664125179e-05	0	0	0	0	0	0	0	0	0	0	0	0	0	0	0	0	0	0	0	0	0	0	0	0	0	0	0	0	0	0	0	0	0	0	0	0	0	0	0	0	0.000119993369793838	0	0	0	0	0	0	0	0	0	0	0	0	0	0.000125456566014693	0.000129443213559272	0	0	0	0	0	0	0	0	0	0	0	0	0	0	0	0	0	0	0	0.000128766753493658	0	0	0	0	0	0.000456538525896482	0	0.000340068569407551	0	0	0	0	0	0	0.000298190452783048	0	0	0	0	0	0	0
Tellurium__trgA	0	0	0	0	0	0	0	0	0	0	0	0	0	0	0	0	0	0	0	0	0	0	0	0	0	0	0	0	0	0	0	0	0	0	0	0	0	0	0	0	0	0	0	0	0	0	0	0	0	0	0	0	0	0	0	0	0	0	0	0	0	0	0	0	0	0	0	0	0	0	0	0	0	0	0	0	0	0	0	0	0	0	0	0	0	0	0	0	0	0	0	0	0	0	0	0	0	0	0	0	0	0	0	0	0	0	0	0	0	0	0	0	0	0	0	0	0	0	0	0
Tungsten__tupA	7.25094443215213e-05	0	0	5.68836019539006e-05	4.68984135308472e-05	2.87128436741135e-05	0	6.77946804432416e-05	2.10050455275606e-05	0	6.4411255793828e-05	0	0	0	0	0	0	0	0	4.18778174384758e-05	0.000138765091279509	2.74755344116002e-05	0	0	0	2.22127527597148e-05	0	0	0	7.61939132530512e-05	2.74468393545952e-05	2.68958990850625e-05	0	4.08566581102296e-05	0.000126438866897581	0	0	0	0	0	0	2.2949636502105e-05	2.4883495051713e-05	1.76332500205487e-05	2.29955758355312e-05	0	0	0	0	0	0	0	0	2.73556897397075e-05	0	0	5.38042577693211e-05	0	0	0	2.28129649303221e-05	3.46814997476094e-05	2.29018920098149e-05	0	0	0	0	2.45281040324677e-05	0.000185865867465611	0	4.24081757200963e-05	0	0	4.4304953432657e-05	5.0576973138758e-05	0	0	0	0	0	2.13675179425345e-05	8.8311264729878e-05	0	5.93088765201312e-05	0	2.06512593384184e-05	0.000109102665680988	8.59746886888953e-05	0	2.08083661593208e-05	0	1.91473291000343e-05	0	5.23411043731391e-05	0	0	0	7.12539384891828e-05	0	0	0	0	0	0	2.37216203184982e-05	0	2.92874176839263e-05	2.5191734553987e-05	1.96716696151708e-05	0	0	4.69269239967018e-05	6.79911809509261e-05	0	0	0	0	0	3.66908360333623e-05	1.97615255923081e-05
Tungsten__tupB	0	0.000108734916929531	0	0	0	0	0.000146196779911367	8.9984922134629e-05	0	2.76989664833242e-05	0	0	0	0	0	0.00016223666250597	0	0	0	5.15009278784145e-05	5.03320432542037e-05	0	0	0	0	5.34976613833974e-05	0	0	0	0.000102928619657631	0	0	0	0	0	0	0	5.33314391421436e-05	0	0	0	9.28635546067066e-05	0	0	0	3.17755003471412e-05	0	0	0	0	0	4.2741464242306e-05	5.50829020826412e-05	0	0	0	0	0	0	0	3.1682291208057e-05	0	0	0	0	0	0	0	0.000108727456461517	0	0	0	0	2.88565157225858e-05	0	0	0	0	0	0	0	0.00015180471139889	0	0	0	0	3.16798269825804e-05	0	0	0	0	0	0	5.2948344123931e-05	6.65703532002352e-05	0	5.10991693387476e-05	5.44999636497279e-05	2.85111403286799e-05	0	0	0	0	0	0	0	4.52156623892196e-05	0	0	0	0	0	0	0	0.000106712474983366	0	0	0	0	0
Tungsten__tupC	0	0	0	0	0	0	5.19203517442238e-05	0	0	0	0	0	0	0	0	0	8.26288696308224e-05	0	0	0	0	0	0	0	0	0	0	0	0	0	0	0	0	0	0	0	0	0	0	0	0	0	0	0	0	0	0	0	0	0	0	0	0	4.4393646032863e-05	0	0	0	0	0	0	0	0	0	0	0	0	0	0	0	0	0	0	0	0	0	0	2.97149555490291e-05	0	0	0	0	0	0	0	0	0	0	0	0	0	0	0	0	0	0	0	0	0	0	0	0	0	0	0	0	0	0	0	0	0	0	0	0	0	0	0	0	0	0	0
Vanadium__mexI	0	0	0	0	0	0	0	0	0	0	0	0	0	0	0	0	0	0	0	0	0	0	0	0	0	0	0	0	0	0	0	0	0	0	0	0	0	1.15805410708655e-05	0	0	0	0	0	0	6.9026953003682e-06	0	0	0	0	0	0	0	0	0	0	0	0	0	0	0	0	1.17553259473041e-05	0	0	0	0	0	0	0	0	0	0	0	0	0	0	1.30726256564279e-05	4.43879001802875e-05	0	0	0	0	0	0	0	0	0	0	0	0	0	0	0	0	0	0	0	0	0	9.0830665817388e-06	0	0	0	0	0	0	0	0	0	0	0	0	0	0	0	0	0	0	0	0
Zinc__mdtA	8.34855960932875e-05	0.00057026593237134	0.000347737177013344	0.000296184565983279	0.000257216790452766	0.00128182106088784	0.000451433001175225	0.000130470116195094	5.76016328394528e-05	0	7.96507227474698e-05	0	0.00174986976871526	0	0.0011954012259071	0.000726522625435508	0	0.000244357594719958	0.000120137603493038	1.99020534852178e-05	0.000345012141531841	0.000185509752316579	0.00185122531710114	0.000168217552995518	0	0.000494076162062042	0	0.00038115815730599	0	5.68225793751568e-05	0.000145474894303169	0.0001490019784664	0	0.000598113775304534	0	0.000144823091196879	0.00013877288708438	0.00019137334820498	0	0	0	1.89684490717234e-05	0	0	0.000314664110057839	5.70112488068562e-05	6.08966414559813e-05	0.000429787048897419	0	0	3.00738791491555e-05	0	0	0	0	0	0.000511940347459165	0	0	0	0.000169262572727571	5.1548100492992e-05	0	0.000204193034529343	0	5.70546131630833e-05	0.00015270398837027	0.000135884508538223	0.00012190415702118	0	5.54101980718513e-05	0	5.44079953612569e-05	0	0	0	0	2.99396989417184e-05	0	6.53854967144302e-05	0	0.000249716316368949	0	6.06870561161865e-05	0	0.000169322325477302	0.000173491926092303	0.000117883163948542	0	5.76386704267869e-05	0.000130096349530087	0.000287994374293184	0	0.000115753028916743	0.00016537816557734	5.11596290054138e-05	0.000104940124615865	8.364226866766e-05	4.29267444085781e-05	0.000113153456569119	0	0	6.57194676053021e-05	5.32035139137755e-05	0	8.02897040847567e-05	2.44416383254074e-05	0	0.000134045519365129	0	8.6488965224649e-05	6.07012164120158e-05	6.84850636212718e-05	0	0.000174931049320462	0	0	0	0	0.000108383115858714
Zinc__mdtB	0.000150151334250138	0.000559950682495739	0.000721080961853231	0.000242565359597725	0.000518977844132355	0.00195058310763118	0.000242090621627077	7.47909338029366e-05	0.000143485465998766	9.20070565005525e-06	1.91891866219113e-05	0	0.00219357519106137	6.27179745922273e-05	0.00206919139425358	0.00116702483930143	7.5362339099879e-05	0.000463462154493312	0.000201806915313752	0.000118776986126971	0.000402753138424503	0.000349724302296225	0.0050499595493265	0.000291355053140623	0.000134009404853878	0.000697102819858131	4.13759580211335e-05	0.000407687813720951	0.000129764451658811	0	4.29648600666163e-05	8.27916506513578e-05	4.29074070322262e-05	0.000659978026783594	0.000151240336942876	0.000136589759209364	8.12855514323339e-05	0.000227056550938479	6.00110253630474e-05	0	7.80202513414641e-05	6.31115003807887e-06	0	1.84640473772861e-05	0.000284064348296317	0.000163456141826936	0	0.000325546853152552	2.56782815128364e-05	2.21447044121994e-05	2.36467441686831e-05	4.5479965187662e-05	3.16991508619815e-05	0	4.96566158223935e-05	3.5693665355277e-05	0.000727971607618915	2.50739959574185e-05	0	0.000152775270437137	0.000185518289808369	7.39731012909376e-05	2.20430710594469e-05	0.000250998431558811	0.000152459051826279	0.00010962454310619	0.000256067491927706	0.00018616830960643	0.000177175744575693	5.8999235887919e-06	6.53525990931861e-05	2.18709511919719e-05	0.000230030198103592	0.000105437268986371	0.000109600300791689	0.000138894611378418	3.50403503193913e-05	0.00014024774908111	2.37440757335001e-05	0.000211879187276314	7.00608040231179e-05	0.000178094383871921	0.000198937008574648	0.000105406036890069	9.4107333807069e-05	3.36202502029452e-05	0.000155294511868609	0.000165737706120018	0	0.000124975047152881	9.12439867086524e-05	0.000222625995446099	9.12757326819067e-05	0.000512140822063949	0.00028392488403373	9.38611939616057e-05	0.000111801051807846	0.000168228810872022	0.000167059332037768	9.84824943836629e-05	3.60452118817149e-05	0	0.000280955237712365	0.000193109315761537	2.03857674612094e-05	0.000221210912955747	5.41066267724844e-05	5.54218160187714e-05	9.99714249842981e-05	1.30371235182115e-05	5.71666609071338e-05	0.000166546309505276	0.000285185231210829	0	0.000172595282831221	0	3.27728987317055e-05	6.19438592413735e-06	8.65496054431424e-05	7.58644967488706e-05
Zinc__mdtC	0.000145625134965842	0.000554276855459377	0.000614471249439759	0.000388382487691023	0.000520568733396027	0.00206283964536836	0.000419097435745919	7.09771180695609e-05	0.00014216444107897	0	4.89481897679497e-05	0	0.00279265625536041	8.39070881997173e-05	0.00155241301307902	0.00130425552210681	0.000225678549337036	0.000837455846287421	0.000210121956534312	5.63076811470665e-05	0.000318769607276623	0.000382396545973311	0.00356334611243236	0.000231963816706737	0.000144273328991874	0.000550827772762388	4.97779162992746e-05	0.000457207699936188	0.000206860590090475	0	5.29675847193942e-05	7.13452495065939e-05	2.17464441099002e-05	0.000492911289104358	4.90474356971125e-05	4.34871104622459e-05	0.000201098955669646	0.000324018121365824	4.15763921985167e-05	0	8.11126719599367e-05	5.26226809438004e-05	6.82535351991548e-05	4.63173575101158e-05	0.000409475450225037	0.000307415356533057	0	0.000592116207688797	8.82371825552202e-05	0	1.18636470242e-05	3.4749157920574e-05	1.02005374227113e-05	8.08843984221049e-05	0.000124762000674946	7.67322512811743e-05	0.000698310043993688	6.98943746961177e-05	4.36849044040755e-05	9.66098603762215e-05	0.000211669501117628	5.80053153673467e-05	4.49157059181632e-05	0.000211188018959904	4.84158214771438e-05	0.000100681109069027	0.000242390209886283	0.000202930136956649	0.000180589704317526	0	6.11143161228737e-05	2.38561862734705e-05	0.000135388458419771	0.000169576561530257	5.5829879822643e-05	0.000100527076792304	0	6.49318784066006e-05	4.6932734490778e-05	0.00019739919695219	2.13050398198955e-05	5.26529854852007e-05	6.67660608514414e-05	5.52728152422927e-05	5.81291645226413e-05	0.000123651528721753	7.63131832202604e-05	0.00010161437279893	1.63743455055631e-05	9.23420936913515e-05	0.000167451602442343	0.000367851171121119	6.45973039214753e-05	0.000387581878987175	0.000271660835281768	9.01995119815334e-05	8.7209249004796e-05	0.000219453186962905	6.20141301425159e-05	5.20007775027397e-05	0.000146888843530407	2.47468885501714e-05	0.000185450235341528	0.00018032465057953	1.54979518710948e-05	0.000243843884378456	0.000171861383433098	0	0.000119321522238079	8.84597122674209e-05	2.31319539041317e-05	0.000147839917936867	0.000324684764480403	0	0.000280452967133155	4.04914046883219e-05	2.25987022324155e-05	1.1395058360192e-05	6.79571183139905e-05	1.07968038850138e-05
Zinc__smtB	0	0	0	0	0	0	0	0	0	0	0	0	0	0	0	0	0	0	0	0	0	0	0	0	0	0	0	0	0	0	0	0	0	0	0	0	0	0	0	0	0	0	0	0	0	0	0	0	0	0	0	0	0	0	0	0	0	0	0	0	0	0	0	0	0	0	0	0	0	0	0	0	0	0	0	0	0	0	0	0	0	0	0	0	0	0	0	0	0	0	0	0	0	0	0	0	0	0	0	0	0	0	0	0	0	0	0	0	0	0	0	0	0	0	0	0	0	0	0	0
Zinc__soxS	0.000460007556802517	0.000929151582734471	0.00117537332417283	0.000323334118854965	0.000767170384778621	0.00181889156067174	0.000299061226046729	0	0	0	0	0	0.0035714929815089	0	0.00264347844221974	0.0019481242864873	0	0.00127436573672139	0.000171572216726833	0	0.000411123418730598	0.000495715132538262	0.00330216350105235	0.000495740400400849	0	0.00147481052958576	0	0.000987958615526189	0.000170204901182983	0	0	0.000229584108138215	0	0.00074915073781258	0	0.000112699609331307	0.000586969323295105	0	0	0	0.000333330846852717	0	0.00026604409662766	5.43829206241222e-05	0.000442546633275943	0.000241816224270634	6.58139029716792e-05	0.000298825002011168	0	0	0	0	0	0	0	7.45082596138505e-05	0.00012080312978039	0	0	0	0.000102353763215417	0.000108526926951261	0	0.000553525167530936	0.000208677538108369	0.000702924898960415	0.000384189575795693	0.000259621957972072	0	0	0	0	0.000420009384751385	0	0	0.00047573931103578	0	0.000224048080865596	0	0	0	0	0.000108142805054273	0	0	0.000320152420472602	0	0	0	0.000218025004378857	0.000101239433893439	0.000462656734097128	8.74670704125683e-05	0.000656638642230762	0.000386865943831443	0.000292250576011861	0	0.00067123581398278	0	0.000389436479692051	0.000208313828707663	0	0.000121655596575102	6.57137981200427e-05	0	0.000829258352649549	0.000425534317999478	0.000134669833316641	0.000576280642139531	0	0	0.00023666196901881	0.000227625718988355	0	0.000201864262232505	0	0	0.000111494658378381	0	0
Zinc__zevA	0	0	0	0	0	0	0	0	0	0	0	0	0	0	0	0	0	0	0	0	0	0	0	0	0	0	0	0	0	0	0	0	0	0	0	0	0	0	0	0	0	0	0	0	0	0	0	0	0	0	0	0	0	0	0	0	0	0	0	0	0	0	0	0	0	0	0	0	0	0	0	0	0	0	0	0	0	0	0	0	0	0	0	0	0	0	0	0	0	0	0	0	0	0	0	0	0	0	0	0	0	0	0	0	0	0	0	0	0	0	0	0	0	0	0	0	0	0	0	0
Zinc__zevB	0	0	0	0	0	0	0	0	0	0	0	0	0	0	0	0	0	0	0	0	0	0	0	0	0	0	0	0	0	0	0	0	0	0	0	0	0	0	0	0	0	0	0	0	0	0	0	0	0	0	0	0	0	0	0	0	0	0	0	0	0	0	0	0	0	0	0	0	0	0	0	0	0	0	0	0	0	0	0	0	0	0	0	0	0	0	0	0	0	0	0	0	0	0	0	0	0	0	0	0	0	0	0	0	0	0	0	0	0	0	0	0	0	0	0	0	0	0	0	0
Zinc__ziaA	0.0029521326715917	0.00476442310329801	0.00187569883426211	0.00289991422325629	0.00448673284515361	0.00376956495165596	0.00334253286930783	0.00405353060315973	0.00482695130493421	0.00312490163447503	0.00330265406523818	0.00362832238961093	0.00400554370182945	0.00488448446842512	0.00459837703112777	0.00392503391875666	0.00386634471878809	0.00334721430459034	0.00301692349214517	0.00382916613191707	0.00334641769414253	0.00389747287765598	0.00572137411850676	0.00399167982337418	0.00401295496458549	0.00456805845860406	0.00327228243803166	0.0048583146417895	0.00519563489989043	0.00393044044533494	0.0033688045058043	0.00248755839809557	0.00321022592800265	0.0025911213240191	0.00368549129919497	0.00330757253443196	0.00351053300899003	0.00298980338015976	0.00360980952066119	0.00237441106844983	0.00399742356387652	0.00274983281798727	0.00309659461767032	0.00310318298038465	0.00505377820675795	0.00422171551550919	0.00300582866079081	0.00402812787038357	0.00314427529865419	0.00309417852393797	0.00366103637873723	0.00220904589934014	0.00339846608255021	0.00239811889831894	0.00368657066439084	0.0054067219567024	0.00295680440389662	0.00402945027073598	0.00320396600871524	0.00309770527858013	0.00220284556786267	0.00249306496172914	0.0028285311392356	0.00262461216917514	0.00333279839517851	0.00303313223093088	0.00369256022630682	0.00276398325236259	0.00364668316389534	0.00305110988801085	0.00275311217732419	0.00254232167615588	0.00277375129749477	0.00323573638405468	0.00305550857223772	0.00367204792495699	0.00265778133039058	0.00681727004224704	0.00449284017879248	0.00345736288253237	0.00275922522957245	0.00536940382997873	0.00243590693449615	0.00274342749796118	0.00785529130580728	0.00325507842089347	0.00327188901566222	0.00220684982253358	0.0028000130814513	0.00388701203389702	0.00298144937449946	0.00336710217181052	0.00307135707030698	0.0054155889494387	0.0045260453729203	0.00313768958426185	0.00326637230034766	0.00400113486253808	0.00319467129663439	0.00376068167802485	0.00532648163823317	0.00311602985521917	0.0028848463345783	0.00291805777647959	0.00362243495324305	0.00362251984672036	0.00264014628965237	0.00281118514107088	0.00316372395898699	0.00286953254967575	0.0024654737050437	0.00372923462154598	0.00314352075232104	0.00359615582780823	0.00297372862155805	0.00306059908463095	0.00253955564867059	0.00256667198421502	0.00182703739766388	0.00280222489356332
Zinc__ziaR	0	0	0	0	0	0	0	0	0	0	0	0	0	0	0	0	0	0	0	0	0	0	0	0	0	0	0	0	0	0	0	0	0	0	0	0	0	0	0	0	0	0	0	0	0	0	0	0	0	0	0	0	0	0	0	0	0	0	0	0	0	0	0	0	0	0	0	0	0	0	0	0	0	0	0	0	0	0	0	0	0	0	0	0	0	0	0	0	0	0	0	0	0	0	0	0	0	0	0	0	0	0	0	0	0	0	0	0	0	0	0	0	0	0	0	0	0	0	0	0
Zinc__zitB	0.000382361092243061	0.000493018590550927	0.000472444838737778	0.0009079475884323	4.28528634818604e-05	0.00138438715860818	0.000252747608772009	0	0.000119764998243788	0	6.93648370814867e-05	8.3956733187827e-05	0.00237333708151862	0	0.0014965862306132	0.00135488498761704	6.79453178045352e-05	0.00112726426046043	0.000343988886985608	3.22629454900943e-05	0.000195539184016331	0.000524524379553266	0.00360308667547427	0.00014547455726089	0	0.000599968581057734	0	0.000772756142408811	0	0	4.82292704313972e-05	0.000142698225796044	7.20039102099513e-05	0.000255352807864395	0.000119571580197074	0	7.62955303059758e-05	0.000128976888731748	0	0	0.000277278726812202	0	0	0	0.000221886001007789	0.00012813169583158	0	0.000420073485255317	0	0	0.000142855730092538	3.79687284627358e-05	0	0	7.81958427922554e-05	0	0.000282195596563669	0	0	3.91196401365546e-05	6.40241539737794e-05	6.64712980434973e-05	6.20316194122532e-05	3.89350326232334e-05	0.000139467939997186	0	0.000438059826476787	0.000121026210440074	0.000249033540474092	0	0	0	5.51120843708372e-05	0	0	0.000226494024567191	0	0	0.000117552139797546	0	1.95243135193766e-05	3.73580370854708e-05	0.000171535910074587	0.000152063309939174	5.65352707090619e-05	0.000173602535371395	0.000256612671369186	7.14880909845748e-05	0	0.000259342711572386	6.7141475040256e-05	0.000333117034423293	6.10222112156537e-05	0.000596282936854831	0.000142537509088624	0.000107332247856182	7.44447962251403e-05	0.000156416636887615	6.2934843595111e-05	0	8.01143039319007e-05	0	0.000286694053569821	5.40551100949513e-05	0	3.21477250771885e-05	6.79318378227811e-05	0	0.000140203068937773	8.04481560776905e-05	0	6.87680705503539e-05	0.000114839204460244	0	0	0	0	7.54672789905551e-05	3.72509020431012e-05	0
Zinc__zneB	0	0	0	0	0	0	0	0	0	0	0	0	0	0	0	0	0	0	0	0	0	0	0	0	0	0	0	0	0	0	0	0	0	0	0	0	0	0	0	0	0	0	0	0	0	0	0	0	0	0	0	0	0	0	0	0	0	0	0	0	0	0	0	0	0	0	0	0	0	0	0	0	0	0	0	0	0	0	0	0	0	0	0	0	0	0	0	0	0	0	0	0	0	0	0	0	0	0	0	0	0	0	0	0	0	0	0	0	0	0	0	0	0	0	0	0	0	0	0	0
Zinc__zntR	0.000490843646760622	0.000136355379979368	0.0005855219960467	0.00036220846749136	0.000285381835528134	0.00246162064603544	0.000833715651000936	0	0	0	0	0	0.00358024894013619	0	0.00179214298707112	0.00185644225026231	0.000169470750440828	0.000595541434763054	8.62136412017235e-05	0	0.000737578612581548	0.000535411034554723	0.00421342650521626	8.32301243376811e-05	0	0.00076774835325748	0.000154133520818034	0.000560258292126467	0	0	0	0.000160144742527531	0	0.000215468162913239	0	0.000253150498350436	0	0.000484657963540264	0	0	0	0	0	0	0.000425388796903069	0.000256908300679014	0	0.000211932625539836	0	0	0.000348831403339439	0	0	0	0.000166640332214304	0	0.000702828610849975	0.000181244089927666	0	0	8.26305467334362e-05	0.000169861958805365	0	0.000247190514210398	0.000177930485119097	8.44027338503954e-05	0.000204626939824048	0	0.000192127306263212	0	0	0	0	0.000343913273276901	0	0.000189016769822244	0	8.76957139214872e-05	0	0.000252805371552048	0	7.46365889856534e-05	0.000451361991308084	0.000359105296596963	0	0	0	0.000170900608125699	0	0.000199217231530428	0.000275040975512205	7.61221758887605e-05	0	0.00110619229919511	0.000769829693745595	0	0.000163604319193505	8.81276007953048e-05	0.000208162574520936	4.97152952798363e-05	8.98193893928108e-05	0	0.000477315099826351	5.45430350087678e-05	0	0.000275722187517279	0.000191926056311687	0.000102196256488515	0.000126088426463878	9.61603436804254e-05	0	0	0.000452738754164953	0	0.000241226723735738	0	0	0	0	8.01673236794341e-05
Zinc__znuA	3.06269973138862e-05	8.16048751149868e-05	0.000291837491031091	0.000229183544499444	0.000556420932354563	0.00170330145999423	0.000140499821519982	0.000285820948704406	7.75153938178365e-05	0	0	0	0.00257962494859165	7.92227047480767e-05	0.00100095195304948	0.00116655240879245	0.000144913892022112	0.000369450711911901	0.000171258091482607	7.57562035888936e-05	0.000347047556309227	8.96246867891759e-05	0.00226918292819285	0.000316478520529951	0	0.000122138612400321	0	0.000211274880648465	0	0	0	8.00439868712579e-05	0	0.000673207017292672	8.15734625145686e-05	0.000115920636875421	7.70338741476465e-05	0.000151406235355541	0.000184703954949894	0	0.000216682971467538	0	0	0	4.24305463803995e-05	4.17327999950933e-05	8.03187412648615e-05	0.000381724841278783	0	6.29207006208377e-05	7.93310126949369e-05	0.00015257794772635	0	0	0.000112902184759308	0	0.000692957185159616	0	0.000142655169117205	0	0	0.000155299990293898	0.000136582873476968	0.000300342329718034	6.23158476431625e-05	7.60114685043658e-05	0.000164729651813821	0.000171981570725716	0.000204452454212172	0	0	0	0.000238689595289961	0.000155639013832785	4.66613365086606e-05	8.42527008194763e-05	0	6.67503518341168e-05	0.000105147958603061	0.000170736296388377	0	0.000148615091917885	5.67365994000871e-05	8.16674948712447e-05	6.97673609502867e-05	0.000114314712982987	0.00013886801061319	6.42480528440951e-05	0	3.83947917520371e-05	3.49439336341871e-05	0	0	0.000373849469736969	0.000322700275190583	8.86051768161506e-05	0.000148827154879253	0.000224469527703138	6.35438904686121e-05	7.91435426470942e-05	2.12437342912287e-05	0	8.93421333804798e-05	0.000373541871188618	0	9.88518977410146e-05	9.35307855067324e-05	0	7.11429104482591e-05	0	7.65593055020616e-05	0.000105375650269891	0.000114049722885424	0	0.000119329697173631	0	0	0	0.000129383197573703	0.000138560167830454
Zinc__znuB	0.000190500046813233	0.000338269403781242	0.000610094440513514	0.000476565349237335	0.000154171796204854	0.00200734680441691	0.000294589312226001	0.000159806493016658	0	0	7.73029083400476e-05	0	0.00229403894042145	0.000128496596462398	0.000518438990920611	0.00110711439306305	9.06376323909394e-05	0.000321729280849006	0.000154933780259536	8.18805556797964e-05	0.00038105792134217	0.000101074475522914	0.00302615647150384	7.82363168774202e-05	0	0.000505306933813872	0	0.000420433746158353	0.000116295813707402	0	0	0.000395497032448943	0	0.000735125552814603	8.13859373133857e-05	0.000121050607202829	5.48977034155642e-05	0.000287916210761862	5.37481432124309e-05	0	0.000170816094891	0	0	2.22949138190846e-05	0.000167316162201943	0.000382662593671484	0.000127196984889436	0.000324013316356937	9.51572179280281e-05	0	0	0	0	0	0.000477315214028113	9.54547866221505e-05	0.000110840893936431	9.69143567886733e-05	0	0	0.000236589301049413	8.15684502053858e-05	8.42493794187007e-05	0.000256807121306116	9.51621318688689e-05	0	9.29365564351924e-05	0.000408538597126221	9.30219499528562e-05	0	0	0.000142090137678978	8.69635128456949e-05	9.24292994026119e-05	0.000183999415841814	0	8.05885708700754e-05	3.09393276420166e-05	8.3258919966664e-05	0.0001541619659508	4.41267899273031e-05	0.000133507032609586	0.000277533385752695	0.000184299442448901	0.00010462809074746	0	5.53486632339336e-05	9.4209812126529e-05	0	8.48215974108221e-05	3.98441174311651e-05	0.000113299368053996	0	0.000552269487262299	0.000503115124952526	3.72387215266227e-05	0.000183910021877571	0.000265659133156053	7.54735863803439e-05	7.38586427002166e-05	0	0	0.000392626157039886	4.20939679049603e-05	0	0.00020590612313241	0.000204899711459193	0	0.000124162151943478	0	0	0.000184342445599709	6.69781152492307e-05	0	0.000370977921476305	0	0	0	0	0
Zinc__znuC	0	0.000195526581251606	0.000253760396771358	0.000228085199664669	0.000368722427337744	0.00120179075251762	0.000118634900925686	0	0	0	0	0.000104695049752151	0.0025340974052111	5.15526232756409e-05	0.00172012099606005	0.00089289097311699	0.000215153583009858	0.000254746935598232	0.000197676614512448	0	0.000379094532956462	0.00019790360031076	0.002627758720729	0.000216942137636193	0	0.000403949971063283	0	5.60785880521805e-05	0.000276276512140874	0	0.000288683888032395	0.000408288113112635	0	0.000626614170497273	0	9.51256543144646e-05	0.000185525804471125	4.84444945195568e-05	5.47489013875384e-05	0	0	8.43541452204347e-05	0	3.86385956625569e-05	0.000398272379570603	4.32957016682163e-05	0	0.000354780281272224	0	0	2.47420559533889e-05	4.64005090384844e-05	0	0	3.80293487237077e-05	0	0.000772466228276995	8.72694934996046e-05	5.71419434818568e-05	0.000105695760767358	4.64179565315319e-05	0	0	0.000236935961075823	9.69543922300356e-05	0	0.000480144275964111	0	0.000299347716824595	0	0.000167758237923352	0	0.000160057904499306	0.000236881464169823	0	0	0	0	4.32880042057755e-05	7.96140059994587e-05	0	8.94449640114922e-05	3.13484880308722e-05	0.000149279070306482	0	0	0.000113956502733196	0	0	4.7419862323233e-05	4.22946893946854e-05	0.000244353484355497	0	0.000506937150323112	0.000455359540217183	0.000209605687969312	0.000136465319486651	0.000597041673499538	4.08098611296425e-05	0.000259107139874791	0	0	8.60674416390439e-05	8.66666164698223e-05	0.000241575405325184	0.000225953912657704	6.58869662105859e-05	0	7.53134965473887e-05	0	0	0	0.000201896786993719	0	9.00101809478365e-05	0	0	0	0	0
Zinc__zraP	0	0	0	4.22776439704319e-05	0	0.000246537476279982	4.562114085711e-05	0	0	0	0	0	9.79936698942339e-05	0	0	5.04343033423311e-05	0	0	0	0	0	0	0.000203870254988799	0	0	0	0	6.46809934365872e-05	0	0	0	0	0	5.41688937329004e-05	0	0	5.37706644712711e-05	0	0	0	0	0	0	0	0	0	0	0	0	0	0	0	0	0	0	0	0	0	0	0	0	0	0	0	0	0	0	0	0	0	0	0	0	0	6.51404618279845e-05	0	0	0	0	0	0	0	0	0	0	0	0	0	0	0	0	4.35189625637865e-05	0	0	0	0	0	5.76039350893813e-05	0	0	0	0	0	0	0	0	0	0	0	0	0	0	0	0	0	0	0	0	0	0
Zinc__zraR	0.00015353705957391	0.000818583868585413	0.00150410128152597	0.000511797305722376	0.000515227459888412	0.00458325565980659	0.000814803386706019	0.000466250648351305	0.0003694373123046	2.12638530579055e-05	3.8291347454154e-05	4.11159538924603e-05	0.00384891401226271	0.000218566041066122	0.00415331201934594	0.00234363486053042	0.000393379656227342	0.000850154013052919	0.000416286330833811	0.00010544026703597	0.000301963726620883	0.000294643287634861	0.00711811956863993	0.000589167365872817	0.000153616902882312	0.000806710766892501	0	0.0012135256973874	0	0.000107515609371652	0.000136238393077571	0.000262203046336098	6.84804535606752e-05	0.0010301881271092	0.000135326859808749	0.000108830511632268	0.000349814141424211	0.000220030280346444	0.000159699814109739	0	0.000231845083351376	0	3.22751908607252e-05	1.97924234924526e-05	0.000355531417199212	0.000283385584728586	1.42575470075512e-05	0.000933743430320612	3.0278245774773e-05	0	0.000137442401343252	0.000202651415660882	5.81430633094546e-05	3.1680139559266e-05	2.49747946877306e-05	7.68313629464819e-05	0.000896064161228172	9.34276420798867e-05	0.000201235849430366	0	0.000497739432119204	2.52347663668796e-05	0.000184064590770817	0.000217757192433668	0.000191148178299373	0.000180265866120205	0.000357810733497641	0.00022715360343973	0.000166320448863077	0	6.95354009454058e-05	0	0.000202784713831614	2.65226932113865e-05	0.000184994740933656	5.92252545443031e-05	3.43849668781195e-05	0.000276382118802121	6.1034658166657e-05	0.000110221265890039	7.35507760470916e-05	0.000390299151351734	0.000263961628608891	0.000184279646590421	0.000193198972465922	4.07143558258379e-05	0.00016247656570549	7.58292855157205e-05	3.01588710587157e-05	0.00018784717161949	9.33422989139964e-05	0.000386930615828847	6.32334015449647e-05	0.000729808278436355	0.000528253798410607	8.14493776070319e-05	0.000173306135139633	0.000250773982399156	0.0001706319163105	0.00015321367171558	2.87177639555245e-05	5.75743937697866e-05	0.000124349663194872	0.000291977506357917	2.35568868440641e-05	0.00024424418027491	0.000269320274786582	0	0.000364867094748869	4.26667303071831e-05	2.5549579265788e-05	0.000159631449669694	0.00039996424611797	1.39986413554137e-05	0.000365367632658584	3.58646545203722e-05	1.89275661146598e-05	0	0	6.35666887624139e-05
Zinc__zur	0	0.000599151583081087	0.00124080487821233	0.000486531860549374	0.000774970228923066	0.00405791399457486	0.000337877002461826	0.000320385876611207	0.000113825236185139	0	0	0	0.0034086249691204	7.5670809603426e-05	0.00189245025442898	0.00242273416008915	0	0.00139509231536344	6.0932949420767e-05	0.000376300113031615	0.000623558091427079	0.000306901948914202	0.00458259655253495	0.000274513392552352	0	0.000316527829851768	9.91321907577042e-05	0.000250302317050185	0	0	0.000293087302113981	0	0	0.000273333432035688	0	0.000112831421739881	0	0.000142217171045716	0	0	0	0	0	0	0.000204609523656593	0	0	0.000917445181613236	0	0	0	0	0	0	0	0	0.000649716303818869	0	0	0.000131275751452395	0	7.0738189472374e-05	0	0.000547330928777973	0	6.26357130152934e-05	0.000259810450843203	0.000690837636054575	0.000267521851637272	0	0.000132488699916011	0	0	0	0	7.63694071755487e-05	0	0	0.000451998335249647	0.000301625972942947	6.46023788087154e-05	0	0.000135336609834003	7.40260918423563e-05	0	0	8.95483109374274e-05	4.17002378939005e-05	0	0.000105798981716724	0.000125430330202714	0.000499577330483702	9.38243261568401e-05	0.000810462654056971	0.000507010568817953	0.000122325365563997	0.000136264451569994	7.26666181996373e-05	0	4.09933136517948e-05	7.25803697444362e-05	0	6.47861084162544e-05	0.000436891077413588	0.000116544598070633	0.000267470439903243	0	0	6.44862638566091e-05	8.09082734153239e-05	0	0.000359850751839654	0.000524932561441783	0	4.50079826460456e-05	0	0	9.76719288016459e-05	0	0
