gene	a100	a101	a102	a103	a104	a105	a106	a107	a108	a109	a10	a110	a111	a112	a113	a114	a115	a116	a117	a118	a119	a11	a120	a12	a13	a14	a15	a16	a17	a18	a19	a1	a20	a21	a22	a23	a24	a25	a26	a27	a28	a29	a2	a30	a31	a32	a33	a34	a35	a36	a37	a38	a39	a3	a40	a41	a42	a43	a44	a45	a46	a47	a48	a49	a4	a50	a51	a52	a53	a54	a55	a56	a57	a58	a59	a5	a60	a61	a62	a63	a64	a65	a66	a67	a68	a69	a6	a70	a71	a72	a73	a74	a75	a76	a77	a78	a79	a7	a80	a81	a82	a83	a84	a85	a86	a87	a88	a89	a8	a90	a91	a92	a93	a94	a95	a96	a97	a98	a99	a9
aminoglycoside__AAC(2')-Ib	0	0	0	0	0	0	0	0	0	0	0	0	0	0	0	5.723204348553804e-05	0	0	0	0	0	0	0	0	0	0	0	0	0	0	0	0	0	0	0	0	0	0	0	0	0	0	0	0	0	0	0	0	0	0	0	0	0	0	0	0	0	0	0	0	0	0	0	0	0	0	0	0	0	0	0	0	0	0	0	0	0	0	0	0	0	0	0	0	0	0	0	0	0	0	0	0	0	0	0	0	0	0	0	0	0	0	0	0	0	0	0	0	0	0	0	0	0	0	0	0	0	0	0	0
aminoglycoside__AAC(3)-IId	0	0	0	0	4.025758740193253e-05	0	0	0	0	0	0	0	0	0	0	0	0	0	0	0	0	0	0	0	0	0	0	0	0	0	0	0	0	0	0	0	0	0	0	0	0	0	0	0	0	0	0	0	0	0	0	0	0	0	0	0	0	0	0	0	0	0	0	0	0	0	0	0	0	0	0	9.497300451020246e-05	0	0	0	0	0	0	0	0	0	0	0	0	0	0	0	0	0	0	0	0	0	0	0	0	0	0	0	0	0	0	0	0	0	0	0	0	0	0	0	0	0	0	0	0	0	0	0	0
aminoglycoside__AAC(3)-IIe	0	0	0	0	4.025758740193253e-05	0	0	0	0	0	0	0	0	0	0	0	0	0	0	0	0	0	0	0	0	0	0	0	0	0	0	0	0	0	0	0	0	0	0	0	0	0	0	0	0	0	0	0	0	0	0	0	0	0	0	0	0	0	0	0	0	0	0	0	0	0	0	0	0	0	0	9.497300451020246e-05	0	0	0	0	0	0	0	0	0	0	0	0	0	0	0	0	0	0	0	0	0	0	0	0	0	0	0	0	0	0	0	0	0	0	0	0	0	0	0	0	0	0	0	0	0	0	0	0
aminoglycoside__AAC(3)-IIIb	0	0	0	0	0	0	0	0	0	0	0	0	0	0	0	0	0	0	0	0	0	0	0	0	0	0	0	0	0	0	0	0	0	0	0	0	0	0	0	0	0	0	0	0	0	0	0	0	0	0	0	0	0	0	0	0	0	0	0	0	0	0	0	0	0	0	0	0	0	0	0	4.993066045940791e-05	0	0	0	0	0	0	0	0	0	0	0	0	0	0	0	0	0	0	0	0	0	0	0	0	0	0	0	0	0	0	0	0	0	0	0	0	0	0	0	0	0	0	0	0	0	0	0	0
aminoglycoside__AAC(3)-IV	0	0	0	0	0	0	0	0	0	0	0	0	0	0	0	0	0	0	0	0	0	0	0	0	0	0	0	0	0	0	0	0	0	0	0	0	0	0	0	0	0	0.00014051261279943047	0	0	0	0	0	0	0	0	0	0	0	0	0	0	0	0	0	0	0	0	0	0	0	0	0	0	0	0	0	0	0	0	0	0	0	0	0	0	0	0	0	0	0	0	0	0	0	0	0	0	0	0	0	0.00010486368697273625	0	0	0	0	0	0	0	0	0	0	0	0	0	0	0	0	0	0	0	0	0	0	0	0
aminoglycoside__AAC(3)-VIIIa	0	0	0	0	0	0	0	0	0	0	0	0	0	0	0	0	0	0	0	0	0	0	0	0	0	0	0	0	4.447235036612761e-05	0	0	0	0	0	0	0	0	0	0	0	0	0	0	0	0	0	0	0	0	0	0	0	0	0	0	0	0	0	0	0	0	0	0	0	0	0	0	0	0	0	0	0	0	0	0	0	0	0	0	0	0	0	0	0	0	0	0	0	0	0	0	0	0	0	0	0	0	0	0	0	0	0	0	0	0	0	0	0	0	0	0	0	0	0	0	0	0	0	0	0
aminoglycoside__AAC(6')-Iad	5.8273628767592364e-05	0.0002600497271550704	7.273390571997922e-05	7.241774004340086e-05	0.00010606413687669016	0.00039079485059675164	0.00023366876025648664	0	0	9.41986514567915e-05	0.0002812506787055842	0.00039450789885512536	0.0001906574619548298	7.591562922291865e-05	0.00016473624616233204	0	0.000253205913696114	0.00021826099748701938	6.560836093252768e-05	7.260624069343208e-05	0.00020045525686535656	0.00028013715027416894	0.00023319094160395375	8.299111468712494e-05	6.001020771701974e-05	0.00019944513939091773	0	0.0004694946966078031	0	0.00012242201933954403	0.00014420611242927796	0.00012418140268894134	8.37365722694439e-05	6.991637030744448e-05	0.00015277673905344326	0.000273252318590275	0.0003396238539397538	0.0006714261691884243	0.0001256964911051081	0.0001942825539713025	8.644956919460384e-05	9.552906106294614e-05	0	6.48999327322538e-05	0.0002476181596745399	0.00013947599019928744	0.0002034338323233	0.00019610862252575638	0.00026368946006199886	0.0001471805709717426	0	0.0002524791229291528	6.616181959339247e-05	0	0.0001236017228522026	0.00011484367200313097	0.00018389372916533935	8.969323418696206e-05	7.541407389892636e-05	0.0002044134900629605	6.413437505170414e-05	5.491737761256249e-05	0.00019349700772498677	5.850400263445158e-05	0.00021739095815002165	5.0512919290056025e-05	5.027334471169887e-05	0.00010107578455717184	0.0004698386017699376	0	0.00019184033830091797	7.733704520046069e-05	0.00045702634719082375	0.0004436241398972174	0.00019064314517889673	5.602230494618094e-05	0.00014764364897703247	5.0198934568514715e-05	7.066788192561284e-05	0.00014260784042165317	5.615793745931883e-05	0.0002772439107868114	6.162020041171344e-05	0.00013763410794972325	0	0.0005879710706131695	0	0.00023212961283678975	0.0002035096686011839	0.00032907836269453143	0.00018556177924688788	0.0003547641017905559	6.238358690899848e-05	7.922008293088533e-05	0.00019511642173879686	0	0	0.00016425733029796417	0.00023388889703085755	0.0001879960051991561	7.212651226482555e-05	0	0.00030252462997684855	0	0.00013704002663552454	0.0002058179184004693	0.00024909056268177757	0.00021578513496645673	4.593457557835794e-05	0	4.827701743885574e-05	0.0002536492775061933	0.0001753532397177852	0.0004546635457437637	0.00039104986395834755	0.00021478605835301387	0.00024162433448254265	0	0.000159541235469736	0.0004423477938286217
aminoglycoside__AAC(6')-Ib10	0	0	0	0	0	0	0	0	0	0	0	0	0	0	0	0	0	0	0	0	0	0	0	0	0	0	0	0	0	0	0	0	0	0	0	0	0	0	0	0	0	0	0	0	0	0	0	0	0	0	0	0	0	0	0	0	0	0	0	0	0	0	0	0	0	0	0	0	0	0	0	0	0	0	0	0	0	0	0	0	0	0	0	0	0	0	0	0	0	0	0	0	0	0	0	5.200190236977991e-05	0	0	0	0	0	0	0	0	0	0	0	0	0	0	0	0	0	0	0	0	0	0	0	0
aminoglycoside__AAC(6')-Ib8	0	0	0	0	0	0	0	0	0	0	2.7692374518703676e-05	3.8335427239534696e-05	3.877295674894483e-05	0	0	0	0	0	0	0	0	0	0	0	0	0	0	0	0	0	0	0	0	0	0	0	0	0	0	0	0	0	0	0	0	0	0	0	0	0	0	0	0	0	0	3.674997504100191e-05	0	0	0	0	0	0	3.843250912054909e-05	0	0	0	0	0	0	0	0	0	0	0	0	0	0	0	0	0	0	0	0	0	0	0	0	0	0	0	0	0	0	0	0	0	0	0	3.71023754606215e-05	0	0	0	0	0	3.485736062113855e-05	0	0	0	0	0	0	0	2.89615673340342e-05	0	3.183283103099531e-05	5.660244361302954e-05	0	0	0	0
aminoglycoside__AAC(6')-Ib-cr	0	0	0	0	0.00018289980623260922	0	0	0	0	0	0	0	0	0	0	0	0	0	0	0	0	0	0	0	0	0	0	0	0	0	0	0	0	0	0	0	0	0	0	0	0	0	0	0	0	0	0	0	0	0	0	0	0	0	0	0	0	0	0	0	0	0	0	0	0	0	0	0	0	0	0	0	0	0	0	0	0	0	0	0	0	0	0	0	0	0	0	0	0	0	0	0	0	0	0	0.0001487468603254574	0	0	0	0	0	0	0	0	0	0	0	0	0	0	0	0	0	0	0	0	0	0	0	0
aminoglycoside__AAC(6')-Ie-APH(2'')-Ia	0.0005187178294227702	0.00016936374481044686	0.0002558036726110027	0.0003091436217969646	0.0011515267527442957	9.542513943760823e-05	0.0018006898050057266	0.0002821470407398471	0.00031672259779470525	0.000949615222787038	0.000374889807443841	0.00011055505998594934	0.00041182410534264534	0.00021717030008814765	0.00010243243336754924	0.00031486374599619263	0.000716282128740139	0.00018355739933432867	0.00020594448127631929	0.00020128844167867862	0.0002514754994725423	0.0005327297517139054	0.0006565356254848322	0.000826726949875686	0.0002401748643472128	2.9088755524965696e-05	3.11105633022903e-05	0.0002866956132730322	0.0002608513713206586	0.00023050562597812382	8.332621175318634e-05	0.00021384622968228926	0.00034064452692776393	0.00023982875698843977	0.00034419766727512716	0	0	0	2.8054483495844967e-05	0.0009884623042160016	2.9237641356003806e-05	0.00010338677506269578	0	0.0005073635005046005	0	0.0005832450151336268	0.0004415623071058189	0.00023274801028150496	0.0008350548980523351	0.00034512417678612343	0.00035090706119558475	0.00026788468572912303	0.00020903887690999065	0	0.00046744934411534184	0.0002965039001159287	0.0007707345689624824	0.0006660949399459494	0.00042718358455625673	5.846896186976303e-05	8.63403296652622e-05	0.0005835292589168687	6.686240278453218e-05	0.00023046137960961702	0.0005028244980736936	0.0004963035789032398	0.0003260909006143606	0.0001853964247275056	0.0004943935495362505	0.0006702002181130154	0.00013621636666472575	0.0002704886685029403	6.974321926547334e-05	8.624810816311638e-05	9.439680232854129e-05	0	0.0007040764544611779	7.44148341109247e-05	0.0005063607199122588	0.0007966631824545887	0.00028365262671378993	0.0004658100306842844	0.00036603679789598515	0.0008085129689986621	0.0005864115287352099	0.0005097328784611534	0	0.0005872747275054393	0.0001692012832159476	0.00036678663898174666	0.0003746936093313463	0	3.16880418421923e-05	0	0.0003200189236513431	0.00011049640998500361	5.411009137591328e-05	0.00018942894987275877	0.0004997525197761737	0.00031849977803159084	0	7.637683198515902e-05	0.0005886563402620834	4.832127713732266e-05	0.0005895309546243145	0.00041723122507249786	0.00010822531922013382	0.0009548715062980014	0.0001171219797627721	0.0002647811781964457	0	0.0005306825702709524	0.00033430251719510513	0.00013387373365315384	0.0008350649247229991	0.00028563111462196763	0.0003087288153798271	0.00028013083509435203	0.00020838535573198283	0.00010811494528119478
aminoglycoside__AAC(6')-Ii	0	0	7.572066529552493e-05	0	0	0	0	0	0	0	0	0	0	0.0001486611552475176	0	0	0	0	0	0	0	0	0.00026605827451038773	0	0	0	0	0	0	0	7.408905448057665e-05	0	0	0	0	0	0	0	0	0	0	0	0	0	0	0	0	0	0	0	0	0	0	0	0	0	0	0	0	0	0	0	0.0007742813192784617	0	0	0	0	0	0	0	0	0	0	0	0	0	0	0	0	0	0	0	0	0	0	0	0	0	0	0	0	0	0	0	0	0	0	0	0	0	0	0	0	0	0	0	0	0	0	0	0	0	0	0	0	0	0	0	0	0
aminoglycoside__AAC(6')-IIa	0	0	0	0	0	0	0	0	0	0	0	0	0	0	0	0	0	0	0	0	0	0	0	0	0	0	0	0	0	0	0	0	0	0	0	0	0	0	0	0	0	0	0	0	0	0	0	0	0	0	0	0	0.00015533644600187796	0	0	0	0	0	0	0	0	0	0	0	0	0	0	0	0	0	0	0	0	0	0	0	0	0	0	0	0	0	0	0	0	0	0	0	0	0	0	0	0	0	0	7.43734301627287e-05	0	0	0	0	0	0	0	0	0	0	0	0	0	0	0	0	0	0	0	0	0	0	0	0
aminoglycoside__AAC(6')-Iid	5.763325922069575e-05	0	0	0	0	0	0	0	0	0	5.5917294701228576e-05	0	0	0	0	0	0	0	0	0	0	6.388648132949372e-05	0	0	0	0	0.0008892048553006375	0	0	0	0.00021485825799367228	0	0	0.0001418421713760497	0	0	0	0	0	0	0	0	0	0	0	0	0	0	0	0	0	7.185744663965137e-05	0	0	0	0	0	0.00014869082464902971	0	0	7.688436569634863e-05	0	0	0	0	0	0.00014584794509767585	0.0004138904306910218	0	0	7.22789343676928e-05	0	0	0	0	0	0	0	0	6.880035185177586e-05	0	0	0	0	0	0	0	0	0	0	0	0	0	0	0	0	0	6.563729482436132e-05	0	0	0	0	7.330404495592868e-05	0	0.00013900932541219735	0	0	0	6.73034074408175e-05	0	0	0	0	0	0	0	0	0	0	0
aminoglycoside__AAC(6')-Im	0	0	0	0	6.600361153951332e-05	0	0	0	0	0	0	0	0	0	0	0	0.000512101847924725	0	0	0	0.00013960381738507686	0	6.561699187292494e-05	0	0	0	0	0	0	0	0.0005242175212079633	0	0	0.00012907637595220523	8.58296286817097e-05	0	7.081234068012937e-05	0.0001829062804393139	0	0	0	0	0	0.00021584696728929354	0	7.623953305761233e-05	6.12058331068337e-05	3.5412873249033054e-05	0	0	0	0.00014106666378516726	6.733685734622909e-05	0	0	0	5.7218446412724434e-05	0	0.00010793924492361458	0	0	0	0.00017992747715612874	0	0	6.763760134305836e-05	0	0	0	0	0	0	0.005679190344787495	0	0	0	0	0	0	0.0001392859258050896	0	0	6.979006967978331e-05	0.0002304211470169524	0	0	0	0	0	0	0	0	0	0	0	0	0	0	0.00015525209413975674	0	0	6.943611926983597e-05	0.0007433947929880538	0	0	0.0010989289306056519	0	0	0	0	0	0	5.2625038958436444e-05	0	0.00027472929531786926	0	7.031344306338644e-05	0	5.9205076558194984e-05	0
aminoglycoside__aad(6)	0.0023486389101924567	0.0006570648415024493	0.0013874474384251562	0.0011766061794044134	0.0018795647754621364	0.00026923535895822685	0.001669333981972888	0.0015688422884261402	0.001750048907856478	0.0015566294363162252	0.0008700737349080802	0.001416995163312754	0.0021169242463178212	0.0012386598493195288	0.0015619003818583678	0.0014969393278171587	0.0005970757745894266	0.000691714469126898	0.0008556837412713311	0.000656454001992162	0.0016272483231134969	0.0008373133687262877	0.0010786800703251262	0.001244054045609363	0.0003644714415156636	0.00048884041607841	0.00026564363160594753	0.0007621493127641783	0.0006523975865788055	0.00045869902492086536	0.0006799377056450831	0.0006764659003831472	0.0005302708207586532	0.0007196958381458511	0.001233804852948935	0.0008774790513249796	0.0007916047118156182	0.0010767699866827476	0.0004853597264169107	0.0006432584946445186	0.00037254550674241203	0.0008726457317407323	0.00032101616349392785	0.0006435297089905898	0.0009961943632088809	0.0007890933053797828	0.0022372516888461615	0.001537543073712631	0.0010484995490083993	0.0019751929648608906	0.0024369033116188412	0.0029312453746951515	0.0006045338160155455	0.00011833165604893713	0.0010762933912734653	0.0007858285740777408	0.001307540961836776	0.0011569652030885703	0.0020631250028436917	0.0008303353401824898	0.0005429275090441004	0.0013161830351765603	0.0011817657484107195	0.0015588881982621706	0.0004384671828629865	0.0009983563234719068	0.0014685550378796717	0.0013446440722061888	0.0009917047283211267	0.0018693736619644315	0.0013812311036114934	0.00023272278562563292	0.0007783886234573755	0.0015371036764710198	0.0007497760075848592	0.00022652497217368815	0.0007705118961550534	0.0020540758559066444	0.0025026905729746115	0.002687735573613113	0.0016773953902475814	0.0009828027229206568	0.001655037044584654	0.001699353338453572	0.002075938253581473	0.0006561146803791615	0.0005233183727028631	0.00086083312488615	0.0015757906795023432	0.001494464877734994	0.0012404337906312048	0.0011552925686380867	0.0008596546977392637	0.0006431937420457253	0.0016330434530199306	0.0007565617190446007	0.0005107546358865462	0.0011823772590284045	0.0013537356239650823	0.0017534744743655409	0.0005358594471779647	0.002306343536546061	0.000764694418737599	0.0007277178008966599	0.001122066298052669	0.0011734417415325312	0.0015004268696039741	0.0037395525320811415	0.0005053753218179281	0.0010914822559150933	0.0018117970014375536	0.0010743672094372645	0.0015363894122052784	0.0024336546373339638	0.0013053969179796588	0.0021623379541822643	0.0012677677049141049	0.0007673685469460893	0.00133613762714986	0.0006735263298957059
aminoglycoside__aadA	0	0	0	0	0.0001417555607145605	0	7.309763094572054e-05	0	0	0	0	0	0	0	0	0	8.056102697491716e-05	0	0	0	0	0	0	0	9.969586101725459e-05	0	5.531788115667089e-05	0	0	0	4.078556715171498e-05	0	0	0	0	0	0	0	0	0	0	0	0	0	0	0	0	0.000170954588539463	3.1386412835946303e-05	0	0	8.758629745962372e-05	0.0001357492373306425	0	0	0	0	0	0	0	0	0	8.699896343208874e-05	0	0	0	0	0	0	0	0	0	0	0	0	0	0	0	0	3.737810160305434e-05	0	0	0	0	0	3.303788280881725e-05	0	0	0	0	0	0	4.62338472202562e-05	0	0	0	0	0	0	0	0	0	0	0	0	0	0	0	0	0	0	0	0	0	0	0	0	0	0	3.864705879827783e-05
aminoglycoside__aadA12	0	0	0	5.211245084709259e-05	0	0	0	0	0	0	0	0	0	0	0	0	0	0	0	0	0	0	0	0	0	0	0	0	0	0	0	0	0	0	0	0	0	0	0	4.469547843542122e-05	0	0	0	0	0	0	0	0	3.1386412835946303e-05	0	0	0	0	0	0	0	0	0	0	0	0	0	0	0	0	0	0	0	0	0	0	0	0	0	0	0	0	0	0	0	0	0	0	0	0	0	0	0	0	0	0	0	0	0	0	0	0	0	0	0	0	0	0	0	0	0	0	0	0	0	0	0	0	0	0	0	0	0	0	0
aminoglycoside__aadA13	0	0	0	0	0	0	0	0	0	0	0	0	0	0	0	0	0	0	0	0	0	0	0	0	0	0	0	0	0	0	0	0	0	0	0	0	0	0	0	0	0	0	0	0	0	0	0	0	0	0	0	4.8364128991125344e-05	0	0	0	0	0	0	0	0	0	0	0	0	0	0	0	0	0	0	0	0	0	0	0	0	0	0	0	0	0	0	0	0	0	0	0	0	0	0	0	0	0	0	0	0	0	0	0	0	0	0	0	0	0	0	0	0	0	0	0	0	0	0	0	0	0	0	0	0
aminoglycoside__aadA14	0	0	0	0	0	0	0	0	0	0	0	0	0	0	0	0	0	0	0	0	0	0	0	0	0	0	0	0	0	0	0	0	0	0	0	0	0	0	0	0	0	0	0	0	0	0	0	0	0	0	0	0	0	0	0	0	0	0	0	0	0	0	0	0	0	0	0	0	0	0	0	0	0	0	0	0	0	0	0	0	0	0	0	0	0	0	0	0	0	0	0	0	0	0	0	0.00015729553045910438	0	0	0	0	0	0	0	0	0	0	0	0	0	0	0	0	0	0	0	0	0	0	0	0
aminoglycoside__aadA17	0	0	0	0	0	0	0	0	0	0	0	0	0	0	0	0	0	0	0	0	0	0	0	0	0	0	0	0	0	0	0	0	0	0	0	0	0	0	0	0	0	0	0	0	0	0	0	0	0	0	0	0	0	0	0	6.04617167609347e-05	0	0	0	0	0	0	0	0	0	0	0	0	0	0	0	0	0	0	0	0	0	0	0	0	0	0	0	0	0	0	0	0	0	0	0	0	0	0	0	0	0	0	0	0	0	0	0	0	0	0	0	0	0	0	0	0	0	0	0	0	0	0	0	0
aminoglycoside__aadA21	0	0	0	0	0	0	0	0	0	0	0	0	0	0	0	0	0	0	0	0	0	0	0	0	0	0	0	0	0	0	0	0	0	0	0	0	0	0	0	0	0	0	0	0	0	0	0	0	0	0	0	0	0	0	0	0	0	0	0	0	0	0	0	0	0	0	0	0	0	0	0	0	0	0	0	0	0	0	0	0	0	0	0	0	0	0	0	0	0	0	0	0	0	0	0	0.00015609936672937735	0	0	0	0	0	0	0	0	0	0	0	0	0	0	0	0	0	0	0	0	0	0	0	0
aminoglycoside__aadA22	0	0	0	0	0	0	4.109031847534343e-05	0	0	0	0	0	0	0	0	0	0	0	0	0	0	0	0	0	0	0	4.872884200283448e-05	0	0	0	0	0	0	0	0	0	0	0	0	0	0	0	0	0	0	0	0	0	0	0	0	4.87319170442898e-05	0.00011685639668157139	0	0	0	0	0	0	0	0	0	0	0	0	0	0	0	0	0	0	0	0	0	0	0	0	0	0	0	0	0	0	0	0	0	0	0	0	0	0	0	0	0	0	0	0	0	0	0	0	0	0	0	0	0	0	0	0	0	0	0	0	0	0	0	0	0	0	0
aminoglycoside__aadA23	0	0	0	0	0	0	0	0	0	0	0	0	0	0	0	0	0	0	0	0	0	0	0	0	0	0	5.7536524408482844e-05	0	0	0	0	0	0	0	0	0	0	0	0	4.538575609465553e-05	0	0	0	0	0	0	0	0	0	0	0	4.9484533523738293e-05	0.00041412733908152103	0	0	0	0	0	0	0	0	0	0	0	0	0	0	0	0	0	0	0	0	0	0	0	0	0	0	0	0	0	0	0	0	0	0	0	0	0	0	0	0	0	0	0.00015639669885648093	0	0	0	0	0	0	0	0	0	0	0	0	0	0	0	0	0	0	0	0	0	0	0	0
aminoglycoside__aadA24	0	0	0	0	0	0	0	0	0	0	0	0	0	0	0	0	0	0	0	0	0	0	0	0	0	0	0	0	0	0	0	0	0	0	0	0	0	0	0	0	0	0	0	0	0	0	0	0	0	0	0	0	0	0	0	0	0	0	0	0	0	0	0	0	0	0	0	0	0	0	0	0	0	0	0	0	0	0	0	0	0	0	0	0	0	0	0	0	0	0	0	0	0	0	0	0.00015639669885648093	0	0	0	0	0	0	0	0	0	0	0	0	0	0	0	0	0	0	0	0	0	0	0	0
aminoglycoside__aadA27	0	0	0	0	0	0	0	0	0	0	0	0	0	0	0	0	0	0	0	0	0	0	0	0	0	0	0	0	0	0	0	0	0	0	0	0	0	0	0	0	0	0	0	0	0	0	0	0	0	0	0	0.00034741704124953887	0	0	0	0	0	0	0	0	0	0	0	0	0	0	0	0	0	0	0	0	0	0	0	0	0	0	0	0	0	0	0	0	0	0	0	0	0	0	0	0	0	0	0	0	0	0	0	0	0	0	0	0	0	0	0	0	0	0	0	0	0	0	0	0	0	0	0	0
aminoglycoside__aadA3	0	0	0	0	0	0	0	0	0	0	0	0	0	0	0	0	0	0	0	0	0	0	0	0	0	0	0	0	0	0	5.127075253028498e-05	0	0	0	0	0	0	0	0	0	0	0	0	0	0	0	0	0	5.23106880599105e-05	0	0	0	0	0	0	0	0	0	0	0	0	0	0	0	0	0	0	0	0	0	0	0	0	0	0	0	0	0	0	0	0	0	0	0	0	0	0	0	0	0	0	0	0	0	0	0	0	0	0	0	0	0	0	0	0	0	0	0	0	0	0	0	0	0	0	0	0	0	0	0
aminoglycoside__aadA5	0	0	0	0	0	0	0	0	0	0	0	0	0	0	0	0	0	0	0	0	0	0	0	0	0	0	0	0	0	0	0	0	0	0	0	0	0	0	0	0	0	0	0	0	0	0	0	0	0	0	0	0	0.0001149563651935428	0	0	0	0	0	0	0	0	0	0	0	0	0	0	0	0	0	0	0	0	0	0	0	0	0	0	0	0	0	0	0	0	0	0	0	0	0	0	0	0	0	0	0	0	0	0	0	0	0	0	0	0	0	0	0	0	0	0	0	0	0	0	0	0	0	0	0
aminoglycoside__aadA8b	0	0	0	0	0	0	0	0	0	0	0	0	0	0	0	0	0	0	0	0	0	0	0	0	0	0	0	0	0	0	0	0	0	0	0	0	0	0	0	0	0	0	0	0	0	0	0	0	5.12644742987123e-05	0	0	0	0	0	0	0	0	0	0	0	0	0	0	0	0	0	0	0	0	0	0	0	0	0	0	0	0	0	0	0	0	0	0	0	0	0	0	0	0	0	0	0	0	0	0	0	0	0	0	0	0	0	0	0	0	0	0	0	0	0	0	0	0	0	0	0	0	0	0	0
aminoglycoside__aadA9	0	0	0	0	0	0	0	0	0	0	0	0	0	0	0	0	0	0	0	0	0	0	0	0	0	0	0	0	0	0	0	0	0	0	0	0	0	0	0	0	0	0	0	0	0	0	7.53029625604255e-05	7.926798598031051e-05	0	0	0	0	0.00020557346038296506	0	0	0	0	0.00010284938463865691	0	0	0	0	0	0	0.00022304938210070563	0	0	0	0	0	0	0	0	0	0	0	0	0	0	0	0	0	0	9.206294846135333e-05	0	0	0	0	0	0	0	0	0	0	0	0	0	0	0	0	0	0	0	0	0	0	0	0	0	0	0	0	0	0	0	0	0	0	0	0.00016107680493114996
aminoglycoside__aadK	0	0	3.0085633351926166e-05	0	0	0	0	0	0	0	1.9014130391363442e-05	0	2.6200656875193145e-05	2.8567553853920605e-05	0	0	0	0	0	0	0	0	2.3133455321396513e-05	0	0	0	0	0	0	0	0	0	0	0	0	0	0	0	0	0	0	0	0	0	0	2.8670359614623228e-05	2.1311890244554767e-05	0	3.163794157992775e-05	2.5482311154159487e-05	0	2.486672484417231e-05	0	0	0	0	2.8689812567506895e-05	0	1.9854409488016368e-05	0	0	0	0	0	0	0	5.286962072967393e-05	2.337705321114723e-05	0	0	0	0	0	2.5763615743860238e-05	0	0	3.377132860388773e-05	0	2.480649376370375e-05	0	6.123430342357734e-05	0	0	2.6169865596074137e-05	0	0	0	2.7803036693327374e-05	0	0	0	0	0	0	0	0	0	0	0	0	0	2.3500703465551522e-05	2.8460505259146034e-05	0	0	0	2.3969236832542798e-05	2.294126378107718e-05	0	0	2.9374185258571376e-05	0	0	2.6943764130882317e-05	2.2610740836731735e-05	0	4.5832480915120055e-05	0	2.0780147997608717e-05	0
aminoglycoside__aadS	0	0	0	0	0.00020304274758190077	0	0	7.896752480068017e-05	0	0	0	0	0	0.00019045035902613737	0	0	0	0	0.00020444109095278022	0.00026300402849637535	0	0	0	9.914319325490287e-05	7.8122338400987e-05	0	0	0	0	0	4.69833028413413e-05	0	0	0	0	0	0.0001739170825735526	0	0	8.1915754902549e-05	0	0	0	0	0.00011294588214486456	0	0	0	0	0	0	0	0	0	0	0	7.80722774049578e-05	0	0	0	0	0	0.00026224273064253886	0	0	0	9.342317251883646e-05	8.007470920355444e-05	8.285346503300868e-05	0.000602179479462228	6.96698411271029e-05	0	0	0	0.00011253376882869904	0	0	0	4.545776376882092e-05	0	0	0	0	0	0.00010118306122110097	0	0	0	0	0	8.379375118605112e-05	3.377437924309983e-05	0	0	0.00013175076105297116	0	9.235932631438037e-05	0	5.015039335960494e-05	0	0.00012621986407387507	0	0	0.00042628073404916354	0.00017454146517609562	0	0.00018245144091241368	0	0	0	7.993462957123431e-05	0	3.0509926389022306e-05	0	0	0	8.721806874761523e-05	4.717281476660486e-05	0	8.931914320870275e-05
aminoglycoside__amrB	0	0	0	0	0	0	0	0	0	0	0	0	0	0	0	0	0	0	3.65502500224608e-06	0	0	0	0	0	0	0	0	0	0	0	0	0	0	0	0	0	0	0	0	0	0	0	0	0	0	0	0	0	0	0	0	0	0	0	0	0	0	0	0	0	0	0	0	0	0	0	0	0	0	0	0	0	0	0	0	0	0	0	0	0	0	0	0	0	0	0	0	0	0	0	0	0	0	0	0	0	0	0	0	0	0	0	0	0	0	0	0	0	0	0	0	0	0	0	0	0	0	7.961335897075325e-06	0	0
aminoglycoside__ANT(4')-Ib	0	0	0	0	0	0	0	0	0	0	0	0	0	0	0	0	0	0	0	0	0	0	0	0	0	0	0	0	0	0	0	0	0	0	0	0	0	0	0	0	0	0	0	0	0	0	0	0	0	0	0	0	0	0	0	0	0	0	0	0	0	0	0	0	0	0	0	0	0	0	0	0	0	0	0	0	0	0	0	0	0	0	0	0	0	0	0	0	0	0	0	0	0	0	0	0	0	0	0	0	0	0	0	0	0	0	0	0	0	0	0	3.187379658822243e-05	0	0	0	0	0	0	0	0
aminoglycoside__ANT(4')-IIb	0	0	0	0	0	0	0	0	0	0	0	0	0	0	0	0	0	0	0	0	0	0	0	0	0	4.3050128308433664e-05	0	0	0	0	0	0	0	0	0	0	0	0	0	0	0	0	0	0	0	0	0	0	0	0	0	0	0	0	0	0	0	0	0	0	0	0	0	0	0	0	0	0	0	0	0	0	0	0	0	0	0	0	0	0	0	0	0	0	0	0	0	0	0	0	0	0	0	0	0	0	0	0	0	0	0	4.3332564631183684e-05	0	0	0	0	0	0	0	0	0	0	0	0	0	0	0	0	0	0
aminoglycoside__ANT(6)-Ia	0.00011816043282248886	9.59924519018177e-05	0.00010873209662436295	0.00012027229381782119	0.00012929778991102546	0	0.00014350362032768458	0.0001924316589897772	0.00012726116278941833	8.333432468326903e-05	0.00011432631682033629	0.00016909285389348687	0.00013358731577408562	0.00013196986804811154	0.00011501844519958934	0.00014454132512953095	4.673309362335186e-05	2.2847565375023006e-05	8.097294569944026e-05	2.31017052057627e-05	0	4.136293810847956e-05	7.320030984335096e-05	5.743028644141805e-05	4.713918622551911e-05	0	0	4.091926254838651e-05	0.00015934824996696452	0	0	0.00010937077668016851	5.178166327339415e-05	0.00012037445871654367	0	0.0003006548203902666	0.0001769994328693724	6.637577557226886e-05	3.917812709769603e-05	0.00012193423149484933	0	0.0001514442362539183	0.00011793910768721637	0	0.0003363641215596645	0.00017429125171130423	0.0001309034437640791	0.0002005381417684134	0.00027259283035137663	0.0004076794523444421	8.714582870619623e-05	0.0003908874753840576	0.0007678251904157189	0	0.00017661050267970722	0	4.568143448567357e-05	0.0001271600282144272	8.046197913395362e-05	6.554632263531289e-05	5.648532114645503e-05	3.42054169822809e-05	4.575298704827273e-05	8.495087087995869e-05	0.00014567004204937907	0	0.00010085417165405034	9.604883824650613e-05	0.0002520423855319373	0.00018060621812849266	0.00022190933888487888	0	0.0001769962302928247	9.552719627257706e-05	0.00020146206259819742	0.00010837342346076419	5.4499868267830655e-05	0.00011464392025451492	0.00022808954275636273	0.0002135826837621107	0.00014957722318255978	4.7340656550753045e-05	0.0003294723876712786	0.0001060534530616654	8.434822658941741e-05	5.457691535103355e-05	3.5888921724345245e-05	0.0001571278476505992	0.00013346820205508838	0	4.902916736064561e-05	0	0	0.00024230250333300265	0.000186223019198566	5.524103583462859e-05	4.667180116692764e-05	0	9.903552450142168e-05	0.00012593180995610248	0	9.047186962199129e-05	8.161289229816892e-05	0.0001776786297884066	2.901341424887605e-05	0	5.2843963207384406e-05	0.00016068451991852424	0	0	0.0001466912676674222	0.00022066088442029638	0.00011489555274790661	0.00010136458297801661	0	3.882789577113307e-05	5.0522466612150694e-05	0.0002026292526723651	0.0001752268290425229	7.761519839384726e-05
aminoglycoside__ANT(6)-Ib	0.0013153891529392111	0.0004772677345434234	0.0015676675169695685	0.0014541917796143725	0.0009225776388535679	0.0012306637752670035	0.0010444805068521986	0.0010787638393301069	0.0011476808060757705	0.00116862988649403	0.0009714193482482105	0.0010133493606965932	0.0010272432736194903	0.0016560794737008062	0.0015926155286881695	0.0018075686660421933	0.0011815230746835387	0.0006521549350130886	0.0010293788263762793	0.0007265470699017223	0.0009520569673436725	0.001449566648551811	0.0010894339276398901	0.0008875681318117782	0.0016274973204119655	0.0005737035796966471	0.000918169875335987	0.001364829319787947	0.0011922156602913467	0.0015964567694925203	0.0016058035671960716	0.0023662201821456454	0.0014124006115915696	0.0007925742383030145	0.001680008070854355	0.0007649979509133101	0.0003042793855807496	0.002049328251735581	0.00039645515280615915	0.0016415629858769407	0.00021512292797478262	0.0006810079361670081	0.0003363995790526844	0.0010056073787566063	0.0010247837482875118	0.0014237264661025415	0.0019775998398551403	0.001326166128568912	0.002425218942519876	0.001074663783937448	0.0014204050474095967	0.002033752317132005	0.0007677916286668187	0.0004957981996946229	0.0010331245357920044	0.0006985470964271415	0.0004860154914944677	0.0007423632495714874	0.0014904507819635585	0.0012835119907479093	0.0006176539239429192	0.000485106824529699	0.0007439275157252486	0.001202782834560921	0.0010060674456810156	0.0007779906320564999	0.0015193721957313436	0.0008619160531324039	0.0012038463112339964	0.0020032285439833242	0.0014474858367799787	0.0013800344004140745	0.0019211956604967399	0.0013587056430295113	0.0011502333167945323	0.0007895354014370041	0.001536956672818495	0.0015034535350697952	0.0008926469295866886	0.0011897777618336434	0.000965649559572124	0.0009481682190603731	0.0009011189849080163	0.0009726143628447109	0.0014859413011198235	0.0014154993947640886	0.0006789060342494426	0.0013778859803497334	0.0013204564181659975	0.0012177737846304894	0.001277659439270055	0.0006241550124457651	0.0007162677390582359	0.0004673150997312436	0.0004809480632648592	0.0004955305932189554	0.0006717205584385051	0.0007729263593478685	0.0004474506078690197	0.0008096127027642163	0.0008932947244300859	0.0010416782249310168	0.001485555156675788	0.0008552295125219633	0.0011966312933097138	0.0015511259321802017	0.0009655106189911881	0.003794008247389857	0.0010392496257166737	0.000806251046028569	0.0009065915695886172	0.0007173610735540844	0.0009946011939714378	0.0007977055894159959	0.0014290110264095627	0.0014770365102591777	0.0010372737806244891	0.0012940049302019114	0.0010442362892512627	0.0006714146744839054
aminoglycoside__ANT(9)-Ia	0	0	0	0	0	0	0	0	0	0	0	0	0	0	0	0	0	0	0	0	0	0	0	0	0	0	0	0	0	0	0	0	0	0	0	0	0	0	0	0	0	0	0	0	0	0	0	0	0	0	0	0	0	0	0	0	0	0	0	0	0	0	0	0	0	0	0	0	0	0	0	0	0	0	0	0	0	3.2596019051385684e-05	0	0	3.1102857669776584e-05	0	0	0	0	0	0	0	0	7.738361842133545e-05	2.4291723828683506e-05	0	0	0	0	0	0	0	0	0	0	0	0	0	0	0	0	0	0	0	0	9.122251738484475e-05	0	0	0	0	0	0	0	0
aminoglycoside__APH(2'')-If	0.0012537659522724419	0.00042831719766717484	0.0008779110023744859	0.0006741433254949317	0.00336477966721912	0.00025289284580361216	0.0021864904299691242	0.000981992580113291	0.0007182906938510568	0.0013408015843719933	0.0015643394393520234	0.0006759773611986917	0.0010833620268087525	0.001220171204237456	0.0003194884774057349	0.0003314255609117067	0.001638391206268973	0.0007354353558228409	0.0008471535727428136	0.00038036440061718147	0.00028903588025486985	0.0022690609818998638	0.0015558352151283554	0.0019917867524909985	0.0005355210673911935	0	9.232190596668883e-05	0.0005777788269702088	0.0007009353362316651	0.0015743507018095475	0.000839017381406708	0.0008456650893858483	0.0008690031381360212	0.0010291342028781885	0.000792175683980817	0	0.0004218508101419747	0.0004905244987845342	0.0003628923489756289	0.0024697186387184675	0.00030178758700661706	0.0001658995043914084	0	0.003769003500895332	0	0.0006369517783384332	0.0009349906563479093	0.001988252787685374	0.0012784943518157521	0.0006239672986651261	0.0004660909147699081	0.0009546540021982182	0.00010347889672475851	7.480596685564637e-05	0.0004939788334941707	0.0003597899654363823	0.0017649225661618272	0.0017001591980951422	0.0004922130697365824	0.00018955908228256884	4.61720386047163e-05	0.0005793582490871796	0.00015959627805390758	0.00023866209643145137	0.003388893039303104	0.0006485922175926943	0.0007122903520095248	0.00015991575483367539	0.00025925416443549744	0.0003952934586011252	0.0002126022796754762	9.054093096639302e-05	0.0003340700202816174	0.0008414112641382545	0.0012440399748144479	0	0.0013148443320664068	0.00029122725676530164	0.0013169374359781653	0.00152199350753043	0.0010021694098312068	0.0024817644984552667	0.0007434970674784749	0.0005014144942814833	0.00035138330551372454	0.000548726418048971	0	0.0013505722928685948	0.0005731161172324251	0.0009270126892224484	0.0004882881860513149	0.00017553518261089824	0.00010325559212523887	0.00023718012707792338	0.0006100496448587701	0.00027000810551737573	0.00022537773911018573	0.0003941773705344473	0.0012687306551189537	0.0004463773739987893	0.00012026416235731444	0.0002080745661621347	0.0009974145376206401	0.0002703773515627145	0.0011295420377231114	0.0008823581573532081	0.0004742693128875782	0.0024232058949116863	0.0005229633385711145	0.0009524149515027913	0.00019193771781751128	0.0006700094256676779	0.001637315880532047	0.00012844706231463046	0.001499336320503776	0.0005061446865288491	0.001063631689965446	0.00040023194955480444	0.0010268831480665353	0.0005972076644939263
aminoglycoside__APH(2'')-IIa	0	0	0.00017883245821099624	0	6.915589104715296e-05	0	0	0	0	3.96957527878118e-05	0	0	0	0	3.4710312736544884e-05	0	0.0003963222996982654	0	0	0	0	7.698122594982474e-05	0	0	0	0	0	0	8.681381615393144e-05	0	0	0	0	4.230596937563917e-05	5.109589934897768e-05	0	4.131272477672832e-05	9.678875635287365e-05	0	0	0	0	0.00018696701352421591	0.00021271549858732015	0	0	0	0	0	4.322131132215298e-05	0	8.74786306917495e-05	5.1393365095741265e-05	0	0	0	7.569590086558861e-05	5.039619847294189e-05	0	0	0	0	0	0	0	0	0	0	0	4.98285983755217e-05	8.799174618675645e-05	0	0.0021977114712171952	0.00013929718252456052	0	0	0	0.00011004282646503606	4.3633371911878275e-05	3.2665210531364884e-05	8.724504255196797e-05	0	0	0.00013717379320741645	0	0	0	0	0	0	0	4.2056932880135884e-05	0	0	0	0	0	0	0.00013285996517729186	7.530887389842731e-05	0	4.0509821556622694e-05	0.0008514196525937059	0	0	0.0007762896851171513	0	4.106645572131079e-05	4.0967291485714996e-05	4.202735255087257e-05	0	7.932392816073456e-05	0	8.62080301623548e-05	4.130081295106646e-05	7.529977493312429e-05	0	0	0	0
aminoglycoside__APH(3'')-Ia	0	0	0	0	0	0	0	0	0	0	0	0	0	0	0	0	0	0	0	0	0	0	0	0	0	0	0	0	0	0	0	0	0	0	0	0	0	0	0	0	0	0	0	0	0	0	0	0	0	0	0	0	0	0	0	0	0	0	0	0	0	0	0	0	0	0	0	0	0	0	0	0	0	0	0	0	0	0	0	0	0	0	0	0	0	0	0	0	0	4.671766437201366e-05	0	0	0	0	0	0	0	0	0	0	0	0	0	0	0	0	0	0	0	0	0	0	0	0	0	0	0	0	0	0
aminoglycoside__APH(3')-Ia	0	9.957189466063475e-05	0	0	0.00021420115095978698	0	0	0	0	0	0	0	0	0	0	0	0	8.401003389496671e-05	4.913461605098807e-05	0	0	0	0	0	0	5.619711985342651e-05	0	0.000200403675008292	0	0	4.87620802847072e-05	0	0	0	0	0	0	0.00024797402631920103	0	8.983815285419644e-05	0.00011892600041472857	0.000140798831189868	0	0	0	0	0.00013132528323685203	0	0.00010875660837752144	0.00013924598704481667	9.330259097084468e-05	0	0	0	0	0	0	0	0	0	5.5308120777610474e-05	0	0	0	0.00025337828067733956	0	0	0	5.4826288290946786e-05	0	3.883325772670137e-05	0	0	0	0	5.6939666235531165e-05	0.0001183220510464435	0	0	0	0	0	0	0	0	0	0	0	0	0	0	0	0	0	0	0	0	0	0	9.800153763697282e-05	0	0	0	0.00016026711223907517	0	0	0	0	0	0	0	0	0	0	0	0	0	0	0	0
aminoglycoside__APH(3'')-Ib	3.9285592427590363e-05	0	0	0	0.00014415512704335425	0.00014091513330645355	0	0.00011309276487273345	0	0	0	0	0	0.00026834790792717853	0	0	0.00013144132237663726	0	7.3213592309595e-05	0	0	7.287639282743746e-05	0	0	0.002416919978829425	0.00010650090878589444	0.0004417069499808874	0	7.962371481602914e-05	0.0001354712541392073	0	0	4.70830547400746e-05	0	9.185349955360392e-05	0.0004964658400964182	0	0	0	0	0	0	0	0	4.856249913943989e-05	0.00011567829028103486	3.808362948869652e-05	0	0.00016711820675041595	0	0	9.796296096192173e-05	0	0	0	0	0	0	0	0.000276030669143157	0	0	0.0007622890653862884	0	4.247991365901742e-05	0	0	0	0	0	0.00012997287294905075	0.00020244545238553045	0.0002029014233612277	0	6.048163231055548e-05	0	0	0	0	0	0	0	9.495247575480724e-05	0.00021873579904989676	0	0	0.00037997918329234475	0	0	3.4702884271345974e-05	0.00016458492694018762	0.00015911647113815215	0	0	0	0.00020149267950834968	0	0	0	0.000249975200326145	0	0.00037524471621112334	7.750069172440615e-05	0.000261835357243681	0	0.000531917974956091	0	0.00015066098479352055	0	0	0	0	7.550549067949576e-05	0	0	0	0	0	0	0.00025327716420546416
aminoglycoside__APH(3')-IIa	0	0	0	0	0	0	0	0	0	0	0	0	0	0	0	0	0	0	0	0	0	0	0	0	0	0	0	0	0	0	0	0	0	0	0	0	0	0	0	0	0	0	0	0	0	0	0	9.550744603527095e-05	0	0	0	0	0	0	0	0	0	0	0	0	0	0	0	0	0	0	0	0	0	0	0.0002929925166777656	0	0.000350520437947	0	0	0	0	0	0	0	0	0	0	0	0	0	0	0	0	0	0.000256719354098587	0.00019648473329938484	0	0	0	0	0	0	0	0	0	0	0	0	0	0	0	0	0	0	0	0	0	0	0	0	0	0	0	0
aminoglycoside__APH(3')-IIb	0	0	0	0	0	0	0	0	0	0	0	0	0	0	0	0	0	0	0	0	0	0	0	0	0	0	0	0	0	0	0	0	0	0	0	0	0	0	0	0	0	0	0	0	0	0	0	0	0	0	0	0	0	0	0	0	0	0	0	0	0	0	0	0.00021462508017414865	0	0	0	0	0	0	0	0	0	0	0	0	0	0	0	0	0	0	0	0	0	0	0	0	0	0	0	0	0	0	0	0	0	0	0	0	0	0	0	0	0	0	0	0	0	0	0	0	0	0	0	0	0	0	0	0
aminoglycoside__APH(3')-IIIa	3.973201961426752e-05	0	0	0	8.900487010631342e-05	0	8.29376383413311e-05	0.00038761343698938086	5.838706868370223e-05	4.495844728619594e-05	0	0.00011266289353311528	0	0.000199796133273045	0	0	0	8.393555691456336e-05	0	0	0	0.00021572058630738142	9.21703326497841e-05	0	0	0.00021434518130761094	0	0	0	0	0.0001481219808895771	0	0	0	0	0	4.392510950673479e-05	0	5.1940698803763675e-05	0.00013001643795176545	0	0	0	0.00014651651480463357	0	0	0	0	0.0003053794932733821	9.594476245164596e-05	0	0.00019617082932624823	0.00011663507774846236	8.331514558547614e-05	0	0	0	0	3.322438220721931e-05	0	0	0	0	5.2818660685649075e-05	0	0	0.00010054668942339773	9.478877403447694e-05	0	0	0.00014948597789681917	0	0.0002469968385061186	0.00031892981262161596	0	0.00010715500325602913	0	0.00018600357573662817	0.00014053530338430792	0	0	0	4.8015740580555926e-05	0	0	0	0.00011284305196020092	0	0	0	0	9.725001951181673e-05	0.00010794902813093154	0	0	0	0.00010161279625471586	9.010461955232359e-05	0	0.00014375225546239636	0	0	0	0	0	5.90864837513309e-05	0.00010031334011851096	0	4.639856119026055e-05	0	4.388819767168703e-05	8.175472580778133e-05	0	0	0	2.239747667317524e-05	0	0	0	0
aminoglycoside__APH(3')-VIIa	0	0	0	0	0	0	0	0	0	0	0	0	0	0	0	0	0	0	0	0	0	0	0	0	0	0	0	0	0	0	0	0	0	0	0	0	0	0	0	0	0	0	0	0	0	0	0	0	0	0	0	0	0	0	0	0	0	0	0	0	0	0	0	0	0	0	0	0	0	0	0	0	0	0	0	0	0	0	0	0	0	0	0	0	0	0	0	0	0	0	4.858344765736701e-05	0	0	0	0	0	0	0	0	0	0	0	0	0	0	0	0	0	0	0	0	0	0	0	0	0	0	0	0	0
aminoglycoside__APH(4)-Ia	0	0	0	0	0	0	0	0	0	0	0	0	0	0	0	0	0	0	0	0	0	0	0	0	0	0	0	0	0	0	0	0	0	0	0	0	0	0	0	0	0	0	0	0	0	0	0	0	0	0	0	0	0	6.450204819520733e-05	0	0	0	0	0	0	0	0	0	0	0	0	0	0	0	0	0	0	0	0	0	0	0	0	0	0	0	0	0	0	0	0	0	0	0	0	0	0	0	0	0	0	0	0	0	0	0	0	0	0	0	0	0	0	0	0	0	0	0	0	0	0	0	0	0	0
aminoglycoside__APH(6)-Ia	0	0	0	0	0	0	0	0	0	0	0	0	0	0	0	0	0	0	0	0	0	0	0	0	0	0	4.271571545010231e-05	0	0	0	0	0	0	0	0	0	0	0	0	0	0	0	0	0	0	0	3.943046794432283e-05	0	0	0	0	0	0	0	0	0	0	0	0	0	0	0	0	0	0	0	0	0	0	0	0	0	0	0	0	0	0	0	0	0	0	0	0	0	0	0	0	0	0	0	0	0	0	0	0	0	0	0	0	0	0	0	0	7.693243285507396e-05	0	0	0	0	0	0	0	0	0	0	0	0	0	0	0	0
aminoglycoside__APH(6)-Id	0.00011841768944914177	0	0	0	0	8.745951946793235e-05	0	0	0	0.00018353209783834211	0	0	0	0	0	0	0	8.609653514595871e-05	4.471603547086324e-05	0	0	8.944107386129121e-05	0	0	0.0020342716961581934	0	0.0002276798105399232	0	4.5752130232778756e-05	0	4.8504345019658095e-05	0	0	0	5.8760284251324335e-05	0.000270310029618754	0.0005798114454888992	0	9.915079857801534e-05	0	0.0003555072283956555	0	0.00021245828239877234	0	0	0	9.201058439823588e-05	0.00023371406717492612	0.0001769861329434243	0	2.6522729531222634e-05	9.95944210425568e-05	0.0001721483796153414	0	0	4.648110748529088e-05	8.601635539548123e-05	0	0	0.0004748158542556535	0.00010763811197488808	5.244099718971485e-05	0.0007570296990627005	0	0.00017449441456857925	0	9.779051195645124e-05	4.910564431927377e-05	0	0.00022435523582097394	0	0.0002072955028213319	5.5250041815805946e-05	0.00010365120144235314	0	0	0	0	0	9.613597057602549e-05	0	0	9.325337371305072e-05	0	0	0.00010429170121283368	4.497659010513346e-05	0	0	0	0	0	0	0	0	0.000359246336406358	0	0	0	9.251732947564083e-05	0	0	0	0	0	0	0	0	0	9.863562333368052e-05	0	0	0.00015302420490868882	0	0	0.00024069145240923937	0	0.00010290212191116539	8.010256662233453e-05	0.000515309231101093
aminoglycoside__apmA	0	0	0	0	0	0	0	0	0	0	0	0	0	0	0	0	0	0	0	0	0	0	0	0	0	0	0	0	0	0	0	0	0	0	0	0	0	0	0	0	0	0	0	0	0	0	0	0	0	0	0	0	0	0	0	0	0	0	0	0	0	0	0	0	0	0	0	0	0	0	0	0	0	0	0	0	0	0	0	0	0	0	0	0	0	0	0	0	0	0	0	0	0	0	0	0	0	0	0	0	0	4.420597315850432e-05	0	0	0	0	0	0	0	0	0	0	0	0	0	0	0	0	0	0
aminoglycoside__npmA	0	0	0	0	0	0	0	0	0	0	0	0	0	0	0	0	0.00011997185918881145	0	0	0	0	0	0	0	0	0	0	0	0	0	0	0	0	0	0	0	0	0	0	0	0	0	0	0	0	0	0	0	0	0	0	0	0	0	0	0	0	0	0	0	0	0	0	0	0	0	0	0	0	0	0	0	0	0	0	0	0	0	0	0	0	0	0	0	0	0	0	0	0	6.044142270351843e-05	0	0	0	0	0	0	0	0	0	0	0	0	0	0	0	0	0	0	0	0	0	0	0	0	0	0	0	0	0	0
aminoglycoside__Other streptomycin resistance protein	0	0	0	0	0	8.06364363888738e-05	0	0	0	0	0	0	0	0	0	7.915069843744624e-05	0	0	0	0	0	0	0	0	0	0	0	0	0	0	0	0	0	0	0	0	0	0.00011661765856507584	0	0	0	0	0	4.6028321086704825e-05	0	0	8.499363207317757e-05	8.851711381481709e-05	9.659669397275815e-05	0.00018239086843825706	0	0	0	0	0	0	0	0	0	0	0	0	0	0	4.022034378353777e-05	0	0	0	0	0	0	0	0	0	0	8.990813681332382e-05	0	7.690049550921404e-05	0	0	0	0	0	0	0	0	0	0	0	9.387710334801799e-05	0	0	0	0	0	0	0	0	0	0	0	0	0	0	0	0	0	0	0	3.637625825071906e-05	0	3.7006581520660426e-05	0	0	0	0	0	0	0	0
aminoglycoside__rmtD	0	0	0	0	0	0	0	0	0	0	0	0	4.466877310622068e-05	4.315204187408007e-05	0	0	0	4.5771682693226324e-05	0	0	0	8.262011119302948e-05	0	0	0	0	5.671191187242604e-05	0	0	0	0	0	0	0	0	7.814962041112135e-05	0	0	0	0	0	0	0	0	5.643178670241998e-05	0	4.90087192668304e-05	0	0	0	0	0	0	0	0	0	0	0	3.889308825182874e-05	0	0	0	0	0	0.0001625553230454659	0	5.319069130090677e-05	0	0	0	0	5.498437103222248e-05	0	0	5.2303144378682794e-05	0	0	0	0	0	0	0	0	0	0	0	0	0	2.4717773514313837e-05	0	0	0	0	0	0	0	0	0	5.827191455144379e-05	0	0	0	4.960424094762092e-05	4.398541768337468e-05	5.018968275408809e-05	0	0	0	4.364094629846692e-05	0	0	0	0	0	0	0	0	0	7.85054521228341e-05	0
aminoglycoside__rmtD2	0	0	0	0	0	0	0	0	0	0	0	0	4.674639045999838e-05	0	0	0	0	0	0	0	0	0	4.7286739082512714e-05	5.5295410132774976e-05	7.186253564449767e-05	0	0.00011342382374485208	0	4.834158815308393e-05	3.3986448399642066e-05	0	0	0	0	0	0	0	0	0.00021317976849920432	0	0.00021419893257934233	0	0	0	0	0	0	0	0	0	0	5.2947592260795745e-05	3.235077087079292e-05	0	0	0	0	0	2.5365057555540478e-05	0	0	0	0	0	0	0	0	0	0	5.428694665122627e-05	0	0	0	0	0	0.00011197980676344784	0	0	0	0	4.858171316841164e-05	5.167828329629402e-05	0	0	0.0001126702744805141	5.489036905938616e-05	0.00012182785636728843	0	0	0	0	0	0	0.00010391622214415729	0	0	0	0	5.361016138732829e-05	0	4.9228641530016213e-05	0	0	0	0	0	0	0	4.661646536427149e-05	0	0	0	0	0	0	2.6701196108662357e-05	0	0	0	0
aminoglycoside__rmtG	0	0	0	0	2.2251217526578355e-05	0	0	0	0	0	0	0	0	0	0	0	0	0	0	0	0	0	0	0	0	0	0	0	0	0	0	0	0	0	0	0	0	0	0	0	0	0	0	0	0	0	0	0	0	0	0	0	0	0	0	0	0	0	0	0	0	0	0	0	0	0	0	0	0	0	0	0	0	0	0	0	0	0	0	0	0	0	0	0	0	0	0	0	0	0	0	0	0	0	0	0	0	0	0	0	0	0	0	0	0	0	0	0	0	0	0	0	0	0	0	0	0	0	0	0
antibacterial_fatty_acid__farB	0	0	0	0	0	0	0	0	0	0	0	0	0	0	0	0	0	0	0	0	0	0	0	0	0	0	0	0	0	0	0	0	0	0	0	0	0	0	0	0	0	0	0	0	0	0	0	0	0	0	0	1.235721759535422e-05	0	0	0	0	0	0	0	0	0	0	0	0	0	0	0	0	0	0	0	0	0	0	0	0	0	0	0	0	0	0	0	0	0	0	0	0	0	0	0	0	0	0	0	0	0	0	0	0	0	0	0	0	0	0	0	0	0	0	0	0	0	0	0	0	0	0	0	0
bacitracin__bacA	0.02441759866260699	0.02062552365878896	0.026914214505871795	0.027277109210831353	0.02287494864044731	0.04158609544068536	0.024607022489684237	0.02481475877678572	0.02809775829732519	0.02568835082933322	0.02091942057433858	0.029346671848666808	0.025478315227213433	0.028130429090576264	0.030423821034238942	0.020894681551619	0.034879432652852274	0.027294679862452337	0.02299639228773092	0.025753729717234473	0.02774215435358352	0.026748484887528862	0.0269246826139582	0.020663413399461848	0.031337291310037096	0.02153437911466437	0.020683905905777716	0.024991484867140354	0.02392319075560821	0.019555269135159436	0.02010052320722436	0.023515121431741618	0.025925258534660198	0.03165246411447236	0.028071501746972163	0.04182337249471492	0.019041538887368842	0.02351963417753463	0.032026981777598044	0.026705292877669953	0.030226834842512425	0.02581949690764156	0.022961118190119176	0.029313361690619842	0.02950005100537481	0.026378556196795033	0.021632146981100987	0.026107422312670485	0.034582650351944445	0.026246704850546313	0.028025743154184803	0.026209939522453818	0.028461059981994295	0.00909340537541121	0.019667829102545973	0.024710334561626586	0.02299381090282691	0.02597763306447363	0.024079237819883907	0.022632048425884854	0.02704720517485388	0.02317849477350247	0.02456634060874354	0.02587014989694407	0.02308766447198166	0.02645170083438616	0.02504891649862972	0.025041472288401163	0.04165310595242865	0.022071077639898115	0.027639496884779652	0.026400426130937533	0.03367369538473917	0.026616353977154675	0.026051485784177573	0.026706073032790066	0.03395031372225195	0.026628222321873334	0.024185581610877062	0.02642717647688366	0.024517569644233628	0.02852112373452128	0.024873146447039775	0.03171931658197981	0.029390014959589466	0.0412584943993767	0.024017479796508322	0.021560845470165416	0.023324584595203625	0.02968405501505501	0.023230530071726766	0.023336298392961193	0.023974998961834477	0.028022865139019214	0.02177277776201158	0.024319563482900732	0.02062734163718355	0.01949248354627485	0.022054103598217766	0.02382003754117164	0.028247135788810555	0.02355885392719074	0.028929142504280067	0.021613166592545512	0.02595492144171739	0.027400162667265016	0.025492109847318225	0.022115055565781097	0.02724702804903378	0.024246816424617977	0.024126706175520846	0.027009526437949394	0.022217229736974764	0.02578267509770764	0.028115938865091665	0.023657091174625236	0.02480415856889614	0.03220500859824154	0.029920760433833262	0.028640000708083726
bacitracin__BahA	0	0	0	0	0	0	0	0	0	0	0	0	0	0	0	0	0	0	0	0	0	0	0	0	0	0	0	0	0	0	0	0	0	0	0	0	0	0	0	0	0	0	0	0	0	0	0	0	0	0	0	0	4.0868660009645314e-05	0	0	0	0	0	0	0	0	0	0	0	0	0	0	0	0	0	0	0	0	0	0	0	0	0	0	0	0	0	0	0	0	0	0	0	0	0	0	0	0	0	0	0	0	0	0	0	0	0	0	0	0	0	0	0	0	0	0	0	0	0	0	0	0	0	0	0
bacitracin__bcrA	0.00025047061258527784	0.0002811871502998157	0.00029331424830969646	0.0004586438972719933	0.00026620576634565424	0.00041534957351281837	0.0003231914413995765	0.0001603923745982446	0.0003340715867189493	0.0005038655979635293	0.0002902398405765933	0.00011805137258452526	0.0005403109069391094	0.00012448475068770518	0.000528119635508944	0.00013939853152172707	0.0003422895774355258	0.00015870067578919824	8.070281930578777e-05	0.0001232289856393853	5.768934011262472e-05	0.0004587590963086825	0.00027150119909571317	0.0002926744857575749	0.00039207740352161955	7.362004568500663e-05	0	0.00021998533154083495	0.00015652227692145439	0.000359751847037876	0.0006303924252748805	0.00046799815663805427	0.00019203258976883568	0.00027425169663688326	0.00033669983097892514	8.816532014616871e-05	0.00019906288546403742	0.0001576113009484748	0.00014204426398720723	0.00016329662285860497	3.2545720167380274e-05	7.608598826407996e-05	0.00011216810668970598	0.00017195066723465265	0.0002144369920238474	0.0005810957455393551	0.00019470579793353932	0.00045435608330759953	0.0003571984156150831	0.0004904465928839854	0.0002950129137474496	0.00015869052238095144	3.1420557011888335e-05	2.8760352305665976e-05	0.000186256263780303	0.000143236195645034	8.005378290247636e-05	0.00036734580108899157	0.00044631644578485227	7.658209564894466e-05	0.0001086831421882365	0.0007740730044859807	0.0003167617106768439	0.0004342360351007808	0.0004269654118499095	0.0003836833890487763	0.00022966021927616208	0.0002866232171361861	0.0005523064096864137	0.00043080650314931333	0.00019981196149141138	0.0001060330436456223	0.00034171834834018815	7.468049333370888e-05	0.00018331429044857834	0	0.00023148252227886616	0.0002891744176853584	0.0002707969081542804	0.0002239137156964744	0.00043505253397861275	0.00030831747430090965	0.0003622925135464404	0.00020517270365293203	0.0001641336492346036	0.0003107477903063865	0.00014286761440842618	0.0005482556963039341	0.0004762245686377185	0.00026265871752891387	0.0003724084748433067	0.0002238586948380618	0.00023998620298059037	0.0005592673365422497	0.00012546524021292857	0	5.809637502281527e-05	0.0004833349250627416	7.43782973521833e-05	0.0003366764508657857	2.4835527896066187e-05	0.0003839151066232505	0.0002064432238997723	0.00018770435519713079	0.00019661442723881725	0.00020241339805501508	0.0004426473003790454	0.00038889725715412604	0.00019188662427098408	0.00027463910955442025	0.00033932099538909054	0.000481417983163565	0.00011917232336070969	0.0001197724431692934	0.00022155276000237602	0.0005138550868525031	0.0003702513985458643	0.00042316340734869807	0.00016788243669910405	5.876125175303518e-05
beta_lactam__ACI-1	0.0029406842888930517	0.001336983083563206	0.006572255130943355	0.002891347483358575	0.003690894068439638	0.0009430298734492236	0.003642609381639928	0.002760816001243014	0.00466767608237597	0.0036350823667802897	0.002285352210500413	0.006889066183326047	0.0033744639113395306	0.0014569385405513936	0.002359672709113968	0.0038777933801930086	0.00037477412163886296	0.0012675017010817765	0.001397180869436364	0.0016799951728432877	0.0025719158247660447	0.00448767181676986	0.001292046319432072	0.001134156239345981	0.007485216894956717	0.0025972646627920037	0.0009235017354353104	0.003033530874208868	0.011483377009198605	0.0024336610685607545	0.004081346874694955	0.002090254442700157	0.0007985713742591496	0.003016933040742036	0.001798892307727867	0.0058644319025646045	0.010052609645073153	0.006481124924888088	0.021708958897827927	0.00860923046595522	0.02353863481225467	0.005641620984914823	0.008664002031620566	0.002755047848662154	0.033108291738342836	0.0012767866815045544	0.0026264773537389295	0.0018138074659864599	0.009250607341109485	0.0039925321083320595	0.02380114052439592	0.004707178914020914	0.00036360443880130634	0.0020598007354606447	0.0059466106950977595	0.007726751930004803	0.004070765627634034	0.002735192469492146	0.004671669017680295	0.009261750779628276	0.0035859409599972043	0.0016659249177662229	0.0032399236708725806	0.012658345397595035	0.0035040813229790992	0.0029621816060021976	0.009922494890515589	0.006666056634901752	0.004202382204150748	0.008171230431015515	0.004290121239460206	0.0008502558552372189	0.0010904327774685185	0.005711595428754246	0.0008335859676852903	0.0013512985748386662	0.008765408946475718	0.004623665635283962	0.00045111068288809417	0.005065101283708542	0.0033388585624381925	0.0007965881380353454	0.007005807638599829	0.001911369442794748	0.0004771755164159433	0.0030251038512906234	0.0026520766108580553	0.005689428075344558	0.003909965337167253	0.00489570416172637	0.00293895644631537	0.002634555860577667	0.0019982138532405377	0.004145330311335566	0.0026397348724909227	0.001368471114994208	0.0016300619569533635	0.008187207879435532	0.005261613280551165	0.006898812467216209	0.0006475776449857371	0.002480629810252661	0.00019078225784807597	0.0034446063388702437	0.007503498229800801	9.886583478391705e-05	0.0006185906890244699	0.0006379436043738	0.005636366513220485	0.004844606724934893	0.00638562149537721	0.00481706284759521	0.006397325962225677	0.0015792461187417854	0.000986176158032838	0.0047389954598169946	0.003474454610911601	0.0025847280802014276	0.00538725336838006	0.0018526637933213863
beta_lactam__BCL-1	0	0	0	0	0	0	0	0	0	0	0	0	0	0	0	0	0	0	0	0	0	0	0	0	0	0	0	0	0	0	0	0	0	0	0	0	0	0	4.287899252386275e-05	0	0	0	0	0	0	0	0	0	0	0	0	0	0	0	0	0	0	0	0	0	0	0	0	0	0	0	0	0	0	0	0	0	0	0	0	0	0	0	0	0	0	0	0	0	0	0	0	0	0	0	0	0	0	0	0	0	0	0	0	0	0	0	0	0	0	0	0	0	0	0	0	0	0	0	0	0	0	0	0	0
beta_lactam__blaF	3.5677731898525934e-05	0	0	0	0	0	0	0	0	0	0	0	0	0	0	0	0	0	0	0	0	0	0	0	0	0	0	0	0	0	0	0	0	0	0	0	0	0	0	0	0	0	0	0	0	0	0	0	0	0	0	0	0	0	0	0	0	0	0	0	0	0	0	0	0	0	0	0	0	0	0	0	0	0	0	0	0	0	0	0	0	0	0	0	0	0	0	0	0	0	0	0	0	0	0	0	0	0	0	0	8.444079484662503e-05	0	0	0	0	0	0	0	0	0	0	0	0	0	0	0	0	0	0	0
beta_lactam__blaS1	0	0	0	0	0	0	0	0	0	0	0	0	0	0	0	0	0	0	0	0	0	0	0	0	0	0	0	0	0	0	0	0	0	0	0	0	0	0	0	0	0	0	0	0	0	0	0	0	0	0	0	0	0	0	0	0	0	0	0	0	0	0	0	0	0	0	0	0	0	0	0	0	0	0	0	0	0	0	0	0	0	0	0	0	0	0	0	0	0	0	0	0	0	0	0	0	0	0	0	0	8.64581517200939e-05	0	0	0	0	0	0	0	0	0	0	0	0	0	0	0	0	0	0	0
beta_lactam__blaZ	0	0	0	0	0	0	0	0	0	0	0	0	0	0	0	0	0	0	0	0	0	0	0	0	0	0	0	0	0	0	0	0	0	0	0	0	0	0	0	0	0	0	0	0	0	0	0	0	0	0	0	0	0	0	0	0	0	5.49943917642687e-05	0	0	0	0	0	0	0	0	0	0	0	0	0	0	0	0	0	0	0	0	0	0	0	0	0	0	0	0	0	0	0	0	0	0	0	0	0	0	0	0	0	0	0	0	0	0	0	0	0	0	0	0	0	0	0	0	0	0	0	0	0	0
beta_lactam__BPU-1	0	0	0	0	0	0	0	0	0	0	0	0	0	0	0	0	0	0	0	0	0	0	0	0	0	0	0	0	0	0	0	0	0	0	0	0	0	0	0	0	0	0	0	0	0	0	9.055763805899975e-05	0	0	0	0	0	0	0	0	0	0	0	0	0	0	0	0	0	0	0	0	0	0	0	0	0	0	0	0	0	0	0	0	0	0	0	0	0	0	0	0	0	0	0	0	0	0	0	0	0	0	0	0	0	0	0	0	0	0	0	0	0	0	0	0	0	0	0	0	0	0	0	0	0
beta_lactam__CARB-10	0	0	0	0	0	0	0	0	0	0	0	0	0	0	0	0	0	0	0	0	0	0	0	0	0	0	0	0	0	0	0	0	0	0	0	0	0	0	0	0	0	0	0	0	0	0	0	0	0	0	0	0	5.1565826052438385e-05	0	0	0	0	0	0	0	0	0	0	0	0	0	0	0	0	0	0	0	0	0	0	0	0	0	0	0	0	0	0	0	0	0	0	0	0	0	0	0	0	0	0	0	0	0	0	0	0	0	0	0	0	0	0	0	0	0	0	0	0	0	0	0	0	0	0	0
beta_lactam__CARB-16	0	0	0	0	0	0	0	0	0	0	0	0	0	0	0	0	0	0	0	0	0	0	0	0	0	0	0	0	0	0	0	0	0	0	0	0	0	0	0	0	0	0	0	0	0	0	0	0	0	0	0	3.335342959461939e-05	0	0	0	0	0	0	0	0	0	0	0	0	0	0	0	0	0	0	0	0	0	0	0	0	0	0	0	0	0	0	0	0	0	0	0	0	0	0	0	0	0	0	0	0	0	0	0	0	0	0	0	0	0	0	0	0	0	0	0	0	0	0	0	0	0	0	0	0
beta_lactam__CfxA	0.004588476421427282	0.00111339597310813	0.00685795224773801	0.005892116171477814	0.006882289103652446	0.0033702422209770586	0.004330658898047772	0.006122523978689444	0.0063587119241909785	0.0031708096135228668	0.0068674500734000185	0.005848530858909354	0.005649682345413868	0.004716701897887506	0.006674127356202891	0.004199173867214146	0.004865061398394273	0.006316346768935179	0.007807169049088587	0.009910329821569894	0.0049919467916915835	0.004167036260175015	0.004131298274657612	0.003046627088701184	0.004431690934531354	0.004142228430277848	0.0030091745658843774	0.0037625392742167397	0.005003053180148528	0.0071890655522436646	0.006052351017009938	0.003979713262044916	0.003910659437162591	0.0035771446743639176	0.003155482180449622	0.0033613263524700375	0.004617758769436174	0.003958635464801176	0.0019239999861933963	0.004846978184617909	0.001641410698838852	0.004970303188612676	0.0012983111733990214	0.0036206479606517164	0.007986727034287587	0.0029618654832115417	0.005541973151753859	0.004605279788525405	0.003614720692666231	0.0042288161864249395	0.005047611745469004	0.0049875873159126284	0.003379698134430033	0.000953062973800213	0.005075822739889436	0.004617854969431431	0.007419558924541062	0.006235655661660197	0.006035511403827519	0.002791938465855849	0.003420209391032596	0.006670364148457735	0.005466555489914032	0.007359400055533771	0.004875352199193821	0.004024103657267756	0.0063071904617742576	0.005031416329161726	0.006141394794933741	0.007744565662171106	0.005179945262747348	0.001287035102802652	0.0018066839726133574	0.004568439164404099	0.005332558123530657	0.002049114908285144	0.004617780361518048	0.0068310671334717195	0.005771295030014105	0.004240202120948356	0.0065735769349426106	0.003209112809046349	0.007574891434750252	0.0025271508793011485	0.006917810638814815	0.0028591534414130594	0.001448328268149619	0.0038348789140781473	0.004346357894275004	0.004169757723887142	0.0066631971436622505	0.005277135142321173	0.005795823236487706	0.004240569598083541	0.005850527305200629	0.002573237274176025	0.002687496839846311	0.004094384928775309	0.006322230430165523	0.0035286566104705958	0.0021133873700865595	0.005670028038673942	0.003749891745217703	0.002673792695500592	0.005736962495355762	0.005114084265412389	0.0075266505352696135	0.0034348673880702186	0.003796113460880621	0.004980453698572048	0.006865984491378794	0.005989312421794498	0.007111401207969992	0.005213055981694336	0.0035631124839962764	0.0070790839859152755	0.005332273620735432	0.0021130334943444897	0.005711803305569681	0.002494168002768358
beta_lactam__CfxA2	0.048917824899623055	0.022261915015466333	0.07845988513103244	0.06075432640265916	0.06456775951562128	0.03818462969856046	0.05872480584524108	0.07770506321142044	0.07057200246568882	0.04056553622174257	0.07941370709524886	0.06428658420817329	0.06759555567910637	0.04979355785161566	0.07958146321617704	0.05225499521794055	0.04669623738784958	0.0669165061174645	0.08797084005600504	0.09753035608770629	0.05579814209923684	0.04477216926268582	0.0472036834607714	0.03911773448483656	0.054199631059931724	0.04210350193812571	0.024907163500282107	0.041397438918340364	0.055443565256780944	0.08730961896224335	0.06035716293226374	0.05008867955663445	0.041983043035911244	0.036732482689202324	0.033959270669599015	0.03538104364539161	0.05005085066219494	0.05037015301822325	0.020072138399479418	0.06120024041448197	0.0157877919786721	0.051760031481351325	0.011376549618013557	0.039162358162733835	0.08663917469133112	0.03645808671727047	0.06433153809907419	0.04832833865744544	0.036375216341945495	0.055944854807500236	0.06084743194116363	0.054315078468241136	0.04011692111352771	0.01103808882074495	0.07080566774281785	0.052021954244777	0.08635469726153822	0.058011045158422425	0.07023495409201289	0.03177699606562271	0.03530147806584268	0.06301081507686647	0.06369100862459429	0.07704292746281916	0.04876836217112114	0.051945317870194796	0.06641636106178232	0.05961412982193026	0.06319622234344441	0.08055722129863754	0.056169621637120457	0.016556297712976127	0.026714153740214443	0.04729224376983587	0.04833209331698909	0.02391082836474649	0.04932969925953239	0.07388377225740976	0.0594370230830509	0.052669785719842585	0.06826475580282472	0.038943383466278514	0.07882673229362093	0.03885398004419944	0.07599037353267782	0.033448733582765684	0.022062398570162643	0.0509078740941565	0.055866637362208364	0.04879259814444917	0.06960373466015024	0.05988234407632715	0.06812456566431062	0.05022494027849583	0.06399259648087735	0.02593785656650393	0.03360789033863674	0.05503713753104712	0.06464727226669537	0.04486761362690398	0.027957794757302663	0.06404906180369793	0.04391385327418144	0.033167831843828065	0.05640807882849456	0.05016895282793377	0.08541785911970584	0.04311539223707231	0.03659120624887844	0.047508447167033264	0.07442493293272927	0.06821506177119831	0.08910059178082153	0.059953355777150726	0.05283578004502446	0.07684830263733286	0.058249513735258156	0.02327120480717596	0.055624914224007484	0.02863453291147192
beta_lactam__CfxA3	0.039269672583780446	0.015853454834348583	0.06258707866406302	0.04028507027008193	0.043366766183448785	0.02788499773916687	0.03835464120871708	0.06154759049608112	0.05850571993804413	0.031548876518747625	0.05235735136514065	0.05038427796497369	0.049395553228239304	0.036163651591095615	0.045507453250613665	0.03925139354700634	0.03190979155142517	0.049344566059713074	0.06758313064339007	0.07241809668973867	0.040161556887229236	0.03469868990887973	0.04059663836684191	0.02477190591237803	0.03507009271635951	0.03409985910930613	0.015126649807895179	0.03140934146309212	0.03112453804815207	0.05991498163414715	0.0364846540277194	0.04123624420301259	0.03459011440444712	0.027449438404988587	0.02043115219341499	0.024667972316510044	0.034275078866202784	0.026384756149195002	0.013708072725787319	0.04521942083328482	0.013492919489509925	0.032228664491391466	0.00826617570025279	0.032270430103615244	0.04362051599103384	0.026312661672150493	0.04302194236831024	0.03479920014856575	0.022035481348439835	0.04300879980919424	0.050358361064663335	0.03575890693658319	0.027521082967193	0.007935962278571707	0.05394566664753904	0.03862314055531322	0.0688644778676234	0.0439935134882101	0.04618594266132579	0.024358238656191338	0.03149853303304019	0.044065859540091644	0.05490999842807423	0.05566338160547413	0.03545530809362986	0.043526736743320464	0.044623936330264596	0.044686931811381676	0.041059333753205064	0.04992891684899884	0.04003228899815961	0.014946869201779123	0.01766096026224002	0.040947627720556955	0.035906226746120484	0.01753460746748076	0.04419958975434034	0.04958638785291618	0.049484384160868825	0.03597969483236362	0.05155247867745758	0.02306956998794274	0.05378165020756471	0.03262743015122162	0.0535906515759106	0.023869664485863865	0.0163975133116331	0.03502801522544761	0.034099091051864164	0.040401950382813925	0.043218836123985784	0.048505408740113554	0.0494999588604124	0.040659892657928604	0.04277052854480074	0.018011808289253986	0.026250221305649676	0.03414245145478658	0.04788394553888202	0.03410903361061548	0.0219940649754714	0.042032750296745865	0.033860139893483535	0.023240806239069125	0.04003420936276905	0.03656541093075072	0.0619203217041681	0.03702240588164321	0.03197771491976237	0.03798055322908488	0.0452349336782974	0.05361121770300582	0.05413038735715107	0.053320601247145306	0.04553566964810011	0.04646676154766065	0.04277125999176919	0.019051886029247365	0.03828530028062501	0.027167232912430637
beta_lactam__CfxA4	0.00423229928858611	0.0017627339944046281	0.0066948107769642246	0.004733741725667431	0.006133450372208449	0.0037094130941709284	0.004458436289562609	0.005947085318379881	0.005473236558822593	0.0026531572111247975	0.006517413283338834	0.006623146162782646	0.006395459598989298	0.004548126631500913	0.007324714560673089	0.0043312889582508545	0.004607818666942696	0.005428099498317664	0.007972141966494923	0.008117334678701496	0.0045696956532966185	0.0041049409886024235	0.0038856944873201685	0.003561637370497922	0.0054597617423613985	0.003566426787916727	0.003050027290629491	0.004388532203027143	0.004964238479542883	0.007906490185382567	0.00554154737759544	0.0036260547558313806	0.0039458258003825285	0.0037838277187235234	0.002985095661505284	0.004393623596955675	0.004302840186690611	0.00501386179211619	0.0026237140131438364	0.004784724762784648	0.0010674501945786036	0.005538315576839458	0.001211234635947712	0.004220719612830312	0.007527255444883004	0.0030269707193540736	0.004685184705864857	0.004395556148147394	0.0018935067607540202	0.00510002317684988	0.005762902249752836	0.003925046250735359	0.004080530722079547	0.0009316069446151682	0.006714692472853114	0.004093751712870773	0.0077530618582394295	0.00574324100348024	0.005632146407560076	0.0029076757109327816	0.0033696429508898763	0.006712839722505479	0.005420659970195826	0.005720458405192937	0.004596215495514801	0.00433431125958529	0.005211304633957038	0.00476811217027595	0.007797560708903524	0.006259331926168018	0.0042964039663483545	0.002131519673872374	0.002207359853636481	0.003277072653337656	0.005114225083378553	0.002026676067852762	0.004577845960585284	0.006680421797119155	0.005090119644781454	0.004607660299231093	0.00595108219737727	0.0038868083956654174	0.005329513856917391	0.0023719373370027067	0.006174294415681061	0.002672106020012205	0.002255454895254358	0.003448685206887468	0.0038594562572478726	0.004248105624157964	0.0053275307088452295	0.0048747801121380085	0.005099089241025814	0.004311645560339288	0.0057041005172209155	0.0017913755841762187	0.003184625367639111	0.004609439349919194	0.004778888788986109	0.004568258591531734	0.0030303986187947677	0.005705451275096461	0.00409935010283582	0.0034706329512042633	0.005492635201282361	0.004962469452526731	0.006478563632601489	0.0034411126015030736	0.003720557523480705	0.004058502532683029	0.005875538615848176	0.006217624479324045	0.007441278873281713	0.0054113962200613265	0.004324053586711093	0.006355730828427336	0.005198927790208119	0.0021931684971240213	0.004315205348224388	0.0030814106631872986
beta_lactam__CfxA5	0.01800949220129207	0.008681572144705227	0.028493087190301504	0.021804913846937116	0.025931194585927235	0.014277376440584978	0.0234513595804177	0.029853098864058257	0.02692632626771522	0.015178685239412772	0.029953702765032397	0.0219523753341699	0.02517817546663716	0.020996134567473606	0.03212884659966262	0.02112311702901661	0.01959888940338541	0.027346182030065964	0.033399657827762615	0.03944668755832089	0.020843567305659595	0.016385759400929463	0.017534897557684382	0.013594144030352447	0.018595494484444645	0.01494692478701414	0.0087081296678277	0.015913091274432703	0.02004455830443215	0.03668454536620227	0.02155624963831774	0.018407967451100227	0.016661663046500824	0.01375930041225096	0.014068786312834213	0.014584764205511047	0.0191283589025777	0.017633549073539815	0.008049701540814467	0.0212159661607754	0.0062321252050420205	0.02089880422087619	0.00556070768164061	0.01603614661866493	0.03152480017149954	0.01431638777097854	0.02239264873102505	0.017619142237150498	0.012826815377058922	0.021913029800752996	0.023170956691605977	0.019733603923668033	0.015839582418133276	0.004449703600988794	0.028100001825464693	0.019665265670080343	0.032447790716276695	0.022257334150768374	0.024413991693438768	0.012848614776540694	0.013380054428798688	0.023093120098277516	0.023080457774809507	0.027675579574308686	0.018653398557750413	0.018904692016298272	0.026162603581471766	0.022939281056764696	0.027457255448056005	0.030034210955237464	0.02051241931816106	0.007066423500003252	0.010047077806226585	0.017646922268334315	0.01868608857928516	0.01046637273128036	0.02014057420701755	0.02694299605889147	0.02233084747387993	0.018618661198975622	0.024541408067540106	0.01449388650982679	0.030793185501978685	0.013255751032316646	0.028868030392242616	0.013543267673042505	0.009158684258784322	0.018616832530285298	0.018003948812886045	0.01909462036810898	0.02246416890512367	0.022452716501762723	0.026037779315170043	0.019292681504794486	0.024874557368084554	0.009922055056191651	0.012174644281314945	0.020325297879475755	0.02623411758922868	0.017449392159751734	0.01046513439683266	0.023030494167135894	0.018497543356640504	0.011940831495673944	0.022383532747369643	0.01932505730396426	0.03152090773580727	0.01622272254351982	0.014185436449012486	0.01839188716631811	0.024708448237453683	0.026439127361099497	0.03279174307236189	0.021615070997419616	0.018648058146106185	0.02721465704072893	0.020650668327627332	0.008584567613550448	0.019402008952325384	0.009808081741804808
beta_lactam__CfxA6	0.017031251444331937	0.01064618719501522	0.01477457045979497	0.018635656796294173	0.019451635217121958	0.014993106234010133	0.01912403629710944	0.019307250151373887	0.02045197059114865	0.009453365227163998	0.026699506680030818	0.01909213304257095	0.01807417881647765	0.01479267639688253	0.0215668683495456	0.018052629126858677	0.012670375323097493	0.018162062643982336	0.02562675722647647	0.026938322374214323	0.017684087454995837	0.012187235540628496	0.01576129395924477	0.012849904348828418	0.020356528695973448	0.021915280812544426	0.00936257270254053	0.012963585437000047	0.015188567594849966	0.02923503339007414	0.02192915142264285	0.018727687857974983	0.01594358976588509	0.014549364310503857	0.012007974752913533	0.014440955914690518	0.01568225072121624	0.015365098770329584	0.011896183812933647	0.01926668949452079	0.005775875929984365	0.017492003393279	0.010058342376555797	0.01783238393393661	0.028635295753892624	0.018609402059707982	0.019129068497969644	0.01708912712114172	0.012125073840423429	0.021833523545482604	0.01884125797474348	0.016794435591825793	0.017835488210701154	0.00520195269516568	0.02501873844050788	0.014858950953061384	0.023288818114403132	0.016672025075373676	0.02594713837029061	0.01137947528995084	0.011470840753548631	0.020529430473252633	0.01978325985596039	0.024379402298769726	0.018405101501359194	0.015610875887321591	0.018002413903287745	0.0163369582921334	0.0198132213497503	0.02296298116746099	0.0120864877722728	0.006365492460782271	0.012366646400334311	0.012652755377415333	0.020518962032886112	0.009718431268911509	0.01695905218667337	0.017535059440109652	0.014965890644009406	0.016885709847630447	0.019645087478313557	0.00992314058441787	0.018628970053998443	0.008292974770239516	0.022623167714993633	0.012690227578430462	0.0110656646804396	0.014126238560662321	0.015950485288781853	0.01275999143569869	0.018861679580694703	0.014696978902865162	0.017792404690196748	0.01499025864106814	0.02322423659491408	0.014728222054547936	0.014210097772274851	0.018570055859712054	0.016635191531141034	0.015581528460959733	0.010090037213817864	0.016769515067090127	0.013337223309366042	0.016402915084804806	0.01360603958618065	0.014666671918113442	0.024530193845320947	0.014400172096198328	0.016147506713281534	0.016847620049596057	0.02127992587898188	0.01886178503116404	0.02638593738789779	0.014554598097782142	0.013947963314307631	0.015833553379316453	0.016366573364981873	0.006739849401051992	0.016921461957306965	0.011395499779296792
beta_lactam__CRD3-1	3.461799728767863e-05	0	0	0	0	0	0	0	0	0	0	0	0	0	0	0	0	0	0	0	0	0	0	0	0	0	0	0	0	0	0	0	0	0	0	0	0	0	0	0	0	0	0	0	0	0	0	0	0	0	0	0	0	0	0	0	0	0	0	0	0	0	0	0	0	0	0	0	0	0	0	0	0	0	0	0	0	0	0	0	0	0	0	0	0	0	0	0	0	0	0	0	0	0	0	0	0	0	0	0	0	0	0	0	0	0	0	0	0	0	0	0	0	0	0	0	0	0	0	0
beta_lactam__CTX-M-106	0	0	0	0	0	0	0	0	0	0	0	0	0	0	3.6517887080319915e-05	0	0	0	0	0	0	0	0	0	0	0	0	0	0	0	0	0	0	0	0	0	0	0	0	0	0	0	0	0	0	0	0	0	0	0	0	0	0	0	0	0	0	0	0	0	0	0	0	0	0	0	0	0	0	0	0	0	0	0	0	0	0	0	0	0	0	0	0	0	0	0	0	0	0	0	0	0	0	0	0	0	0	0	0	0	0	0	0	0	0	0	0	0	0	0	0	0	0	0	0	0	0	0	0	0
beta_lactam__CTX-M-108	0	0	0	0	0	0	0	0	0	0	0	0	0	0	0	0	0	0	0	4.442635616492827e-05	0	0	0	0	0	0	5.192320495399671e-05	0	0	0	0	0	0	0	5.3232313259039464e-05	0	0	0	0	0	0	0	0	0	0	0	0	0	0	0	0	0	0	0	0	0	0	0	0	0	0	0	0	0	0	0	0	0	0	0	0	0	0	0	0	0	0	0	0	0	0	0	0	0	0	0	0	0	0	0	0	0	0	0	0	0	0	0	0	0	0	0	0	0	0	0	0	0	0	0	0	0	0	0	0	0	0	0	0	0
beta_lactam__CTX-M-111	0	0	0	0	0	0	0	0	0	0	0	0	0	0	0	0	0	0	0	0	0	0	0	0	0	0	0	0	0	0	0	0	0	0	0	0	0	0	0	0	0	0	0	0	0	0	0	0	0	0	0	0	0	0	0	0	0	0	0	0	0	0	0	0	0	0	0	0	0	0	0	0	0	0	0	0	0	0	0	0	0	0	0	0	0	0	0	0	0	0	0	0	0	0	0	4.6085968821110796e-05	0	0	0	0	0	0	0	0	0	0	0	0	0	0	0	0	0	0	0	0	0	0	0	0
beta_lactam__CTX-M-117	0	0	0	0	0	0	0	0	0	0	0	0	0	0	0	0	0	0	0	0	0	0	0	0	0	0	0	0	0	0	0	0	0	0	0	0	0	0	0	0	0	0	0	0	0	0	0	0	0	0	0	0	0	0	0	0	0	0	0	0	0	0	0	0	0	0	0	0	0	0	0	9.334116594473507e-05	0	0	0	0	0	0	0	0	0	0	0	0	0	0	0	0	0	0	0	0	0	0	0	0	0	0	0	0	0	0	0	0	0	0	0	0	0	0	0	0	0	0	0	0	0	0	0	0
beta_lactam__CTX-M-123	3.6045543567582904e-05	0	0	0	0	0	0	0	0	0	0	0	0	0	0	0	0	0	0	0	0	0	0	0	0.00015971510284563183	0	0	0	0	0	0	0	0	0	0.0001050011952257342	8.419211683466167e-05	0	0	0	0	0	8.594929580171349e-05	0	0	0	0	0	0	0	0	0	0	0	0	0	0	0	0	0	0	0	0	0.00016288692296223558	0	0	0	0	0	0	0	0	0	0	0	0	0	0	0	0	0	0	0	0	0	0	0	0	0	0	0	0	0	0	0	0	4.7026498797051826e-05	0	0	4.946104087356226e-05	0	8.531131850483767e-05	0	0	0	0	0	0	0	0	0	0	0	0	0	0	0	0	0	0	0
beta_lactam__CTX-M-126	0	0	0	0	0	0	0	0	0	0	0	0	0	0	0	0	0	0	0	0	0	0	0	0	4.012942282553563e-05	0	0	0	0	0	0	0	0	0	0	0	0	0	0	0	0	0	0	0	0	0	0	0	0	0	0	0	0	0	0	0	0	0	0	0	0	0	0	0	0	0	0	0	0	0	0	0	0	0	0	0	0	0	0	0	0	0	0	0	0	0	0	0	0	0	0	0	0	0	0	0	0	0	0	0	0	0	0	0	0	0	0	0	0	0	0	0	0	0	0	0	0	0	0	0
beta_lactam__CTX-M-132	0	0	0	0	0	0	0	0	0	0	0	0	0	0	0	0	0	0	0	0	0	0	0	0	0.0001581099259326104	0	0	0	0	0	0	0	0	0	0	4.167084570604466e-05	0	0	0	0	0	8.423030988567922e-05	0	0	0	0	0	0	0	0	0	0	0	0	0	0	0	0	0	0	0	0	5.5029365865620126e-05	0	0	0	0	0	0	0	0	0	0	0	0	0	0	0	0	0	0	0	0	0	0	0	0.00010133900657136028	0	0	0	0	0	0	0	0	4.7026498797051826e-05	0	0	0	0	0	0	0	0	0	0	0	0	0	0	0	0	0	0	0	0	0	0	0	0
beta_lactam__CTX-M-134	0	0	0	0	0	0	0	0	0	0	0	0	0	0	0	0	0	0	0	0	0	0	0	0	0	0	0	0	0	0	0	0	0	0	0	0	0	0	0	0	0	0	0	0	0	0	0	0	0	0	0	0	0	0	0	0	0	0	0	0	0	0	5.5029365865620126e-05	0	0	0	0	0	0	0	0	0	0	0	0	0	0	0	0	0	0	0	0	0	0	0	0	0	0	0	0	0	0	0	0	0	0	0	0	0	0	0	0	0	0	0	0	0	0	0	0	0	0	0	0	0	0	0	0	0
beta_lactam__CTX-M-137	0	0	0	0	0	0	0	0	0	0	0	0	0	0	0	0	0	0	0	0	0	0	0	0	0.00011637532619405335	0	0	0	0	0	0	0	0	0	0	0	0	0	0	0	0	0	0	0	0	0	0	0	0	0	0	0	0	0	0	0	0	0	0	0	0	0	5.5029365865620126e-05	0	0	0	0	0	0	0	0	0	0	0	0	0	0	0	0	0	0	0	0	0	0	0	0	0	0	0	0	0	0	0	0	4.7026498797051826e-05	0	0	0	0	0	0	0	0	0	0	0	0	0	0	0	0	0	0	0	0	0	0	0	0
beta_lactam__CTX-M-14	0	0	0	0	0	0	0	0	0	0	0	0	0	0	0	0	0	0	0	0	0	0	0	0	0.0001203882684766069	0	0	0	0	0	0	0	0	0	0	0	0	0	0	0	0	0	0	0	0	0	0	0	0	0	0	0	0	0	0	0	0	0	0	0	0	0	0.00010895814441392785	0	0	0	0	0	0	0	0	0	0	0	0	0	0	0	0	0	0	0	0	0	0	0	0	0	0	0	0	0	0	0	0	0	0	0	0	0	8.705236582126292e-05	0	0	0	0	0	0	0	0	0	0	0	0	0	0	0	0	0	0	0
beta_lactam__CTX-M-144	0	0	0	0	0	0	0	0	0	0	0	0	0	0	0	0	0	0	0	2.716572445356473e-05	0	0	0	0	0	0	0	0	0	0	0	0	0	0	0	0	0	0	0	0	0	0	0	0	0	0	0	0	0	0	0	0	0	0	0	0	0	0	0	0	0	0	0	0	0	0	0	0	0	0	0	0	0	0	0	0	0	0	0	0	0	0	0	0	0	0	0	0	0	0	0	0	0	0	0	0	0	0	0	0	0	0	0	0	0	0	0	0	0	0	0	0	0	0	0	0	0	0	0	0
beta_lactam__CTX-M-147	3.6045543567582904e-05	0	0	0	0	0	0	0	0	0	0	0	0	0	0	0	0	0	0	0	0	0	0	0	0	0	0	0	0	0	0	0	0	0	0	3.486744232546594e-05	0	0	0	0	0	0	0	0	0	0	0	0	0	0	0	0	0	0	0	0	0	0	0	0	0	0	0	0	0	0	0	0	0	0	0	0	0	0	0	0	0	0	0	0	0	0	0	0	0	0	0	0	0	0	0	0	0	0	0	0	0	0	0	0	0	0	0	0	0	0	0	0	0	0	0	0	0	0	0	0	0	0	0	0
beta_lactam__CTX-M-160	0	0	0	0	0	0	0	0	0	0	0	0	0	0	0	0	0	0	0	0	0	0	0	0	4.012942282553563e-05	0	0	0	0	0	0	0	0	0	0	0	0	0	0	0	0	0	0	0	0	0	0	0	0	0	0	0	0	0	0	0	0	0	0	0	0	0	5.5029365865620126e-05	0	0	0	0	0	0	0	0	0	0	0	0	0	0	0	0	0	0	0	0	0	0	0	0	0	0	0	0	0	0	0	0	0	0	0	0	0	0	0	0	0	0	0	0	0	0	0	0	0	0	0	0	0	0	0	0	0
beta_lactam__CTX-M-19	0	0	0	0	0	0	0	0	0	0	0	0	0	0	0	0	0	0	0	0	0	0	0	0	7.945625719456056e-05	0	0	0	0	0	0	0	0	0	0	4.2521271128617e-05	0	0	0	0	0	8.594929580171349e-05	0	0	0	0	0	0	0	0	0	0	0	0	0	0	0	0	0	0	0	0	5.5029365865620126e-05	0	0	0	0	0	0	0	0	0	0	0	0	0	0	0	0	0	0	0	0	0	0	0	0	0	0	0	0	0	0	0	0	0	0	0	0	0	0	0	0	0	0	0	0	0	0	0	0	0	0	0	0	0	0	0	0	0
beta_lactam__CTX-M-21	0	0	0	0	0	0	0	0	0	0	0	0	0	0	0	0	0	0	0	0	0	0	0	0	0.0001203882684766069	0	0	0	0	0	0	0	0	0	0	0	0	0	0	0	0	0	0	0	0	0	0	0	0	0	0	0	0	0	0	0	0	0	0	0	0	0	5.5029365865620126e-05	0	0	0	0	0	0	0	0	0	0	0	0	0	0	0	0	0	0	0	0	0	0	0	0.00010340714956261252	0	0	0	0	0	0	0	0	0	0	0	0	0	0	0	0	0	0	0	0	0	0	0	0	0	0	0	0	0	0	0	0	0
beta_lactam__CTX-M-27	0	0	0	0	0	0	0	0	0	0	0	0	0	0	3.639239605942534e-05	0	0	0	0	0	0	0	0	0	0	0	0	0	0	0	0	0	0	0	0	0	0	0	0	0	0	4.297464790085674e-05	0	0	0	0	0	0	0	0	0	0	0	0	0	0	0	0	0	0	0	0	0	0	0	0	0	0	0	0	0	0	0	0	0	0	0	0	0	0	0	0	0	0	0	0	0	0	0	0	0	0	0	0	0	0	0	0	0	0	0	0	0	0	0	0	0	0	0	0	0	0	0	0	0	0	0	0	0	0
beta_lactam__CTX-M-3	0	0	0	0	0	0	4.1356680271145806e-05	0	0	0	0	0	0	0	0	0	0	0	0	0	0	0	0	0	0	0	0	0	0	0	0	0	0	0	0.00014070160160248383	0	0	0	0	0	0	0	0	0	0	0	0	0	0	0	0	0	0	0	0	0	0	0	0	0	0	0	0	0	0	0	0	0	0	0	0	0	0	0	0	0	0	0	0	0	0	0	0	0	0	0	8.065757665883776e-05	0	0	0	0	0	0	0	0	0	0	0	0	0	0	0	0	0	0	0	0	0	0	0	0	0	0	0	0	0	0	0	0	0
beta_lactam__CTX-M-45	0	0	0	0	0	0	0	0	0	0	0	0	0	0	0	0	0	0	0	4.4118907333337065e-05	0	0	0	0	0.00028042551755391775	0	0	0	0	0	0	0	0	0	0	0	0	0	0	0	0	4.327205030847513e-05	0	0	0	0	0	0	0	0	0	0	0	0	0	0	0	0	0	0	0	0	5.541019192697389e-05	0	0	0	0	0	0	0	0	0	0	0	0	0	0	0	0	0	0	0	0	0	0	0	0	0	0	0	0	0	0	0	0	0	0	0	0	0	0	0	0	0	0	0	0	0	0	0	0	0	0	0	0	0	0	0	0	0
beta_lactam__CTX-M-55	0	0	0	0	0	0	0	0	0	0	0	0	0	0	0	0	0	0	0	0	0	0	0	0	0	0	5.1209483923701225e-05	0	0	0	0	0	0	0	0	0	0	0	0	0	0	0	0	0	0	0	0	0	0	0	0	0	0	0	0	0	0	0	0	0	0	0	0	0	0	0	0	0	0	0	0	0	0	0	0	0	0	0	0	0	0	0	0	0	0	0	0	0	0	0	0	0	0	0	0	0	0	0	0	0	0	0	0	0	0	0	0	0	0	0	0	0	0	0	0	0	0	0	0	0
beta_lactam__CTX-M-64	0	0	0	0	0	0	4.1356680271145806e-05	0	0	0	0	0	0	0	0	0	0	0	0	4.2939370910473285e-05	0	0	0	0	0	0	0	0	0	0	0	0	0	0	0	0	0	0	0	0	0	0	0	0	0	0	0	0	0	0	0	0	0	0	0	0	0	0	0	0	0	0	0	0	0	0	0	0	0	0	0	0	0	0	0	0	0	0	0	0	0	0	0	0	0	0	0	0	0	0	0	0	0	0	0	0	0	0	4.847182005609102e-05	0	0	0	0	0	0	0	0	0	0	0	0	0	0	0	0	0	0	0	0	0
beta_lactam__CTX-M-81	0	0	0	0	0	0	0	0	0	0	0	0	0	0	0	0	0	0	0	0	0	0	0	0	0	0	0	0	0	0	0	0	0	0	0	4.167084570604466e-05	0	0	0	0	0	0	0	0	0	0	0	0	0	0	0	0	0	0	0	0	0	0	0	0	0	0	0	0	0	0	0	0	0	0	0	0	0	0	0	0	0	0	0	0	0	0	0	0	0	0	0	0	0	0	0	0	0	0	0	0	0	0	0	0	0	0	0	0	0	0	0	0	0	0	0	0	0	0	0	0	0	0	0	0
beta_lactam__CTX-M-87	0	0	0	0	0	0	0	0	0	0	0	0	0	0	0	0	0	0	0	0	0	0	0	0	0	0	0	0	0	0	0	0	0	0	0	0	0	0	0	0	0	4.211515494283961e-05	0	0	0	0	0	0	0	0	0	0	0	0	0	0	0	0	0	0	0	0	0	0	0	0	0	0	0	0	0	0	0	0	0	0	0	0	0	0	0	0	0	0	0	0	0	0	0	0	0	0	0	0	0	0	0	0	0	0	0	0	0	0	0	0	0	0	0	0	0	0	0	0	0	0	0	0	0	0
beta_lactam__CTX-M-93	0	0	0	0	0	0	0	0	0	0	0	0	0	0	0	0	0	0	0	0	0	0	0	0	0	0	0	0	0	0	0	0	0	0	0	8.334169141208933e-05	0	0	0	0	0	0	0	0	0	0	0	0	0	0	0	0	0	0	0	0	0	0	0	0	0	0	0	0	0	0	0	0	0	0	0	0	0	0	0	0	0	0	0	0	0	0	0	0	0	0	0	0	0	0	0	0	0	0	0	0	0	0	0	0	0	0	0	0	0	0	0	0	0	0	0	0	0	0	0	0	0	0	0	0
beta_lactam__DHA-20	0	0	0	0	0	0	0	0	0	0	0	0	0	0	0	0	0	0	0	0	0	0	0	0	0	0	0	0	0	0	0	0	0	0	0	0	0	0	0	0	0	0	0	0	0	0	0	0	0	0	0	0	0	0	0	0	0	0	0	0	0	0	0	0	0	0	0	0	0	0	0	3.583414154342731e-05	0	0	0	0	0	0	0	0	0	0	0	0	0	0	0	0	0	0	0	0	0	0	0	0	0	0	0	0	0	0	0	0	0	0	0	0	0	0	0	0	0	0	0	0	0	0	0	0
beta_lactam__DHA-22	0	0	0	0	0	0	0	0	0	0	0	0	0	0	0	0	0	0	0	0	0	0	0	0	0	0	0	0	0	0	0	0	0	0	0	0	0	0	0	0	0	0	0	0	0	0	0	0	0	0	0	0	0	0	0	0	0	0	0	0	0	0	0	0	0	0	0	0	0	0	0	3.583414154342731e-05	0	0	0	0	0	0	0	0	0	0	0	0	0	0	0	0	0	0	0	0	0	0	0	0	0	0	0	0	0	0	0	0	0	0	0	0	0	0	0	0	0	0	0	0	0	0	0	0
beta_lactam__Escherichia coli ampC	8.291239912715264e-05	0	0	0.00022474565132603162	6.170374761534768e-05	0	9.308411316822682e-05	0.00024046344422063882	8.095514202213483e-05	9.509102216024727e-05	0	0	0	0	0.0002492106877634362	0	0.00010596009682212166	5.937692079031636e-05	0	0	0	0.00017616813370222793	0	0	0.004210703043466091	0	0.003510509844658951	0.0020748482809873404	0.0002038029173710225	0.0008425543776174342	0.00048686991354593206	0.00030328170880964496	0.000201432792844561	0.000364289824968558	0.0005801540839841757	0.00503828998852976	0.0001878987615988706	0	0.0010194272447232697	6.236026964729858e-05	0.0003487616068387958	0.00018671627951164172	0.0009096863925174733	0	8.51228474637145e-05	0.00014326560954730738	9.632748269687356e-05	0.0006786888723000476	0	0.00010078017488289601	0.0002623754929762048	0.0004361161354529638	0	0.0010986227391193606	0	8.351414956522318e-05	0	0	5.4841003749392695e-05	0.0006227870916433072	0.0004917676723618879	0	0.00020073465696926094	3.389197393995815e-05	0.000808372794858253	0	0	3.0398732197645663e-05	3.378970888282516e-05	0	0	0	0.0004681359153925096	7.315373937799613e-05	0	0.0006331609183406926	0.000266716246019085	9.785417483985965e-05	0.0001688646600300423	0	0.0005494030920979446	0.00031913140902781125	3.2951279583558165e-05	0.00025190327449684094	0.0001948425895631227	0.00024010926586155647	0.0045631770864693446	0	2.9149926006535626e-05	1.638826004161114e-05	0.0002834341276587898	0.00020708205313250814	8.134459114375581e-05	0	0	7.259793713497126e-05	7.102088967185694e-05	0.0008008202639570869	0.00031587874862553994	0	0.00030035837105921534	0.00011501252304847766	0.00016667513670134103	0	5.403468237689299e-05	4.054868720462687e-05	6.666978912491806e-05	0	6.498260028768586e-05	0	3.0733379801924074e-05	0.0005348410646127304	0	0.0008985514652017658	0.00029921035162311875	0.0002599953566395197	0	0.0002443326159527384	0.0002202742933251634	0.0002730914476968949
beta_lactam__IDC-2	0	0	0	0	0	0	0	0	0	0	0	0	0	0	0	0	0	0	0	0	0	0	0	0	0	0	0	0	0	0	0	0	0	0	0	0	0	0	0	0	0	0	0	0	0	0	0	0	3.413305503939578e-05	0	0	0	0	0	0	0	0	0	0	0	0	0	0	0	0	0	0	0	0	0	0	0	0	0	0	0	0	0	0	0	0	0	0	0	0	0	0	0	0	0	0	0	0	0	0	0	0	0	0	0	0	0	0	0	0	0	0	0	0	0	0	0	0	0	0	0	0	0	0	0
beta_lactam__Klebsiella pneumoniae OmpK37	2.131505993424234e-05	0.00018405532749257898	0	0.00026369130339409157	0.00022240746365389375	0	9.587907442976649e-05	5.9985972088368455e-05	0	6.47660705203303e-05	0	7.395987598997452e-05	3.0872616159410696e-05	7.307386770120511e-05	0.00022199750819736728	0	0	0	0	0	5.369087558913991e-05	6.281275895420812e-05	0	0	0.0017591429932066504	0	0.0007092376599678813	0.0006289220401083138	6.315821186450055e-05	0.00021098859864783145	0.0002379566102729109	7.244418241455011e-05	0.00013170717659037346	0.00030094812788856404	0.0004199317854196248	0.0018553917901171573	0.00015637788346131671	0	0.00023391646473036164	6.034606628542861e-05	0.00056918026519998	9.22874818397115e-05	0.0003774209118594784	0	4.3336187400502844e-05	3.6285125358970575e-05	0	0.0005015826342369995	3.45782040165002e-05	6.772571467175009e-05	0.0001871142059620024	0.00013847352658323406	0	0.00026138084889561143	0	3.2313069374801145e-05	3.0258120800549462e-05	0	0	0.00029877205608496257	0.00013768468654755736	0	0.0002423440303278831	0	0.00017589410238597427	3.28618069805122e-05	0.00010681965578671133	0	0	0	0.0001273268799968201	0	0.00035550766864193503	0	0	0.00010630970625386819	0.00015883651447041555	5.5984354835031717e-05	0.00016674248075907664	0	0.0001381037702984387	0.00010819864945690686	9.490169902980465e-05	6.476899197634034e-05	0.00015690927146469642	6.732351988147018e-05	0.0008673426738901718	0	3.199563773729844e-05	0	0.00015977978775016423	8.966148257512035e-05	7.288630032369802e-05	0	0	0.0002561309573518571	0.00014103343462671506	0.00027213854237018083	0.00010082910904497683	5.614793978060658e-05	0	0.0001249181777794557	6.624804062862005e-05	0	0	7.257210474869349e-05	0.00012530852772718487	0	0	3.0170896549125807e-05	0	0.0003982570224223917	0	0.0006064988474951549	9.311235150823587e-05	0	6.692937361113789e-05	0.00014334985946134159	0.00010989348702325925	8.723488512702179e-05
beta_lactam__LAP-1	0	0	0	0	0	0	0	0	0	0	0	0	0	0	0	0	0	0	0	0	0	0	0	0	0.0001950374432316454	0	0	0	0	0	0	0	0	0	0	0	0	0	0	0	0	0	0	0	0	0	0	0	0	0	0	0	0	0	0	0	0	0	0	0	0	0	0.0004832157579484243	0	0	0	0	0	0	0	0	0	0	0	0	0	0	0	0	0	0	0	0	0	0	0	0	0	0	0	4.17647181615962e-05	0	0	0	0	0	0	0	0	0	0	0	0	0	0	0	0	0	0	0	0	0	0	0	0	0	0	0	0	0
beta_lactam__LAP-2	0	0	0	0	0	0	0	0	0	0	0	0	0	0	0	0	0	0	0	0	0	0	0	0	0.0007236053040905164	0	0.00010352940507774796	0	0	0	0	0	0	0	0	0	0	0	0	0	0.00010919945582476275	0	0	0	0	0	8.494844672917268e-05	0	0	0	0	0	0	0	0	0	0	0	0	0	0	0	0.0014035732132036789	0	0	0	0	0	0	0	0	0	0	0	0	0	0	0	0	0	0	0	0	0	0	0	0	0	0	0	4.2617059348567546e-05	0	0	0	0	0	0	0	0	0	0	0	0	0	0	0	0	0	0	0	0	0	0	0	0	0	0	0	0	0
beta_lactam__mecA	0	0	0	0	0	0	0	0	0	0	0	0	0	0	0	0	0	0	0	0	0	0	0	0	0	0	0	0	0	0	0	0	0	0	0	0	0	0	0	0	0	0	0	0	0	0	0	0	0	0	0	0	0	0	0	0	0	8.74062351128205e-05	0	0	0	0	0	0	0	0	0	0	0	0	0	0	0	0	9.740590795464091e-05	0	0	0	0	0	0	0	0	0	0	0	0	0	0	0	0	0	0	0	0	0	0	0	0	0	0	0	0	0	0	0	0	0	0	0	0	0	0	0	0	0	0	0	0	0
beta_lactam__mecD	0	0	0	0	0	0	0	0	0	0	0	0	1.059646137074234e-05	0	0	0	0	0	0	0	0	0	0	0	0	0	0	0	0	0	0	0	0	0	0	0	0	0	0	0	0	0	0	0	0	0	0	0	0	0	0	0	0	0	0	0	0	0	0	0	0	0	0	0	0	0	0	0	0	0	0	0	0	0	0	0	0	0	0	0	0	0	0	0	0	0	0	0	0	0	0	0	0	0	0	0	0	0	0	0	0	0	0	0	0	0	0	0	0	0	0	0	0	0	0	0	0	0	0	0
beta_lactam__mreA	0	0	0	0	0	0	0	0	0	0	0	0	0	0	0	0	0	0	0	0	0	0	0	0	0	0	0	0	0	0	0	0	0	0	0	0	0	0	0	0	0	0	0	0	0	0	0	0	0	0	0	0	0	0	0	0	0	0	0	0	0	0	0	0	0	0	0	0	0	0	0	0	0	0	0	0	0	0	0	0	0	0	0	4.4255340176759885e-05	0	0	0	0	0	0	0	0	0	0	0	0	0	0	0	0	0	0	0	0	0	0	0	0	0	0	0	0	3.2084131818501515e-05	0	0	0	0	0	0	0
beta_lactam__NDM-19	0	0	0	0	0	0	0	0	0	0	0	0	0	0	0	0	0	0	0	0	0	0	0	0	0	0	0	0	0	0	0	0	0	0	0	0	0	0	0	0	0	0	0	0	0	0	0	0	0	0	0	4.843724180895018e-05	0	0	0	0	0	0	0	0	0	0	0	0	0	0	0	0	0	0	0	0	0	0	0	0	0	0	0	0	0	0	0	0	0	0	0	0	0	0	0	0	0	0	0	0	0	0	0	0	0	0	0	0	0	0	0	0	0	0	0	0	0	0	0	0	0	0	0	0
beta_lactam__Other class C beta-lactamase	0	0	0	0	0	0	0	0	0	0	0	0	0	0	0	0	3.484593788110041e-05	0	0	0	0	0	0	0	0.00012302275976289873	0	0	0	0	9.531761027304877e-05	0	0	0	0	0	0.00012931654694908366	0	0	0.00010911679960896773	0	0	3.250798431927407e-05	7.41420915699477e-05	0	0	0	0	0	0	3.3593391627632005e-05	0	0	0	0.0001431531711090655	0	0	0	0	0	0	3.637425852944494e-05	0	8.410297088714324e-05	0	8.880109462340902e-05	0	0	0	0	0	0	0	0	0	0	0	2.1757068951739773e-05	0	0	0	0	3.601934639140082e-05	3.3623754677100177e-05	3.476325406977546e-05	0	0	0.0003452818210352302	0	0	0	0	0	0	0	0	0	0	6.337393983041783e-05	3.74145878947546e-05	0	0	6.425695833119461e-05	0	0	0	4.054868720462687e-05	0	0	0	0	0	0	0	0	0	0	0	0	0	0
beta_lactam__OXA-1	0	0	0	0	0	0	0.00012081517074074419	0	0	0	0	0	0	0	0	0	0	0	0	0	0	0	0	0	0	0	0	0	0	0	0	0	0	0	0	0	0	0	0	0	0	0	0	0	0	0	0	0	0	0	0	0	0.0002020248708882591	0	0	0	0	0	0	0	0	0	0	0	0	0	0	0	0	0	0	0	0	0	0	0	0	0	0	0	0	0	0	0	0	0	0	0	0	0	0	0	0	0	0	0	0	0	0	0	0	0	0	0	0	0	0	0	0	0	0	0	0	0	0	0	0	0	0	0
beta_lactam__OXA-209	0	0	0	0	0	0	0	3.676184852845938e-05	0	0	0	0	0	4.9871581241333415e-05	3.865031844267436e-05	4.073083386744496e-05	0	0.00011718218969213284	0.00018056792075321873	4.560349246331287e-05	0	3.290919893302388e-05	0	0	7.245264770727183e-05	0	0	0	0	5.106236468802671e-05	0	0	0	0	0	0	9.200435504425567e-05	0	0	0	0	0	0	0	0	0	0	0	0	0	0	0	0	0	0	5.803442156250302e-05	4.1301230581771894e-05	0	0	0	0	0	0	0	8.278932078071278e-05	0	0	4.5664664863324655e-05	0	0.0003186375195536007	0	0	0	0	5.893648112013982e-05	0	0	4.548607209832695e-05	0	0	0	4.9559465655321564e-05	0	0	0	0	0	0	0.0001755827943697806	4.8309020336023855e-05	0	6.597297614431899e-05	5.652678401016726e-05	0	0	0	0	0	0	0	0	0	0	0.0001620522735278631	0	0	0	0	0	0	0	0	0	0	3.515392553448073e-05	0	0	0	0	0
beta_lactam__OXA-237	0	0	0	0	0	0	0	0	0	0	0	0	0	0	0	0	0	0	0	0	0	0	0	0	0	0	0	0	0	0	0	0	0	0	0	0	0	0	0	0	0	0	0	0	0	0	0	0	0	0	0	4.6436573125537027e-05	0	0	0	0	0	0	0	0	0	0	0	0	0	0	0	0	0	0	0	0	0	0	0	0	0	0	0	0	0	0	0	0	0	0	0	0	0	0	0	0	0	0	0	0	0	0	0	0	0	0	0	0	0	0	0	0	0	0	0	0	0	0	0	0	0	0	0	0
beta_lactam__OXA-278	0	0	0	0	0	0	0	0	0	0	0	0	0	0	0	0	0	0	0	0	0	0	0.0001137301756782988	0	0	0	0	0	0	0	0	0	0	0	0	0	0	0	0	0	0	0	0	0	0	0	0	0	0	0	0	0	0	0	0	0	0	0	0	0	0	0	0	0	0	0	0	0	0	0	0	0	0	0	0	0	0	0	0	0	0	0	0	0	0	0	0	0	0	0	0	0	0	0	0	0	0	0	0	0	0	0	0	0	0	0	0	0	0	0	0	0	0	0	0	0	0	0	0	0
beta_lactam__OXA-33	0	0	0	0	0	0	0	0	0	0	0	0	0	0	0	0	0	0	0	0	0	0	0	0	0	0	0	0	0	0	0	0	0	0	0	0	0	0	0	0	0	0	0	0	0	0	0	0	0	0	0	0	6.0025844389166554e-05	0	0	0	0	0	0	0	0	0	0	0	0	0	0	0	0	0	0	0	0	0	0	0	0	0	0	0	0	0	0	0	0	0	0	0	0	0	0	0	0	0	0	0	0	0	0	0	0	0	0	0	0	0	0	0	0	0	0	0	0	0	0	0	0	0	0	0
beta_lactam__OXA-347	0	0	0	0	0	0	0	4.1774827873249294e-05	0	0	0	0	0	0.00014861731209917358	0.00034707985961521574	0	0	0.00011635696300416008	0.0003602284650202404	0.00035924383858854624	9.160760707271135e-05	4.243554599258342e-05	0	0	7.927172043266212e-05	0	0	0	0	5.106236468802671e-05	0	0	0	9.327416948371034e-05	0	0	0.00027509302158232443	0	0	0	0	0	0	0	0	0	0	3.864914458536805e-05	0	0	9.228102975583543e-05	9.450565500388601e-05	0	0	0	0.00011606884312500604	4.0475205970136456e-05	0.0001593715026637991	0	0.00010429998784305262	0	3.781876293681625e-05	0.0002887113671768743	0	0.00011507715588519077	0	0.0001458049316212775	0	9.195021104180313e-05	0.0014170125869567974	0	0.00019727348827349133	0	0	0.00011787296224027964	0	4.90666313045183e-05	4.457635065636041e-05	0	0	0	4.9559465655321564e-05	0	8.438879611515877e-05	0	0	0	0	0.0002664936828252	0.00013912997856774869	3.63489298166432e-05	4.6850374363356965e-05	0.0002826339200508363	0	0	0	0	0	0	0	0	9.021627175204965e-05	0	0.0004663312764817763	0	0	0	0	0	0	0.00016576283943969152	0.00012984226927039946	0	0.00018250302910939972	4.506913530061632e-05	0	0	0	0	0
beta_lactam__OXA-360	0	0	0	0	0	0	0	0	0	0	0	0	0	0	0	0	0	0	0	0	0	0	0	0	0	0	0	0	0	0	0	0	0	0	0	0	0	0	0	0	0	0	0	0	0	0	0	0	0	0	0	0	0	0	0	0	0	0	0	0	0	0	0	0	0	0	0	0	0	0	0	0	0	0	0	0	0	0	0	0	0	0	0	0	0	0	0	0	0	0	0	0	0	0	0	0	0	0	0	0	0	0	0	0	0	0	0	0	0	0	0	0	2.8036843377037184e-05	0	0	0	0	0	3.741932447395483e-05	0
beta_lactam__OXA-363	0	0	0	0	0	0	0	0	0	0	0	0	0	0	0	0	0	0	0	0	0	0	0	0	0	0	0	0	0	0	0	0	0	0	0	0	0	0	0	0	0	0	0	0	0	0	0	0	0	0	0	9.476851658272862e-05	0	0	0	0	0	0	0	0	0	0	0	0	0	0	0	0	0	0	0	0	0	0	0	0	0	0	0	0	0	0	0	0	0	0	0	0	0	0	0	0	0	0	0	0	0	0	0	0	0	0	0	0	0	0	0	0	0	0	0	0	0	0	0	0	0	0	0	0
beta_lactam__OXA-47	0	0	0	0	0	0	0	0	0	0	0	0	0	0	0	0	0	0	0	0	0	0	0	0	0	0	0	0	0	0	0	0	0	0	0	0	0	0	0	0	0	0	0	0	0	0	0	0	0	0	0	0	0.00011023876813036502	0	0	0	0	0	0	0	0	0	0	0	0	0	0	0	0	0	0	0	0	0	0	0	0	0	0	0	0	0	0	0	0	0	0	0	0	0	0	0	0	0	0	0	0	0	0	0	0	0	0	0	0	0	0	0	0	0	0	0	0	0	0	0	0	0	0	0
beta_lactam__OXA-50	0	0	0	0	0	0	0	0	0	0	0	0	0	0	0	0	5.116419450527674e-05	0	0	0	0	0	0	0	0	0	0	0	0	0	0	0	0	0	0	0	0	0	0	0	0	0	0	0	0	0	0	0	0	0	0	0	0	0	0	0	0	0	0	0	0	0	0	0	0	0	0	0	0	0	0	0	0	0	0	0	0	0	0	0	0	0	0	0	0	0	0	0	0	0	0	0	0	0	0	0	0	0	0	0	0	0	0	0	0	0	0	0	0	0	0	0	0	0	0	0	0	0	0	0
beta_lactam__OXA-58	0	0	0	0	0	0	0	0	0	0	0	0	0	0	0	0	0	0	0	0	0	0	0	0	0	0	0	0	0	0	0	0	0	0	0	0	0	0	0	0	0	0	0	0	0	0	0	0	0	0	0	0	0	0	0	0	0	0	0	0	0	0	0	0	0	0	0	0	0	0	0	0	0	0	0	0	0	0	0	0	0	0	0	0	0	0	0	0	0	0	0	0	0	0	0	0	0	0	0	0	0	0	0	0	0	0	0	0	0	0	0	0	7.676754734188752e-05	0	0	0	0	0	0	0
beta_lactam__Rhodobacter sphaeroides ampC	0	0	0	0	0	0	0	0	3.9752374762756426e-05	0	0	0	0	0	0	0	0	0	0	0	0	0	0	0	0	0	0	0	0	0	0	0	0	0	0	0	0	0	0	0	0	0	0	0	0	0	0	0	0	0	0	0	0	0	0	0	0	0	0	0	0	0	0	0	0	0	0	0	0	0	0	0	0	0	0	0	0	0	0	0	0	0	0	0	0	0	0	0	0	0	0	0	0	0	0	0	0	0	0	0	0	0	0	0	0	0	0	0	0	0	0	0	0	0	0	0	0	0	0	0
beta_lactam__ROB-1	0	0	0	0	0	0	0	0	0	0	0	0	0	0	0	0	0	0	0	0	0	7.54668411770413e-05	0	0	0	8.95026653770507e-05	0	7.542701683207329e-05	0	0	0	0	0	0	0	0	0	0	0	0	0	0	0	0	0	0	0	0	4.4205104067414206e-05	0	0	0	0	0	0	0	0	0	0	0	9.175707906056033e-05	0	0	0	0	0	0	0	0	0	0	0	0	0	0	0	0	0	0	0	0	0	0	0	0	0	0	0	0	3.819105240466253e-05	0	8.503601572301244e-05	4.896313562067778e-05	0	0	0	0	0.0001532852592660266	0	0	0	0	0	0	0	0	0	0	0	0	0	0	0	8.451213448702978e-05	0	0	0	0	0	0
beta_lactam__SHV-39	0	0.0001449193525941569	0	0	0	0	0	0	0	0	0	0	0	0	0	0	0	0	0	0	0	0	0	0	0	0	0	0	0	0	0	0	0	0	0	0	0	0	0	0	0	0	0	0	0	0	0	0	0	0	0	0	0	0	0	0	0	0	0	0	0	0	0	0	0	0	0	0	0	0	0	0	0	0	0	0	0	0	0	0	0	0	0	0	0	0	0	0	0	0	0	0	0	0	0	0	0	0	0	0	0	0	0	0	0	0	0	0	0	0	0	0	0	0	0	0	0	0	0	0
beta_lactam__TEM-1	0	0	0	0	0	0	0	0	0	0	0	0	0	0	0	0	0	0	0	0	0	0	3.488292589514906e-05	0	8.717091490065778e-05	0	0	0	0	0	0	0	0	0	0	0	0	0	0	0	0	0	0	0	0	0	0	0.0025939402530229983	0.0022780548935133647	0	0	4.481291672254621e-05	0	0	0	0	0	0	0	0	0	0	0	0	0	0	5.3199306573226315e-05	0	0	0	0.00133269213349595	0	0.001803510878723137	0	0	0.0004859237373646409	0	0	0	0	0	0	0	0	0	0	0	0	0	0	0.0015358131632424378	0.001894074443710187	5.4155030834915485e-05	0	0	0	0.0006022712358637102	0	0	0	0	3.284376998190003e-05	0	0	0	0	0	0	0	0	0	0	0	0	0	0	0	0	0	0
beta_lactam__TEM-102	0	0	0	0	0	0	0	0	0	0	0	0	0	0	0	0	0	0	0	0	0	0	0	0	0	0	0	0	0	0	0	0	0	0	0	0	0	0	0	0	0	0	0	0	0	0	0	0	0	0	0	0	0	0	0	0	0	0	0	0	0	0	0	0	0	0	0	0	0	0	0	0	3.8546540801725084e-05	0	0	0	0	0	0	0	0	0	0	0	0	0	0	0	0	0	0	0	0	0	0	0	0	0	0	0	0	0	0	0	0	0	0	0	0	0	0	0	0	0	0	0	0	0	0	0
beta_lactam__TEM-107	0	0	0	0	0	0	0	0	0	0	0	0	0	0	0	0	0	0	0	0	0	0	0	0	0	0	0	0	0	0	0	0	0	0	0	0	0	0	0	0	0	0	0	0	0	0	0	0	0	0	0	0	0	0	0	0	0	0	0	0	0	0	0	0	0	0	0	0	0	0	4.507577179657932e-05	0	0	0	0	0	0	0	0	0	0	0	0	0	0	0	0	0	0	0	0	0	0	0	0	0	0	0	0	0	0	0	0	0	0	0	0	0	0	0	0	0	0	0	0	0	0	0	0	0
beta_lactam__TEM-108	0	0	0	0	0	0	0	0	0	0	0	0	0	0	0	0	0	0	0	0	0	0	0	0	0	0	0	0	0	0	0	0	0	0	0	0	0	0	0	0	0	0	0	0	0	0	0	0	0	0	0	0	0	0	0	0	0	0	0	0	0	0	0	0	0	0	0	0	0	0	0	0	5.840384969958345e-05	0	0	0	0	0	0	0	0	0	0	0	0	0	0	0	0	0	0	0	0	0	0	0	0	0	0	0	0	0	0	0	0	0	0	0	0	0	0	0	0	0	0	0	0	0	0	0
beta_lactam__TEM-114	0	0	0	0	0	0	0	0	0	0	0	0	0	0	0	0	0	0	0	0	0	0	0	0	0	0	0	0	0	0	0	0	0	0	0	0	0	0	0	0	0	0	0	0	0	0	0	4.408035970858659e-05	0	0	0	0	0	0	0	0	0	0	0	0	0	0	0	0	0	0	0	0	0	0	0	0	5.840384969958345e-05	0	0	5.0369704746816025e-05	0	0	0	0	0	0	0	0	0	0	0	0	0	0	8.493609730308917e-05	4.580063713272373e-05	0	0	0	0	0	0	0	0	0	0	0	0	0	0	0	0	0	0	0	0	0	0	0	0	0	0	0	0
beta_lactam__TEM-116	0	0	0	0	0	0	0	0	0	0	0	0	0	0	0	0	0	0	0	0	0	0	0	0	0	0	0	0	0	0	0	0	0	0	0	0	0	0	0	0	0	0	0	0	0	0	0	0.0002935751956591867	0.0003357651136332171	0	0	0	0	0	0	0	0	0	0	0	0	0	0	0	0	0	0	0	0	0	9.107145730329291e-05	0	5.840384969958345e-05	0	0	0	0	0	0	0	0	0	0	0	0	0	0	0	0	0	0.00016902283363314744	9.160127426544746e-05	0	0	0	0	0	0	0	0	0	0	0	0	0	0	0	0	0	0	0	0	0	0	0	0	0	0	0	0
beta_lactam__TEM-117	4.0470346907886976e-05	0	0	0	9.140251866832509e-05	0	9.669607873134685e-05	0	0	0	0	0	0	0	0	0	0	0	9.592469845418884e-05	0	0	0	0	0	9.103059387250835e-05	0	0	0	0	0	0	0	0	0	0.00012006076914961035	0	0	0	0	0	0	0	0	0	0	0	0	0.0032508303370918463	0.0036327748756227337	0	0	5.026076150058125e-05	0	0	0	0	0	0	0	0	0	0	0	0	0	0	0	9.9525927935284e-05	0	0	0.0014142236682664745	0	0.0029274787462022773	0	0	0.0005072856225792963	0	0	0	0	0	0	4.971041377751672e-05	0	0	0	0	0	4.788462790616092e-05	0	0.0024759031037121662	0.001990547790929812	6.073858360308168e-05	0	0	0	0.0007324460010981462	0	0	0	0	9.537351689315105e-05	0	0	0	0	0	0	0	0	0	0	0	0	0	0	0	0	0	0
beta_lactam__TEM-118	0	0	0	0	0	0	0	0	0	0	0	0	0	0	0	0	0	0	0	0	0	0	0	0	0	0	0	0	0	0	0	0	0	0	0	0	0	0	0	0	0	0	0	0	0	0	0	0.00016905915734978999	0.0001560261472830618	0	0	0	0	0	0	0	0	0	0	0	0	0	0	0	0	0	0	0	0	0	8.870646841631938e-05	0	0	0	0	0	0	0	0	0	0	0	0	0	0	0	0	0	0	0	7.631882582191752e-05	9.93715892548613e-05	0	0	0	0	5.026700746774763e-05	0	0	0	0	0	0	0	0	0	0	0	0	0	0	0	0	0	0	0	0	0	0	0
beta_lactam__TEM-12	0	0	0	0	0	0	0	0	0	0	0	0	0	0	0	0	0	0	0	0	0	0	0	0	0	0	0	0	0	0	0	0	0	0	0	0	0	0	0	0	0	0	0	0	0	0	0	0	0.00014142542035553847	0	0	0	0	0	0	0	0	0	0	0	0	0	0	0	0	0	0	0	0	0	0	0	0	0	0	5.0369704746816025e-05	0	0	0	0	0	0	0	0	0	0	0	0	0	0	0.00016732411168708569	9.0685261522793e-05	0	0	0	0	0	0	0	0	0	0	0	0	0	0	0	0	0	0	0	0	0	0	0	0	0	0	0	0
beta_lactam__TEM-123	0	0	0	0	0	0	0	0	0	0	0	0	0	0	0	0	0	0	0	0	0	0	0	0	0	0	0	0	0	0	0	0	0	0	0	0	0	0	0	0	0	0	0	0	0	0	0	0	0	0	0	0	0	0	0	0	0	0	0	0	0	0	0	0	0	0	0	0	0	0	0	0	0	0	0	0	0	0	0	0	0	0	0	0	0	0	0	0	0	0	4.2617059348567546e-05	0	0	0	0	0	0	0	0	0	0	4.3367120105371226e-05	0	0	0	0	0	0	0	0	0	0	0	0	0	0	0	0	0	0
beta_lactam__TEM-127	0	0	0	0	0	0	0	0	0	0	0	0	0	0	0	0	0	0	0	0	0	0	0	0	0	0	0	0	0	0	0	0	0	0	0	0	0	0	0	0	0	0	0	0	0	0	0	0	0	0	0	0	0	0	0	0	0	0	0	0	0	0	0	0	0	0	0	0	0	0	8.463206133235301e-05	0	0	0	0	0	0	0	0	0	0	0	0	0	0	0	0	0	0	0	0	0	0	0	0	0	0	0	0	0	0	0	0	0	0	0	0	0	0	0	0	0	0	0	0	0	0	0	0	0
beta_lactam__TEM-133	0	0	0	0	0	0	0	0	0	0	0	0	0	0	0	0	0	0	0	0	0	0	0	0	0	0	0	0	0	0	0	0	0	0	0	0	0	0	0	0	0	0	0	0	0	0	0	0.00013224107912575977	4.810388447467294e-05	0	0	0	0	0	0	0	0	0	0	0	0	0	0	0	0	0	0	0	0	0	0	0	0	0	0	0	0	0	0	0	0	0	0	0	0	0	0	0	0	0	4.2468048651544586e-05	4.580063713272373e-05	0	0	0	0	0	0	0	0	0	0	0	0	0	0	0	0	0	0	0	0	0	0	0	0	0	0	0	0
beta_lactam__TEM-136	0	0	0	0	0	0	0	0	0	0	0	0	0	0	0	0	0	0	0	0	0	0	0	0	0	0	0	0	0	0	0	0	0	0	0	0	0	0	0	0	0	0	0	0	0	0	0	3.6145894961041006e-05	4.521765140619257e-05	0	0	0	0	0	0	0	0	0	0	0	0	0	0	0	0	0	0	0	0	0	0	0	0	0	0	9.268025673414149e-05	0	0	0	0	0	0	0	0	0	0	0	0	0	0	7.899057049187293e-05	0	0	0	0	0	4.3064484919207795e-05	0	0	0	0	0	0	0	0	0	0	0	0	0	0	0	0	0	0	0	0	0	0	0
beta_lactam__TEM-142	0	0	0	0	0	0	0	0	0	0	0	0	0	0	0	0	0	0	0	0	0	0	0	0	0	0	0	0	0	0	0	0	0	0	0	0	0	0	0	0	0	0	0	0	0	0	0	0	6.734543826454213e-05	0	0	0	0	0	0	0	0	0	0	0	0	0	0	0	0	0	0	0	0	0	0	0	0	0	0	0	0	0	0	0	0	0	0	0	0	0	0	0	0	0	0	0	0	0	0	0	0	0	0	0	0	0	0	0	0	0	0	0	0	0	0	0	0	0	0	0	0	0	0	0
beta_lactam__TEM-148	0	0	0	0	0	0	0	0	0	0	0	0	0	0	0	0	0	0	0	0	0	0	0	0	0	0	0	0	0	0	0	0	0	0	0	0	0	0	0	0	0	0	0	0	0	0	0	0	0	0	0	0	0	0	0	0	0	0	0	0	0	0	0	0	0	0	0	0	0	0	4.599568550671359e-05	0	0	0	0	0	0	0	0	0	0	0	0	0	0	0	0	0	0	0	0	0	0	0	0	0	0	0	0	0	0	0	0	0	0	0	0	0	0	0	0	0	0	0	0	0	0	0	0	0
beta_lactam__TEM-149	0	0	0	0	0	0	0	0	0	0	0	0	0	0	0	0	0	0	0	0	0	0	0	0	0	0	0	0	0	0	0	0	0	0	0	0	0	0	0	0	0	0	0	0	0	0	0	0	0	0	0	0	0	0	0	0	0	0	0	0	0	0	0	0	0	0	0	0	0	0	0	0	5.256346472962511e-05	0	0	0	0	0	0	0	0	0	0	0	0	0	0	0	0	0	0	0	0	0	0	0	0	0	0	0	0	0	0	0	0	0	0	0	0	0	0	0	0	0	0	0	0	0	0	0
beta_lactam__TEM-157	0	0	0	0	0	0	0	0	0	0	0	0	0	0	0	0	0	0	0	0	0	0	0	0	0	0	0	0	0	0	0	0	0	0	0	0	0	0	0	0	0	0	0	0	0	0	0	0	4.810388447467294e-05	0	0	0	0	0	0	0	0	0	0	0	0	0	0	0	0	0	0	0	0	0	4.599568550671359e-05	0	0.0001168076993991669	0	0	0	0	0	0	0	0	0	0	0	0	0	0	0	0	0	4.2468048651544586e-05	9.160127426544746e-05	0	0	0	0	0	0	0	0	0	0	0	0	0	0	0	0	0	0	0	0	0	0	0	0	0	0	0	0
beta_lactam__TEM-16	0	0	0	0	0	0	0	0	0	0	0	0	0	0	0	0	0	0	0	0	0	0	0	0	0	0	0	0	0	0	0	0	0	0	0	0	0	0	0	0	0	0	0	0	0	0	0	4.3198752514414865e-05	4.714180678517949e-05	0	0	0	0	0	0	0	0	0	0	0	0	0	0	0	0	0	0	0	0	0	0	0	0	0	0	0	0	0	0	0	0	0	0	0	0	0	0	0	0	0	0	0	0	0	0	0	4.587303828350396e-05	0	0	0	0	0	0	0	0	0	0	0	0	0	0	0	0	0	0	0	0	0	0	0
beta_lactam__TEM-162	0	0	0	0	0	0	0	0	0	0	0	0	0	0	0	0	0	0	0	0	0	0	4.254015353066958e-05	0	0	0	0	0	0	0	0	0	0	0	0	0	0	0	0	0	0	0	0	0	0	0	0	0.0011302204229281603	0.0013247809784324928	0	0	0	0	0	0	0	0	0	0	0	0	0	0	0	0	0	0	0	0	0	0.0008647188875262155	0	0.0011902704568775107	0	0	0.00010073940949363205	0	0	0	0	0	0	0	0	0	0	0	0	0	0	0.0011186084014816844	0.001065322819707154	0	0	0	0	0.00013949148376004265	0	0	0	0	0	0	0	0	0	0	0	0	0	0	0	0	0	0	0	0	0	0	0
beta_lactam__TEM-164	0	0	0	0	0	0	0	0	0	0	0	0	0	0	0	0	0	0	0	0	0	0	0	0	0	0	0	0	0	0	0	0	0	0	0	0	0	0	0	0	0	0	0	0	0	0	0	3.7909109349384466e-05	0	0	0	0	0	0	0	0	0	0	0	0	0	0	0	0	0	0	0	0	0	0	0	0	0	0	0	0	0	0	0	0	0	0	0	0	0	0	0	0	0	0	0	0	0	0	0	0	0	0	0	0	0	0	0	0	0	0	0	0	0	0	0	0	0	0	0	0	0	0	0	0
beta_lactam__TEM-171	0	0	0	0	0	0	0	0	0	0	0	0	0	0	0	0	0	0	0	0	0	0	0	0	0	0	0	0	0	0	0	0	0	0	0	0	0	0	0	0	0	0	0	0	0	0	0	4.408035970858659e-05	4.810388447467294e-05	0	0	0	0	0	0	0	0	0	0	0	0	0	0	0	0	0	0	0	0	0	0	0	0.00017521154909875034	0	0	0	0	0	0	0	0	0	0	0	0	0	0	0	0	0	0	0	0	0	0	0	0	0	0	0	0	0	0	0	0	0	0	0	0	0	0	0	0	0	0	0	0	0	0	0
beta_lactam__TEM-177	0	0	0	0	0	0	0	0	0	0	0	0	0	0	0	0	0	0	0	0	0	0	0	0	0	0	0	0	0	0	0	0	0	0	0	0	0	0	0	0	0	0	0	0	0	0	0	0	0	0	0	0	0	0	0	0	0	0	0	0	0	0	0	0	0	0	0	0	0	0	0	0	8.176538957941684e-05	0	0	0	0	0	0	0	0	0	0	0	0	0	0	0	0	0	0	0	0	0	0	0	0	0	0	0	0	0	0	0	0	0	0	0	0	0	0	0	0	0	0	0	0	0	0	0
beta_lactam__TEM-178	3.606830917404664e-05	0	0	0	0	0	0	0	0	0	0	0	0	0	0	0	0	0	0	0	0	0	0	0	0	0	0	0	0	0	0	0	0	0	0	0	0	0	0	0	0	0	0	0	0	0	0	8.22771514055429e-05	0	0	0	0	0	0	0	0	0	0	0	0	0	0	0	0	0	0	0	0	0	0	4.523393239937434e-05	0	5.39200734489628e-05	0	0	0	0	0	0	0	0	0	0	0	0	0	0	0	0	0	0	0	0	0	0	0	9.018905400013497e-05	0	0	0	0	0	0	0	0	0	0	0	0	0	0	0	0	0	0	0	0	0	0	0
beta_lactam__TEM-182	0	0	0	0	0	0	0	0	0	0	0	0	0	0	0	0	0	0	0	0	0	0	0	0	0	0	0	0	0	0	0	0	0	0	0	0	0	0	0	0	0	0	0	0	0	0	0	3.438268057269754e-05	0	0	0	0	0	0	0	0	0	0	0	0	0	0	0	0	0	0	0	0	0	0	0	0	0	0	0	0	0	0	0	0	0	0	0	0	0	0	0	0	0	0	0	0	0	0	0	0	0	0	0	0	0	0	0	0	0	0	0	0	0	0	0	0	0	0	0	0	0	0	0	0
beta_lactam__TEM-184	0	0	0	0	0	0	0	0	0	0	0	0	0	0	0	0	0	0	0	0	0	0	0	0	0	0	0	0	0	0	0	0	0	0	0	0	0	0	0	0	0	0	0	0	0	0	0	0.00013224107912575977	4.810388447467294e-05	0	0	0	0	0	0	0	0	0	0	0	0	0	0	0	0	0	0	0	0	0	4.599568550671359e-05	0	0.0001168076993991669	0	0	5.0369704746816025e-05	0	0	0	0	0	0	0	0	0	0	0	0	0	0	8.493609730308917e-05	4.580063713272373e-05	0	0	0	0	0	0	0	0	0	0	0	0	0	0	0	0	0	0	0	0	0	0	0	0	0	0	0	0
beta_lactam__TEM-185	0	0	0	0	0	0	0	0	0	0	0	0	0	0	0	0	0	0	7.823742709657332e-05	0	0	0	0	0	0	0	0	0	0	0	0	0	0	0	0	0	0	0	0	0	0	0	0	0	0	0	0	0	0.0001356529542185777	0	0	0	0	0	0	0	0	0	0	0	0	0	0	0	0	0	0	0	0	0	0	0	0	0	0	0	0	0	0	0	0	0	0	0	0	0	0	0	0	0	4.0769326705482805e-05	0.00012366172025835408	0	0	0	0	0	0	0	0	0	0	0	0	0	0	0	0	0	0	0	0	0	0	0	0	0	0	0	0
beta_lactam__TEM-187	0	0	0	0	0	0	0	0	0	0	0	0	0	0	0	0	0	0	0	0	0	0	0	0	0	0	0	0	0	0	0	0	0	0	0	0	0	0	0	0	0	0	0	0	0	0	0	0.001005904528474218	0.001089031435972301	0	0	0	0	0	0	0	0	0	0	0	0	0	0	0	0	0	0	0	0	0	0.00036833344953776247	0	0.0004665258528845042	0	0	0.00015062839284777672	0	0	0	0	0	0	0	0	0	0	0	0	0	0	0.0007636977035263304	0.0006259934660906716	0	0	0	0	0.00013998092756270947	0	0	0	0	0	0	0	0	0	0	0	0	0	0	0	0	0	0	0	0	0	0	0
beta_lactam__TEM-192	0	0	0	0	0	0	0	0	0	0	0	0	0	0	0	0	0	0	0	0	0	0	0	0	4.652454996904729e-05	0	0	0	0	0	0	0	0	0	0	0	0	0	0	0	0	0	0	0	0	0	0	0.00069715108497204	0.0009855125221371363	0	0	0	0	0	0	0	0	0	0	0	0	0	0	0	0	0	0	0	5.639097055699462e-05	0	0.0003459022149899306	0	0.0009582885043934841	0	0	0.00011363887013556565	0	0	0	0	0	0	0	0	0	0	0	0	0	0	0.0005622904997794867	0.0006085025206562622	0	0	0	0	0.0002613483854398831	0	0	0	0	0	0	0	0	0	0	0	0	0	0	0	0	0	0	0	0	0	0	0
beta_lactam__TEM-193	0	0	0	0	0	0	0	0	0	0	0	0	0	0	0	0	0	0	0	0	0	0	0	0	4.0830986161646396e-05	0	0	0	0	0	0	0	0	0	0	0	0	0	0	0	0	0	0	0	0	0	0	0.0002627189438631761	0.0005955260897964511	0	0	0	0	0	0	0	0	0	0	0	0	0	0	0	0	0	4.6874913484101504e-05	0	0	0	0.0002281386001132994	0	0.0005209623393202844	0	0	0.00020047142489232778	0	0	0	0	0	0	0	0	0	0	0	0	0	0	0.0005903058762564698	0.0010186061698317758	0	0	0	0	4.587303828350396e-05	0	0	0	0	0	0	0	0	0	0	0	0	0	0	0	0	0	0	0	0	0	0	0
beta_lactam__TEM-194	0	0	0	0	0	0	0	0	0	0	0	0	0	0	0	0	0	0	0	0	0	0	0	0	0	0	0	0	0	0	0	0	0	0	0	0	0	0	0	0	0	0	0	0	0	0	0	0	3.463479682176452e-05	0	0	0	0	0	0	0	0	0	0	0	0	0	0	0	0	0	0	0	0	0	0	0	0	0	0	0	0	0	0	0	0	0	0	0	0	0	0	0	0	0	0	4.488462439006926e-05	0	0	0	0	0	0	0	0	0	0	0	0	0	0	0	0	0	0	0	0	0	0	0	0	0	0	0	0
beta_lactam__TEM-197	0	0	0	0	0	0	0	0	0	0	0	0	0	0	0	0	0	0	0	0	0	0	0	0	0	0	0	0	0	0	0	0	0	0	0	0	0	0	0	0	0	0	0	0	0	0	0	0	4.810388447467294e-05	0	0	0	0	0	0	0	0	0	0	0	0	0	0	0	0	0	0	0	0	0	4.599568550671359e-05	0	0.0001133034684171919	0	0	0	0	0	0	0	0	0	0	0	0	0	0	0	0	0	4.2468048651544586e-05	0	0	0	0	0	0	0	0	0	0	0	0	0	0	0	0	0	0	0	0	0	0	0	0	0	0	0	0	0
beta_lactam__TEM-205	0	0	0	0	0	0	0	0	0	0	0	0	0	0	0	0	0	0	0	0	0	0	4.254015353066958e-05	0	0	0	0	0	0	0	0	0	0	0	0	0	0	0	0	0	0	0	0	0	0	0	0	0.0003491164488920058	0.0003492342012861256	0	0	0	0	0	0	0	0	0	0	0	0	0	0	0	0	0	0	0	0	0	0	0	0.00023244732180434212	0	0	9.973201539869573e-05	0	0	0	0	0	0	0	0	0	0	0	0	0	0	0.0002531095699632057	0.00031052831975986693	0	0	0	0	4.587303828350396e-05	0	0	0	0	0	0	0	0	0	0	0	0	0	0	0	0	0	0	0	0	0	0	0
beta_lactam__TEM-49	0	0	0	0	0	0	0	0	0	0	0	0	0	0	0	0	0	0	0	0	0	0	0	0	0	0	0	0	0	0	0	0	0	0	0	0	0	0	0	0	0	0	0	0	0	0	0	0	0	0	0	0	0	0	0	0	0	0	0	0	0	0	0	0	0	0	0	0	0	0	0	0	0	0	0	0	0	0	0	0	0	0	0	0	0	0	0	0	0	0	3.822124378639013e-05	0	0	0	0	0	0	0	0	0	0	0	0	0	0	0	0	0	0	0	0	0	0	0	0	0	0	0	0	0
beta_lactam__TEM-59	0	0	0	0	0	0	0	0	0	0	0	0	0	0	0	0	0	0	0	0	0	0	0	0	0	0	0	0	0	0	0	0	0	0	0	0	0	0	0	0	0	0	0	0	0	0	0	0	6.258020147759257e-05	0	0	0	0	0	0	0	0	0	0	0	0	0	0	0	0	0	0	0	0	0	0	0	0	0	0	0	0	0	0	0	0	0	0	0	0	0	0	0	0	0	0	0	0	0	0	0	0	0	0	0	0	0	0	0	0	0	0	0	0	0	0	0	0	0	0	0	0	0	0	0
beta_lactam__TEM-6	0	0	0	0	0	0	0	0	0	0	0	0	0	0	0	0	0	0	0	0	0	0	0	0	0	0	0	0	0	0	0	0	0	0	0	0	0	0	0	0	0	0	0	0	0	0	0	4.3198752514414865e-05	0	0	0	0	0	0	0	0	0	0	0	0	0	0	0	0	0	0	0	0	0	0	0	0	5.723577270559178e-05	0	0	0	0	0	0	0	0	0	0	0	0	0	0	0	0	0	0	0	0	0	0	0	0	0	0	0	0	0	0	0	0	0	0	0	0	0	0	0	0	0	0	0	0	0	0	0
beta_lactam__TEM-63	0	0	0	0	0	0	0	0	0	0	0	0	0	0	0	0	0	0	0	0	0	0	0	0	0	0	0	0	0	0	0	0	0	0	0	0	0	0	0	0	0	0	0	0	0	0	0	0.00012606982876655766	0.00023570903392589743	0	0	0	0	0	0	0	0	0	0	0	0	0	0	0	0	0	0	0	0	0	4.599568550671359e-05	0	0.00027800232457001725	0	0	9.066546854426885e-05	0	0	0	0	0	0	0	0	0	0	0	0	0	0	4.1618687678513696e-05	0.0001767904593323136	0	0	0	0	0.00022000334686986592	0	0	0	0	0	0	0	0	0	0	0	0	0	0	0	0	0	0	0	0	0	3.6847914780974496e-05	0
beta_lactam__TEM-7	0	0	0	0	0	0	0	0	0	0	0	0	0	0	0	0	0	0	0	0	0	0	4.5682583262743564e-05	0	4.47420001618041e-05	0	0	0	0	0	0	0	0	0	0	0	0	0	0	0	0	0	0	0	0	0	0	0.0008452957867489499	0.0009287772686241719	0	0	0	0	0	4.871003856244437e-05	0	0	0	0	0	0	0	0	0	0	0	0	0	0	0	0.0004485724823325241	0	0.0003827085672957992	0	0	5.519438910953787e-05	0	0	0	0	0	0	0	0	0	0	0	0	0	0	0.0003713562378407938	0.0005490531244687791	0	0	0	0	0.00019491288609942958	0	0	0	0	0	0	0	0	0	0	0	0	0	0	0	0	0	0	0	0	0	0	0
beta_lactam__TEM-75	0	0	0	0	0	0	0	0	0	0	0	0	0	0	0	0	0	0	0	0	0	0	0	0	0	0	0	0	0	0	0	0	0	0	0	0	0	0	0	0	0	0	0	0	0	0	0	0	0	0	0	0	0	0	0	0	0	0	0	0	0	0	0	0	0	0	0	0	0	0	0	0	0.000126716214589579	0	0	3.311663346572272e-05	0	0	0	0	0	0	0	0	0	0	0	0	0	0	0	0	0	0	0	0	0	0	0	0	0	0	0	0	0	0	0	0	0	0	0	0	0	0	0	0	0	0	0	0
beta_lactam__TEM-87	0	0	0	0	0	0	0	0	0	0	0	0	0	0	0	0	0	0	0	0	0	0	0	0	4.0830986161646396e-05	0	0	0	0	0	0	0	0	0	0	0	0	0	0	0	0	0	0	0	0	0	0	0.00011196411365980996	4.810388447467294e-05	0	0	0	0	0	0	0	0	0	0	0	0	0	0	0	0	0	0	0	0	0	0.0002290585138234337	0	5.840384969958345e-05	0	0	4.936231065187971e-05	0	0	0	0	0	0	0	0	0	0	0	0	0	0	8.408673633005828e-05	4.488462439006926e-05	0	0	0	0	3.55750092810847e-05	0	0	0	0	0	0	0	0	0	0	0	0	0	0	0	0	0	0	0	0	0	0	0
beta_lactam__TEM-88	0	0	0	0	0	0	0	0	0	0	0	0	0	0	0	0	0	0	0	0	0	0	0	0	0	0	0	0	0	0	0	0	0	0	0	0	0	0	0	0	0	0	0	0	0	0	0	0	4.810388447467294e-05	0	0	0	0	0	0	0	0	0	0	0	0	0	0	0	0	0	0	0	0	0	0	0	5.840384969958345e-05	0	0	0	0	0	0	0	0	0	0	0	0	0	0	0	0	0	4.2468048651544586e-05	9.160127426544746e-05	0	0	0	0	0	0	0	0	0	0	0	0	0	0	0	0	0	0	0	0	0	0	0	0	0	0	0	0
beta_lactam__TEM-90	0	0	0	0	0	0	0	0	0	0	0	0	0	0	0	0	0	0	0	0	0	0	0	0	0	0	0	0	0	0	0	0	0	0	0	0	0	0	0	0	0	0	0	0	0	0	0	0	0	0	0	0	0	0	0	0	0	0	0	0	0	0	0	0	0	0	0	0	0	0	0	0	0	0	0	0	0	0	0	0	0	0	0	0	0	0	0	0	0	0	0	4.580063713272373e-05	0	0	0	0	0	0	0	0	0	0	0	0	0	0	0	0	0	0	0	0	0	0	0	0	0	0	0	0
beta_lactam__TEM-95	0	0	0	0	0	0	0	0	0	0	0	0	0	0	0	0	0	0	0	0	0	0	0	0	0	0	0	0	0	0	0	0	0	0	0	0	0	0	0	0	0	0	0	0	0	0	0	4.408035970858659e-05	4.810388447467294e-05	0	0	0	0	0	0	0	0	0	0	0	0	0	0	0	0	0	0	0	0	0	0	0	5.840384969958345e-05	0	0	0	0	0	0	0	0	0	0	0	0	0	0	0	0	0	0	0	0	0	0	0	0	0	0	0	0	0	0	0	0	0	0	0	0	0	0	0	0	0	0	0	0	0	0	0
beta_lactam__VIM-1	0	0	0	0	0	0	0	0	0	0	0	0	0	0	0	0	0	0	0	0	0	0	0	0	9.528399089673041e-05	0	0	0	0	0	0	0	0	0	0	0	0	0	0	0	0	0	0	0	0	0	0	0	0	0	0	0	0	0	0	0	0	0	0	0	0	0	4.813887901091272e-05	0	0	0	0	0	0	0	0	0	0	0	0	0	0	0	0	0	0	0	0	0	0	0	0	0	0	0	0	0	0	0	0	0	0	0	0	0	0	0	0	0	0	0	0	0	0	0	0	0	0	0	0	0	0	0	0	3.81254420537612e-05
chloramphenicol__Agrobacterium fabrum chloramphenicol acetyltransferase	0	0	0	0	0	0	0	0	0	0	0	0	0	0	0	0	0	0	0	0	0	0	0	0	0	0	0	0	0	0	0	0	0	0	0	0	0	3.933753554467869e-05	0	0	0.0001340175139667543	0	0	0	0	0	0	0	0	0	0	0	0	0	0	0	0	0	0	0	0	0	0	0	3.147578674275329e-05	0	0	0	0	0	0	0.00031710986348038126	0	0	0	0	0	0	0	0	0	0	0	0	0	0	0	0	0	0	0	0	0	0	3.1409878739868025e-05	0	0	0	0	0	0	0	0	0	0	0	0	0	0	0	0	0	0	0	0	0	0	0	0	0
chloramphenicol__Campylobacter coli chloramphenicol acetyltransferase	0	0	0	0	0	0	0	0	0	0	0	0	0	0	0	0	0	0	0	0	0	0	0	0	0	0	0	0	0	0	0	0	0	0	0	0	0	0	0	0	0	0	0	0	0	0	0	0	0	0	0	0	0	0	0	0	0	0	0	0	0	0	0	0	0	0	0	0	0	0	0	0	0	0	0	0	0	0	0	0	0	0	0	0	0	0	0	0	0	0	0	0	0	0	0	0	0	0	0	0	0	0	0	0	0	0	0	0	0	0	0	0	0	0	0	0	0	6.40957772041318e-05	0	0
chloramphenicol__catA8	0	0	0	0	0	0	0	0	0	0	0	0	0	0	0	0	0	0	0	0	0	0	0	0	0	0	0	0	0	0	0	0	0	0	0	0	0	0	0	0	0	0	0	0	0	0	0	0	0	0	0	0	0	0	0	0	0	0.00014160207603204107	0	0	0	0	0	0	0	0	0	0	0	0	0	0	0	0	0	0	0	0	0	0	0	0	0	0	0	0	0	0	0	0	0	0	0	0	0	0	0	0	0	0	0	0	0	0	0	0	0	0	0	0	0	0	0	0	0	0	0	0	0	0
chloramphenicol__catB10	2.4974412328968154e-05	0	0	0	0	3.50006350155458e-05	0	0	0	0	0	0	0	0	0	0	0	0	0	0	0	2.8249124397395183e-05	0	0	0	0	0	0	0	0	0	0	0	0	0	0	0	0	0	0	0	0	0	0	4.0133436788808536e-05	0	0	0	0	0	0	0	0	0	0	0	0	0	0	0	0	0	0	0	0	0	0	0	0	0	0	0	0	0	0	0	0	0	0	0	0	3.3624917459858175e-05	3.1388575556660564e-05	0	0	0	0	0	0	0	0	0	0	0	3.376113251982386e-05	0	0	0	0	0	0	0	0	0	0	0	0	0	0	0	0	0	0	0	0	0	0	3.223475675717998e-05	0	0
chloramphenicol__catB11	0	0	0	0	0	0	0	0	0	0	0	0	0	0	0	0	0	0	0	0	0	0	0	0	0	0	0	0	0	0	0	0	0	0	0	0	6.002188876696679e-05	0	0	0	0	0	0	0	0	0	0	0	0	0	0	0	0	0	0	0	0	0	0	0	0	0	0	0	0	0	0	0	0	0	0	0	0	0	0	0	0	0	0	5.9626971604872405e-05	0	0	0	0	0	0	0	0	0	0	0	0	0	0	0	0	0	0	0	0	0	0	0	0	0	0	0	0	0	0	0	0	0	0	0	0	0	0	0	0
chloramphenicol__catB2	0	0	0	0	0	0	0	0	0	0	0	0	0	0	0	0	0	0	0	0	0	0	0	0	0	0	0	0	0	0	0	0	0	0	0	0	0	0	0	0	0	0	0	0	0	0	0	0	0	0	0	0	0.00013756780184580038	0	0	0	0	0	0	0	0	0	0	0	0	0	0	0	0	0	0	0.0001823753038037345	0	0	0	0	0	0	0	0	0	0	0	0	0	0	0	0	0	0	0	0	3.6876997187585304e-05	0	0	0	0	0	0	0	0	0	0	0	0	0	0	0	0	0	0	0	0	0	0	0	0	0	0	0
chloramphenicol__catB3	0	0	0	0	0.00011077291833802893	0	0.00011695620951315285	0	0	0	0	0	0	0	0	0	0	0	0	0	0	0	0	0	0	0	0	0	0	0	0	0	0	0	0	0	6.002188876696679e-05	0	0	0	0	0	0	0	0	0	0	0	0	0	0	0	0	0	0	0	0	0	0	0	0	0	0	0	0	0	0	0	0	0	0	0	0	0	0	0	0	0	0	0	0	0	0	0	0	0	0	0	0	0	0	0	0	0	0	0	0	0	0	0	0	0	0	0	0	0	0	0	0	0	0	0	0	0	0	0	0	0	0	0
chloramphenicol__catB9	0	0	0	0	0	0	0	0	0	0	0	0	0	0	0	0	0	0	0	0	0	0	0	0	0	0	0	0	0	0	0	0	0	0	0	0	0	0	0	0	0	0	0	0	0	0	0	0	0	0	0	0	0	0	0	0	0	0	0	0	0	0	0	0	0	0	0	0	0	0	0	5.848337646154573e-05	0	0	0	0	0	0	0	0	0	0	0	0	0	0	0	0	0	0	0	0	0	0	0	0	0	0	0	0	0	0	0	0	0	0	0	0	0	0	0	0	0	0	0	0	0	0	0	0
chloramphenicol__catD	0	0	0	0	0	0	0	0	0	0	0	0	0	0	0	0	0	0	0	0	0	0	0	0	0	0	0	0	0	0	0	0	0	0	0	0	0	0	0	0	0	0	0	0	0	3.200621906663914e-05	0	0	0	0	3.0118403555721018e-05	0	0	0	2.9984245435844293e-05	0	0	0	0	0	0	0	0	0	0	0	0	0	0	4.1745292416825957e-05	0	0	0	0	3.900627011332925e-05	0	0	0	0	0	0	0	0	0	0	0	0	3.1037981214249115e-05	0	0	0	0	0	0	0	0	0	0	0	0	0	0	0	0	0	0	0	0	0	0	0	0	0	0	0	0	0	0	0	0
chloramphenicol__catI	0	0	0	0	0	0	0	0	0	0	0	0	0	0	0	0	0	0	0	0	0	0	0	0	0	0	0	0	0	0	0	0	0	0	0	0	0	0	0	0	0	0	0	0	0	0	0	0	0	0	0	0	0	0	0	0	0	0	0	0	0	0	0	0	0	0	0	0	0	0	5.646337941381225e-05	0	6.864452471540082e-05	0	0	0	0	0	0	0	0	0	0	0	0	0	0	0	0	0	0	0.00010646661347729223	0	0	0	0	0	0	0	0	0	0	0	0	0	0	0	0	0	0	0	0	0	0	0	0	0	0	0	0
chloramphenicol__cmlA5	0	0	0	0	0	0	0	0	0	0	0	0	0	0	0	0	0	0	0	0	0	0	0	0	0	0	0	0	0	0	0	0	0	0	0	0	0	0	0	0	0	0	0	0	0	0	0	0	0	0	0	6.412176670386964e-05	0	0	0	0	0	0	0	0	0	0	0	0	0	0	0	0	0	0	0	0	0	0	0	0	0	0	0	0	0	0	0	0	0	0	0	0	0	0	0	0	0	0	0	0	0	0	0	0	0	0	0	0	0	0	0	0	0	0	0	0	0	0	0	0	0	0	0	0
chloramphenicol__cmlv	0	0	0	0	0	0	0	0	0	0	0	0	0	0	0	0	0	0	0	0	0	0	0	0	0	0	0	0	0	0	0	0	0	0	0	0	0	0	0	0	0	0	0	0	0	0	0	0	0	0	0	0	0	0	0	0	0	0	0	0	0	0	0	0	0	0	0	2.9283182392227478e-05	0	0	0	0	0	0	0	0	0	0	0	0	0	0	0	0	0	0	0	0	0	0	0	0	0	0	0	0	0	0	0	0	0	0	0	0	0	0	0	2.1265596313651995e-05	0	0	0	0	0	0	0	0	0	0	0	0
chloramphenicol__cmx	0	0	0	0	0	0	0	0	0	0	0	0	0	0	0	0	0	2.8914592391884663e-05	0	0	0	0	0	0	0	0	3.735018062752203e-05	0	0	0	0	0	0	0	0	0.00012658506289951456	0.00012765780741332374	0	0	0	0	0	0	0	8.290401067922284e-05	5.7614468613461106e-05	0	6.38409874572338e-05	0	6.610318202211632e-05	0.00012802863473629868	0	0	0	0	0	0	0	0	0	7.15752151239665e-05	0	0	0	0	0	3.3601280693923195e-05	0	0	0	0	0	0	0	0	0	3.918209670460136e-05	0	0	0	0	0	0	3.449652833522475e-05	0	0	0	0	0	0	0	0	0	0	0	0.00020859559706817087	0	0	0	0	0	0	0	0	0	0	0	0	0	0	0	0	0	0	0	0	0	0	0	0
chloramphenicol__fexA	0	0	0	0	0	0	0	0	0	0	0	0	0	0	0	1.7856397567487872e-05	0	0	0	0	0	0	0	0	0	0	0	0	0	0	0	0	0	0	0	0	0	0	0	0	0	0	0	0	0	0	0	0	0	0	0	0	0	0	0	0	0	0	0	0	0	0	0	0	0	0	0	0	0	0	0	0	0	0	0	0	0	0	0	0	0	0	0	0	0	0	0	0	0	0	0	0	0	0	0	0	0	0	0	0	0	0	0	0	0	0	0	0	0	0	0	0	0	0	0	0	0	0	0	0
chloramphenicol__Lactobacillus reuteri cat-TC	0	0	0	0	0	0	0	0	0	0	0	0	0	0	0	0	0	0	0	0	0	0	0	0	0	0	0	0	0	0	0	0	0	0	0	0	0	0	0	0	0	0	0	0	0	0	0	0	0	0	0	0	0.00021342522449481445	0	0	0	0	0	0	0	0	0	0	0	0	0	0	0	0	0	0	0	0	0	0	0	0	0	0	0	0	0	0	0	0	0	0	0	0	0	0	0	0	0	0	0	0	0	0	0	0	0	0	0	0	0	0	0	0	0	0	0	0	0	0	0	0	0	0	0
chloramphenicol__Pseudomonas aeruginos catB6	0	0	0	0	0	0	0	0	0	0	0	0	0	0	0	0	0	0	0	0	0	0	0	0	0	0	0	0	0	0	0	0	0	0	0	0	0	0	0	0	0	0	0	0	0	0	0	0	0	0	0	0	0	0	0	0	0	0	0	0	0	0	0	0	0	0	0	0	0	0	0	0	0	0	0	0	0	0	0	0	0	0	0	0	0	0	0	0	0	0	0	0	0	0	3.50115448353729e-05	0	0	0	0	0	0	0	0	0	0	0	0	0	0	0	0	0	0	0	0	0	0	0	0	0
chloramphenicol__Pseudomonas aeruginos catB7	0	0	0	0	0	0	0	0	0	0	0	0	0	0	0	0	0	0	0	0	0	0	0	0	0	0	0	0	0	0	0	0	0	0	0	0	0	0	0	0	0	0	0	0	0	0	0	0	0	0	0	0	0	0	0	0	0	0	0	0	0	0	0	0	0	0	0	0	0	0	0	0.00017404955661500792	0	0	0	0	0	0	0	0	0	0	0	0	0	0	0	0	0	0	0	0	0	0	0	0	0	0	0	0	0	0	0	0	0	0	0	0	0	0	0	0	0	0	0	0	0	0	0	0
defensin__Brucella suis mprF	0	0	0	0	0	0	0	0	0	0	0	0	0	0	0	0	0	0	0	0	0	0	0	0	0	0	0	0	0	0	0	0	0	0	0	0	0	0	0	0	0	0	0	0	0	0	0	0	0	0	0	0	0	0	0	0	0	0	0	0	0	0	0	0	0	0	0	0	0	0	0	0	0	0	0	0	0	0	0	0	0	0	0	0	0	0	0	0	0	0	0	0	0	0	0	3.079060008736968e-05	0	0	0	0	0	0	0	0	0	0	0	0	0	0	0	0	0	0	0	0	0	0	0	0
defensin__Clostridium perfringens mprF	0	0	0	0	0	0	0	0	0	0	0	0	0	0	0	0	0	0	0	0	0	0	0	0	4.1046263768825554e-05	0	0	0	0	0	0	0	0	0	0	0	0	0	0	0	0	0	0	0	0	0	0	0	0	0	0	0	0	0	0	0	0	0	0	0	0	0	0	0	0	0	0	0	0	0	0	0	0	0	0	0	0	0	0	0	0	0	0	0	0	0	0	0	0	0	0	0	0	0	0	0	0	0	4.553197400627752e-05	0	0	0	4.689397603507565e-05	0	0	5.4280644615985396e-05	0	0	0	0	0	0	0	0	0	0	0	0	0	0
defensin__Streptococcus agalactiae mprF	0	0	0	0	0	0	0	0	0	0	0	0	0	0	0	0	0	0	1.4676573625619814e-05	0	0	0	0	0	0	0	0	0	0	0	0	0	0	0	0	0	0	0	0	0	0	0	0	0	0	0	0	0	0	0	0	0	0	0	0	0	0	0	0	0	0	0	0	0	0	0	0	0	0	0	0	0	0	0	0	0	0	0	0	0	0	0	0	0	0	0	0	0	0	0	0	0	0	0	0	0	0	0	0	0	0	0	0	0	0	0	0	0	0	0	0	0	0	0	0	0	0	0	0	0
florfenicol__floR	2.5963497965758975e-05	0	0	0	0.00022624861733757333	0	0.00011490079097962961	0	0	0	0	0	0	0	0	0	0	0	0	0	0	0	0	0	0	0	0	0	0	0	0	0	0	0	0	0	0	0	0	0	7.703426957934997e-05	6.005175179690511e-05	0	0	0	0	0	0	4.631308639918017e-05	0	0	0	0	0	0	0	0	0	2.5846407657667073e-05	0.0001761378953113888	0	0	0	0	0	0	0	2.7810325297648115e-05	0	0	0.00019406536061218743	0	0	0	0	6.917605688545398e-05	0	0	0	0	0	0	9.287480277046937e-05	0	0	0	0	0	0	0	0	0	0	0	0	0.0003021475828155529	0	0	0	0	0	0	0	0	0	0	0	0	0	0	0	0	5.040495552411583e-05	0	0	0	0	0	0.00010381991197249419	0
fosfomycin__Acinetobacter baumannii AbaF	0	0	0	0	0	0	0	0	0	0	0	0	0	0	0	0	0	0	0	0	0	0	0	0	0	0	0	0	0	0	0	0	0	0	0	0	0	0	0	0	0	0	0	0	0	0	0	0	0	0	0	0	0	0	0	0	0	0	0	0	0	0	0	0	0	0	0	0	0	0	0	0	0	0	0	0	0	0	0	0	0	0	0	0	0	0	0	0	0	0	0	0	0	0	0	0	0	0	0	0	0	0	0	0	2.9486826602587314e-05	0	0	0	0	0	0	0	0	0	0	0	0	0	0	0
fosfomycin__FosA3	0	0	0	0	0	0	0	0	0	0	0	0	0	0	0	0	0	0	0	0	0	0	0	0	0	0	0	0	0	0	0	0	0	0	0	0	0	0	0	0	0	0	0	0	0	0	0	0	0	0	0	0	0	7.888777069929142e-05	0	0	0	0	0	0	0	0	0	0	0	0	0	0	0	0	0	0	0	0	0	0	0	0	0	0	0	0	0	0	0	0	0	0	0	0	0	0	0	0	0	0	0	0	0	0	0	0	0	0	0	0	0	0	0	0	0	0	0	0	0	0	0	0	0	0
fosfomycin__FosA7	0	0	0	0	0	0	0	0	0	0.0003321944279945627	0	0	0	0	0	0	0	0	0	0	0	0	0	0	0	0	0	0	0	0	0	0	0	0	0	0	0	0	0	0	0	0	0	0	0	0	0	0	0	0	0	0	0	0	0	0	0	0	0	0	0	0	0	0	0	0	0	0	0	0	0	0	0	0	0	0	0	0	0	0	0	0	0	0	0	0	0	0	0	0	0	0	0	0	0	0	0	0	0	0	0	0	0	0	0	0	0	0	0	0	0	0	0	0	0	0	0	0	0	0
fosfomycin__FosB	0	0	0	0	0	0	0	0	0	0	0	0	0	0	0	0	0	0	0	0	0	0	0	0	0	0	0	0.00015649823220260104	0	0	0	0	0	0	0	0	0	0	0	0	0	0	0	0	0	0	0	0	0.00019377057689797835	0	0	0	0	0	0	0	0	0	0	0	0	0	0	0	0	0	0	0	0	0	0	0	0	0	0	0	0	0	0	0	0	0	0	0	0	0	0	0	0	0	0	0	0	0	0	0	0	0	0	0	0	0	0	0	0	0	0	0	0	0	0	0	0	0	0	0	0	0	7.32463372681669e-05	0
fosfomycin__FosD	0	0	0	0	0	0	0	0	0	0	0	0	0	0	0	0	0	0	0	0	0	0	0	0	0	0	0	0	0	0	0	0	0	0	0	0	0	0	0	0	0	0	0	0	0	0	0	0	0	0	0	0	0	0	0	0	0	0	0	0	0	0	0	0	0	0	0	0	0	0	0	0	0	0	0	0	0	0	0	0	0	0	0	0	0	0	0	0.00018556693459201138	0	0	0	0	0	0	0	0	0	0	0	0	0	0	0	0	0	0	0	0	0	0	0	0	0	0	0	0	0	0	0	0
fosfomycin__FosM2	0	0	0	0	0	0	0	0	0	0	0	0	0	0	0	0	0	0	0	0	0	0	0	0	0	0	0	0	0	0	0	0	0	0	0	0	0	0	0	0	0	0	0	0	0	0	4.7027215653308195e-05	0	0	0	0	0	0	0	0	0	0	0	0	0	0	0	0	0	0	0	0	0	0	0	0	0	0	0	0	0	0	0	0	0	0	0	0	0	0	0	0	0	0	0	0	0	0	0	0	0	0	0	0	0	0	0	0	0	0	0	0	0	0	0	0	0	0	0	0	0	0	0	0	0
fusidic_acid__fusD	0	0	0	0	0	0	0	0	0	0	0	0	0	0	0	0	0	0	0	0	0	0	0.00010966971411625014	0	0	0	0	0	0	0	0	0	0	0	0	0	0	0	0	0	0	0	0	0	0	0	0	0	0	0	0	0	0	0	0	0	0	0	0	0	0	0	0	0	0	0	0	0	0	0	0	0	0	0	0	0	0	0	0	0	0	0	0	0	0	0	0	0	0	0	0	0	0	0	0	0	0	0	0	0	0	0	0	0	0	0	0	0	0	0	0	0	0	0	0	0	0	0	0	0
macrolide-lincosamide-streptogramin__carA	0	0	0	0	0	0	0	0	0	0	0	0	0	0	0	0	0	0	0	0	0	0	0	0	0	0	0	0	0	0	0	0	0	0	0	0	0	0	0	0	0	0	0	0	0	0	0	0	0	0	0	0	0	0	0	0	0	0	0	0	0	0	0	0	0	0	0	0	0	0	0	0	0	0	0	0	0	0	0	0	0	0	0	0	0	0	0	0	1.1966811728998837e-05	0	0	0	0	0	0	0	0	0	0	0	0	0	0	0	0	0	0	0	0	0	0	0	0	0	0	0	0	0	0	0
macrolide-lincosamide-streptogramin__cfr(A)	2.765075336364841e-05	0	0	0	0	0	0	0	0	0	0	0	0	0	0	0	0	0	0	0	0	0	0	0	0	0	0	3.094091123776352e-05	0	0	0	0	0	0	0	0	0	0	0	0	0	0	0	0	0	0	0	0	0	0	0	0	0	0	0	0	0	0	0	0	0	0	0	0	0	0	0	0	0	0	0	0	0	0	0	0	0	0	0	0	0	0	0	0	0	0	0	0	0	0	0	0	0	0	0	0	0	0	0	0	0	0	0	0	0	0	0	0	0	0	0	0	0	0	0	0	0	0	0	0
macrolide-lincosamide-streptogramin__cfr(B)	0	0	0	0	0	0	0	0	4.240005354497849e-05	0	0	0	0	0	0	0	0	0	0	0	0	0	0	0	0	0	0	0	0	0	0	0	0	0	0	0	0	0	0	0	0	0	0	0	0	0	0	0	0	0	0	0	0	0	0	0	0	0	0	0	0	0	0	0	0	0	0	0	0	0	0	0	0	0	0	0	0	0	0	0	0	0	0	0	0	0	0	0	0	0	0	0	0	0	0	0	0	0	0	0	0	0	0	0	0	0	0	0	0	0	0	0	0	0	0	0	0	0	0	0
macrolide-lincosamide-streptogramin__cfr(E)	0	0	0	0	0	0.0002243500006083677	0	0	7.975945149955044e-05	0	3.0187908268935696e-05	4.323111030921866e-05	0	0.00014618172324785267	8.619919857331329e-05	0	7.715679517894582e-05	0	0	0	0	0	0	4.1357698349065584e-05	0	0	0	0	0	0	0	0	0	0	0	0	0.00018100787036875394	0	0	0	0.00012937278552727343	0	0	0	0	0	0	0	7.918682471022616e-05	0	0.0001484907338096013	0	0	0	0	0	0	0	0	0	8.05408430881866e-05	0	0.00022996196106530103	8.275947124873503e-05	0	0	0	0	0	0.001375535840225477	0	0	7.574843483129695e-05	0	0	0	0	0	2.5030841898517612e-05	2.8392145200227034e-05	0	0	0.00010981088206260162	0.00011042736568059189	0	0	0	0	0	0	0	7.082589223582476e-05	0.00018009696300913755	0	0	0	3.8916970067282075e-05	0	0	0	0	7.113972638215404e-05	0	0	0	0	0	0	0	0	0	0	2.9598258767068022e-05	0	6.389860078144357e-05	6.544951367733768e-05	0	0	6.065766622723907e-05	0
macrolide-lincosamide-streptogramin__cipA	0	0	0	0	0	0	0	0	6.50425195186306e-05	0	0	0	0	0	0	0	0	0	0	0	0	0	0	0	0	0	0	0	0	0	0	0	3.41084156138726e-05	0	0	0	0	0	0	0	0	0	0	0	0	0	0	0	0	0	0	0	0	0	0	0	0	0	2.4143233973867044e-05	3.55162559759204e-05	0	0	0	0	0	0	3.564661050848783e-05	0	0	0	0	0	0	0	0	0	0	0	0	0	0	0	0	0	0	0	0	0	0	0	0	0	0	0	3.187467232122099e-05	0	0	0	0	0	0	3.214932458678532e-05	0	0	0	0	0	0	0	0	0	0	0	0	0	2.760596057716397e-05	0	0	0	6.43596395363228e-05
macrolide-lincosamide-streptogramin__clbC	0	0	0	0	0	0	0	0	0	0	0	0	0	0	0	0	0	0	0	0	0	0	0	0	0	0	0	0	0	0	0	0	0	0	0	0	0	0	0	0	0	0	0	0	0	0	0	0	0	0	0	0	0	0	0	0	0	0	0	0	0	0	0	0	0	0	0	0	0	0	0	0	0	0	0	0	0	0	0	0	0	0	0	0	0	0	0	0	3.488737176020296e-05	0	0	0	0	0	0	0	0	0	0	0	0	0	0	0	0	0	0	0	0	0	0	0	0	0	0	0	0	0	0	0
macrolide-lincosamide-streptogramin__clcD	0	3.865900208170776e-05	0	0	0	0	0	0	8.656677598766441e-05	0	0	0	0	0	0	0	0	0	0	0	0	3.2636237699225616e-05	0	0	0	0	0	0	0	0	0	0	0	0	4.29000585307663e-05	0	7.22326455075245e-05	0	0	0	0	0	0	0	0	0	0	0	0	0	0	0	0	0	0	0	0	0	0	0	0	0	0	0	0	3.5934494505325894e-05	0	0	0	4.268983069994552e-05	0	3.891444024343539e-05	0	0	0	0	0	3.571112823765496e-05	0	0	0	0	3.632136250219703e-05	0	0	0	0	0	3.498733557613477e-05	0	0	0	0	4.004132558455064e-05	0	0	0	0	0	3.62469870506902e-05	0	0	0	0	0	0	3.750971600419966e-05	3.590102994173418e-05	0	0	0	0	0	7.238016331854786e-05	0	0	3.5861870674162705e-05	0	0	0
macrolide-lincosamide-streptogramin__ere(A)	0	0	0	0	0	0	0	0	0	0	0	0	0	0	0	0	0	0	0	0	0	0	0	0	0	0	0	0	0	0	0	0	0	0	0	0	0	0	0	0	0	0	0	0	0	0	0	0	0	0	0	0	0.00010143480620324974	0	0	0	0	0	0	0	0	0	0	0	0	0	0	0	0	0	0	0	0	0	0	0	0	0	0	0	0	0	0	0	0	0	0	0	0	0	0	0	0	0	0	0	0	0	0	0	0	0	0	0	0	0	0	0	0	0	0	0	0	0	0	0	0	0	0	0
macrolide-lincosamide-streptogramin__ere(B)	0	0	0	0	0	0	0	0	0	0	0	0	0	0	0	0	0	0	0	0	0	0	0	0	0	0	0	0	0	0	0	0	0	0	0	0	0	0	0	0	0	0	0	0	0	0	0	0	0	0	0	6.180083405982043e-05	0	0	0	0	0	0	0	0	0	0	0	0	0	0	0	0	0	0	0	0	0	0	0	0	0	0	0	0	0	0	0	0	0	0	0	0	0	0	0	0	0	0	0	0	0	0	0	0	0	0	0	0	0	0	0	0	0	0	0	0	0	0	0	0	0	0	0	0
macrolide-lincosamide-streptogramin__erm(36)	0	0	0	0	0	0	3.496199857332684e-05	0	0	0	0	0	0	0	0	0	0	0	0	0	0	0	0	0	0	0	0	0	0	0	0	0	0	0	0	0	0	0	0	0	0	0	0	0	0	0	0	0	0	0	0	0	0	0	0	0	0	0	0	0	0	0	0.00010941639607273763	0	0	0	0	0	0	0	0	0	0	0	0	0	0	0	0	0	0	0	0	0	0	0	0	0	0	0	0	0	5.4016270613559114e-05	0	0	0	0	0	0	0	0	0	0	0	0	0	0	0	0	0	0	0	0	0	0	0	6.7701085961672e-05	0	0	0
macrolide-lincosamide-streptogramin__erm(50)	0	0	0.00031020712401524854	0	0	0	0	0	0	0	0	0	0	5.091831557004886e-05	0	0	0	0	0	0	0	0	0	0	0	0	0	0	0	5.213409188604157e-05	0	0	0	0	0	0	0	0	0	0	0	0	0	0	0	0	4.0503936197103634e-05	0.00019174118443582912	5.12644742987123e-05	0	9.516957449029047e-05	0.0001412231065365133	5.8428198340785694e-05	0	0	0	0	0	0	5.324454892702755e-05	0	0	0	0	0	0	0	4.8545503889776343e-05	0	0	4.901775944418893e-05	0	0	0	0	0	0	0	9.821988151813754e-05	0	4.8601791575242695e-05	0	0	0	0	0	0	0	0	0	0	0	0	0	0	5.0992459798263275e-05	0	0	0	0	0	0	0	0.00022271208014653656	0	0	0	4.573490901778943e-05	0	0	0	0	0	0	0	0	0	0	0	0
macrolide-lincosamide-streptogramin__Erm(52)	0.00020163807080359145	0	0	0	0	0	0	0	0	0	0	0	0	0	0	0	0	0	0	0	7.716977385445554e-05	0	0	0	0	0	0	3.7985007816165293e-05	0	0	0	0	0	4.177228995216997e-05	0	0	0	9.897782244426147e-05	0	0	9.87035857988875e-05	0	0	0	0	0	0	0	0	0	0	0	0	0	0	0	0	8.359757749464423e-05	0	0	0	7.324768410058553e-05	0.00010157459260555047	0	0	0	0	0	0	0	0	0	0	0	0	0	0	0	0	0	0	0	0	0	0	0	0	0	0	0	0	0	0	0	0	0	0	0	0	0	0	0	0	0	0	0	0	0	0	0	0.00022498027544321119	0	0	0	0	0	0	0	0	0
macrolide-lincosamide-streptogramin__erm(A)	0	0	0	0	0	0	0	0	0	0	0	0	0	0	0	0	0	0	0	0	0	0	0	0	0	0	0	0	0	0	0	0	0	0	0	0	0	0	0	0	0	0	0	0	0	0	0	0	0	0	0	0	0	0	0	0	0	0	0	0	0	0	0	0	4.387493304584441e-05	0	0	0	0	0	0	0	0	0	0	0	0	0	0	0	0	0	0	0	0	0	0	0	0	0	0	0	0	0	0	0	0	0	0	0	0	0	0	0	0	0	0	0	0	0	0	0	0	0	0	0	0	0	0	0
macrolide-lincosamide-streptogramin__erm(B)	0.00011936963467042619	0.0003856939366137018	0	0.00011965946944682862	4.358367510367218e-05	0	0	9.250481476651105e-05	0	0	0	5.827200762659743e-05	5.236443738602993e-05	0.00020792286298964934	0.0006298616703169734	0	0.00010876685891159603	0	4.769467097651422e-05	0	0	0	0.0001479841716372207	0	0.00028227038657313423	0	0	0	0	0.0002243225482934205	0.0002608071287401977	0.00011058826213486426	9.738603350693813e-05	0	0.00022297961190354424	0	0	0	0	0	0	0	0	0	0	0.0002215614185184489	0	0.00034784981324976723	0	0	0.00010320409042081187	0.00030481597724233014	0.00036906181098184793	0	0	0	8.59133026681397e-05	0	7.501154979962284e-05	0	0	0	0.00019267911158554857	0	8.14782082720223e-05	0	8.47001604912309e-05	0.00014946510284920758	0.0001090678959201943	0.0001099408156670017	0	0	0	0.00015736432674444493	0	0.00010749296226299992	0	0	0	0.0004000873622152092	0.0001043450708921537	0	0	4.8312380749698765e-05	0.00011407792729650611	0	0	0.00010506857253623553	9.86814229788598e-05	0	0	0.00010586116243068897	6.321770946443196e-05	0	0	0	0	0	5.874760364982293e-05	0.000304025326422213	0.0001855015282312815	3.834007434621799e-05	0	9.54370380311944e-05	0	0.0001260640276999824	0.00015579797592327096	4.54698125189464e-05	0.00019598752246766056	0	0	0	0	0.00010415689391166794	0	0	4.393298720058447e-05	0	0.00012852256727901253	0
macrolide-lincosamide-streptogramin__erm(C)	0	0	0	0	0	0	0	0	0	0	0	0	0	0	0	0	0	0	0	0	0	0	0	0	0	0	0	0	0	0	0	0	0	0	0	0	0	0	0	0	0	0	0	0	0	0	0	0	0	0	0	0	6.0458817692957266e-05	0	0.00010316546609959016	0	0	0.000920362126549537	0	0	0	0	0	0	0	0	0	0	0	0	0	0	0	0	0.0001959009985560582	0	0	0	2.8877358865315802e-05	0	0	0	0	0	0	0	0	0	0	0	0	0	0	0	0	0	0	0	0	0	0	0	0	0	0	0	0	0	0	0	0	0	0	0	0	0	0	5.5486056713178665e-05	0	0
macrolide-lincosamide-streptogramin__erm(D)	0	0	0	0	0	0	0	0	0	0	0	0	0	0	0	0	0	0	0	0	0	0	0	0	0	0	0	0	0	0	0	0	0	0	0	0	0	0	0	0	0	0	0	0	0	0	0	0	0	0	0	0	0.00010708443319600445	0	0	0	0	0	0	0	0	0	0	0	0	0	0	0	0	0	0	0	0	0	0	0	0	0	0	0	0	0	0	0	0	0	0	0	0	0	0	0	0	0	0	0	0	0	0	0	0	0	0	0	0	0	0	0	0	0	0	0	0	0	0	0	0	0	0	0
macrolide-lincosamide-streptogramin__erm(F)	0.0015631353232425753	0.0016334481313827114	0.006225354570780713	0.0019377773791205177	0.0019469179586683871	0.0006743954592222353	0.002177232173936956	0.005049282612501119	0.0029402849788079605	0.0010035040012335748	0.004974477012932174	0.0063041750356121	0.0026420614684272417	0.002871665643763186	0.0022406606714861555	0.0017260624904286911	0.0013455413768504241	0.0031434683911345175	0.004480788825951467	0.0033544003310865497	0.002126935778108204	0.0019688152908963526	0.0018423532777653985	0.0018195645896816263	0.0021397340148057616	0.0017724233573982128	0.000490756270823091	0.014257812628563283	0.0013066491071129377	0.0034546415597083787	0.003739079608438702	0.008130274419109743	0.002034111506314272	0.0008685966652422833	0.004831420785404378	0.0001386225409673462	0.020051733513655	0.0014316615079089062	0.0012660721072623876	0.007027315488536014	0.0019550602573197703	0.0012110708143176175	0.001960813039917667	0.0015995637556114883	0.0025030590839335847	0.001024430032465565	0.0015245212314789027	0.0028560029629596862	0.0014926599184156824	0.004254930117415989	0.0028238471683855047	0.0006509528271377259	0.0006816769576345652	0.00028648716727637405	0.0025952378929268057	0.0012147258956583338	0.0034647322853036985	0.005067137857462358	0.0030352311014913173	0.002743936627541987	0.0027091622544055476	0.0023558230827752497	0.003038961560785273	0.006360478718356056	0.0021243054988625194	0.0035445217993298112	0.0021056845534383746	0.0038014414579792682	0.0013270830534908005	0.024459716256641003	0.001899033896650118	0.0005360976175641691	0.0031410117320463346	0.004077386483779903	0.0014570161648347348	0.0010084014890312568	0.0029420331539191597	0.0032647918949034946	0.0031948912633668622	0.005692179005100924	0.0025527276271830454	0.0005053947614158845	0.003737083140414961	0.0011973132548709006	0.0013225635713283326	0.0016414300741752878	0.004191313358521748	0.0022629442050889318	0.0017397781443574895	0.004588049319341743	0.006721319074402654	0.006343649960808709	0.005814532009187792	0.0016661234283779885	0.0022991133812476543	0.0009208884570825685	0.001490736484087052	0.0016625581319564275	0.00718900609821162	0.0018794580599883592	0.0008742479286000201	0.002619683819508032	0.0014739545881578787	0.0017216466204112196	0.0016273602237597395	0.0014296974327006244	0.002321910646527334	0.005644851204691282	0.001438592622624463	0.0009968872547754387	0.003272092827073843	0.0030458718436287106	0.004075017053194244	0.0027442932813728136	0.0017074967150440866	0.017081333895848642	0.0011715911366373735	0.0006596249172206094	0.007372990695682162	0.0009033532059555348
macrolide-lincosamide-streptogramin__erm(G)	0.0011486592004943123	0.0003092008809857299	0.000781685530326196	0.00028085193796691295	0.0007492167328227838	8.660505487965482e-05	0.0003714318309497629	0.000698036828764681	0.00037651044815444437	0.00023924692624096108	0.0008622656369092262	0.0010824503056047247	0.0009201333003795219	0.00032145913161114566	0.00037586484267834193	0.0005278248666209273	0.0005966332209416148	0.0005949343288029239	0.000504374888618483	0.0004159545048602538	0.0006017943990854468	0.00065644481693947	0.00019845330311840399	0	0.00022302420129834366	0.00023307985775273618	0.0003652201628456819	0.00012410822922624302	0.0006797842019748482	0.00011353423807601742	0.00037026308620334087	0.00043306182159779836	0.0007707152664967162	0.0006781799752898651	0.00036065328563435786	0.00015010705778420303	0.000964974857602694	0.0005512478485073246	0.00011239626626388206	0.00013392890206259783	0.0001900473316228914	0.00015170755211427035	0.00011341005260922778	0.0002127866646959141	0.0002537440336694689	0.0001535039254120647	0.0004871828234855238	0.000501179237309676	0.00038228393568503615	0.0005116305014107677	0.00045219079856510715	0.00021332237724548306	0.00012343675278978774	9.105480391855316e-05	0.0003522214903198129	0.00025937580902598683	0.0007717507322348668	0.0009880959569448934	0.0005494861525699831	0.00039939201082490894	0.00011469634882570041	0.0002559292600553788	0.0006628557754739512	0.0008786514087010228	3.532796753970416e-05	0.0005910782528570716	0.0004615257875172355	0.001131281343637302	0.00040490103523132555	0.0014373631005007148	0	0.00011020760859433904	0.00038883559737696444	0.001996452798572615	0.00013104188416925515	0.0005785910182966228	0.001255754082909765	0.0004903547706862262	0.00035931008817663434	0.00020322044912545858	0.00034959875186203136	0	0	0.00011055854573010555	0.0004004342109911749	0.0005976099406232215	0.00016648974879373906	0.0005188532820294115	0.000918796110373214	0.00026690337760076655	0.0005077368505175651	0.0014215616769857132	0.0011184611884713373	0.0002068812985391809	0.0003110144402896342	0	0.0003291992877822549	0.0006815088040976637	0.0006358946557358498	0	0.0001017442364135564	0.00022591781297515317	0.00011047108414318528	0.00033685054903707717	0.00012649848612509957	0	0.00026825596076773936	5.1350243646168977e-05	0.000502017219435606	0.0003941382489767972	0.00013390936640417033	0.00024106671807273727	0.001082442288326656	0.0007648348171076196	0.0006893139534658362	0.00023021668646034226	0.00010156258144778654	0.0002119567366443425	0.0002435949199110783	0.0003183630663300756
macrolide-lincosamide-streptogramin__erm(Q)	0.00015999172162806683	0	0.0005340870209902877	0.0001727398588517186	0	0.00021628553884849675	9.365598411597999e-05	0.00017637104760930122	0.00046422490531334545	0.0002742704482104913	3.959901803744592e-05	0.00022567648868034146	0.00014177111102412306	0.00040409564504650854	8.158976950007664e-05	8.511317906681962e-05	0	0	0	0	0	0.0001375743350030343	0	0.0003852928237169914	4.5438373705178484e-05	0	0	0	9.999127517402819e-05	0.00031139697637451555	0.00031270770107459574	0.00010437036179304017	0.00028650261269571795	0.0002501168685766467	5.7068353887667525e-05	0.0004737630684845411	0	0.00018042612217371773	0	0.00020948440309183765	0	0.0003406200691597089	0	0.0003000043583109631	0.00018541143275524087	0.00030309515842655125	4.239158868877976e-05	0.00029334536032062835	0.000617758694457547	0.00034897593102002633	0.00018882012377034125	4.681638469005146e-05	0	0	0	6.0635808863670465e-05	0	0	8.044769810708577e-05	0.00011008721674049204	5.444729399507957e-05	0	6.106332512668306e-05	0	7.414315202680488e-05	9.759640920123531e-05	0	0.00019076682991580907	0	0.0002237711226814187	0.00020269600613806828	0	0.0001936826187624941	5.146554069874984e-05	0	0	0.00024087981915959884	0.00017846115259994173	0.00014721594079684689	0.00024263769223492436	0.00019590076539091112	5.2837718247307816e-05	0.00019630777798755535	0.0001071082552137924	0.0002342277957004191	0.00019809874477971746	0	0	0.00028222119023136943	0.00014833312890102392	9.168471639619844e-05	0.00010091822877633772	0	0	0	0	0	0.0001385176779024926	9.968805428672286e-05	4.9222562181676575e-05	0	0	0	0	0	0	7.640597793073356e-05	0	0.00023831167615231098	0.00039615443737363824	0	8.859587680644844e-05	0.0002377074167129509	0	0.00014415108644788566	0.00013096590969384963	0	0.00013485918468996076	0	0.00019344582271636036
macrolide-lincosamide-streptogramin__erm(X)	0	0	0	0	0	0	0	0	0	0	0	0	0	0	0	3.3009185644123706e-05	0	0	4.3771330496126693e-05	0	0	0	0	0	0	0	0.00010494337902673982	8.524178957575426e-05	0	0	0	0	4.516806415492927e-05	0.00014100819815721755	0	0	0	0	0	0	0	0	0	0.00010158250340700594	0	0	0	0	4.747379134000469e-05	0	0	0	0.00022631176897441557	0	0	0	0	0	0	0	0	0	0	0	0	0	0	0	0	0	0	0	0	0	0	0	0	0	0	0	0	0	0	0	0	0.0001500412077394443	0	0	0	0	0	0	0	0	0	0	0	0	0	0	0	0	0	0	0	0	9.691544421330811e-05	0	0	0	0	4.499830106572579e-05	0	4.992228655765455e-05	0	0	0	0	0	0
macrolide-lincosamide-streptogramin__linG	0	0	0	0	0	0	0	0	0	0	0	0	0	0	0	0	0	0	0	0	0	0	0	0	0	0	0	0	0	0	0	0	0	0	0	0	0	0	0	0	0.00011399943190497209	0	0	0	0	0	0	0	0	0	0	0	0.0001677381544601003	0	0	0	0	0	0	0	0	0	0	0	0	0	0	0	0	0	0	0	0	0	0	0	0	0	0	0	0	0	0	0	0	0	0	0	0	0	0	0	0	0	0	0	0	0	0	0	0	0	0	0	0	0	0	0	0	0	0	0	0	0	0	0	0	0	0	0
macrolide-lincosamide-streptogramin__LlmA 23S ribosomal RNA methyltransferase	0.006665609737400799	0.011412979704091192	0.008471332537984128	0.0062433968702265644	0.007913754831155858	0.006633047172458314	0.00825140321067673	0.006244018021613377	0.006131301355003143	0.008130154788799854	0.0060230914578180495	0.005923728580171281	0.006622057839093332	0.005585909030236609	0.007112030282925608	0.008638887812702755	0.006709048513830464	0.007054382771308828	0.005984233289414431	0.005123247392939528	0.007071864681409221	0.005189019650284454	0.008245230384845146	0.006947954983303593	0.004947748098729177	0.009943592794201678	0.007199671598921184	0.006033088644911421	0.006578871983010644	0.003877530081938211	0.004687993957509034	0.006025846512741305	0.005156121805502405	0.00752960517836871	0.006263313978058583	0.010235240355005924	0.00908936348722789	0.004808028225979597	0.009063525256625534	0.006330449538868987	0.009128351583723451	0.009510373433431111	0.006980100752482381	0.006230393542296365	0.00502044446133923	0.005544574498424184	0.007772605283147742	0.005321288869958465	0.00572454997496208	0.005927548339066262	0.007530415240190158	0.006828840994850537	0.007489485257728552	0.0037932098803143605	0.009567327064791178	0.007281415082919499	0.006442934408065709	0.006709714673713366	0.00818474138722714	0.0060701284632126195	0.006302192703845381	0.00645437215446206	0.005299535012006029	0.006876916006413411	0.0050948721087170044	0.007389221373786978	0.006420040415494441	0.006961161386762333	0.007665918217101709	0.00909083365891598	0.007562844596034198	0.008928534593069182	0.00418693332039365	0.00551461528865525	0.0063750380041458	0.008261965410380533	0.007221617332747476	0.007876558430213605	0.007709636735192028	0.008525202623116148	0.007428678261337737	0.006380848548738003	0.007391921208015072	0.007324820086495027	0.0048894606354654944	0.005681350308052319	0.007511336810619089	0.006223307733828241	0.008121950328076518	0.006118386239550096	0.007884230225232991	0.007881297037430377	0.0073437391862730865	0.006943985304096503	0.007896811240612459	0.011780295249842128	0.010779919349117829	0.00740151750993576	0.007639910924402216	0.010028477903577662	0.01029971743970663	0.008766293122177944	0.007373168229136099	0.010712155048490274	0.0063451993249370505	0.0063699758761434815	0.005758167475195776	0.007226049226859195	0.005872796840494358	0.007144037290025147	0.009731031874671878	0.006940158266880167	0.006739146066114742	0.008055287349662784	0.006478246930229468	0.0070048693595268635	0.005942167023775025	0.006343800129813022	0.006177692858072574	0.009107845966584387
macrolide-lincosamide-streptogramin__lmrB	0	0	0	0	0	0	0	0	0	0	2.046449060344454e-05	0	0	0	0	0	0	0	0	0	0	0	0	0	0	0	0	0	0	0	0	0	0	0	0	0	0	0	0	0	0	0	0	0	0	0	0	0	0	0	0	0	0	0	0	0	0	0	0	0	0	0	0	0	0	0	0	0	0	0	0	0	0	0	0	0	0	0	0	0	0	0	0	0	0	0	0	0	0	0	0	2.5705727112236847e-05	0	0	5.504959879775612e-05	0	0	0	0	0	0	0	0	0	0	0	0	0	2.5679706822282567e-05	0	0	0	0	2.690626411121512e-05	0	0	0	0	0	0
macrolide-lincosamide-streptogramin__lmrC	0	0	0	0	0	0	0	0	0	0	0	0	0	0	0	0	0	0	0	0	0	0	0	0	0	0	0	0	0	0	0	0	0	0	0	0	0	0	0	0	0	1.1368747762863011e-05	0	0	0	0	0	0	0	0	0	0	0	0	0	0	0	0	0	0	0	0	0	0	0	0	0	0	0	0	0	0	0	0	0	0	0	0	0	1.1838664180458303e-05	0	0	0	0	0	0	0	0	0	0	0	0	0	0	0	0	0	0	0	0	0	0	0	0	0	0	0	0	0	0	0	0	0	0	0	0	0	0	0	0
macrolide-lincosamide-streptogramin__lmrD	1.5165185317831266e-05	0	0	0	1.6985989668481983e-05	0	0	0	0	1.8239842149550852e-05	0	0	9.660607800886548e-06	9.795860108162153e-05	0	0	0	0	0	0	0	0	3.627957551407767e-05	0	0	0	0.00015575241139046924	1.6616152666089417e-05	1.9546183004537277e-05	2.107091554897488e-05	2.030754204136288e-05	0	3.7864986793975656e-05	0	0	0	0	0	2.065112121113496e-05	0	0	3.54074855024107e-05	0	0	2.3921053322337804e-05	0	0	3.721338319012847e-05	0	3.8925217124469104e-05	0	3.8997815468471035e-05	2.267964433788269e-05	0	0	0	1.6702118126231006e-05	2.2693468890677144e-05	0	0	0	0	2.3634449634875825e-05	0	0	0	0	0	0	0	0	0	0	1.9919644517437816e-05	0	0	0	0	0	1.8857927766601214e-05	0	0	0	0	0	0	0	0	0	0	0	0	0	0	0	4.121900948777736e-05	0	0	0	0	0	0	0	0	0	0	5.8356983465328945e-05	0	3.6895241428399955e-05	0	1.6402552912960625e-05	0	0	0	0	1.0960025656567682e-05	0	3.099197095449353e-05	0	0
macrolide-lincosamide-streptogramin__lnu(A)	0	0	0	0	4.5243220928575714e-05	0	0.00015255157762585154	0	0	0	4.515061062832121e-05	0	0	0	0	0	0	0	0	0	0	4.12682860761947e-05	5.894321397280603e-05	0	0	0	6.664230479312969e-05	0	0	0	0	0	0	0	0	0	0	0	0	0.00014310326226019213	0	4.194432404435173e-05	0	0	0.00010066915582477058	0	0	0	0	0	0	5.036269738396435e-05	0.000652842574901902	0	0.00023531486828011169	0	0	0.0007831246001772018	4.150836747805216e-05	5.3251298140987114e-05	0	0	0	0	0	0	0	0	0	0	0	0	6.84739793123812e-05	0	0.00012236824166981578	0	0	0	0.00022689353394176698	0	0.00015230491714072122	0	0	6.838961885700534e-05	0	0	0	0	0	0	0	0	0	0	0	0	0	0	0	0	0	4.7596087718131034e-05	0	0	0	0	0	0	0	4.141470892768201e-05	0	0	0	0	0	0	0.00014459238962376384	0	0	0
macrolide-lincosamide-streptogramin__lnu(B)	3.221418579062409e-05	0	0	0	4.4002407693008886e-05	0	3.7715092281207714e-05	0.00011060472404553331	0.0001731931026123302	4.5360506319482264e-05	0	0.00016598155730406829	0	0.0002456595642269727	0.00022370283186730805	0.00012456007666459236	0	0	0	9.55083462122428e-05	0.00016639646920645523	0	0	0	0	0	0	4.396017758500029e-05	0	0.00024942913303637436	9.797514365543822e-05	0	9.608786681647877e-05	0	0.0005596091790047472	9.175994756137283e-05	0.0002804168690933123	0	0	4.314536558781074e-05	0	0	5.129688605137243e-05	4.861418182191296e-05	0.00012019218537011373	0	4.5337654153210146e-05	4.249544789883966e-05	0	0	0	0.00014596481183326338	4.9495467792954715e-05	0	0.00018855710657902623	0	0	9.5595999197661e-05	3.832625363229793e-05	0	0	0	5.997582571870958e-05	5.440124227922658e-05	4.247991365901742e-05	0	0	0.00014249832666132328	0.00010496323800530033	0.0007655837548461991	0	0	0	0.00010434598390296376	0	0	0	0.00022032294877649542	4.495381253003549e-05	0.00018196275829082412	0.000145575052087368	0	0.00014242871363221086	0.00020000761754491618	0	5.077873092759693e-05	0.0003144390661362902	0.00013998013280505696	0	0	0	0	0	5.340679748149574e-05	4.9173518027209126e-05	0	0	4.38466962729329e-05	5.390697713185999e-05	8.43346565379392e-05	0	0	0	0	4.737771015921333e-05	0.00011567672953743705	0	0	0	0	0	0.00021852405288144832	3.813408620176554e-05	0	0	4.2588114676737717e-05	3.9375528115496404e-05	0	7.183549289060991e-05	0.00024147898199687983
macrolide-lincosamide-streptogramin__lnu(C)	0.055710726148233275	0.024277526177877234	0.06759155322776667	0.05306913293287817	0.04677822445626043	0.032193247953151774	0.04608595252580079	0.05567649206919067	0.06456288254960431	0.05455086574241504	0.041995739241527406	0.05979613300900066	0.047746851894631834	0.042715872963023566	0.0469997676246135	0.042579069961803204	0.04813546137664181	0.03822535560480681	0.03857872688343692	0.039079866332259974	0.062428271686557166	0.03684113003301463	0.05094789323094314	0.05126074878253183	0.05552585890568069	0.021890320177051944	0.012234145551260704	0.05166016187582994	0.03527348044726514	0.03104827158079	0.03285542367694996	0.034906814067600545	0.027745441851453473	0.03467747027106196	0.04269178291061706	0.023342513297411674	0.06990632268808102	0.03350179295758388	0.016918023066656924	0.04383004860754513	0.02102622204898999	0.02107197397846659	0.016080673719746714	0.02623381915052786	0.04260064546269465	0.03602342110482664	0.05376312086630951	0.028147395427538264	0.047113448958648926	0.05694548499500033	0.07260171935053696	0.042372899134469615	0.02218414660305026	0.01014277227639772	0.0668302026089167	0.0405273191571124	0.05553521617517764	0.03965128495019162	0.05132472464627776	0.029219463521081214	0.040460116163438725	0.04698969157940839	0.06352495371861491	0.059393617745999834	0.022476795779031927	0.043921514366851	0.05388648590886487	0.06221649204292728	0.04101419130519415	0.13143423687660638	0.05663768482548216	0.01867406701181856	0.04794923297200604	0.07412102826076834	0.03614922256084299	0.02490611134145667	0.05286574673629554	0.0498268967119817	0.06642356628545766	0.11736158673529944	0.05380451780484742	0.0442867132275064	0.06746188129255629	0.06696067198227144	0.0336101671640529	0.029432296490234554	0.015075097803333506	0.05874221071747233	0.06047066438213764	0.07038680819860532	0.0580779567879683	0.04664835107161492	0.04677856087634754	0.04606899008059788	0.05665946053762229	0.027022297919495387	0.038075831964969324	0.031123668332467467	0.04946157770681076	0.04614699843328125	0.023308748675040947	0.06057574867386681	0.033685379682970924	0.019796131656215545	0.03935182783616055	0.03470169366588164	0.040521096640840235	0.06656046135205695	0.034955091659628484	0.04603168167433683	0.05332608697002191	0.06927493593691321	0.05424292407052952	0.056511177294009306	0.06614214387054156	0.05226512112907162	0.04718148646970993	0.03081847161517062	0.07093826642918519	0.028724450017099754
macrolide-lincosamide-streptogramin__lnu(D)	0	0	4.537699381246457e-05	0	0	0	0	0	9.398893983230114e-05	0	0	0	0	0	3.616161501124363e-05	0	0	3.446830983300885e-05	8.641101195991451e-05	0	4.132396811731211e-05	0	0	0	4.272315381303977e-05	0	0	0	0.000156693644632471	0	0.0002039075343314212	0	0	0	0	0	0	0	0	0	0	0	0	0	9.685109393922135e-05	0.0001572207931712469	0	4.612310808532597e-05	0	0	3.8933546059834484e-05	0.00015789359433576077	0.0006071687362213452	0	0	0	0	4.6877996961826853e-05	3.8202251318405476e-05	0	0	0	0	0	3.457968581389527e-05	0	4.087263797699095e-05	0.00013701672463719314	5.178341564563043e-05	0.00014171982576998988	0	0	0	0	0	0	0	0	6.204984754444056e-05	0	0	0	4.32844334599353e-05	0	5.5334486605289594e-05	0	0	4.333204987081998e-05	4.318375894708049e-05	0	0	0	0	4.347443575475415e-05	4.162958074937631e-05	0	0	0	0	4.3195799690163985e-05	0	0	0	0	0	0	4.150770280757411e-05	0	0	0	0	0.00011425064067589702	6.208415253580121e-05	0	0	0	0	0	3.72703177065125e-05	0
macrolide-lincosamide-streptogramin__lnu(E)	0	0	0	0	0	0	0	0	0	0	0	0	0	0	0	0	0	0	0	0	0	0	0	0	0	0	0	0	0	0	0	0	0	0	0	0	0	0	0	0	0	0	0	0	0	0	0	0	0	0	0	0	0	0	0	0	0	0	0	0	0	0	0	0	0	0	0	0	0	0	0	0	0	0	0	0	0	0	0	0	0	0	0	0	0	0	0	0	0	0	0	0	0	0	0	0	0	0	0	0	0	0	0	0	4.387230732662413e-05	0	0	0	0	0	0	0	0	0	0	0	0	0	0	0
macrolide-lincosamide-streptogramin__lnu(G)	7.778547300662892e-05	0	0	0	0	0	0	0	0	0	0	0	0	0	0	0.00016719473377797633	5.020606352203186e-05	0	0	0	9.400930463641539e-05	0	0	0	0	0	0	0	0	0	0	0	0	0	0	0	0	0	0	0	0	0	0	0	0	0	0	0	0	0	0	0.000329155548832057	0.0013018459086937624	0	0	0	0	0	0	0	0	0	0	0	0	0	0	0	0	0	0	0	0	0	0	0	0	0	0	0	0	0	0	9.072510486573516e-05	0	0	0	0	0	0	0	0	0	0	0	0	0	0	0	0	0	0	4.9967551243367126e-05	0	0	0	0	0	0	0	0	8.705429748935746e-05	7.550549067949576e-05	0	0	0	0	0	0	0
macrolide-lincosamide-streptogramin__lnu(H)	0	0	0	0	0	0	0	0	0	0	0	0	0	0	0	0	0	0	0	9.700277092356377e-05	0	0	0	0	0	0	0	0	0	0	0	0	0	0	0	0	0	0	0	0	0	0	0	0	0	0	0	0	0	0	0	0.0001487308248486588	0.0011582210300584471	0	0	0	0	0	0	0	0	0	0	0	0	0	0	0	0.00010879255637340814	0	0	0	0	0	0	0	0	0	0	0	0	0	0	0	0	0	0	0	0	0	0	0	0	0	0	0.00021036889297165864	0	0	0	4.960862149290541e-05	0	9.596888578612152e-05	0	0	0	0	0	0	0	0	0	0	0	0	0	0	0	0	0	0
macrolide-lincosamide-streptogramin__lnu(P)	0.0037432732426180178	0.00016587154814993863	0.003528309313619791	0.0022884504426795866	0.0006298971168728735	0.001721303819928687	0.0014277816781831582	0.0015542148551329683	0.005006824796772646	0.004361511054800599	0.0001901765478995313	0.003850464781054428	0.0022659921657759486	0.003490289651983826	0.0025722671689925583	0.001386291106331325	0.0014874725858448538	0.0004590348308074056	3.744294536415658e-05	0.0003410338381556916	0.00021471498650512367	0.0016653369358608993	0.0006948088401483965	0.001141592062959557	0.003919754993934362	0.00024838449901481345	0.0010503188549097924	0.0012713124465373947	0.0023987075783168145	0.00238185629365612	0.003309317051060495	0.0009678804617026358	0.004039962264467444	0.001475825069622202	0.0021517591319695807	0.001437136995431826	0.00040547316905588295	0.0008855495381181972	0.0003205054011968146	0.002622902994507377	0.002427878864971344	0.0005062517076089361	0.0005725020058696323	0.00265855146132124	0.004051933521947016	0.007138482004416543	0.0021643431361226687	0.0018758582955023943	0.0030996288547885044	0.004420347656654711	0.000758519293019214	0.0016670581319451457	0.0008923745772130169	0.0002623255989518606	0.0005238500556820373	0.0010173084494957607	0.00082624355791804	0.0009559044855175025	0.005772007302010135	0.00032193510705435727	0.0005141989325065437	0.0017265092641037926	0.0012733662660422895	0.00449579075998722	0.0032769210119041503	0.0008824126424213859	0.0007882214367649494	0.00039840651668191516	0.00439289737094691	0.0018058004120200812	0.0017037799408480838	0	0.0032581889327466178	0.0002525980453700625	0	0	0.0017158473110739747	0.0020211379920664304	0.00283090688447886	0.0021950627920323813	0.0026541991677236083	0.0016671445985252669	0.001463103250808381	0.005969672152036189	0.004123774835902478	0.003687007819124964	0	0.00043127087921408693	0.001365231126230593	0.002460745088639137	0.0023911251045824608	0.0003093253632665014	0.0012092100668160504	0.002010090297017404	0	0.0006232314234551937	0.00040001018679276725	0.0012046736951535249	0.0007768839730848873	0.0005273456234119331	0.00038150961527089633	0.00035143042148039384	0.0022405046993586603	0.00013943308282396118	0.0024690065966585704	0.0017628559210011536	0.0024210262059264844	4.528720283011529e-05	0.0013415109783366224	0.001311616114137147	0.0014573842758409269	0.0026718305995488867	0.0013101401789097173	0.00027950097489987563	0.0030812844702260162	0.002216665189040814	0.0024111750351309847	0.006402288736651953	0.0027704837246863494	0.0006052222533253197
macrolide-lincosamide-streptogramin__lsa(A)	1.053137869293838e-05	0	0	0	0	0	0	0	0	0	0	0	0	4.500058985262166e-05	1.4035187926050667e-05	0	0	0	0	1.4337758961500545e-05	0	0	0	0.00014055638012414965	0	0	0.00035429559094393	2.3097630656407982e-05	2.5540345792595373e-05	2.6970771902687843e-05	1.62460336330903e-05	0	0	0	3.0678060050892224e-05	0	0	0	0	0	6.249366447802688e-05	0	0	0	0	0	4.8615074935369915e-05	5.012414878670365e-05	2.7073407109560913e-05	1.5570086849787638e-05	0	0	2.036539491564976e-05	0	0	0	0	0	0	0	0.00016634194975075073	0	3.21557137889467e-05	0	0	2.417568883346263e-05	2.692013103705428e-05	0	0	1.4958585255302195e-05	1.3735900298310132e-05	0	0	0	0	0	0	0	0	0	0	0	0	0	5.952716658100498e-05	0	0	0	0	0	0	0	0	0	0	0	0	0	1.5029005431701687e-05	0	0	4.914069452903812e-05	0	0	2.4893276386063772e-05	0	9.515868474977061e-05	0	0	0	0	0	0	0	0	0	0	0	0	0
macrolide-lincosamide-streptogramin__lsa(B)	0.00472960251095083	0.0031907638592076812	0.005143514577180008	0.0034463705413395555	0.004137251866815329	0.007419499373155384	0.004367546164260596	0.00540537159333222	0.0048552169777801284	0.004885805651377013	0.004692031404945078	0.004604715000120438	0.0036027354457296777	0.00574172968072522	0.005973229567225731	0.003417817124753467	0.006065000123527893	0.005755532825105876	0.004471510286362929	0.004495029579806333	0.007122330212417483	0.004380134840016299	0.00596886629206802	0.010638190324883499	0.004173481137445837	0.003254724650610541	0.002127773970280844	0.005053015161373671	0.004432866320813182	0.0030571561928137946	0.003891359973225661	0.0062228977933694194	0.005178545318477883	0.0058772802060143795	0.005879280449637247	0.004356436073991107	0.005711977120416568	0.007516473457421224	0.005554796376132662	0.006483775726962698	0.005951763504790521	0.004343774028714648	0.0037102205142467573	0.005786316135196442	0.0052671380468371064	0.003753961007231341	0.0031429531581356426	0.004111745666673237	0.008429555896798257	0.00411485358636242	0.00437448689178667	0.004683884398168858	0.005076037625119394	0.0013234347329137842	0.003919511607133972	0.0057430799934574265	0.005172543382938883	0.004327590308574587	0.0034417438821154204	0.005547428612067425	0.004443990129199404	0.003899307038426853	0.004746609080799765	0.004492670491423658	0.004048762630422179	0.003615126571821662	0.004480338637749837	0.005380067725245434	0.005387085799910743	0.01057717213401719	0.006740437349530482	0.003879585721605478	0.008899873472918481	0.007273928345079589	0.005206234432977754	0.004737537535791099	0.006598138605139999	0.003967305012386497	0.004965860669569614	0.006319271200074586	0.0041573158189067575	0.00494238005921481	0.0031662303862683276	0.005041253499169399	0.004645383152895867	0.00790685949877905	0.0033098866923977977	0.004134245195932712	0.0038143811245648566	0.007314069249121431	0.004014636100258637	0.004366633069012884	0.004386140522020099	0.004591938628731692	0.0031396827574995496	0.0032661728590840343	0.002884258866079815	0.003915565919022561	0.0042966115543489145	0.003270565196259722	0.004539135543183889	0.0033118482476994617	0.005532024981692465	0.003963026970282318	0.004901876312470485	0.0065448287718425525	0.005376589222495129	0.00519675752099852	0.004976835787003644	0.005260355444632675	0.004248410972418945	0.005293721557118592	0.0036695873092160904	0.005409934225786747	0.005248435212696656	0.004418688984203708	0.003774235284888995	0.005041674794292549	0.005929790879820882	0.0043908169226100306
macrolide-lincosamide-streptogramin__lsa(C)	0.00010276056975358361	0.00016677507609514562	0.00019327238105308983	0.00011384977110655913	0.0001432761323662606	6.862738839747833e-05	0.00012380242665538618	0.0001330749029048499	0.00011842606418869945	4.824808977055175e-05	4.179184569133634e-05	0	0.0001001310217332865	0.0004832677860288236	4.2619046263251415e-05	0.00025677644876011523	0.00022123730479330474	0.00012638380272103243	0.00017231669636450788	4.3537829041629705e-05	0	0.00014227912653810013	4.94572516657378e-05	0.00014284881761477254	0.00015427805543597695	2.8320150196054002e-05	5.99713017218662e-05	0.00018989724517266832	0.00018412822214388007	0.00019166652969768334	0.00013648649475409645	0.00040806394409093354	0.0003290364946674775	5.2470071525286674e-05	0.00021239692990356746	4.929356138397966e-05	0	0.0001290047293711955	2.7870618870312218e-05	0.00015768782818740683	0	0	5.624400983059264e-05	0.00017887054631084585	9.816879589757811e-05	0.00013570636884254996	0.00011514658358472616	2.5623948936292207e-05	2.628505752473796e-05	5.988787063930514e-05	7.734797817220451e-05	0	0	9.031452095986573e-05	0	0	6.854325364761867e-05	0.00012438295193871392	0.0001477153717645012	0.00021549819032922097	0.0001422048227310513	0.00020839967013278548	5.6633270553654666e-05	0.00017005032220745555	8.114699604327424e-05	0.00011827415248403362	7.847546491582262e-05	4.982426350443387e-05	0.00022957314269562821	6.056402810683328e-05	0.00018502231930903862	0	0	8.465418206269023e-05	3.216590225686981e-05	0	4.5754703269783374e-05	2.5331674298661756e-05	5.303405773029107e-05	7.227952411615021e-05	0.00012937092122807672	5.4648376640904584e-05	5.1013796577780884e-05	7.385244816814418e-05	6.148276289476622e-05	0.00013553422096391568	0	0.00023805879250018383	0.00013451492729492888	9.90059987504463e-05	4.887968819186315e-05	5.2715416251054464e-05	0.00020525196971236503	2.89829571698361e-05	0.00015477664637588627	0	4.6801611482539545e-05	6.798529561482627e-05	0	5.0909335349121834e-05	0.00017917924760137507	7.486116891360119e-05	8.30098070058426e-05	0	7.250522985219122e-05	8.813974015198532e-05	0	5.042343437060397e-05	4.780183474820989e-05	7.766552942981266e-05	0	0.00020825433237125533	0	7.753816566553911e-05	2.4597488233580272e-05	0.00011509697675014444	6.156142019102508e-05	7.70489307854546e-05	0.00021205525591636422	0
macrolide-lincosamide-streptogramin__lsa(E)	3.9285592427590363e-05	0	0	0.00010935892429025927	0.0001302471267713063	0	0	0	0.0002551711711821665	0.00013517430883205715	0	5.5698509162439025e-05	0	0.00010133457024362623	0.00010074560158563164	0	0	3.89556448509691e-05	0	9.359817928799795e-05	0.00013913377086189477	0	0	0	0	0	0	4.3080974033300286e-05	0	0.00015615521353957892	0.00028988521885681205	0	0	9.47526954555514e-05	0.0004886566859612006	0	0.00032762509621339853	0	0	0.0001303166144284896	0	0	5.129688605137243e-05	8.945009455231984e-05	0.0001784671843374416	0	0.00017681685119751958	0	0	4.840139357799154e-05	0	9.796296096192173e-05	0.0002025861007339542	0	4.6663122335213564e-05	0	0	0.0001704603359187208	0	5.2446877782053355e-05	0	0.00010111095637927041	5.877630920433538e-05	5.440124227922658e-05	4.247991365901742e-05	0	0	8.798554397880363e-05	0	0.0011394475418337745	7.981543449052638e-05	0	0.00012386865920554352	0	0	0	0	0	0.00014561126232554974	0.0003282833268133425	4.885068861992215e-05	0	0	5.154835503734953e-05	0	5.077873092759693e-05	0	0.00018434003404609614	0.00013536822900213583	9.815958693895006e-05	4.549011952936986e-05	0	0	0.000262761443608959	0.00024390064941495727	0	0	4.38466962729329e-05	5.390697713185999e-05	0.00013171367706487134	0	0	0	0	4.643015595602906e-05	0	0	0	0	0	0	0.0005285439490425275	2.4405815169129945e-05	0	0	0.00029726504044362925	0	0.00010141271788775727	7.736130003604144e-05	0
macrolide-lincosamide-streptogramin__macA	5.616886697383026e-05	1.2122184839637023e-05	0	3.905353712375182e-05	7.262413552178759e-05	0	5.243865798926366e-05	8.51990967087782e-05	0	0.00010794577848879918	0	0	0	0	6.493794224157543e-05	0	6.792839796635878e-05	1.727141633659748e-05	0	2.222435452426663e-05	2.2326576365268354e-05	4.242698683080484e-05	3.2793757169195414e-05	1.2782612966827097e-05	0.0011272491843449688	0	0.0006828165794016668	0.00042807093005890886	3.2883950361487826e-05	8.670761490696234e-05	9.667922656371095e-05	3.478917837179044e-05	4.559797988543971e-05	0.00016703448664268488	9.526240512406973e-05	0.0017064405631961798	4.507304099859015e-05	0	0.00015497277130036507	0	0.00023234044375412585	4.5583371735687114e-05	0.0003332841562028216	0	0	3.18333185369072e-05	0	8.85773639671591e-05	1.0996809780757716e-05	4.598001927931896e-05	0.00010207889360712831	6.906502011843263e-05	2.7336837380036606e-05	0.0003717688029707654	0	0	0	0	1.8575973417359428e-05	0.0001401949270554541	0.00010125514652031669	0	8.030020279001881e-05	0	0.00016020780687433765	1.1267869346234263e-05	0	0	0	0	2.3638393629685687e-05	0	0.0004435795326917307	1.2642316109019811e-05	2.9018141647651947e-05	0.00017546427060625752	4.213708072913562e-05	5.4197492698937336e-05	4.339415283244765e-05	2.2275736561820257e-05	0.00010539079968606378	2.3913221415574026e-05	3.1206348702920873e-05	9.889027479763774e-05	9.159108732258595e-05	1.2181420626835919e-05	0.0010997157595316334	0	2.1502908380502452e-05	0	3.204837324246254e-05	2.3302771604239705e-05	6.874428909685714e-05	2.5623746500555898e-05	0	0	1.202824591477541e-05	7.424397152882492e-05	2.5863724877280528e-05	2.2731713352544254e-05	0.00013269267761612506	2.1079225791378957e-05	6.066801204926558e-05	6.323666264312036e-05	0	0	0	0	1.1005588638121098e-05	6.589887646983363e-05	4.1640554125158574e-05	3.196476350412349e-05	9.148069196649952e-06	0.0003728431732281567	0.00021787910587059176	4.066189213152029e-05	1.1245096914000703e-05	0.00013136735736397282	3.69436615635853e-05	0
macrolide-lincosamide-streptogramin__macB	0.00021719335636006726	0.00029637712462802113	0.0002801499031519907	0.000289371313437562	0.0002793772716873173	0.00027185257558828195	0.00023348972320775074	0.00024199815188357218	0.00016810832280701027	0.00028752979756677886	0.0004057633692302599	0.00024109758370911608	0.00014918247264397627	0.0002340049186403017	0.00031438699570085753	0.00023208544843825426	0.0002833103951443139	0.00025519177377419255	0.00021051265519752473	0.00023737814701199552	0.00019299010886518762	0.0003798115476206039	0.0002743172060342137	0.0002072885280379047	0.0013576500501915763	0.00030576340728398206	0.0010977361513231523	0.0004981333297232317	0.0002734839994526276	0.0004044542421492194	0.00034579134374400193	0.0002635096545465547	0.0002866744185188691	0.000253059354705962	0.0004220430011366792	0.0018042539322616195	0.00047480336565654117	0.00018105013759122784	0.0004969855963186879	0.0003404272266194125	0.000503779860116536	0.00026743277891426865	0.00045132474064555624	0.00023844616699363906	0.0002748609732014407	0.00028632785383988287	0.00019582803551457711	0.00031638761701080443	0.0003797449301799291	0.0002343736327420451	0.0002830918358936299	0.0002985911266837294	0.0002785065163470305	0.00039631937252934164	0.0002010846366433339	0.00022921048947785135	0.00022705588857165572	0.00021273640173680874	0.0001801527713681616	0.00023316377329240352	0.00025168660953742627	0.00031294000890436807	0.0005067562004719892	0.00015254209912447288	0.0004173493607161366	0.00028910810668396857	0.00021327388314707702	0.00019092234472911843	0.00030339060163961184	0.00020511811520362679	0.00026136262864843296	0.00027764291315718884	0.0006137065389958426	0.00023023277720369035	0.00036004998098009	0.00040167445981745904	0.00032534766436687654	0.0002969691397168341	0.00022588723940860058	0.00022617601730550284	0.00024814846611779677	0.00029191402775104495	0.00021539154252151797	0.0003819268677896394	0.0003528584516644464	0.0004134631329546569	0.0009686107465270935	0.00020970851663305347	0.00020653448472446562	0.0002499151144938034	0.0002565489628256268	0.00025070813737670874	0.0001860663990192714	0.00022399708774581864	0.00020078061582089497	0.00019407210840938408	0.00024715905933571895	0.0002592321521865964	0.0002175529118991036	0.00014092512955762846	0.00018681740763091983	0.00012731239056715122	0.0001763044166898431	0.00025943066951967635	0.00014978752252153032	0.0001797644670311198	0.0002782796837343481	0.00024934400269506187	0.0002795784104947761	0.00015787800957949052	0.00028211155634934304	0.00024748492832098076	0.0001845315417569994	0.0006033962547307216	0.00041990539146274334	0.0002444606892611054	0.00021643462778735427	0.0003134037329114168	0.0003054338090801851	0.0004434008849001923
macrolide-lincosamide-streptogramin__mef(B)	0	0	0	0	0	0	2.46208548632823e-05	0	0	0	0	0	0	0.0001336412054779986	0	0	0	5.362561103408359e-05	3.039378450097795e-05	0	0	0	5.949380884973838e-05	0	0	0	0	5.7395439683105505e-05	0	0	0	0	0	0	3.660665141133848e-05	0	0	0	0	0	3.8046265171219294e-05	0	0	0	0	0	0	0	0	0	0	0	3.757118866412381e-05	0	0	0	0	0	0	6.917460807409891e-05	0	0	0	0	0	0	6.490055258625184e-05	0	0	0	0	0	0	0	0	0	0	0	0	0	0	0	0	0	0	0	0	0	0	0	0	0	0	0	0	0	0	0	7.038221464159714e-05	6.0621978049276585e-05	0	0	0	0	0	0	0	0	0	0	0	0	0	0	0	0	0	0	0	0
macrolide-lincosamide-streptogramin__mef(C)	0	0	0	0	0	0	0	0	0	0	0	0	0	0	0	0	0	0	0	0	0	0	0	0	0	0	0	0	0	0	0	0	0	0	0	0	0	0	0	0	0	0	0	0	0	0	0	0	0	0	0	0	0	0	0	0	0	0	0	0	0	0	0	0	0	0	0	0	0	0	0	0	0	0	0	0	0	0	0	0	0	0	0	0	0	6.730352477607028e-05	0	0	0	0	0	0	0	0	0	0	0	0	0	0	0	0	0	0	0	0	0	0	0	0	0	0	0	0	0	0	0	0	0	0
macrolide-lincosamide-streptogramin__mef(En2)	0.002093665397457498	0.00036735791000488906	0.003329473530666191	0.0007140332410520829	0.0028296357277868903	0.002268276814130914	0.0019048404098014995	0.005947510372004093	0.002679992661241192	0.0015167761483947497	0.0026036702002279937	0.0023646058955127903	0.002408450716640852	0.004603099688722527	0.0049570527367657205	0.0012223394344826487	0.002309273590481854	0.004900035555272906	0.00767811573812396	0.009258481429889762	0.003302497640071852	0.002309608960582246	0.002240938906672626	0.0036316225861235947	0.001968603376695279	0.0007218849379914919	0.00024526916414927826	0.0028883875723976315	0.0014007896346377852	0.003738865291749352	0.002793685769618025	0.00736135868852967	0.002666632396855843	0.000986259391315603	0.005028297760666694	0.0012571175223489732	0.010211294924727518	0.0005634116075921797	0.0019949580478998887	0.0041584829180380265	0.0006821970492753227	0.0003948159135801254	0.001348088117738083	0.006626590637878803	0.0026263804514325894	0.0008176224117795529	0.0017061927301781292	0.0032922774235496057	0.010831195386521485	0.0024692604617892896	0.0024234724600756025	0.0037616531096408097	0.004653670491049424	0.0008820462960736691	0.004121525208039246	0.001877241315697448	0.007874729512571847	0.005097464290480114	0.0014743719078233225	0.0008801514435463984	0.0032026767312149118	0.003497409108336304	0.0055636088639597885	0.004387241770866831	0.004157840726191458	0.0021285533464222833	0.0031546419331643593	0.0089397743917982	0.006151577071114535	0.018487083491092102	0.00430859594427233	0.0015017150420386033	0.0025059416982720823	0.0015755194826367169	0.0037282718245787963	0.0015354143085570331	0.004279738244456143	0.002619444206649568	0.004342068914694321	0.0047045234509174964	0.0032292327425726365	0.0016735378782941688	0.003823077924624645	0.0020401424879131044	0.0062626311619889225	0.006556433754397932	0.0019000406155493183	0.002074767523896976	0.0019366406368631368	0.0050107898868835595	0.0016095538706436927	0.00429620484181797	0.005480786230388302	0.002332033782916067	0.002465432661568185	0.0009528108112378626	0.002010452614671805	0.005853236047507414	0.0035318883510970854	0.002583668966505195	0.0014510761029628257	0.0030674072343457987	0.007189750563946047	0.0012698494226262	0.0020000010025763874	0.008581302432178329	0.005976758861124831	0.0020978252056122783	0.0027595874033242607	0.002922024997082605	0.0033384099321009824	0.005077750150990323	0.002557891856206695	0.006392626412205011	0.0034071996546805286	0.003737409746491786	0.0037266475514083903	0.004759104117822139	0.005847949693665484	0.0019901211370303203
macrolide-lincosamide-streptogramin__mel	0.00823959445269019	0.002206583487670913	0.012813498688086247	0.008939220336308217	0.017599232599548747	0.008920043373673192	0.018329020744649604	0.012120513510257138	0.013793501862323521	0.008117526892041534	0.009394803427609292	0.014554363210769052	0.008437387998101006	0.01039135978467859	0.009496087925331126	0.006899818923597277	0.006871108318287339	0.006746267003600429	0.0076136538431186805	0.007440442134379629	0.008356494191518515	0.0095203251966926	0.011825170106441997	0.008449824773883483	0.015552086191231839	0.004049458939983817	0.0016558013320508522	0.006704088943372825	0.00575632982703997	0.006636350009327267	0.00591724355007841	0.0076893838858036224	0.0069177977241210754	0.006782199923509394	0.007266382561332155	0.004579639920034037	0.008473991064968638	0.0038748839568970984	0.004050959739043402	0.010087416320930324	0.0019924517492427582	0.007390364824934355	0.0017121363056214489	0.00726851176376302	0.005346960964901581	0.006250257669180893	0.011590174466388669	0.005383892271976764	0.008526012986311636	0.008694076620595256	0.00964384048645002	0.00961732035666641	0.00773453236053746	0.00195217869296836	0.01531152077462533	0.005303477241611595	0.011217008388947432	0.007558591446219737	0.013765054602342607	0.005830997736097544	0.0071249520777049895	0.008751543876862748	0.008548430486177972	0.01085553029409815	0.0035564824033689066	0.008587234054342653	0.010733892580003236	0.010874179035813671	0.00721466974201017	0.013818407033153908	0.010831489296323939	0.002097535667670293	0.005764705878551748	0.014196474881142685	0.007429006185288107	0.0031951224093870693	0.009827839988852493	0.009412200997746062	0.010774211335261952	0.017249993213857805	0.010977893368127547	0.009741648698044168	0.011141542530469806	0.00886054252468961	0.00741085584620074	0.00723915404003136	0.003142103984126565	0.008917345081532461	0.010430748311375505	0.011966910048389396	0.008697233520127336	0.008480473059806582	0.013106811967590691	0.008890657208208929	0.014405496392157225	0.0055178447470562685	0.005350750289786413	0.006745175126873471	0.01164593633151496	0.010572685687667333	0.0037088596778098895	0.012219033785569225	0.006791540656500767	0.004516338533529952	0.007242141452367502	0.00636196796964142	0.011911361976311515	0.015784787122942047	0.005437740416547902	0.01063977519082327	0.01731361857936541	0.012790572331031562	0.012084511891180353	0.009730141316342967	0.008917795081586612	0.00969398824772141	0.007141599437411158	0.007060478401866361	0.006660081156224536	0.004176210562177279
macrolide-lincosamide-streptogramin__mph(A)	0	0	0	0	3.9032036059911535e-05	0	0	0	0	0	0	0	0	0	0	0	0	0	0	0	0	0	0	0	0	0	4.851800872212995e-05	0	0	0	0	0	0	0	4.9741263877865255e-05	0	0	0	0	0	5.1697416794115256e-05	0	0	0	0	0	0	0	0	0	0	0	0	0	0	0	0	0	0	0	0	0	0	0	0	0	0	0	0	0	0	0	0	0	0	0	0	0	0	0	0	0	0	0	0	0	0	0	0	0	0	0	0	0	0	0	0	0	0	0	0	0	0	0	0	0	0	0	0	0	0	0	0	0	0	0	0	0	0	0
macrolide-lincosamide-streptogramin__mph(B)	0.0009934148140793883	8.979003950615003e-05	0.0012421704636859324	0.0011396410049490482	0.0005288285739859253	0.0006023473069446818	0.001037448036947782	0.0007208874544444463	0.00091101394090273	0.0011281210144907909	0.0005130356011848026	0.00065138950628153	0.0007060071891695109	0.0004918503484218281	0.0013348887548462304	0.000838087720001656	0.0005752468955053776	0.001249416827052291	0.0009160364460611362	0.0005492351624250889	0.0006075035494252407	0.0006673159124955179	0.0010557400458930338	0.0006034765407813235	0.003948029951456826	9.41580882312378e-05	0.002694752813408169	0.0010527789421965663	0.000939446225231845	0.0007044333904398912	0.0018546647089557149	0.0009256197739379868	0.0008313423634297571	0.000831792401259187	0.00122779419800998	0.0042439882208721	0.00044398179699711054	0.0002711512826604511	0.0018556318381718233	0.0012131370939654457	0.0005223043314819692	0.0004296212739057993	0.0007482416276375921	0.0011027770580567266	0.001288061702717853	0.000911309690315562	0.0008802210106681311	0.0013870833642579041	0.0007270387580526997	0.001147646033820084	0.001193221705583009	0.001235707084613923	0.001088376408431065	0.0007480786067759207	0.0007876069182937062	0.0001952133256995482	0.0017712239245719665	0.0003996686219753053	0.000703953260447157	0.0004911626240302546	0.0008997247522130726	0.0013151199480088804	0.000645341925589307	0.0015062332177900914	0.0005342913374463866	0.0009180483434901974	0.0003027290698234511	0.0005914253826585588	0.0019271867546916846	0.0012865137168264961	0.0009806261139324013	0.0003891139328825253	0.0023595218883475924	0.0009627126753212384	0.00045182375482154686	0.000638228790526112	0.0009114278653721383	0.0014863750555613787	0.0005823090203686076	0.0010949196634486844	0.0013958080133924303	0.0009842363667252351	0.0006029491464032628	0.0010815394119456038	0.0012900918510462141	0.001353091931631827	0.003832419578870867	0.0001730001760118541	0.0005878335677307158	0.001298547707821796	0.0010136018709831524	0.00037042546776463705	0.0005128383183183612	0.0007444978779561015	0.0006281803494192215	8.881468163538569e-05	0.0004388330262718227	0.0005841032596427844	0.0009592318838996269	0.0002826730545796055	0	0.0009071128531198246	0.001368980403058528	0.00034995812937651686	0.000954968449121023	0.0009871197909817793	0.001085515862711734	0.0003514015377558439	0.000511416448786855	0.00105498004843797	0.0010831749905616287	0.000797003228264774	0.0004911638206943071	0.0007929561534381446	0.0015492474697919802	0.0011076316083278794	0.0007143945486558498	0.0015043649476120182	0.0017812252861685606	0.0008874191866337752
macrolide-lincosamide-streptogramin__mph(C)	0	0	0	0	0	0	0	0	0	0	0	0	0	0	0	0	0	0	0	0	0	0	0	0	0	0	0	0	0	0	0	0	0	0	0	0	0	0	0	0	0	0	0	0	0	0	0	0	0	0	0	0	0	0	0	0	0	0	0	0	0	0	0	0	0	0	0	0	0	0	0	0	0	0	0	0	0	0	0	0	0	0	0	0	0	0	0	0	0	0	0	0	0	0	0	0	0	0	0	0	0	0	0	0	8.461437199003316e-05	0.00010434001144047732	0	0	0	0	0	0	0	0	0	0	0	0	0	0
macrolide-lincosamide-streptogramin__mph(G)	0	0	0	0	0	0	0	0	0	0	0	0	0	0	0	0	0	0	0	0	0	0	0	0	0	0	0	0	0	0	0	0	0	0	0	0	0	0	0	0	0	0	0	0	0	0	0	0	0	0	0	0	0	0	0	0	0	0	0	0	0	0	0	0	0	0	0	0	0	0	0	0	0	0.00018952637892579133	0	0	0	0	0	0	0	0	0	0	0	0	0	0	0	0	0	0	0	0	0	0	0	0	0	0	0	0	0	0	0	0	0	0	0	0	0	0	0	0	0	0	0	0	0	0
macrolide-lincosamide-streptogramin__mph(M)	3.5081114308249584e-05	0	0	0	0	7.60517560590716e-05	8.050029403948782e-05	7.503262060551774e-05	0	6.72397445181302e-05	0	0	0	0	0	0	0	0	0	0	0	3.8887423417952707e-05	3.9876770005271136e-05	0	0	0	0	0	0	0	0	0	4.290210775919704e-05	0	0	0	0.00012646752482671934	0	0	0	0	0	0	0	0	0	0	0	0	4.235688509570992e-05	0	0	5.1393365095741265e-05	0	0	0	9.613379409929754e-05	3.394029693075678e-05	5.7273564741350816e-05	0	0	8.937769955812269e-05	5.248586808547675e-05	0	0	0	4.4836873767401446e-05	0	0	4.98285983755217e-05	0	0	0.00010837723065992269	0	0	0	0	0	0	0	0	0	0	0	0	4.626961012104423e-05	0	4.4013725869035526e-05	0	0	0	4.3809305083474875e-05	0	9.156675806325744e-05	0	0	0	0	4.813766854249705e-05	0	0	0	0	0	4.061489855521592e-05	0	0	4.190454665439876e-05	0	0	3.7975767563942705e-05	3.966196408036728e-05	0	4.224193477955385e-05	4.130081295106646e-05	3.498777421135068e-05	0	3.984604045971145e-05	0	0
macrolide-lincosamide-streptogramin__mph(O)	0	0	0	0	0	0	0	0	0	0	0	0	0	0	0	0	0	0	0	0	0	0	0	0	0	0	0	0	0	0	0	0	0	0	0	0	0	0	0	0	0	0	0	0	0	0	0	0	0	0	0	0.0001625474379695937	9.21027467220524e-05	0	0	0	0	0	0	0	0	0	0	0	0	0	0	0	0	0	0	0	0	0	0	0	0	0	0	0	0	0	0	0	0	0	0	0	0	0	0	0	0	0	0	0	0	7.536900730620668e-05	0	0	0	0	0	0	0	0	0	0	0	0	0	0	0	0	0	0	0	0	0	0
macrolide-lincosamide-streptogramin__msr(C)	0	0	0	0	0	0	0	0	0	0	0	0	0	0.00016386666307873903	0	0	2.7245973496712408e-05	0	0	0	0	0	7.41858774986067e-05	5.783352939869333e-05	0	1.6760905218072777e-05	0	0	0	0	2.6858788124300105e-05	0	0	0	0	0	0	0	0	0	0	0	0	0	0	0	0	0	0	0	0	2.445490013281143e-05	5.247137226604218e-05	0	0	0	0	0	0	0	0	0	6.44447561472622e-05	0	0	0	0	0	0	0	0	0	0	0	0	0	0	0	0	0	0	0	0	0	0	0	0	0	0	0	0	2.662394760154266e-05	0	0	0	0	0	0	0	0	0	0	0	0	0	0	0	0	0	0	0	0	0	0	0	4.437473802415208e-05	0	0	0	0
macrolide-lincosamide-streptogramin__ole(C)	0	0	0	0	0	0	0	0	0	0	0	0	0	0	0	0	0	0	0	0	0	0	0	0	0	0	0	0	0	0	0	0	0	0	0	0	0	0	0	0	0	0	0	0	0	0	0	0	0.00012445436991287385	0	0	0	0	0	0	0	0	0	0	0	0	0	0	4.022344159907122e-05	0	0	0	0	0	0	0	0	0	0	0	0	0	0	0	0	0	0	0	0	0	0	0	0	0	0	0	0	0	0	0	0	0	0	0	0	0	0	0	0	0	0	0	0	0	0	0	0	0	0	0	0	0	0	0	0
macrolide-lincosamide-streptogramin__oleD	0	0	0	0	0	0	0	0	0	0	0	0	0	0	0	0	0	0	0	0	0	0	0	0	0	0	0	0	0	0	0	0	0	0	0	0	0	0	0	0	0	0	0	0	0	0	0	0	3.182506631654507e-05	0	0	0	3.702799075572684e-05	0	0	0	0	0	0	0	0	0	0	0	0	0	0	0	0	0	0	0	0	0	0	0	0	0	0	0	0	0	0	0	0	0	0	0	0	0	0	0	0	0	0	0	0	0	0	0	0	0	0	0	0	0	0	0	0	0	0	0	0	0	0	0	0	0	0	0
macrolide-lincosamide-streptogramin__optrA	0.0005995689144894023	0.00021733477870723716	0.00036441177094834426	0.0002624665293228393	0.0007824058035006651	0.0005000615535188619	0.0009449347492268777	0.0003746698211161456	0.00021415128825301715	0.000408639297159342	0.0002834769025158903	0.00038098290482459397	0.0002542353394371203	0.00045062590292932475	0.00011091402222532586	0.00030124151621487174	0.00038107092067530114	0.00024924113775309385	0.00019396246005862262	0.00020634177209915235	0.0005587252849571237	0.00037423404919248476	0.0005293813609595233	0.0004244221716867406	0.00021429846984368712	1.9536006397901093e-05	8.00838146148483e-05	0.000507484343814236	0.000715709005194291	0.00015336795618022705	0.0002441568028662814	0.0003693901210866607	0.0003544762091328221	0.00038112016960544263	0.00036013325969239145	0.00012203669731884269	0.00014509718881467972	2.4601874901560583e-05	0.0002604298708143031	0.0004669660759663826	9.170253538383321e-05	0.0004250002407961278	3.9686959886014294e-05	0.0003495678819532693	0.0002454667513753551	0.000277213925971499	0.0005780903915276555	0.00018592893830304537	0.0005549293489416271	0.0005311325076899467	0.000542782373307328	0.00043686694612298335	0.00015765444369400153	0.00017638219116314542	0.0005034862938639079	0.0004214486274520067	0.0004858336266944773	0.0006178562941245386	0.0005059961092182574	0.00035384606868024574	0.00027302283852683823	0.00022897901062989993	0.00026990769764049746	0.00033352363449747264	0.00035879248479536263	0.0004357806322663891	0.0004060755863939361	0.0002678244332307994	0.0003993410520751274	0.0004767600292569916	0.0005173538527858648	3.898098096568371e-05	0.00032641956180188566	0.0003776586012821077	0.00020512414851902344	0.0001623119517786407	0.0006043113557051847	0.0005293523237595037	0.000284430962930664	0.0007899162717706854	0.0004643753918330199	0.0003835372998577481	0.0004989179986748354	0.0005026271545278443	0.00026832016395411776	0.0005563415536578675	0.00011163709567971022	0.0005022940471313597	0.0003515901389146561	0.0003920479824399518	0.00042909197663796667	0.000430766529798346	0.0004563739529810176	0.00035398677667498505	0.0008322591650179481	0.00018218424614884727	0.00015329127141005763	0.00023636641228720235	0.0005818793182268567	0.0006195700263520053	0.00015238018245604702	0.000597413528889733	0.0002602173687464985	8.329492123333253e-05	0.0005357355732992767	0.00029816392826503667	0.0003617482824838608	0.0005914670018070976	0.00021020035806646037	0.0004114987852238403	0.0004938849442050145	0.000434525578993459	0.000486239291261767	0.00043288276519692356	0.00032201518729169516	0.0003992879576028188	0.00024420127147834197	0.00021248364240427527	0.00037134147132738773	9.64583385090452e-05
macrolide-lincosamide-streptogramin__poxtA	0.0007810816573262085	0.0004785547182159078	0.00032596768467551765	0.0004507689374973523	0.0004421998417385254	0.00014578216521696428	0.0007409024822203142	0.0005980798825673342	0.000283825788934177	0.0004840032977065613	0.0007583469903945744	0.00043901112756815407	0.0004360064012535322	0.0003428809231322968	0.00015435881789854783	0.0005118888878318132	0.00018895635582531797	0.00034167125487309343	0.000283024453881007	0.0006177574988924754	0.00020237844383159246	0.0009684341893046503	0.00045119248447676594	0.00038481278059459726	0.0005403611882272145	0.0006925310017066537	0.0006263222227685183	0.0002555367813640257	0.0006503700283906758	0.0010712733373940068	0.0013732994039366518	0.000245946662688866	0.0004113393934014733	0.0005367862571886911	0.0004927190772424701	8.949236974508484e-05	8.837171076760055e-05	0.0005333385972286693	0.00026159712539956077	0.0002880170033259955	0.0003881617557047748	0.00031979322581662264	0.0001000480496908272	0.0002471466073051141	0.000294251113328108	0.0005293049146368092	0.0008728217804245199	0.00032657202876060324	0.0006254428008273049	0.0003371469617831692	0.00046415682881960607	0.000575723983729924	0.0004893501752475937	0.00024348928156345793	0.0005085328025919193	0.0003426729151566599	0.0001691216810944364	0.0002468100592809393	0.0004438791474221224	0.0002694365036505013	2.4784568956579392e-05	0.00032300558121428787	0.00044849745422042994	0.00030283023631117064	0.00026534741049340037	0.0003762341574707621	0.0005916548120560083	0.0005587533757303048	0.00010080250135396644	0.0004414648333641193	0.0003985263074202728	0.0006665282556382069	0.00032174271326015544	0.0003016675881492985	0.000997518428570526	0.0004135668732031196	0.00025497132000461693	0.0002414454417470233	0.0001540531743368455	0.0006796814685779016	0.000530388690604951	0.0005872668666775684	0.00035502590533466696	0.0003032013374390582	0.0003237033435359869	0.00020215892681815944	0.00018654497150616238	0.0002981661947377401	0.00014959087079467097	0.0004576664672704831	0.0005907101846163258	0.00047272341738449777	0.00015374033735252355	0.0004635690314088486	0.001102669871475674	0.0010962918046687918	0.00026182073736778105	0.00047607626091057047	0.0004100192529272143	0.0005550216233779135	9.300951019083976e-05	0.0005422730315316097	0.00036721578240178724	0.000302854032031787	0.00036455836776274085	0.0004006194417123448	0.0002927335747820001	0.0008789115281850037	0.00019797632573993385	0.000418746437805902	0.0003095429723312019	0.0004389115882586681	0.00015930197899370748	0.00011699161347900083	0.0003426717782443318	0.00020686037354293954	0.0004955515034851819	0.0001913388550538735	0.00028854500706642657	0.0004753516927651645
macrolide-lincosamide-streptogramin__salB	0	0	0	0	0	0	0	0	0	0	0	0	0	0	0	0	0	0	0	0	0	0	0	0	0	0	0	0	0	0	0	0	0	0	0	0	0	0	0	0	0	0	0	0	0	0	0	0	0	0	4.673752708521055e-05	0	0	0	0	0	0	0	0	0	0	0	0	0	0	0	0	0	0	0	0	0	0	0	0	0	0	0	0	0	0	0	0	0	0	0	0	0	0	0	0	0	0	0	0	0	0	0	0	0	0	0	0	0	0	0	0	0	0	0	0	0	0	0	0	0	0	0	0	0
macrolide-lincosamide-streptogramin__salC	0	0	0	5.507343314628848e-05	0	0	0	0	0	0	0	0	0	0	0	0	0	0	0	0	0	0	0	0	0	0	0	0	0	0	0	0	0	0	0	0	0	0	0	0	0	0	0	0	0	0	0	0	0	0	0	0	0	0	0	0	0	0	0	0	0	0	0	0	0	0	0	0	0	0	0	0	0	0	0	0	0	0	0	0	0	0	0	0	0	0	0	0	0	0	0	0	0	0	0	0	0	0	0	0	0	0	0	0	0	0	0	0	0	0	0	0	0	0	0	0	0	0	0	0
macrolide-lincosamide-streptogramin__vat(A)	0	0	0	0	0	0	0	0	0	0	0	0	4.8036600323531566e-05	0	0	0	0	0	0	0	0	0	0	0	0	0	0	0	0	0	0	0	0	0	0	0	0	0	0	0	0	0	0	0	0	0	0	0	0	0	0	0	0	0	0	0	0	0	0	0	0	0	0	0	0	0	0	0	0	0	0	0	0	0	0	0	0	0	0	0	0	0	0	0	0	0	0	0	0	0	0	0	0	0	0	0	5.25716731721677e-05	0	0	0	0	0	4.3513816640505614e-05	0	0	0	5.379818172109184e-05	4.0048500524044114e-05	0	0	0	0	0	0	0	0	0	0	0	0
macrolide-lincosamide-streptogramin__vat(B)	0.0031042252094253494	0.0030145276085140216	0.0037196133830858886	0.0027307148682241527	0.003304028712063536	0.002347838882152775	0.0028592483144564557	0.0025883762170695215	0.004792939386104848	0.0026119178639784748	0.004969932167454614	0.0036435179768609487	0.0016883826026047528	0.0027574561852271827	0.001919221671092021	0.0022815338165534326	0.0014909922032349974	0.002331514518560944	0.002385355819723638	0.003304268916086003	0.004012525538736827	0.0049529243106187695	0.0019718886185837205	0.0034238867962294727	0.0026417956204971343	0.0020870762055149724	0.0026429891004696665	0.004916406728628881	0.0026961341003828372	0.003076719429439107	0.0036979804160619445	0.004268602589856577	0.006393292335118826	0.0015318686881874923	0.003064182521015287	0.004021449216988953	0.006291596304515516	0.0022585980030920575	0.0036648181060113683	0.005773213752193695	0.00534503006214712	0.003133484289054771	0.002857124952211929	0.002564159606440367	0.003970894851508076	0.0038689117607753395	0.0026117440016906186	0.0026700638262351127	0.0015717535822891582	0.0025907302529540517	0.003978038741639632	0.0034804899970399135	0.0015671049125358864	0.0021305621506323646	0.0033186562848392465	0.0035628207388489473	0.004071818188891752	0.002178747780304318	0.0031118977286217356	0.006342472421114536	0.0031576554056331318	0.0022844485719172385	0.003964107858974875	0.0043068385752003426	0.0014605676351506787	0.0021580223371907865	0.0024915343165294785	0.002649851750058924	0.002999073970530518	0.006884347356429082	0.0031310825242040928	0.001607955684379574	0.0014781022595479107	0.005115966059837048	0.0020886532904438684	0.0029436625677111894	0.002023422616613093	0.007516710730692599	0.0028591260907959125	0.0039053416326791245	0.005118814798483012	0.0019151928223008843	0.003386686076752026	0.0036511991656096392	0.0025155614435787093	0.0018520109860157327	0.0020311749352836164	0.0027412745008424818	0.004546713180955885	0.003444032093940617	0.004290010095027879	0.002975693319402004	0.0026710078642208017	0.003154603491049689	0.0034656474923127367	0.0027227411146441365	0.004744962589690178	0.002922259056347315	0.0043627577716118734	0.002565842144668433	0.0027566733072334525	0.00494151968649722	0.0014448405087337697	0.0033789704309800887	0.0034464870559366752	0.001664365911736546	0.0034394463317001813	0.003087447932313734	0.002618559704668153	0.002414525617228625	0.0038836583311755717	0.003955959131270324	0.003131384086013279	0.0034299369374204184	0.002764532255729371	0.0042780805806916615	0.0026566541459326666	0.001275948984922413	0.003266936124481199	0.004048917450184669
macrolide-lincosamide-streptogramin__vat(C)	0	0	0	0	0	0	0	0	0	0	0	0	0	0	0	0	0	0	0	0	0	0	0	0	0	0	0	0	0	0	0	0	0	0	0	0	0	0	0	0	0	0	0	0	0	0	0	0	0	0	0	0	0	0	0	0	0	0	0	0	0	0	0	0	0	0	0	0	0	0	0	0	0	0	0	0	0	0	0	0	0	0	0	0	0	0	0	0	0	0	0	0	0	0	0	0	0	0	0	0	0	0	0	0	0	0	0	0	0	3.870982953472745e-05	0	0	0	0	0	0	0	0	0	0
macrolide-lincosamide-streptogramin__vat(E)	0.00016567138197291211	0.0004220268249377504	0.0001828901751306118	0.000409329431572419	5.490020025249239e-05	0.0006611685376184293	0.00025823275231291927	5.348739643584256e-05	0.00033421412922798074	0.000545572429932659	0.00035909504340842386	0.00041973771848636523	0.0006822303171775236	0.00036141515445004446	0.0008798763054371287	0.0003848721204674664	0.0003357518767647207	0.00041946966665561494	0.00027069499827941083	0.0004003852689435853	0.00011377322340086552	0.0002517076186960427	0.00017055818565100235	0.00032708914627021737	0.0005173095147679843	0	0.00020472785923403433	0.00024571685056109323	0.0004645634478738209	0.000583179926573422	0.0005330672848823995	0.0002519500336628648	0.0003140995623962596	0.00031967513670405964	0.0004469076572311004	0.0001723065228846453	0.00015078395981832406	0.00045948447359299367	0.0011572193522641897	0.0003669289922172216	7.271459091134902e-05	0.00011570622723138148	0.00012147176974457646	0.00044762757342432997	0.00011966457877899599	0.0002498519127288069	0.00027830540187767747	0.0002332880943530693	0.000556737275287341	0.00017150377907625898	0.0004022017240439126	0.0008739074328240964	0.0002498870292029005	5.190974802833404e-05	0.00032199156425796754	0.0005201402829760784	0.0002633474539880345	0.00041242122635500305	0.0008090070529976846	0.0005902599498923558	0.0002380110027407338	0.00045873619971563634	0.0006809498306016293	0.0003312273020567339	0.00035722431318922695	0.00016174552564163604	0.0005888715766853201	0.00045939018657563586	0.00032673560762822387	0.00012113937659275194	0.0004966846248773566	0.000915140344300505	0.00015298533639064718	0.0003182389976355188	0.00019619789322424116	0.00031504131967064635	0.00035794859372661526	5.590960936796224e-05	0.00042187353810948174	0.00020830431762524585	6.0949223651958934e-05	0.0008122194296558121	0.00029617185778660663	0.00018265461055009998	0.00041557750874776373	0.00040986658468251724	0.0004893380944816189	0.0004157116975492027	0.00027045864369241453	0.00012123306673485164	5.675636408570912e-05	0.0007761453016312148	0.0001302757470738995	0.00024254672119773866	0	0.00046425702312420333	0.00017015808669417984	0.0004957026654361672	0.00012778976401398397	9.694544630062169e-05	0.0005244010109867508	0.00044240542010297166	0.0003613331561779556	0.00021852405904338907	0.00031801955857618493	0.0005816760609747843	0.00036458742839895074	0.00019086933554162918	0.0007464010785567446	0.0006926617511488556	0.0001591788014245636	0.0006616616424521309	0.0002731006440705693	0.00036134861240949654	0.00016965370389142282	0.0001370899470851287	0.00022809155221777038	0.00043019843597432724	0.00037032498727914705	0.00017907674534753412
macrolide-lincosamide-streptogramin__vat(F)	0	0	0	0	4.359224950365323e-05	0	0	0	0	0	0	0	0	0	0	0	0	0	0	0	0	0	0	0	0	0	0	0	0	0	0	0	0	0	0	0	0	0	0	0	0	0	0	0	0	0	0	0	0	0	0	5.917672076206583e-05	6.953219983541465e-05	0	0	0	0	0	0	0	0	0	0	0	0	0	0	0	0	0	0	0	0	0	0	0	0	0	0	0	0	0	0	0	0	0	0	0	0	0	0	0	0	0	0	0	0	0	0	0	0	0	0	0	0	0	0	0	0	0	0	0	0	0	0	4.219113949015817e-05	4.417338658335101e-05	0	4.6731826039871186e-05	0
macrolide-lincosamide-streptogramin__vat(H)	0	0	0	0	0	0	0	0	0	0	0	0	0	0	0	0	0	0	0	0	0	0	0	0	5.298198519160302e-05	0	0	0	0	0	6.242688849752293e-05	0	0	0	5.7998576862881244e-05	0	0	0	0	0	0	0	0	0	0	0	8.630526219776364e-05	0	0	0	0	0	0	0	0	0	0	0	0	0	0	0	7.413678456896044e-05	0	0	0	0	0	0	0	0	0	0	0	0	0	0	0	0	0	0	0	0	0	0	0	0	0	0	0	0	0	0	0	0	0	0	0	0	5.856573370690222e-05	0	0	0	0	0	0	0	0	0	0	0	0	0	0	0	0	0	0	2.537047169549318e-05	4.79509803608262e-05
macrolide-lincosamide-streptogramin__VatI	0	0	0	0	0	0	0	0	0	0	0	0	0	0	0	0	0	0	0	0	0	0	0	0	0	0	0	0	0	0	0	0	0	0	0	0	0	0	0	0	0	0	0	0	0	0	0	0	0	0	0	0	0	0	0	0	0	0	0	0	0	0	0	0	0	0	0	0	0	0	0	0	0	0	0	0	0	0	0	0	0	6.207677069512279e-05	0	0	0	0	0	0	0	0	0	0	0	0	0	0	0	0	0	0	0	0	0	0	0	0	0	5.4890965208057195e-05	0	0	0	0	0	0	0	0	0	0	0	0
macrolide-lincosamide-streptogramin__vga(B)	0	0	0	0	0	0	0	0	0	0	0	0	0	0	0	0	0	0	0	0	0	0	0	0	0	0	0	0	0	0	0	0	0	0	0	0	0	0	0	0	0	0	0	0	0	0	0	0	0	0	0	0	1.83731280217275e-05	0	0	0	0	0	0	0	0	0	0	0	0	0	0	0	0	0	0	0	0	0	0	0	0	0	0	0	0	0	0	0	0	0	0	0	0	0	0	0	0	0	0	0	0	0	0	0	0	0	0	0	0	0	0	0	0	0	0	0	0	0	0	0	0	0	0	0
macrolide-lincosamide-streptogramin__vga(C)	0	0	0	0	0	0	0	0	0	0	0	0	0	0	0	0	0	0	0	0	0	0	0	0	0	0	0	0	0	0	0	0	0	0	0	0	0	0	0	0	0	0	0	0	0	0	0	0	0	0	0	0	0	0	0	0	0	0	0	0	0	0	0	0	0	0	0	0	0	0	0	0	0	0	0	0	0	2.3398314329200674e-05	0	0	0	0	0	0	0	0	0	0	0	0	0	0	0	0	0	0	0	0	0	0	0	0	0	0	0	0	0	0	0	0	0	0	0	0	0	0	0	0	0	0
macrolide-lincosamide-streptogramin__vga(E) Staphylococcus cohnii	0	0	0	0	0	0	0	0	0	1.155654120925741e-05	0	0	0	0	0	0	0	0	0	0	0	0	0	0	0	0.00010744803518845602	0	0	0	0	0	0	0	0	0	0	0	0	0	0	0	0	0	0	0	0	0	0	0	0	0	0	5.806469466408539e-05	0	0	0	0	0	0	0	0	0	0	0	0	0	0	0	0	0	0	0	0	0	0	0	0	0	0	0	0	0	0	0	0	0	0	0	0	0	0	0	0	0	0	0	0	0	0	0	0	0	0	0	0	0	0	0	0	0	0	0	0	0	0	0	0	0	0	0
macrolide-lincosamide-streptogramin__vmlR	0	0	0	0	0	0	0	0	0	0	0	0	0	0	0	0	0	0	0	0	0	0	0	0	0	0	0	0	0	0	0	0	0	0	0	0	0	0	0	0	0	0	0	0	0	0	2.213007981518667e-05	0	0	0	0	0	0	0	0	0	0	0	0	0	0	0	0	0	0	0	0	0	0	0	0	0	0	0	0	0	0	0	0	0	0	0	0	0	0	0	0	0	0	0	0	0	0	0	0	0	0	0	0	0	0	0	0	0	0	0	0	0	0	0	0	0	1.7497062074806425e-05	0	0	0	0	0	0	0
multidrug__abcA	1.213632599126717e-05	0	0	0	0	1.5818985350517857e-05	0	0	0	0	0	0	0	0	0	0	0	0	0	0	0	0	0	0	0	0	1.0057796573940162e-05	0	0	0	0	0	0	0	0	0	1.7014469295098852e-05	0	0	0	0	0	0	0	0	0	0	0	0	0	0	0	0	0	0	0	0	0	0	0	0	0	0	0	0	0	0	0	0	0	0	0	0	0	0	0	0	0	0	0	0	0	0	0	0	0	1.0362080069807247e-05	0	0	0	0	0	0	0	0	0	0	8.062718942750058e-06	0	0	1.7271980764082393e-05	0	0	0	0	0	0	0	0	0	0	0	0	0	0	0	0	0	0	1.711968885609663e-05
multidrug__abeM	2.341351155840765e-05	0	3.0761520276307e-05	0	0	0	0	0	0	0	0	0	0	0	0	2.4911268927856966e-05	0	0	0	5.63520561479512e-05	0	0	0	0	0	0	0	0	0	0	0	0	0	0	0	0	0	0	0	0	0	0	0	0	0	0	0	0	0	8.538524413517472e-05	2.850491765095025e-05	2.919208769735837e-05	0	0	0	0	0	0	0	0	0	0	0	0	0	0	0	0	0	0	0	0	0	0	0	0	6.97895399576309e-05	0	0	0	0	0	0	0	0	0	0	0	0	0	0	0	0	0	0	2.8713456430682045e-05	0	0	0	0	0	0	0	0	0	0	0	0	0	0	0	0	0	0	0	0	0	0	0	0
multidrug__acrE	0	1.0489400759196118e-05	0	0.00015400391530120182	7.100045638195057e-05	1.968785719624451e-05	9.441555822516338e-05	7.789432060687844e-05	4.697656726094441e-05	6.165729913535442e-05	0	1.2875759260927458e-05	1.1107607930369984e-05	2.271553373111747e-05	0.00010654370206343033	1.816559925696818e-05	9.075952231185383e-05	0	0	2.1636981705537185e-05	5.433005267948681e-05	0	0	2.43892255407061e-05	0.0008790094700879235	8.61689171085873e-05	0.000895923887468041	0.0005127857660352758	9.483977224823169e-05	0.0003694616291756183	6.95808477715767e-05	0.00013605707402046933	7.752169431653628e-05	0.00017545446774455597	6.349163181441797e-05	0.0015345518104335598	4.9545340909459856e-05	0	0.0003404935409581582	3.6638683101867366e-05	0.00013337933532881732	1.0610831245338809e-05	0.000257735242214648	8.90056220328052e-05	0.00013359102035995007	3.524840749157141e-05	0	0.00021611970645695595	0	5.5049356415405017e-05	3.272710060482433e-05	5.548265879934293e-05	9.020403254492518e-05	0.00030181001656245205	0	1.3492123703864337e-05	0	0	0	9.47657950149405e-05	7.196376629178231e-05	0	0.00025399840082556254	0	0.00014278326511581318	0	1.1607121434158467e-05	0	0	0	3.302928273529718e-05	0	0.00021403620347047343	0	0	0.00018608967490842734	0	9.92738446281061e-06	2.213930846340878e-05	4.2931419555508126e-05	7.701659994420867e-05	0	0	0.00014895466228325024	1.2833129418762112e-05	3.593406084725252e-05	0.0007263640493276539	0	6.279726916836532e-05	0	1.9769887791309516e-05	9.050205897426209e-05	0	0	0	1.1611270066617523e-05	0	0.00017727638827592953	6.131113544545155e-05	0	3.267968423934319e-05	2.1401955376676707e-05	0	0	2.0590229776206682e-05	5.1861050881168145e-05	1.1334104662740848e-05	0	1.0605385414916695e-05	3.330553515163238e-05	5.958763295310192e-05	6.098876876586762e-05	2.6446236404860772e-05	0.00047468380577007154	0.0002067779731771549	1.8114882232370305e-05	2.1238921225934422e-05	0.00010502669837975731	0	4.483728033739592e-05
multidrug__acrF	8.22590407008437e-05	3.414888327431715e-05	0	0.0001574118437941953	8.252982900049078e-05	1.1085525855001895e-05	8.392992041519269e-05	0.00010192187422418176	2.474617889743294e-05	0.00012580096582790948	0	2.3779061784010712e-05	3.2259329414797936e-06	3.8110473094520725e-05	0.00017841780641279485	7.109810807518095e-06	0.00011876052003408553	1.4346005221200323e-05	9.909682897792335e-06	3.5549475570645996e-05	6.460983866218107e-05	1.4670680543708659e-05	1.175885374230795e-05	4.390217390805342e-06	0.0014766113672506193	4.105447946928822e-05	0.0010464443860630586	0.0008454005740361425	8.444121867513998e-05	0.0003069441778794677	0.0001800087160628605	0.00010169694281179199	4.778821193658662e-05	0.00024531833046684867	0.00017226064819505775	0.0018292358440873033	0.00015275619456320838	4.1226647666303575e-06	0.0003030695498631461	2.2585192952274033e-05	0.0002414894647791768	7.566124597988683e-05	0.00033467189237708177	2.491904008756639e-05	6.527684499918376e-05	8.067206710715427e-05	7.626519180796506e-06	0.0002973907247692102	1.7288366684552904e-05	7.83341240159367e-05	8.520833798697614e-05	0.00014621893105102657	5.3124299218767515e-05	0.00033976050487402365	0	2.9936931014653388e-05	6.623921878802226e-06	0	6.6650736342749975e-06	0.00019416579151719515	7.636363561410753e-05	8.690258163466888e-06	0.00023503870269291196	4.493397247600981e-05	0.00018472110003542314	8.074144470225433e-06	1.7287202135980696e-05	2.4448342065340554e-05	9.01711214524298e-06	0	3.745235024438869e-05	0	0.0004666575563050685	2.221817496655267e-05	2.0719346031958373e-05	0.000245422197273211	5.453849968128779e-05	0.00016935860293789534	2.4982426343588176e-05	2.6781349712874178e-05	0.00013352624803342433	8.110222692508464e-05	4.058380752795238e-05	0.00011020766736530672	0.00011419534774844653	7.453135668489268e-05	0.0011195122170580235	4.230184517789014e-06	4.27936311995001e-05	0	7.561725683358708e-05	2.4906421338398875e-05	6.296265764959709e-05	2.709570379377363e-05	4.220292289702614e-06	2.862445420631175e-05	1.284843166582779e-05	0.00013278099604950203	0.0001104084267933766	2.165651824300033e-05	4.8772419259407424e-05	3.424330424810325e-05	1.7291301384556818e-05	4.350959747743124e-05	9.190554229983142e-05	5.9289404714982286e-05	3.735822571383799e-05	0	8.058425619483642e-05	6.689671991213818e-05	8.744984053288015e-05	0.00012999164220551347	2.919092319507652e-05	0.0004533530010933091	0.00017563653728725552	5.4751667679339664e-05	4.0058830993690365e-05	0.00011520130990929926	7.61374370507911e-05	5.827564268201932e-05
multidrug__adeF	0	0	0	0	0	0	0	0	0	0	0	0	0	0	0	0	0	0	0	0	0	0	0	0	0	0	0	0	0	8.455426130021117e-06	0	0	0	0	0	0	0	0	0	0	0	0	0	4.0038989032174205e-06	4.8975211596715585e-06	0	0	0	0	0	0	0	0	0	0	0	0	0	0	0	0	3.7766761589571154e-06	0	0	0	0	0	0	0	0	0	8.46416635096592e-06	0	0	0	4.44369557646761e-06	0	0	0	0	0	0	0	0	0	0	0	0	0	0	0	0	0	0	0	0	0	0	0	0	0	0	0	0	0	0	0	0	0	0	3.4281696991519843e-06	0	0	0	0	7.158342221396897e-06	0	0	0	0
multidrug__adeI	9.113003647697955e-06	0	0	0	1.851148343851889e-05	0	1.088688120468178e-05	0	2.576914709752956e-05	0	0	0	0	0	0	8.942506794615319e-06	1.0526377068249082e-05	0	0	0	0	0	9.748785184111777e-06	0	0	0	0	0	0	0	0	0	0	0	0	0	0	0	0	0	0	0	0	0	0	1.0900109947192768e-05	0	0	0	0	0	0	0	0	2.1232215520110645e-05	0	0	0	0	0	0	0	0	0	0	0	0	0	0	0	0	0	0	0	0	0	0	0	0	0	0	0	0	0	0	0	0	0	0	8.697172026520704e-06	0	0	0	0	0	0	0	0	0	0	0	0	1.2068801727799809e-05	0	0	0	0	0	0	0	0	0	0	0	0	0	0	0	2.784108227795119e-05	0
multidrug__amrB	0	0	3.952531859594322e-06	4.272666443423815e-06	0	0	0	0	0	0	0	0	0	0	0	0	0	3.2425255139274096e-06	0	0	3.5994958419583518e-06	1.0015132145118473e-05	0	0	0	0	0	0	0	4.012740322519881e-06	0	0	0	4.11726877040527e-06	0	0	0	0	0	3.3875823713301964e-06	0	0	0	0	0	0	0	0	0	0	0	4.000934696265101e-06	4.911031052613179e-06	0	0	0	0	0	0	0	0	0	0	0	3.183757739496884e-06	9.914781594345399e-06	0	0	2.3485971759986315e-05	0	0	2.5992611760686986e-06	9.479381106176248e-06	0	0	0	0	0	0	0	0	0	0	0	0	3.795141163165969e-06	0	0	0	0	0	3.3394473473445477e-06	4.047303324220644e-06	0	0	0	0	0	0	0	0	0	0	0	0	0	0	0	6.401759417761378e-06	0	0	0	0	0	0	0	0	0	0	0
multidrug__blt	0	0	0	0	0	0	0	0	0	0	0	0	0	3.074582983528205e-05	0	0	0	0	0	0	0	0	0	0	0	0	0	0	0	0	0	0	0	0	0	0	0	0	0	2.9387277071289453e-05	0	0	0	0	0	0	0	0	0	0	0	0	0	0	0	0	0	0	0	0	0	0	0	0	0	0	0	0	0	0	0	0	0	0	0	0	0	0	0	0	0	3.123237525598365e-05	0	0	0	0	0	0	0	0	0	0	0	0	0	0	0	0	0	0	0	0	0	0	0	0	0	0	0	0	0	0	0	0	0	0	0	0	0	0
multidrug__bmr	2.6425367903864507e-05	0	0	0	0	0	0	0	0	0	2.669573379052411e-05	0	0	0	0	0	0	0	0	0	0	2.440027197307142e-05	0	0	0	0	0	0	0	0	0	0	0	0	0	0	0	0	0	0	0	0	0	0	0	0	0	0	0	0	0	0	0	0	0	0	0	0	0	0	3.5252173433420925e-05	0	0	0	0	0	0	0.00015951129090445844	7.277189516609588e-05	0	0	0	0	0	0	0	0	8.714616918622392e-05	0	0	0.00012070766555647599	0	0	0	0	0	0	0	0	0	0.00014737395433340122	0	0	0	0	0	0	5.957639089096528e-05	0	0	0	0	0	0	0	0	0	0	3.148899782578093e-05	0	0	0	0	0	0	0	0	0	0	0
multidrug__bpeF	0	0	4.24302163434176e-06	0	0	0	0	0	0	0	0	0	0	0	0	0	0	0	0	0	0	0	0	0	0	0	0	0	0	0	0	0	0	0	0	0	0	0	0	0	0	0	0	0	0	0	0	0	0	0	0	0	0	0	0	0	0	0	0	0	0	0	0	0	0	0	0	0	0	0	0	0	0	0	0	0	0	0	0	0	0	0	0	0	0	0	0	0	0	0	0	0	0	0	0	0	0	0	0	0	0	0	0	0	0	0	0	0	0	0	0	0	0	0	0	0	0	0	0	0
multidrug__cdeA	0	0	0	0	0	0	0	0	0	0	0	0	0	0	0	0	0	0	0	0	0	0	0	0	0	0	0	0	0	0	0	0	0	0	0	0	0	0	0	0	0	0	0	0	0	0	0	0	0	0	0	0	0	0	0	0	0	0	0	0	0	0	0	0	0	0	0	0	0	0	0	0	0	0	0	0	0	0	0	0	0	0	0	0	0	0	0	0	0	0	0	0	0	0	0	0	0	0	0	0	0	0	0	0	0	0	0	0	0	0	0	0	0	0	0	0	0	1.5963879536889137e-05	0	0
multidrug__efmA	0	0	6.375396949975551e-05	0	0	0	0	0	0	0	0	0	0	0.0003154400817991554	0	0	0	0	0	0	0	0	0	0.00013296306758951926	0	0	0	0	0	0	0.00012539053155035166	0	0	0	0	0	0	0	0	0	0	0	0	0	0	0	0	2.8866456119445447e-05	0	0	0	0	0	0	0	0	0	0	0	0	0	0	3.6666529340087724e-05	0	0	0	0	0	0	0	0	0	0	0	0	0	0	0	0	0	0	0	0	0	0	0	0	0	0	0	0	2.632038483449703e-05	0	0	0	0	0	0	0	0	0	0	0	0	0	0	0.00012112132688421518	0	0	0	0	0	0	0	0	0	0	0	0	0
multidrug__efpA	0	0	0	0	0	0	0	0	0	0	0	0	0	0	0	0	0	0	0	0	0	0	0	0	0	0	0	0	0	0	5.037496542003888e-05	0	0	0	0	0	0	0	0	0	0	0	0	0	0	0	0	0	0	0	0	0	0	0	0	0	0	0	0	0	0	0	0	0	0	0	0	0	2.6171794221904786e-05	0	0	0	0	0	0	2.718063312752714e-05	0	0	0	0	0	0	0	0	0	0	0	0	0	0	0	0	2.8638815174358702e-05	0	0	0	0.00010103726568411346	0	0	0	0	0	0	0	0	0	0	0	0	0	0	0	0	0	0	0	0	0	3.459810624830972e-05	0
multidrug__efrA	0.0007150934340593595	0.00010415290862527885	0.0006904960883893239	0.0006298346273429336	0.0007590644904823299	0.0002606501094024545	0.0009670549608857981	0.0007178324874990735	0.0004326695029191441	0.0006978189293135782	0.0009369654717589217	0.0005971877912029764	0.0006956820411054283	0.00041778681237044133	0.0003497524451130953	0.0004799877302651903	0.0005625445348070085	0.0003193096267020607	0.0004444913906436585	0.000311995868810496	0.0004042269303811585	0.00133317198169147	0.0006081126044640572	0.0006979913576120629	0.0009388840281953619	0.00017555980242210442	0.0007342130813069749	0.0007873221933983898	0.0008737463340628583	0.0008426284779584417	0.0008017827280517334	0.0004052338579446243	0.0009465749447558198	0.0006087915331867488	0.0009562495371362475	0.00014891466799498893	0.0002968108495999885	0.0004014973593074204	0.00024873000516545976	0.0010080602660071534	0.00018429544681520938	0.00035189734379727976	9.527839009194043e-05	0.0014533070154095652	0.0002528406517694938	0.001293104686762315	0.0014688288187512156	0.0006809963272155271	0.0011209543625471136	0.0008205652397133388	0.0009712017076460389	0.0006375267647553319	0.00046019674841330557	6.645892192789285e-05	0.0008395213267137032	0.0001974542973356842	0.0006707262383898076	0.000703284092159136	0.0008084792275537611	0.0002040234736108353	0.00032560996864194837	0.000466661033774492	0.0002292025725087819	0.0006075294210603679	0.0011578842413676766	0.0008599949466128782	0.0004499828651296409	0.0002788858992852529	0.0004083775244985665	0.0005645978824733612	0.0005346554481799695	0.0001740747811884304	0.0004816418205451492	0.0004421932587411421	0.00046423702438079946	9.946220898022584e-05	0.0005521796950692944	0.0004250487537989643	0.00039978640680539347	0.0008717255850470241	0.0006283387964592733	0.0009238642873452404	0.0004638370643463178	0.0008787040178842331	0.0005707952780605931	0.00044727906711811036	0.00023392855293314694	0.000931277622917749	0.0005667832753007582	0.0006542368801360776	0.0006478497128919331	0.00012028282803718863	0.00031730892397442966	0.00029783995700867466	0.0005936740211215404	0.00034509271595506116	0.00016367597748366883	0.00032804720890496184	0.0003939971894866298	0.0007656120123965958	7.115054800554754e-05	0.0003045842542426721	0.0005161333252300668	0.00014479018352163422	0.0006960716697388088	0.0004820717208572933	0.0003770176575014116	0.0008225862508258477	0.0006493151831319884	0.0004812389177396649	0.00023213269185208405	0.0007321598569235801	0.0007196319883217628	0.00022705470984161005	0.0006861717063690181	0.0007471258880940335	0.0007041493898989532	0.0005742720022073049	0.0006290112078103492	0.00013014313034974848
multidrug__efrB	0.0009756164489195311	0.00035102910033753173	0.0009391747070082574	0.0009127721715841313	0.000516031550771079	0.0008264458470845274	0.0004983400700650901	0.0006858295816032955	0.0012586832654050354	0.0009501647716004699	0.0005109128351292601	0.0008224515717302535	0.0005397515012164717	0.0008493323158917694	0.0006313155826686688	0.0006409435521893522	0.0008524407084751527	0.000577460353620015	0.0006318548746976787	0.0005265689090581478	0.00041152313410379134	0.001111080202127383	0.0005693376724627879	0.0011169411899327976	0.001189702143970924	0.0002505801630945024	0.0009093488742085552	0.0008644149593621568	0.0013068297182934109	0.0010566749830286137	0.0014568159435741277	0.0006410529667689296	0.001320334883970157	0.0011959175827173931	0.0011892951675486275	0.0005082783668221482	0.0005097549580805599	0.000652727075289502	0.0007269057752808713	0.0012089373760929352	0.000838226485837181	0.0002532215834584654	0.0004273810269849503	0.0013141339970370728	0.0010132072442172483	0.0019936090317808856	0.000852376703772216	0.0011388075692448717	0.0013016618794797206	0.0011323840291338923	0.0005566679697191539	0.0009812154188767776	0.0006872528057710367	0.00032743005649982703	0.00043969825196483623	0.0004884638629015448	0.0006527328627237204	0.000902170936447233	0.0008056453784943953	0.0004274887706149602	0.0006548084259422611	0.0006387950862093	0.0007688271276647598	0.0011122559403500079	0.001399907952458751	0.000710895479861882	0.0006695705873941182	0.0005057610062982881	0.001327047775460784	0.0006202325311552886	0.0008975765788854314	0.0004258174999179119	0.0012149259163004122	0.0005402913807398145	0.00046973677916422604	0.0002558808829704413	0.0007738696037379198	0.0007718911043806362	0.0010779479889817664	0.0008913902824146077	0.0007098059035136146	0.0007314812845203954	0.0004779821070610258	0.000959636708467131	0.0009718284805893273	0.0011086799323034155	0.00032003370169191416	0.0007419826611909324	0.000689796583905118	0.0007510531328462122	0.0006411807215001958	0.0003824758068092997	0.0006768660776607509	0.000709435538246807	0.0006234617980525484	0.00034136171735905246	0.0003798038265505511	0.00045572952916421607	0.000728802971963556	0.0008086342343734446	0.0005041955195054697	0.0005264792340526932	0.0006724069538104209	0.00013799064451647459	0.0006363363072757081	0.0007941615149772805	0.0007257850278212603	0.000544096968366678	0.0006182134039164638	0.0003163151799117948	0.0005300336411850503	0.0009539556956134483	0.0005366540424939952	0.000480633582528101	0.00081393862349923	0.000792516578976582	0.0006824910253057519	0.0012483933586545871	0.00118165155313395	0.0002514247398422216
multidrug__emeA	0	0	0	0	0	0	0	0	0	0	0	0	0	0	0	0	3.421072547180952e-05	0	0	0	0	0	0	0	0	0	0	0	0	0	0	0	0	0	0	0	0	0	0	0	0	0	0	0	0	0	0	0	0	0	0	2.588365109165775e-05	0.00025830656385514837	0	0	0	0	0	0	0	0	0	0	0	0	0	0	0	0	0	0	0	0	0	0	0	0	0	0	0	0	0	0	0	0	0	0	0	0	0	0	0	0	0	0	0	0	0	0	0	0	0	0	0	0	0	0	0	0	0	0	0	0	0	0	0	0	0	0	0
multidrug__emrA	5.343243499305392e-05	7.060173587920464e-05	0	7.410483464660974e-05	0.00012840970331747187	0	3.127828885185087e-05	7.182928727418878e-05	1.2911027700724307e-05	2.0495970316972214e-05	0	2.5167157140012826e-05	2.1711101346977024e-05	0	0.0001663829653742632	0	1.924823235336975e-05	3.919084426254459e-05	0	1.0897747196012317e-05	0	0	9.29644155156899e-05	0	0.0012118257159387598	0	0.001065918663142718	0.0006286579012993509	0.0001408795316586854	0.00029603469222357347	9.17387136812829e-05	0.00010316432513612691	8.849601332677468e-05	9.90688765855387e-05	0.00014091597733439983	0.001790377802426143	2.0901023194994525e-05	0	0.00021010588393063087	0	0.00022565842417320605	2.1163361220098836e-05	0.00016543438216913963	0	4.128123724923797e-05	8.049591451002535e-05	0	0.00021978428862647534	2.4191794905766217e-05	8.482902702161224e-05	4.344051997294899e-05	0.00013290263743354625	7.092284383212295e-06	0.00014955398172447441	0	0	0	0	1.7849484946491446e-05	0.00015726982291187807	4.736076926895075e-05	0	0.00018176058444476208	2.4580992088321296e-05	0.00018263748724844624	0	1.2833309647202902e-05	0	1.959803115203859e-05	0	0.00012021751973084547	0	0.00027843951345507805	2.3812288634266087e-05	0	0.00010379829660558871	0	6.306157934124288e-05	1.0481705563720091e-05	2.119050837034696e-05	5.495783219935887e-05	9.517111746527906e-06	4.2903910967979814e-05	1.764539845509272e-05	2.5595747137421133e-05	9.41226691217864e-05	0.0008546777311838395	0	9.319752159223605e-05	0	2.0762157118532908e-05	2.239142259822049e-05	2.621103492409909e-05	4.82633120625086e-05	0	1.1666420417682934e-05	2.2884508894265008e-05	0.0002589782288579819	3.6413471937479986e-05	2.1514503034538697e-05	2.165148585810898e-05	7.352394824018323e-05	4.8166112948766347e-05	0.00010759428137186845	4.281487222695677e-05	2.6664669590344198e-05	1.1188795628603145e-05	0	3.1408256805714824e-05	8.624970388697401e-05	1.9805955872351067e-05	8.068124870926267e-05	0	0.00029477287281326486	0.00014162620501116736	2.8767725462666107e-05	6.247199173782175e-05	8.910017380574364e-05	5.3593702164279486e-05	8.92684491949086e-05
multidrug__emrB	2.7205964827664097e-05	3.2573511743965266e-05	0	4.6554261456471973e-05	8.37084804247113e-05	0	9.231782635043703e-05	4.426499925350626e-05	4.014110972004528e-05	2.3654795287698754e-05	0	3.8727869652008376e-05	0	2.5087743094761392e-05	0.00014157917893998462	2.8045936934612295e-05	5.16651772431409e-05	1.397188560683423e-05	0	0	0	5.283469047450318e-05	0.00016364554529679635	9.262401192759478e-06	0.0011720889436565764	5.481616006159454e-05	0.0007630469458021623	0.0006096388652341593	4.0727322774974905e-05	0.000157219543832886	2.6367786935148697e-05	2.4148790792372845e-05	4.67521381007916e-05	0.0002406757532638138	0.000235530806040725	0.0012844904594077398	0.00011053859781963711	0	0.0002497125478371532	0	0.0002548474501436697	8.123810905524735e-05	0.0003581115654736929	2.9729659223856045e-05	0	4.382184827207342e-05	0	0.0001223098438882695	6.820522067459172e-06	4.4863093803378456e-05	8.703667897260882e-05	0.0001823466971142448	2.0047847374420984e-05	0.00032058743891744785	0	4.149117392081442e-05	1.4735074452350906e-05	0	0	0.00016373331222863352	8.016796881463017e-06	1.7575927964365363e-05	0.00020538119568393117	0	0.00016205496643513522	0	2.6062296312840884e-05	2.4802813618921582e-05	2.7460493591940647e-05	1.765346788020273e-05	5.669567140857485e-05	3.5208151824004167e-05	0.0002555780766753186	0	0	0.0002411070247339083	1.9541071188136645e-05	8.068485953771005e-05	2.5294775719053593e-05	3.2282415095450444e-05	8.66365992627906e-05	6.984141885254496e-05	3.1674301638113726e-05	6.917547613098067e-05	0.00011564061935783105	9.820993142171914e-05	0.001097300142383635	0	3.82885416189371e-05	0	2.3247997943211062e-05	0	0	4.6232345272946356e-05	0	1.7640447966722213e-05	0	0.0002269308309709757	0.00011840712151140964	3.210455362875953e-05	1.6508480065148263e-05	0	5.266372051109407e-05	2.306470399073018e-05	3.244817938365184e-05	2.0310978789519995e-05	6.988626644584543e-06	0	6.316004142024217e-05	0	0	3.847853726569314e-05	1.3150453170723607e-05	0.0002518724978811611	0.00011929406738346022	4.307312003972602e-05	4.82379516682774e-05	2.6442573902374203e-05	4.802703476009827e-05	8.32935316551357e-05
multidrug__emrD	0	0.0001404710045840157	0	7.592914834030399e-05	0	0	0.0002494496354451919	0.00015032349784114632	7.858577062713245e-05	3.0583977745711524e-05	0	0	0	0.0002625393291302861	0.0003904621624833067	0	0.00029799267011644434	0	0	0	0	0.00015052483119875292	0	0	0.004072613443872104	3.60859678246622e-05	0.0032025369205261286	0.0018483567887356738	0.00010005567017160101	0.000724534681504	0.0006865514989063991	0.00013792016110969902	8.79134418590389e-05	0.0002593318517489829	0.0006848813299376496	0.007372497900022063	0.0001280644840815462	0	0.0006058488966906625	0	0.0007430604942267759	0.0004626143076882131	0.0009311795134970443	6.011249934216192e-05	0	0.0002101883033449268	0	0.000600734076080281	9.689581999857189e-05	9.852348030370246e-05	0.0003213012185117639	0.00019847403210614264	0	0.0010310144378436151	0	4.015513007102482e-05	5.8124208552607564e-05	0	0	0.0005132525191842904	0.00017597559165925773	3.236510028577351e-05	0.0002281482637980273	0	0.0006401639213746586	0	0	3.240473990611974e-05	0	0	0.00016802010911088564	0.00013835069202931864	0.0008012519443818851	0	0	0.0005952266589486367	0.00011337555928110562	0.00022164114232230543	0.00019764006770314242	2.529629098388526e-05	0.0003744109024683745	0.0001715926626635093	3.24350715483066e-05	0.0001618633266843508	0.0003332965231533827	0.00021388596000168487	0.006151836566946502	0	6.209951253217708e-05	0	0.00018698423301510657	0.00015741995289712785	0.00015412855019432062	0	0	7.146063263677327e-05	0.00013841841593852306	0.0008083351710202961	0	0	0.0002550477453492066	0	0	6.978121352831822e-05	3.194406215280293e-05	0.0002328707404126263	6.479329832200185e-05	0	0.0004377363002526821	3.347945439524404e-05	0.0001976553425269753	0.00041140808968947616	0.0001582321321012335	0.0008342818754191379	0.0005310811257695026	5.723599665875157e-05	6.470305449937315e-05	0.000159966901799329	0.00041205966665588977	0.0003769237427634042
multidrug__emrK	0	2.588730315570837e-05	0	2.8295087684845264e-05	4.2330298708165024e-05	0	6.927406255779053e-05	1.9520826544181917e-05	0	0.00010777864275207872	0	0	2.436711711220766e-05	0.00011175939500628594	6.443597668416174e-05	0	9.419839070682888e-05	0	0	0	2.2512216898850447e-05	0	2.287714923204897e-05	0	0.0010956715544453706	0	0.0005065330135941918	0.00027494768264760283	4.8808656637654784e-05	0.0003285753496194011	7.811364509433638e-05	0.00012576786212590633	0	0.00015927373124851717	0.00016340858836012847	0.0004432655306620159	2.2609716186027495e-05	0	0.0001468173900911474	0	2.9259854188942837e-05	2.3752369495060422e-05	0.0001644474996917119	0	2.9352110143744805e-05	3.6265091167977524e-05	0	0.0002076689911080737	0	3.4289403351019106e-05	2.4254896690647124e-05	4.053477946015544e-05	0	2.0677136479586352e-05	0	2.9900127622116937e-05	0	0	9.916380525828581e-06	0.00017559442777626477	0.00012739803411004267	3.7640681301833796e-05	0.000256080920551904	2.7036332487715904e-05	9.000264592950117e-05	0	8.775823595955473e-06	0	0	2.672489563059921e-05	3.472958179741486e-05	0	0.00014799599233262576	0	1.3631028346580485e-05	0	5.444000273761146e-05	6.683695044888172e-05	5.941880590880084e-05	0	0.00015550132558416266	2.410017961653061e-05	5.861171665137326e-05	9.136699169046977e-05	5.344556080165194e-05	6.446925579024623e-05	0.00039468692700011756	0	0	0	0	0	2.706414380490591e-05	0	0	0	9.623911686154084e-05	8.864709585236738e-05	1.33953462833072e-05	0	2.381663444391988e-05	2.2170301598160332e-05	4.8815244407713306e-05	0	5.6892050872402824e-05	4.279438315907696e-05	2.436671048006907e-05	0	2.1101154443115906e-05	0	2.2006617635945632e-05	4.2748605476756695e-05	0	0.00011829533716852096	8.281174660425547e-05	6.29438395659843e-05	1.1885843176906727e-05	0.00013632186060443183	5.762324097399387e-05	0
multidrug__emrY	8.795675842108472e-05	0	0	2.8902437320893015e-05	0.00010601314450319174	0	3.0541103929508857e-05	2.8019595487067938e-05	3.973969862284483e-05	3.8320768366071987e-05	0	0	0	4.4481813997803884e-05	3.419747967209125e-05	2.3831780607649825e-05	5.16651772431409e-05	0	0	0	0	4.0939160747787554e-05	0	1.8339554361663767e-05	0.0008589467822469034	0	0.00034014499436992496	0.00036541725898087796	4.2248260140015465e-05	0.0001737955453123884	7.865787950687887e-05	7.849534687014047e-05	3.307149197343728e-05	4.0672503880772996e-05	0.0001931591323188716	0.0007148705999911851	0.00011324442294705062	0	0.00011355535275972834	0	0	2.4099376768152316e-05	8.898643884892295e-05	4.174552964809033e-05	5.212643645421421e-05	4.399854927317049e-05	7.723340225083963e-06	0.0001690780255593156	0	3.331755303247526e-05	3.192550776906427e-05	5.0575291935673365e-05	0	2.1552008146242957e-05	0	5.611052003518357e-05	0	0	1.346032448796943e-05	7.070126780090259e-05	6.140137611484175e-05	2.2901966741445776e-05	0.00016639074586696057	0	7.723877113618295e-05	0	1.7281462244646483e-05	1.64580636038816e-05	0	0	1.6957315617670424e-05	0	0.00015898775053767072	1.7955051917646187e-05	0	1.8569893492205063e-05	2.035528248764234e-05	5.550011515872423e-05	5.045279070169956e-05	0	0.00012992184119872653	5.198323327252713e-05	0	8.315394021962444e-05	3.9190458004562304e-05	2.6660452956724597e-05	0.0003532222616045872	0	7.949596429733746e-06	0	3.9221012431728575e-05	1.7055966432238264e-05	0	2.7479466266650848e-05	0	0	8.715779754651712e-06	0.00011619339558009397	1.8741097518498196e-05	0	2.4738514115222175e-05	4.0233168066506505e-05	3.527484455003488e-05	0	0	3.920018906377359e-05	1.7045430840450102e-05	0	4.768902117336466e-05	4.9587518449393284e-05	3.741468851511319e-05	6.902266256814228e-05	3.1552977106476464e-05	7.0313985851367e-05	6.029757359555112e-05	1.4806024243084594e-05	0	3.701960346332389e-05	4.1028809695055376e-05	8.26030560122045e-06
multidrug__Escherichia coli acrA	4.300059993884053e-05	2.288776676990841e-05	0	3.654069756157118e-05	3.926078804286551e-05	0	4.0336433598791415e-05	9.610665690403281e-06	0	7.057272124254765e-05	0	0	0	0	5.192837410514677e-05	0	1.103015833851793e-05	0	0	0	3.161270067748477e-05	0	5.017011496073446e-05	9.507888794054133e-06	0.0008574574452805652	0	0.0004963832449001103	0.0005052273335651743	3.184085205128754e-05	0.00015005926412931883	0.00011077657188544472	4.504312843125327e-05	4.2119977618777064e-05	0.00012656198884882704	9.811955037555836e-05	0.0009729770980487716	7.281244743116173e-05	0	7.969401722252912e-05	9.869782391700909e-06	0.00021968060455974353	5.250051443807436e-05	0.00025583438284910553	0	2.39117139334121e-05	3.307194845209649e-05	9.960579836884103e-06	0.00017702505374588243	0	6.425677951584565e-05	6.285914161291312e-05	3.294220475671675e-05	2.554651553650776e-05	0.00012882015671276424	0	2.3231310515649822e-05	0	0	1.7359410926549997e-05	0.00013566047119400776	0.00011725414481630544	1.1219115099865107e-05	0.00018558879943410056	0	0.00010261311409582127	0	0	0	0	1.1899572857371937e-05	5.3934327483767415e-05	1.8152460487149702e-05	0.00012483896939331738	0	0	0.00018606125684952703	1.2863307986145368e-05	5.395470491280531e-05	2.0812861950577702e-05	2.000200612271025e-05	0	2.069792782538785e-05	2.0455409874709205e-05	4.622472139369378e-05	7.151239015849524e-05	3.3221657765667304e-05	0.0006822938460002761	0	1.0252376251948813e-05	1.1113913998379963e-05	2.0096864837872166e-05	0	0.00011104556338606533	4.578003853865592e-05	0	4.528617108695541e-05	1.1015691812831345e-05	0.00011868320921747569	3.3539991387056994e-05	0	2.9416181018391883e-05	5.096657538376222e-05	2.240358720735352e-05	1.9632304212966105e-05	0	2.555598043755839e-05	0	0	3.085445882677276e-05	1.0550947449799243e-05	1.8415868639175067e-05	5.60651461844294e-05	1.7097902629506968e-05	0.00014762239271205542	0.00014402600452494732	1.8903973723765035e-05	1.0508642204267661e-05	0.0001330621885767681	8.588837512109783e-06	1.888968528378595e-05
multidrug__Escherichia coli emrE	0.00015159650578664173	0.0001635392936547395	0	0	0	0	8.963797079475219e-05	0	0	8.840332253504937e-05	0	0	0	0.0002984416172150566	0	0	9.784685372541974e-05	0	0	0	0	0	0.00026286709761258134	0	0.0007689124413579859	0	0.00039857221447726167	0.00017134842941890624	0	0	0	0	7.618894312484799e-05	6.595143296828005e-05	0.00045574289000012365	0.0003233036825193267	0	0	0.00022340611156065887	0	0	0	0	0	0	8.224628414699997e-05	0	0.00031526200080215936	0	0.00018677285203606573	0	7.767572231908011e-05	0	0.00023339461658961665	0	0.00022981630938751196	0	0	0	0	0	0	0.0002368634586172879	0	0.0002748237497382861	0	0	0.0001863863871972435	0	0	0	0	0.0003170090077959963	0	0	0.00010515135443495901	0.00011410844489422861	0.0004597351880103101	0	0	6.291393980262208e-05	0	0	0	0	0	0.0016143640596041299	0	0	0	0	0	0	0	0	0	0	8.719699020462597e-05	0	0	0	0	0.00024039072520468043	0	0	0	0	0	0	0	0	0	0	0	0	0	0	0	0	0
multidrug__Escherichia coli mdfA	0	0.00013232121920007652	0	0.00018548618244871716	0.0002229357750944867	0	0.00029861505453214796	0.00011055453472095224	0	0.0004674807451956725	0	0	3.066512540581899e-05	0.000166140864424757	0.00024840858243640345	0	0.000257631418883779	9.976628024409726e-05	6.063628975760921e-05	6.281577324414235e-05	0.000242433946288231	2.8359364882848434e-05	5.963962700868382e-05	0	0.0040684830551983315	0	0.001888164975593023	0.0014308133730833099	6.346573643759224e-05	0.0008981436599635777	0.00022426696556266908	0.0001937111773557833	2.6299530576568866e-05	0.00034215452153753473	0.0002500670871757808	0.004610488891887236	0.00021473321366911223	0	0.0005800604494279629	8.672264188086254e-05	0.0006729898047236516	0.0002317875277265366	0.00037634967656187033	0	3.953105875070259e-05	6.487426412960925e-05	5.2881218266687694e-05	0.0009014393485583988	0	9.074424862201045e-05	0.0002092515158326892	0.00021734870038983187	6.74631929134828e-05	0.00042424651456410517	0	7.215706102242655e-05	0	0	0	0.00017274359905000036	0.0001781871934383785	9.926044989350211e-05	0.0010679001531423934	5.9736994290101626e-05	0.0005133257079769566	5.995276005225152e-05	9.744036893714642e-05	9.204076566513369e-05	0	0	0	8.037687832270271e-05	0.0008945813804277813	0	0	0.00038227903138188414	7.547629078350502e-05	0.00028632885873208807	3.1336888817692575e-05	6.047047510562426e-05	0.00020258060896484768	0	6.18349049427647e-05	0.00016187600735984663	0.0002737139539639124	0.0003149156114727749	0.0024361047065424146	0	0.00010128837576841698	0	5.939332284751048e-05	0.0002454596420595808	0	2.7161171290589256e-05	3.2179728708982436e-05	0.0001335917814219152	6.399848267844942e-05	0.0004101640542867601	6.880633968937796e-05	0	9.13101450665312e-05	6.029087429283317e-05	0.00013020820668339993	0.00011451089965828247	0.00012338245740487201	0.0003006187491337599	0.00012737144265840338	0	0.00013816156817669285	8.400616959311162e-05	0.00021684007108074583	0.0002510896600391707	0	0.0011798450683890823	0.00020542190059067003	0.00010655614304711536	0.00011960932033808986	0.00022676969779371358	0.0003865350813734715	6.315180770622652e-05
multidrug__fexB	0	0	0	0	0	0	0	0	0	0	0	0	0	0	0	0	0	0	0	0	0	0	0	0	0	0	0	0	0	0	0	0	0	0	0	0	0	0	0	0	0	0	0	0	0	0	0	0	0	0	5.336801298709252e-05	2.7327279707139057e-05	0	0	0	0	0	0	0	0	0	0	0	0	0	0	0	0	0	0	0	0	0	0	0	0	0	0	0	0	0	0	0	0	0	0	0	0	0	0	0	0	0	0	0	0	0	0	0	0	0	0	0	0	0	0	0	0	0	0	0	0	0	0	0	0	0	0	0	0
multidrug__Klebsiella pneumoniae acrA	0	0	0	0	0	0	0	0	0	0	0	0	0	0	0	0	0	0	0	0	0	0	0	0	0	0	0	0	0	7.480615097487355e-06	0	0	0	0	0	0	0	0	0	0	0	0	0	0	0	0	0	0	0	0	0	0	0	0	0	0	0	0	0	0	0	0	0	0	0	0	0	0	0	0	0	0	0	0	0	0	0	0	0	0	0	0	0	0	0	0	0	0	0	0	0	0	0	0	0	0	0	0	0	0	0	0	0	0	0	0	0	0	0	0	0	0	0	0	0	0	0	0	0	0
multidrug__mdeA	0	0	0	0	0	0	0	0	0	0	0	0	0	0	0	0	0	0	0	0	0	0	0	0	0	0	0	0	0	0	0	0	0	0	0	0	0	0	0	0	0	0	0	0	0	0	0	2.6160185218667596e-05	0	0	0	0	0	0	0	0	0	0	0	0	0	0	0	0	0	0	0	0	0	0	0	0	0	0	0	0	0	0	0	0	0	0	0	0	0	0	0	0	0	0	0	0	0	0	0	0	0	0	0	0	0	0	0	0	0	2.8924985952969407e-05	0	0	0	0	0	0	0	0	0	0	0	0	0	0
multidrug__mdsB	0	0	0	0	2.078748814615699e-06	0	0	0	0	0	0	0	2.6753015877791593e-06	0	2.00761843664318e-06	0	0	0	0	2.3365596357706035e-06	0	0	0	0	2.2137747947357097e-06	0	0	0	0	0	0	0	0	0	0	0	0	0	0	0	0	0	0	0	0	0	0	0	0	0	0	0	0	0	0	2.8135234263982502e-06	0	0	3.2991939000624e-06	0	0	0	0	0	0	0	0	0	0	0	0	0	0	0	0	0	0	0	0	0	0	0	0	0	0	0	0	0	0	0	0	2.5659933574643198e-06	0	0	0	8.474576257152126e-06	0	0	0	0	1.6007733620213275e-05	0	0	0	0	0	0	0	0	0	0	0	0	0	0	0	0	0	0	0
multidrug__mdtE	8.836907446058767e-05	0.00017781588751878948	0	0.0001488602645249394	8.938647110426081e-05	0	0.00019061307914789298	7.189984790694898e-05	5.541866378260126e-05	0.00014919379164584425	0	1.2360728890490364e-05	0	2.2712968743117122e-05	0.00018754251040775096	1.4001187005871233e-05	2.4218643108188804e-05	0	0	0	0	1.898438722200568e-05	4.824853711736922e-05	0	0.0020792784015026245	3.533649667059303e-05	0.0011722638582359532	0.001104507686101885	0.00012064965219789147	0.00034804484491321116	0.00011445801344049813	0.0002129921569548671	4.16568620796425e-05	0.00020766258679797241	0.00025854219616600993	0.0017707137102733713	0.00013719348565154881	0	0.00036426866144005247	1.714793702190486e-05	0.00036986828707624643	9.390304368723138e-05	0.0003629293858113233	0	4.081127684591134e-05	0.0001005953356542105	4.286558477228172e-05	0.0004071422958824352	3.4642088012024865e-05	8.570610605972944e-05	9.952498542309866e-05	0.0002825389571968071	0	0.0003931981995452255	0	8.752142048694076e-05	0	2.7779553755156648e-05	1.808129643930302e-05	0.00017206322806738672	0.00018937153077443997	5.871943775984067e-05	0.00041994626634432694	2.3453296154196406e-05	0.0003046141160922988	0	0	7.38848925768147e-05	0	2.637899890875405e-05	0	4.831845057696889e-05	0.00022862174878564761	0	1.1778698633784326e-05	0.00021853763299702972	1.0946420621800836e-05	0.00028535979211858503	7.952091404618085e-05	5.966600795994631e-05	0.00021491402417655572	0.00010191785395995224	2.2672798479013725e-05	0.00010732453241212245	5.1099007383650135e-05	0.00011469072507970103	0.0018248265059864082	0	3.947459783125062e-05	0	5.485935824002598e-05	0	2.5243889949627252e-05	7.67726332143214e-05	1.162307382746119e-05	2.4476719129977705e-05	1.8162388131181444e-05	0.0002675094984902303	0.00011665555755486983	2.0469906997766684e-05	2.9549496157270736e-05	5.435951094863427e-05	0.00022551650131009764	2.0908664633042054e-05	2.2854288369485014e-05	1.977993738313457e-05	0.00011663091916116854	1.8277840189154237e-05	3.942082378715887e-05	5.5453996810998665e-05	0.00012557767401571036	6.853235500602687e-05	8.81541213495359e-06	0.00040262402218554894	0.0002697383144651529	3.512116081156945e-05	1.6498017179262702e-05	4.282744117717148e-05	8.111909510299016e-05	0.00012032307510115982
multidrug__mdtF	2.676453846976522e-05	3.5225976995082426e-05	8.674076982729496e-06	0.00011366775477168583	0.00011215431612837365	1.0842862906730681e-05	5.89743509685898e-05	8.638288566775764e-05	1.9620757661423867e-05	0.00010526066793407455	0	4.393635770925343e-06	0	4.5766882639188614e-05	9.850518653860321e-05	7.102954673663208e-06	5.574900085293776e-05	3.9812090877537596e-05	0	8.111037469110331e-06	8.225858260511887e-06	5.246062006683897e-05	3.4880676385634084e-05	0	0.0012598900873265787	9.04026500301075e-06	0.001308726566092667	0.000704194835273059	8.226913659789502e-05	0.00022098586995901895	9.032815588501753e-05	6.844543210428649e-05	7.330626401235867e-05	0.00010130338075667432	0.00020347326720488853	0.0014799706002315484	0.00012719753960570794	4.545502178592445e-06	0.0003169932330232598	2.9465158563705294e-05	0.0001743573041540745	8.392979484655785e-05	0.00033705182957944084	2.4858955448735776e-05	3.60519189609429e-05	6.900503476510603e-05	7.704340805090349e-06	0.00029685532780954595	4.358680295669095e-05	5.765786838453664e-05	5.2952626193626375e-05	0.00015713844637769547	2.9533222975862715e-05	0.0002480805792276053	0	0	7.195486067830085e-06	9.78606439951425e-06	0	0.00012924951048948235	0.00011927554465354576	1.6829666214789872e-05	0.0002824717903773729	2.2130866024989893e-05	0.00017687081631989935	0	4.3092977359219e-06	2.4377613978362713e-05	1.3454153977207683e-05	4.7890552601353215e-06	9.598623897354097e-05	3.387224676802309e-05	0.00024191452673986866	1.3387932360926902e-05	1.0277794836804325e-05	0.00020328247861722078	9.739159436091226e-06	9.51865143096792e-05	2.4571107601532233e-05	2.3824221439999422e-05	6.95023299157875e-05	4.3379158438915144e-05	4.440555911612676e-05	0.0001235126762530877	8.04125763345357e-05	9.12310893617098e-05	0.0011146754253687074	0	1.5542879221999772e-05	2.5528778345362655e-06	5.0203894897792405e-05	6.263658831325539e-05	3.444692487870657e-05	3.868347193676737e-05	4.220292289702614e-06	8.709652226578374e-06	8.60651732764065e-06	0.0002743054706546879	7.81885094542243e-05	2.399105465640507e-05	5.6080666701044705e-05	3.861264130562202e-05	4.979841305404826e-05	1.8751878659490206e-05	2.016819322341671e-05	6.778102816824406e-05	6.185666860056106e-05	0	5.35340890694375e-05	4.912312560476448e-05	5.899386354726902e-05	0.00013537794858610377	2.9390091006919047e-05	0.0003465741497751655	0.00017409985315142994	1.4244979372728931e-05	1.1582973837508712e-05	0.00012793594201674738	9.930555584292738e-05	9.996184121893353e-05
multidrug__mdtH	2.6092669597429418e-05	0	0	6.892810054450777e-05	0.00017359934963422443	0	0.00012036015889450581	0.00011275462496415527	0	5.362987582939135e-05	0	3.3208208229760974e-05	6.334859455661942e-05	0.00010197621835914445	0.00039610669027443735	0	6.469088752025388e-05	0	3.092302950472633e-05	6.280030137881129e-05	0	5.609041166616289e-05	0	0.00013660797556174937	0.0027987756726866415	3.53678391117336e-05	0.001090852538759283	0.0009356671223827297	6.392477044707772e-05	0.000599356905469609	0	9.97495120649298e-05	3.1909776666666455e-05	0.0003834561729088682	0.0003863085260707327	0.004004470100597369	0.00017126373159112346	0	0.0006999077410440929	0	3.870876232594202e-05	0	0.0005617534519552814	0	0.00012014688453136423	0.0001335366925595531	0	0.0003737616689057081	0	0.00012023050646544972	6.353334879415777e-05	0.00032280166615228476	3.8225413342354824e-05	0.00037288570982660666	0	0	0	0	0	0.0003541170474459806	0.00010233653332537866	0	0.00027734878228405005	0	0.00036283047345483943	0	0	2.9129658911724538e-05	0	3.706156943850992e-05	0.00022566685689200328	0.0003729745812943951	0.0008998117504979415	0	0	0.0005199003730002979	7.777540771397671e-05	0.00014387172320888224	6.490735423707265e-05	6.105089928498877e-05	0.0004373667772469626	6.620750108341765e-05	0	0.00040742434940340956	0.00044056694230970854	0.00017077983301272287	0.001626463199523218	0	9.05162406614221e-05	0	6.0427173703192796e-05	0.0001303381315418805	0.00018647651712170004	7.02339242700685e-05	0	6.657605694933905e-05	0	0.0003240542308758516	0.00014249947343020482	0	9.333996894898922e-05	0	9.953689091336191e-05	0.0002017727889617158	9.377250961512356e-05	7.217369895834211e-05	9.769321556317673e-05	0	6.0941393802133255e-05	9.824304373832259e-05	0	0.00029263820502362136	0	0.0008128349377366371	0.0003498061954688076	5.6572271734770996e-05	0	0.0002653049868561526	0.00017306204850119143	0
multidrug__mdtK	0.00015570751643729873	0	0	0.0004780707308599446	0.0003910497737775801	0	0.0002635656433954605	9.507673736762625e-05	6.707543543563985e-05	0.000511196748668249	0	6.508315950271868e-05	8.265022674446888e-05	2.8252145558908964e-05	0.0007648823830206939	0	2.9332645427532834e-05	4.9477486324844207e-05	7.762854697945981e-05	5.31256346647207e-05	5.3390296113625646e-05	2.2846556624239083e-05	0.00010215739654196322	0	0.0038345230387480935	0.000246401621176153	0.0016654768982123213	0.001905116913620885	0.000247669399893351	0.0007920196644527147	0.00021795915057551675	0.00011528304829301047	5.3664369184576986e-05	0.0006661610919327076	0.0005243304906400093	0.00520878067390598	0.0005964970085354517	0	0.0007175758529307009	0	0.0006450508009647364	2.4272516320711745e-05	0.00041395078363538716	0.00023863454016521816	0.00010121285421909844	0.00011640458771614789	5.297660244598297e-05	0.0009653376154267598	0	2.7264076129374982e-05	0.00013555805996638722	0.00012791038166842477	6.657746171549397e-05	0.0003304920503456374	0	0.00017048259633258987	0	0	0	0.0004518726651289967	0.00011909947546069247	0.00013378479897223098	0.0007577961776670019	0	0.0004240335277273593	0	0	0.00016506268245271985	0	0	0.0005126417791769161	5.9436059715356464e-05	0.0012110219444652827	6.157942157259979e-05	0	0.0008149989461499161	6.841512888625523e-05	0.0003672870069557723	5.504800928966921e-05	0.00019081522766443046	0.0006434494515903038	0.00011826168158958703	0.00016420752874953884	0.00025237939269555376	0.0002205783142239216	0.00020625145320709125	0.0022620814633517983	0	7.67669382824719e-05	0	0.00018307215921485007	8.393294796047917e-05	6.469812417973827e-05	0.00019614491419343255	5.74587716116623e-05	5.7741397257139586e-05	5.8002465322160094e-05	0.00035849874880471643	0.0002412774045922261	0	8.115933803777771e-05	5.215033430392743e-05	5.9578154700035826e-05	4.98275461740669e-05	0	0.00016520814345906065	5.136931866448559e-05	0	0.0005760850909325367	5.4103928410879615e-05	0.0002163507866020898	9.468944301716743e-05	0	0.0011806313642397641	0.0011273033452789659	4.291759661204392e-05	0.00010954742114033072	0.00046787031132922683	9.014196341480327e-05	0.000128051151930749
multidrug__mdtL	0.00026504813657362214	3.450637270208698e-05	3.5245936275666337e-05	0.0001508786703775992	0.00041405702948485895	0	0.00023869835087339124	0.00023185349992629369	0	0.00033948684617091394	0	0.00014453122096217552	0	0.00017334392268598917	0.000619229756871006	0	0.0003400966447237709	2.8914592391884663e-05	3.1792986856521695e-05	0	0	0.00036231127628659173	6.223265426993095e-05	0	0.003430500271200407	7.272568451619902e-05	0.0030926145007943175	0.002688487533772049	0.00019849723728843034	0.000670570301037064	0.0002034701450159673	0.0003346921227552215	0.00016272517107723678	0.00045886486591704674	0.00046575415077162243	0.005988506410903727	0.00044357864394124617	0	0.00027775388315809055	0	0.0010283740057236354	0.0002699423381852179	0.0011609551733891901	5.8426537907297534e-05	0.000123526975912042	0.0003095910000193211	0	0.0007468287698733176	0	3.305159101105816e-05	3.266036600415783e-05	0.0005257980284754684	0	0.0010132062907365507	0	8.133724556586102e-05	0	7.786303413526556e-05	4.2729201815641934e-05	0.0004611980076249806	0.00010378406192975141	0.00013948500531279652	0.00043003127212890615	0.00010996007621002132	0.00037478365563860065	0	0	0	7.239966040821306e-05	0	6.661492784844443e-05	0	0.0006305464832936921	7.125416292094969e-05	8.260151318116784e-05	0.0010235072475443302	0.00021989952232174235	0.0001823258595352068	0.00010010008850372076	0	0.00042498599845461576	6.876470922589529e-05	0.0003222531606185975	0.0003491893480463567	0.00010598936445418983	0.00010402497051919473	0.0038749515199973513	0	0.00015552094367783572	0	0.00015283284045667882	0.0001447253278522323	0.00027570035339833596	3.6469603395292484e-05	0	0.0002750941934489636	6.779316279341985e-05	0.0005566646934255118	0.00011043347489161088	0	0.00019306923425289714	0.000244031554107002	0.0004150235588736102	3.02023745351761e-05	0	0.00011888623656482621	9.977200726007093e-05	0	0.00018734101412349905	0.00013060601036817782	8.889885564188269e-05	0.0002305060030082522	7.812123541589308e-05	0.0011915749673996445	0.0007308300324670477	0.0001454095475535674	5.825765476934698e-05	0.0006107950533570206	0.00031588558187376994	0.00012847428906905762
multidrug__mdtM	0.00010233417734796708	0.00013177845698762844	0	0.0003543034841619063	8.539257489029134e-05	0	0.00047439460264859086	0.00010360488032373965	0.0001607868581546526	0.0004004325311809312	0	0	6.133025081163798e-05	0.00015482807195778248	0.0003795141456582835	0	0.00012769123770366232	0	0	2.1874214010596284e-05	2.9145112145929444e-05	5.668834127865666e-05	0.00011751042995779303	0	0.003910762078817881	6.866191516920848e-05	0.0038766339888930633	0.0017662713269239103	0.00030941319279236294	0.0011997348852802034	0.0002603592017446144	0.00032380782608025494	0.00012380450960335212	0.00033906612558692054	0.00010433533398771735	0.005377672140495749	0.0005617294210510358	0	0.001286125875878836	5.73410284317843e-05	0.0005304998576046804	0.00024340211673758906	0.0008429672613907411	6.220275236188897e-05	0	6.61982287036829e-05	0	0.0011285930895433593	0	0.0001241885317467696	0.00030676302044136804	0.00027240632234896907	7.420951220483109e-05	0.001149907089490851	0	7.77580761217535e-05	0	3.470876524487406e-05	5.09363350912073e-05	0.0006182264633001663	6.757573176179558e-05	9.882015214272701e-05	0.0005319969425753222	0	0.00040929107533327623	0	0	0.00012331505217347383	0	0	0.00015587465142202894	3.288411536309673e-05	0.0008982525953073976	0	7.877363818008933e-05	0.0009673947533709317	3.8128919391486145e-05	0.00022128941533545413	0.00012600892116717158	0.0001192767264054139	6.298879279465375e-05	0.000131156103938171	0.00023858921301967752	0.00016709579782765182	0.0002832579852906893	0.00010098377248434176	0.003462048819647557	0	0	0	8.842489522813222e-05	6.167415720126311e-05	3.702090742051247e-05	6.260318748684598e-05	6.340505375674238e-05	8.137061962537305e-05	0	0.0009803065699386679	6.880633968937796e-05	2.9976773650926257e-05	0	0.00011877302235688134	9.761953303887088e-05	0	0.000122796091409243	7.609186200171395e-05	0.0001551235210668108	0	0.0002354240361349337	0.00018717607222946484	0	0.00024586570521923756	0	0.001102239194080889	0.0006158851023304546	0.0002491609501265422	0.0003910787325657177	0.00016354415109965238	0.0005093410878299332	0.0001848674083392992
multidrug__mdtN	0.00010172136736273166	5.6002676701337716e-05	0	2.9420443582424826e-05	9.233747718114764e-05	0	0.00014235400809202125	0.00013807024943506848	0	4.356476433167779e-05	0	3.055330194050827e-05	0	1.397220169746969e-05	7.38475572855952e-05	2.2257019540401565e-05	2.214628982764845e-05	0	0	1.315827060818825e-05	3.685696948337199e-05	5.6959458989033556e-05	0	0	0.0013044930989613095	0	0.0009934869919410083	0.0005149602531642855	8.869571124463094e-05	0.00017360345478695423	0.00018469146885809488	0.0001190039996866315	1.3116288568507071e-05	9.089553355898737e-05	2.9397273403869548e-05	0.001891108424404907	7.127765207399639e-05	0	0.00024839839709600277	0	0.00016878319052519047	7.506138776546768e-05	0.00045721394503374266	2.5489226123945763e-05	4.3851052604808954e-05	5.5332648672206876e-05	2.3527995449770865e-05	0.00015987378857626857	0	1.3069874761214927e-05	7.255110933344339e-05	3.0780814534526227e-05	1.4933543404884976e-05	0.00024264954429017836	0	0	0	0	0	0.00025124859717426054	0.00013327609530253563	1.3250397735010554e-05	0.00015190626935259843	4.098708853352221e-05	0.00017809698292959927	0	0	2.5462316063885003e-05	0	0	3.8120946042949004e-05	0	0.00030593475197736173	0	3.13869695372562e-05	0.0002717689841210918	2.871670317018224e-05	2.3981636379770975e-05	1.1157252495095638e-05	0	4.7077813130617875e-05	2.7210311284350434e-05	2.4391436264594943e-05	9.288657263201978e-05	3.0163492522501613e-05	7.110049005411484e-05	0.0010158561990979212	0	3.41834669952175e-05	0	3.6141546643571695e-05	1.3247680676532309e-05	2.7695377479655903e-05	2.8438123815894916e-05	0	0	0	0.00017843720739722655	4.428749622711679e-05	2.5228444983759916e-05	3.8973414780394473e-05	2.4766336812019586e-05	9.36185529433355e-05	5.8119440205436167e-05	1.2934405534263761e-05	1.4856030200334625e-05	0	0	2.4307018026819908e-05	0	4.044738307005857e-05	0.0001577054635640444	2.0594767792681053e-05	0.00022508630438674898	0.00015662751500690776	4.6038999127111884e-05	3.648919202706352e-05	8.112438544925343e-05	5.758676140146235e-05	7.415394627150432e-05
multidrug__mdtO	3.562967404589542e-05	2.47261130634052e-05	0	7.948879651669872e-05	6.137690294830883e-05	1.1097840440049981e-05	9.4335542929423e-05	0.00013014545900942524	1.3240101314395023e-05	9.681911174621909e-05	0	0	0	3.321169840674684e-05	8.654292632233959e-05	0	0.00011908572575663986	2.1896252122128478e-05	0	5.227089284646611e-06	1.2250114366970673e-05	3.3352992553527786e-05	1.1875533342871157e-05	0	0.0012824405319437882	0	0.0012004267937106058	0.0008509675491952713	4.958637292522107e-05	0.00026288769404294476	3.2377893091306765e-05	0.00016421305882432212	7.973117865164979e-05	0.00018470990105214725	0.0001668470867662818	0.0023149460791460036	0.00015022080325293298	0	0.00023133924774864324	2.237391519336825e-05	0.0003247672311114612	0.00018176311154989415	0.0005001074384454075	1.2542885974608347e-05	8.156232625201624e-05	3.9264260651538014e-05	1.1343042960030088e-05	0.0002962752589197592	0	1.87950477375621e-05	8.675511335195212e-05	7.429407689466502e-05	5.9527658572166786e-05	0.00033988985504726635	0	4.625306578254267e-05	0	0	2.028255529571305e-05	0.0001494352549249949	0.00013579973043701803	1.9962897905308726e-05	0.00024317778538991968	5.954665992379178e-06	0.00011417141893237164	2.436004468413264e-05	1.2954771111653004e-05	0	0	0	6.407250621186066e-05	1.3123795264528417e-05	0.00014680512677395121	1.277299656543223e-05	0	0.00018124932292564879	1.3275339723712162e-05	0.00010825335434336774	1.8846890911121886e-05	2.444443931092866e-05	0.0001959190721760487	8.602207456928465e-05	1.2373016606409727e-05	9.38008470609036e-05	8.060633265957462e-05	9.344609556783816e-05	0.0011818281439911727	0	1.3825547032349832e-05	0	2.921422160241056e-05	6.175508455090475e-05	3.582953928796722e-05	1.3838038187747905e-05	0	1.3357453538254839e-05	6.533644559856044e-06	0.00020214906896577097	0.00010372160518041514	2.469536062604369e-05	0.00017852490154981926	3.563978153900307e-05	2.881356980673043e-05	1.1526723712302444e-05	2.4571204235134032e-05	3.4410307140452975e-05	3.820572352127124e-05	1.222982864779427e-05	5.320549505741151e-05	1.2015349723809986e-05	4.517214828806829e-05	5.741364490946597e-05	2.9616170841675715e-05	0.00035103934675745135	0.0002394539778783801	2.20872064140469e-05	4.830799261340754e-05	0.00011674263918412203	3.055085971035174e-05	1.2510782870130644e-05
multidrug__mdtP	3.525076887744521e-05	6.507245410271405e-05	0	9.708657756241062e-05	0.0001253509572267768	0	4.613539002311869e-05	3.5295203489829696e-05	0	0.00011333385024887858	0	1.99099342997866e-05	1.7351085092870982e-05	8.055013538094598e-05	0.0001390323763717808	0	1.812973875789437e-05	0	0	8.709265177140992e-06	0	1.6046428858520377e-05	3.241071533340768e-05	0	0.0010353817663431772	0	0.0012132195403916325	0.001033350898181263	5.221482040360473e-05	0.00027580443250933276	6.051183839562072e-05	8.06901513746325e-05	5.0645000458742826e-05	0.00012669461715564978	0.00019597999722839235	0.0021439284040885454	0.00031571392741107954	0	0.00023996260870869454	0	0.0005341071593948745	4.88607656584249e-05	0.0004155436932528243	4.379858848324231e-05	7.68317449243505e-05	5.543197306546781e-05	0	0.00026643131642658526	0	8.474211203490976e-06	3.2448876748885e-05	2.465535013390005e-05	0	0.00027544078185362324	0	1.8172636536043552e-05	1.5305152742638582e-05	2.0795386848967776e-05	0	0.00022487761313308652	3.80409556938573e-05	0	0.00020355772413722218	1.9446214555713694e-05	0.00017741457382877744	0	1.8131370223891393e-05	3.470937209124624e-05	0	0	2.623764814232695e-05	4.6104054425480945e-05	0.00020320149000472968	0	0	0.0005519204720681769	2.0929234715162747e-05	0.00011543768559904908	8.73323130984875e-06	8.553049205616943e-06	0.00010405744506148063	9.089964288092176e-06	1.7317152340528366e-05	0.0001386154216412811	8.182163213258384e-05	0.00012946325405658023	0.001622748685808066	0	3.2945720284023334e-05	0	4.93621269301649e-05	3.5610621062456806e-05	3.1631102399287166e-05	0	0	0	7.27896202985208e-05	0.0002505871480828938	1.9662790839080074e-05	0	6.860867228676419e-05	0.00011515392260766401	8.183043269865575e-06	1.5971362238826933e-05	0	7.415838026232612e-05	6.187516901164851e-05	0	2.493352189863509e-05	3.5034511020159745e-05	3.9176094110143566e-05	3.7099649488344635e-05	0	0.00014437489641534252	0.0001467702250404497	1.5534189369793674e-05	0	7.268673429426404e-05	8.60932400158539e-05	8.728615510266777e-05
multidrug__mepA	0	0	0	0	0	0	0	0	0	0	0	0	0	0	0	0	0	0	0	0	0	0	0	0	0	0	0	0	0	0	0	0	0	0	0	0	0	0	0.00018626378778297567	0	0	0	0	0	0	0	0	0	0	0	0	0	0	0	0	0	0	3.409308869951044e-05	0	0	0	0	0	0	0	0	0	0	0	0	0	0	0	0	0	0	0	0	0	0	0	0	0	0	0	0	0	0	0	0	0	0	0	0	0	0	0	0	0	0	0	0	0	0	0	0	0	0	0	0	0	0	0	0	0	0	0	0	0	0
multidrug__MexA	0	0	0	0	0	0	0	0	0	0	0	0	0	0	0	0	0	0	0	0	0	0	0	0	0	0	0	0	0	0	0	0	0	0	0	0	0	0	0	0	0	0	0	0	0	0	0	0	0	0	0	0	0	0	0	0	0	0	0	0	0	0	0	0	0	0	0	0	0	0	0	0	0	0	0	0	0	0	0	0	0	0	0	0	0	0	0	0	0	0	0	0	0	0	0	1.1433701221883721e-05	0	0	0	0	0	0	0	0	0	0	0	0	0	0	0	0	0	0	0	0	0	0	0	0
multidrug__MexB	6.727564260287454e-06	7.006279133050843e-06	3.846312005623619e-06	0	3.7152855750089393e-06	2.3235661334802686e-05	1.5737357137904287e-05	2.1612481755194477e-06	9.967142665695045e-06	7.689564846524448e-06	2.271546422947701e-05	0	4.147845832388403e-06	4.267532503162157e-06	2.7356602769463066e-05	3.4077094594442503e-06	1.0976940303557065e-05	5.1173775631885785e-05	2.0509371343992058e-05	3.85087212232584e-05	2.3384138422514402e-05	3.1314830409078095e-05	3.877145924082696e-06	7.602239513324421e-06	0.00013262989753890525	0	0.0001325259220476831	0.00011389759950563472	7.188847966665276e-06	3.441924903567306e-05	1.6951590402723883e-05	4.317100736622329e-06	2.3734342905472273e-05	4.871139848582109e-05	1.478700578858224e-05	0.00019194892250796124	1.5914276720690884e-05	1.4957772580455623e-05	7.326351616348022e-05	1.4534427434688093e-05	4.850414760155254e-06	7.809169101147004e-05	3.9554437202247646e-05	6.935870673675978e-06	5.150217377752801e-06	0	7.749176930047226e-06	5.100034097507793e-05	2.5380001134410776e-05	4.1701103857127265e-06	1.9257932987229417e-05	2.737897808267469e-05	2.8734897932794796e-05	3.555055019855249e-05	0	5.057707222686331e-06	1.073297893710346e-05	7.1373560363093845e-06	3.2548058905291183e-06	4.55356862157368e-06	3.026465998276115e-06	1.2800129774369598e-05	3.120394322856463e-05	0	3.015911732715202e-05	1.1078244095665257e-05	4.1787852262480825e-06	4.064777944288818e-06	9.456945175843972e-05	0	1.2448901987105478e-05	0	6.629556659178811e-05	0	5.028796920997758e-06	1.8377045002360017e-05	4.281964019139352e-05	7.989582309812017e-06	0	1.1124491174524437e-05	2.0330109332419325e-05	1.1424262293318485e-05	0	4.4412425927629305e-06	4.714460712045242e-06	1.1235967304237389e-05	6.949284580412105e-05	0	0	1.9851856752058746e-05	9.503448468332429e-06	0	4.837021046019793e-06	4.440553742932371e-06	0	0.00012383347745900645	8.406954218911247e-06	4.4513176543523045e-05	9.046561600983492e-06	3.939369085184958e-06	1.078316009945242e-05	2.1572260993592192e-05	4.1331638251106446e-06	7.376001194639119e-06	3.9505582027596426e-06	1.9800742682005718e-05	1.1492003449072927e-05	0	4.376972952338294e-05	1.9484489577681972e-05	2.5495801576630144e-05	1.8160096393712086e-05	3.29188522983233e-06	2.3576570671838174e-05	3.321111357399507e-05	1.3736875298400702e-05	7.874446363550318e-06	1.2891343957937601e-05	3.332506876511683e-05	8.475476744540332e-06
multidrug__MexD	0	0	0	0	0	0	0	0	0	0	0	0	0	0	0	0	0	0	0	0	0	0	0	0	0	0	0	0	0	0	0	0	0	0	0	0	0	0	0	0	0	0	2.2332669001174717e-06	0	0	0	0	0	0	0	0	0	9.625620863121833e-06	0	0	0	0	0	0	0	0	0	0	0	0	0	0	0	0	0	0	4.344574422571642e-06	0	0	0	0	0	2.549197060774245e-06	0	0	0	0	0	0	0	0	0	0	0	0	0	0	0	0	0	1.312892287952613e-05	0	0	0	0	0	0	8.61873103681354e-06	0	3.6384991215273124e-06	0	0	0	0	0	3.6288764786253976e-06	0	0	0	0	0	3.8399364495594355e-06	0	0	0
multidrug__MexE	0	0	0	1.2508281835492052e-05	0	0	1.0311000838691057e-05	0	0	1.9931200812016337e-05	0	0	0	0	0	0	0	0	0	0	1.0116064216795126e-05	0	2.0226396424305264e-05	0	0.00017393742071882787	0	4.954807799690709e-05	6.551372229199529e-05	2.114073140144814e-05	4.651948629814988e-05	1.13217530776364e-05	4.16467055449802e-05	0	3.121870609798161e-05	0	0.00017527398970616038	8.118902828381981e-06	0	3.163822433526754e-05	0	0	4.369673410688072e-05	3.4734106979318236e-05	0	0	1.1394321481322414e-05	0	2.6826087837093885e-05	0	1.085069024796284e-05	3.110074897431472e-05	0	0	1.7734732528849655e-05	0	0	0	0	0	2.120149174671325e-05	0	0	5.324403026776323e-05	0	1.904640965064257e-05	0	0	0	0	1.2509446611486974e-05	0	0	2.748854910797523e-05	0	0	4.53236343534633e-05	0	1.0464469987356494e-05	0	0	0	1.11735581173526e-05	0	0	0	0	0.00011344311296978497	0	0	0	0	0	2.54887859654242e-05	0	0	0	0	1.0030216337559832e-05	0	0	2.1269721623835024e-05	2.8309580427708998e-05	0	0	0	0	1.9634451310426607e-05	0	0	0	9.53379890983952e-06	9.95711776660774e-06	0	2.0575522049203094e-05	1.0161179018405956e-05	0	0	4.2741501151081974e-05	8.84844972910051e-06	0
multidrug__MexF	2.105086871754983e-06	0	8.209310151304438e-06	0	5.762241853332131e-06	7.1053609199409375e-06	7.301467073546413e-06	1.3646861910674413e-05	2.6199749800278845e-06	0	1.0209661889712417e-05	4.294344567062624e-06	0	9.763571392244325e-06	0	3.5029028498681474e-06	8.224005131866575e-06	1.0005083212957527e-05	4.5039970000526475e-05	2.6104505273906736e-05	6.582279088282025e-06	0	7.220009390899754e-06	0	3.602174630590574e-06	4.373356527450901e-06	4.6773257444435195e-06	7.703500782981361e-06	3.865635482925217e-06	4.167180814020329e-06	6.97884094469827e-06	4.034929779730551e-06	5.93827366367574e-06	3.087757183622158e-06	2.9100331248274906e-06	0	0	9.555597356405891e-06	3.884516851046349e-06	0	0	9.786035186482603e-05	0	0	0	9.061888015249496e-06	9.105402960267923e-06	0	7.188479758638882e-06	0	0	9.98762788844133e-06	0	0	6.168687793727924e-06	4.736167812939885e-06	2.7833425841629624e-05	4.579665406612945e-06	0	9.70810685327458e-06	6.272497028251392e-06	2.5701525484120373e-06	9.419958741688272e-06	4.3262432785932465e-06	2.3473848808378955e-06	6.9722523220847e-06	7.985964347950475e-06	4.275797437752323e-06	5.791744945781349e-06	9.970629268657413e-06	6.236836289857014e-06	1.6830422405614355e-05	0	0	0	0	3.536178763545934e-06	5.512292612689662e-06	1.648849723305623e-05	3.952545466232072e-06	0	7.619822797128066e-06	0	8.399090444482126e-06	2.005451491666781e-05	0	0	7.316366477671387e-06	6.019791986739961e-06	0	0	1.7272608393059076e-05	1.4540621967837091e-05	6.468284160132733e-06	3.910509998247448e-06	3.53209415894004e-06	2.3754642312297898e-06	7.1990886074779715e-06	9.794687501456072e-06	0	3.772545016911955e-06	1.3222368925408242e-05	9.106346409420477e-06	7.007942384254181e-06	5.767991206626276e-06	1.3068427957191448e-05	0	9.701753303801217e-06	2.2362441578384308e-06	9.631118743299722e-06	8.060747129150362e-06	3.0608499695387e-06	9.002177378087265e-06	1.2418112946371902e-05	6.165744300044171e-06	9.748026025070305e-06	3.713650660784665e-06	9.742739582660072e-06	1.1328387667784187e-05	0
multidrug__mexH	0	0	0	0	0	0	0	0	0	0	0	0	0	0	0	0	0	0	0	0	0	0	0	0	0	0	0	0	0	0	0	0	0	0	0	0	0	0	0	0	0	0	0	0	0	0	0	0	0	0	0	0	0	0	0	0	0	0	0	0	0	0	0	2.6171408447844134e-05	0	0	0	0	0	0	0	0	0	0	0	0	0	0	0	0	0	0	0	0	0	0	0	0	0	0	0	0	0	0	0	0	0	0	0	0	0	0	0	0	0	0	0	0	0	0	0	0	0	0	0	0	0	0	0	0
multidrug__mexJ	0	0	0	0	0	0	0	0	0	0	0	0	0	0	0	0	0	0	0	0	0	0	0	0	0	0	0	0	0	0	0	0	0	0	0	0	0	0	0	0	0	1.113125348625461e-05	0	0	0	0	0	0	0	0	0	1.1878342677944188e-05	0	0	0	0	0	0	0	0	0	1.238388671146763e-05	0	0	0	0	0	0	0	0	0	0	0	0	0	0	0	0	0	0	0	0	0	0	0	0	0	0	0	0	0	0	0	0	0	0	0	0	0	0	0	0	0	0	0	0	0	0	0	0	0	0	0	0	0	0	0	0	0	0
multidrug__mexK	0	0	0	0	0	0	0	0	0	7.877239146212528e-06	0	0	0	0	0	3.5567621171012426e-06	0	0	0	0	0	0	0	0	0	0	0	0	0	9.099894585053215e-06	0	0	0	0	0	0	0	0	0	0	0	6.474455636528684e-05	0	0	0	4.4132152469121935e-06	0	0	0	0	0	4.167965587853079e-06	0	0	4.1344130292025945e-06	5.171197238414902e-06	0	0	0	0	0	0	0	9.447240122636418e-06	0	0	0	0	8.929762342446491e-06	0	0	7.243274477311441e-06	0	0	0	0	0	0	0	0	0	0	0	0	0	0	0	0	0	0	0	0	0	0	0	9.603774524089435e-05	0	0	0	0	0	0	0	3.840366973415887e-06	0	0	0	0	0	0	0	0	6.489863411742419e-06	0	0	2.958315868276805e-06	0	0	2.0425847680994434e-05	0
multidrug__mexN	0	0	0	0	0	0	0	0	0	0	0	0	0	0	0	0	0	0	0	0	0	0	0	0	0	0	0	3.700971707493943e-06	0	0	0	0	0	0	0	0	0	0	0	0	0	0	0	0	0	0	0	0	0	0	0	0	0	0	0	0	0	0	0	0	0	0	0	9.346931588515763e-06	0	0	0	0	0	0	0	0	0	0	0	0	0	0	0	0	0	0	0	0	0	0	0	0	0	0	0	0	0	0	0	0	0	0	0	0	0	0	0	0	0	0	0	0	0	0	0	0	3.2104777977972874e-06	0	0	0	0	0	0	0
multidrug__mexQ	0	0	0	0	0	0	0	0	0	0	0	0	0	0	0	0	0	0	0	0	0	0	0	0	0	0	0	0	0	0	0	0	0	0	0	0	0	0	0	0	0	0	0	0	0	0	0	0	0	0	0	0	0	0	0	0	0	0	0	0	0	0	0	0	0	0	0	0	0	0	0	0	0	0	0	0	0	0	0	0	0	0	0	0	0	0	0	0	0	0	0	0	0	0	0	0	0	0	0	0	0	0	0	0	0	0	0	0	0	0	0	0	0	2.284690182080514e-06	0	0	0	0	0	0
multidrug__mexW	0	0	0	7.321676776072037e-06	0	0	0	0	0	0	0	0	2.604504924341174e-06	0	0	0	2.28245247524522e-06	9.439488466258492e-06	0	0	0	0	0	0	2.141287080435261e-06	0	0	0	2.2098579134926754e-06	2.7487402602199054e-06	0	0	0	0	0	0	0	0	2.6041780618311374e-06	0	0	0	0	0	0	0	0	0	0	0	0	0	0	0	0	0	0	0	0	0	0	4.468914870313293e-06	0	0	0	2.4638779140193983e-06	0	2.4247318805980623e-06	0	0	0	0	0	2.3036833381367145e-06	0	0	0	8.116657490279647e-06	0	2.2140466863105863e-06	0	0	0	0	0	0	0	0	0	0	2.306679734878263e-06	2.401908985978072e-06	0	0	0	4.7426847088829165e-05	2.1917874432130044e-06	0	0	3.4828471726582555e-06	0	0	2.4962739605162354e-06	0	0	0	0	0	0	0	0	0	0	2.5320433220573758e-06	0	0	0	0	0	0
multidrug__msbA	0.00014057761991357335	0.00013436165405465134	2.3678970934339407e-05	0.0003573319532274083	0.00024062512512040856	5.880422409989412e-05	0.00021986561654354045	0.0003854768653101341	0.00015732004403270532	0.0002559595168450373	5.781140041275768e-05	0.00014667082675630722	0.00010669029184253316	0.00022539898161031517	0.00034208852295859824	0.00015685710062505453	6.587346087060818e-05	8.314087985562051e-05	3.9728123060608195e-05	0.00010471948620003178	0.00011946450449492519	0.0002613480848888911	0.00015511221754382223	3.66676500826767e-05	0.002733214988647232	4.3972797905928577e-05	0.0019889763555965556	0.0009401994310934613	0.0002787514071093804	0.0008245606800876506	0.0002854389029527976	0.00013034973853009774	0.00017808945047697477	0.0002386360490112935	0.00023835271316241665	0.002961181321396888	0.0001572325972751161	0.00015086958735393164	0.000578180298354143	1.8985594808943018e-05	0.00015935240177314606	0.00018522073245269257	0.0005177283654050887	0.00017485067787658757	0.00021666008797764798	0.00027374446223565917	9.983631883634728e-05	0.0005692637628840439	8.746311091254109e-05	0.00018474362843624316	0.00016412563444165003	0.00031279472442398345	3.1155682256150225e-05	0.00038632269109966483	0.00014242413543381931	0.0002677560631952459	0.00010849875852419704	7.027511132174345e-05	8.32485256679663e-05	0.0004733570719744424	0.00042555892724092345	8.808645850973407e-05	0.0004886607688867067	0.0001517402073305932	0.0005558036868165501	3.447735692744671e-05	0.0001543328337083081	0.00014390822500163803	9.290170170009894e-05	7.270180858515121e-05	4.8821812162590014e-05	0.000143745395554892	0.0006744540787472516	4.9804208811749914e-05	0.00024250640468602414	0.0007049404616497348	0.00011979818212933259	0.0003606185815003716	6.142109325176184e-05	0.00017125849782595313	0.00034154185575524537	0.0002188552815636685	0.0001642237329381983	0.00036418647120717144	0.000279106389825581	0.00023295397178124363	0.0015976404607423635	9.58742974359596e-05	0.00012294501628896265	0.00010962329377556699	0.00019408336048690428	5.9868200524211185e-05	0.0001378515379403962	0.00017297745943053108	0.00017415536477389095	5.6902063544432715e-05	0.00012697363594735495	0.0005028809237488438	7.171850926666528e-05	0.00022909465977058742	0.00021676039089494467	0.00010278454548685409	0.00015625241197773313	3.6523077659548005e-05	0.00012215145911049135	7.879822204198109e-05	0.00030770341462744077	7.534898294472217e-05	3.620044444205071e-05	0.00019079722465473802	0.00019470071362969447	0.0002477741503126505	0.00018684129699227928	0.0009070388262195582	0.000572464749299849	0.00036887454048255627	8.214833117762928e-05	0.00012561585622901066	0.0002853725380879265	6.67359005021808e-05
multidrug__mtrD	0	0	0	0	0	0	0	0	0	0	0	0	3.847583777942593e-06	0	0	3.4167583599145024e-06	4.1877597501975965e-06	0	0	0	0	0	0	0	7.296258695551934e-06	0	0	0	0	0	0	0	0	0	0	0	0	3.904013836873954e-06	0	0	0	0	4.016782730415598e-06	0	0	0	0	0	0	0	9.893815591037728e-06	0	0	0	3.4950708081918845e-06	0	0	0	0	0	0	0	0	0	0	0	8.376273199908174e-06	0	2.387763870445189e-06	0	7.561627472993739e-06	0	0	0	0	0	0	0	0	0	0	0	3.880859857232561e-06	0	0	0	0	0	0	0	0	0	0	0	0	0	0	0	0	3.872912999399269e-06	0	7.64513148249328e-06	0	0	0	0	0	3.914232880245308e-06	0	0	2.2441800046553366e-06	0	0	0	0	0	0	0	0	0
multidrug__mtrE	0	0	0	0	0	0	0	0	0	0	0	0	0	0	0	0	0	0	0	0	0	0	0	0	7.253206237410477e-06	0	0	2.1614852199288578e-05	0	0	0	0	0	0	0	0	0	0	0	0	0	0	0	0	0	0	0	0	0	0	0	0	0	0	0	0	0	0	0	0	0	0	9.601269230686783e-06	0	0	0	0	0	0	0	0	0	0	0	0	0	0	0	0	0	0	0	0	0	0	0	9.021000584969665e-06	0	0	0	0	0	0	0	0	0	0	0	0	0	0	0	0	0	0	0	0	0	0	0	0	0	0	0	0	0	0	0	0	0
multidrug__MuxA	0	0	0	0	0	0	0	0	0	0	0	0	0	0	0	0	0	0	0	0	0	0	0	0	0	0	0	0	0	0	0	0	0	0	0	0	0	0	0	0	0	9.785307151134046e-06	0	0	0	0	0	0	0	0	0	0	0	0	0	0	0	0	0	0	0	0	0	0	0	0	0	0	0	0	0	0	0	0	0	0	0	0	0	0	0	0	0	0	0	0	0	0	0	0	0	0	0	0	0	0	0	0	0	0	0	0	0	0	0	0	0	0	0	0	0	0	0	0	0	0	0	0	0	0
multidrug__MuxB	0	0	0	1.8282478899876243e-05	3.6796644285563133e-06	0	7.535433633062197e-06	9.950125828499595e-06	4.82770930324303e-06	1.0992638137403965e-05	0	4.75279704262423e-06	3.9361187833794305e-06	0	2.213481132519487e-05	0	7.882785198818732e-06	0	3.8933961980447376e-06	0	7.941668103082032e-06	0	3.4217020903160495e-06	0	0.0001582399714255637	7.452000309870159e-06	0.00015421075712041823	3.73615146869105e-05	0	2.942197460637172e-05	0	1.627898802790619e-05	4.017633625950756e-06	3.159875486717456e-05	2.8709722775143696e-05	0.0003111415535980439	4.028314682346764e-06	3.321199357638555e-05	4.2946940218950905e-05	3.7567628087298755e-06	9.349483609924557e-06	2.278109570890095e-05	1.3310270724700132e-05	0	0	8.587363704322431e-06	3.868697238385141e-06	5.310323883487472e-05	0	0	1.020310251488152e-05	7.941292760623663e-06	1.9644124210452715e-05	5.218845808486201e-05	0	0	2.242330792979038e-06	0	6.607561014228521e-06	2.666933022482248e-05	1.2432219133181384e-05	3.921762014187687e-06	4.3398806506639013e-05	4.456416241933958e-06	3.6248440226774208e-06	0	0	8.16073347587803e-06	0	0	1.4798586293805915e-05	0	4.857841458233809e-05	0	0	3.103057131932005e-05	4.996119191597737e-06	7.88657840677032e-06	1.0590540310704722e-05	0	1.625702207092519e-05	0	3.4840184536303665e-06	1.2492197717392583e-05	1.7788148160234566e-05	3.890846856838976e-06	0.0001264630773006619	0	0	0	3.881707227338367e-06	7.619094803555563e-06	0	4.466098635029777e-06	0	2.0817905105057303e-05	4.278503580423468e-06	3.817829229157481e-06	2.0883655973057858e-05	0	7.124439066637587e-06	1.7854114451818224e-05	1.1747121298238128e-05	3.3211994343443243e-06	8.085553603394028e-06	7.278457749157234e-06	4.183729909065414e-06	0	7.672889582067247e-06	1.6310026050765835e-05	3.554817774979981e-06	1.8116226367191604e-05	6.508022381509362e-06	4.366055142163108e-05	1.4681389654590028e-05	0	0	7.269045819068774e-06	5.995057991913869e-06	0
multidrug__MuxC	6.682342758291479e-06	0	0	0	6.577425536041849e-06	3.6951683926885344e-06	6.005859407432174e-06	3.6828516207433423e-06	0	7.715664501562899e-06	0	0	0	1.318997418931019e-05	1.60147619338726e-05	0	3.7092394806721215e-06	3.273824022749103e-06	3.999696866441436e-06	0	7.510762687988515e-06	0	3.5231131012851835e-06	0	0.0001000942460762646	0	6.386554209341595e-05	5.717623637903908e-05	0	3.4212441514268604e-05	0	3.574192706385815e-06	0	1.1628502338036505e-05	1.4648477554030272e-05	0.00013631761329541803	1.2491041716368766e-05	5.184758063231074e-06	3.3530829498028136e-06	0	1.9726523318150916e-05	1.0542062758227541e-05	2.0235208872010337e-05	0	5.110546784437677e-06	1.2051144723469686e-05	0	1.906461374526451e-05	4.42654792784957e-06	0	2.4652901752173186e-06	3.812328858206368e-05	4.845329420963354e-06	1.0651185493123933e-05	0	0	0	1.4643793336646865e-05	0	3.779163073023657e-05	1.341666813998444e-05	0	4.070367091006245e-05	0	8.977367081568796e-06	0	4.227188143926631e-06	3.4506668981111297e-06	4.37193316132993e-06	9.395608684681702e-06	8.549751425655913e-06	8.739472101003187e-06	7.233884287307866e-05	1.168047503207682e-05	1.558744770938061e-05	3.28161543589874e-05	1.267528941933188e-05	1.5157926188442466e-05	7.471863963622861e-06	7.654813922247132e-06	1.58632709126585e-05	0	8.075543087602379e-06	1.310801028092602e-05	8.856841249435242e-06	1.2285564046425528e-05	3.301542747183914e-05	0	3.6930325962377e-06	7.92156020722368e-06	7.737711258171386e-06	4.214601743873548e-06	0	0	0	1.312111944235116e-05	7.925638794654717e-06	2.8904062801934964e-05	9.262009584431543e-06	0	3.993821377880914e-06	6.362743490363346e-06	4.292579209130959e-06	3.799590876207804e-06	0	4.818171956865284e-06	1.2214795227751118e-05	0	3.862366715297364e-06	1.5677605510565695e-05	1.0289155840250333e-05	1.3583584635040588e-05	1.2776391236132064e-05	1.0781551262582788e-05	1.541631245842703e-05	2.926905178555719e-06	1.4577596580541725e-05	6.446951351435996e-06	8.47691733217399e-06	1.1580439465519996e-05
multidrug__opmE	0	0	0	0	0	0	0	0	0	0	0	0	0	0	0	0	0	0	0	0	0	0	0	0	0	0	0	0	0	0	0	0	0	0	0	0	0	0	0	0	0	0	0	0	0	0	0	0	0	0	0	0	0	0	0	0	0	0	0	0	0	0	0	9.663699290415765e-06	0	0	0	0	0	0	0	0	0	0	0	0	0	0	0	0	0	0	0	0	0	0	0	0	0	0	0	0	0	0	0	0	0	0	0	0	0	0	0	0	0	0	0	0	0	0	0	0	0	0	0	0	0	0	0	0
multidrug__OpmH	0	0	0	0	0	0	0	0	0	0	0	0	0	0	0	0	0	0	0	0	0	0	0	0	0	0	0	0	0	0	1.846385316225491e-05	0	0	0	0	0	0	0	0	0	0	2.5945274977488204e-05	0	0	0	0	0	0	0	0	0	0	0	0	0	0	0	0	0	0	0	0	0	0	0	0	0	0	0	0	0	0	0	0	0	0	0	0	0	0	0	0	0	0	0	0	0	0	0	0	0	0	0	0	0	0	0	0	0	0	0	0	0	0	0	0	0	0	0	0	0	0	0	0	0	0	0	0	0	0
multidrug__OprM	0	0	0	0	0	0	0	0	0	1.7252500266811626e-05	0	0	0	0	0	0	0	0	0	0	0	8.281580913082519e-06	0	0	0	0	0	0	0	0	0	0	0	0	0	0	0	0	0	0	1.0457609176766593e-05	0	0	0	0	0	0	0	0	0	0	0	0	0	0	0	0	0	0	0	0	0	0	0	0	0	0	0	0	0	0	0	0	0	0	0	0	0	0	0	0	0	0	9.606939158883816e-06	0	0	0	0	0	0	0	0	0	0	0	1.1554373530294104e-05	0	0	0	0	0	0	0	0	0	0	0	0	0	0	0	0	0	0	0	0	0	9.642875953002558e-06	3.647943563316475e-05	0
multidrug__OprN	0	0	0	0	0	0	0	0	0	0	0	0	0	0	0	0	0	0	0	0	0	0	0	0	0	0	0	0	0	0	0	0	0	0	0	0	0	0	0	0	0	2.5788430659827676e-05	0	0	0	0	0	0	0	0	0	0	0	0	0	0	0	0	0	0	0	0	0	0	0	0	0	0	0	0	0	0	0	0	0	0	0	0	0	0	0	0	0	0	0	0	0	0	0	0	0	0	0	0	0	0	0	0	0	0	0	0	0	0	0	0	0	0	0	0	0	0	0	0	0	0	0	0	0	0
multidrug__oqxB	6.593244854847593e-06	0	0	0	0	0	0	0	0	0	0	0	0	0	0	0	0	0	0	0	0	0	0	0	0	0	0	0	0	0	0	0	0	0	0	0	0	0	0	0	0	0	0	0	0	0	0	0	0	0	0	4.068728311951815e-06	0	0	0	0	0	0	0	0	0	0	0	0	0	0	3.6601122922379705e-06	0	0	0	0	0	0	0	0	0	0	0	0	0	0	0	0	0	0	0	0	0	0	0	0	0	0	0	0	0	4.249980223220645e-06	0	0	8.031872051232304e-06	0	0	0	0	0	0	0	0	0	0	0	0	0	0	0	0	0	0	0	0
multidrug__Other_major_facilitator_superfamily_transporter	0.00010738639109611912	0	5.9708312791893574e-05	0	0	0	0	2.4044749942624716e-05	0	0	6.086838755596254e-05	0	0.00010265542139266017	0.0003484019654340586	3.703178485159947e-05	7.045243846023647e-05	2.6544592000757435e-05	6.671426685777459e-05	0	0	0	0.00018466536526867523	9.740251316754563e-05	0.0002635195661661989	0	0.0001513550112275159	0.0014904981732751668	0.0004577819955409252	0.0004434830561118355	0.00016667089136500267	0.0001604771777221918	0	0.00015718325839693983	7.514545451474917e-05	0.0001576191761536705	0	5.5162348538569044e-05	9.719438204496339e-05	0.00011431657511358411	0	0	4.9527217976828965e-05	0	5.140588731267628e-05	0	2.6872548285653457e-05	0	2.4964322528031223e-05	0	0	0	9.247252187981583e-05	0	0	0	6.2346206705127e-05	0	5.687460379781556e-05	2.0677126126133658e-05	0	0.0003377953859421835	0	0.00048534743284884917	0	0	0	0.00010406416436692255	0	0.00017702280550586404	3.194918139167477e-05	0	0	0	0	6.11356043372124e-05	0.00013016315674250424	0	0.0001526243260697196	0	2.429946684412424e-05	7.558116724178915e-05	5.3779380552705384e-05	0	0	8.803470618778822e-05	0	0	0.00013592054933140582	0	5.1898237054850816e-05	2.2773491089390785e-05	8.067845338344372e-05	3.0056578301802202e-05	0	2.5130356888670975e-05	0	0	4.927263752705911e-05	0	0	0	4.845953638705146e-05	0.00019766851964032282	0	4.909644213964261e-05	0.0001608284598284665	0.000135058219547604	0	6.352174829638413e-05	0	2.2484662379443304e-05	4.367842515575339e-05	0	0	0	8.73655114465608e-05	0	0	0	5.34543155299805e-05
multidrug__ParS	0	0	0	0	0	0	0	0	0	0	0	0	0	0	1.4846056897139403e-05	0	0	0	0	0	0	0	0	0	0	0	0	0	0	0	0	0	0	0	0	0	0	0	0	0	0	0	0	0	0	0	0	0	0	1.6304936743165467e-05	0	0	0	0	0	0	0	0	0	0	0	0	0	0	0	0	0	0	0	0	0	0	0	0	0	0	0	0	0	0	0	0	0	0	0	0	0	0	0	0	0	0	0	0	0	0	0	0	0	0	0	0	0	0	0	0	0	0	0	0	0	0	0	0	0	0	0	0	0	0
multidrug__patA	0	0	4.072447128778232e-06	0	0	0	0	0	0	0	0	0	0	0	0	0	0	0	0	0	0	0	0	0	0	0	8.807304859218118e-06	0	0	0	0	0	7.581400839243449e-06	0	9.0293581000853e-06	0	6.108610665290591e-06	9.718138213756321e-06	0	0	0	0	0	0	0	0	0	0	8.131034846191762e-06	0	0	0	0	0	4.3579938756399685e-06	0	0	0	0	0	0	0	0	0	0	0	0	0	0	0	0	0	0	0	0	0	0	0	0	0	0	0	0	0	0	0	0	0	0	0	0	0	0	0	0	0	0	0	0	0	0	0	0	0	0	0	0	0	0	0	0	0	0	0	0	0	0	0	0	0
multidrug__patB	0	0	0	0	0	0	0	0	0	0	0	0	0	7.436633066734886e-06	0	0	0	0	0	0	3.699617872936483e-06	0	0	0	0	0	0	0	0	0	3.974936573719827e-06	0	0	0	0	0	1.4290925896896854e-05	3.7099488454393e-05	0	0	0	0	0	0	0	0	0	0	0	0	0	7.413863542186252e-06	0	0	0	0	0	0	0	0	0	0	0	0	0	0	3.951948488296812e-06	0	0	0	0	0	0	0	0	0	0	0	0	0	0	0	0	0	0	0	0	0	0	0	0	4.455436129237751e-06	0	0	0	0	0	0	0	0	0	0	0	0	0	0	5.04637517126795e-06	0	0	0	0	0	0	0	0	3.2230801073381432e-06	0	7.521443243341996e-06	0	0
multidrug__PmpM	0	0	0	0	0	0	0	0	0	0	0	0	0	0	0	0	0	0	0	0	0	0	0	0	0	0	0	0	0	0	0	0	0	0	0	0	0	0	0	0	0	2.307116946425869e-05	0	0	0	0	0	0	0	0	0	0	0	0	0	0	0	0	0	0	0	0	0	0	0	0	0	0	0	0	0	0	0	0	0	0	0	0	0	0	0	0	0	0	0	0	0	0	0	0	0	0	0	0	0	0	0	0	0	0	0	2.5911172390001677e-05	0	0	0	0	0	0	0	0	0	0	0	0	0	0	0	0	0	0
multidrug__pmrA	0	0	0	0	0	0	0	0	0	0	0	0	0	0	0	0	0	0	0	0	0	0	0	0	0	0	0	0	0	0	0	0	0	0	0	0	0	0	0	0	0	0	0	0	0	0	0	0	0	0	0	0	0	0	0	0	0	0	0	0	0	0	0	0	1.478173236194982e-05	0	0	0	0	0	0	0	0	0	0	0	0	0	0	0	0	0	0	0	0	0	0	0	0	0	0	0	0	0	0	0	0	0	0	0	0	0	0	0	0	0	0	0	0	0	0	0	0	0	0	0	0	0	0	0
multidrug__qacE	0	0	0	0	0	0	8.484641381045089e-05	0	0	0	0	0	0	0	0	0	0	0	0	0	0	0	0	0	0	0	0	0	0	0	0	0	0	0	0	0	0	0	0	0	0	0	0	0	0	0	0	0	0	0	0.00010680533508196049	0.00019498191520911948	0	0	0	0	0	0	0	0	0	0	0	0	0	0	0.00012187477505866392	0	0	0	0	0	0	0	0	0	0	0	0	0	0	0	0	0	0	0	0	0	0	0	0	0	0	0	0	0	0	0	0	0	0	0	0	0	0	0	0	0	0	0	0	0	0	0	0	0	0	0	0	0
multidrug__qacEdelta1	0	0	0	0	0.00010216211177420322	0	0.00010465038225133415	0	0	0	0	0	0	0	0	0	0	0	0	0	0	0	0	0	9.951398957727176e-05	0	0	0	0	0	0	0	0	0.00011224032691496105	0	0	0	0	0	0	0	0	0	0	0	0	0	0	0	0	0.00011104524441413661	0.0005549644331084587	0.0006387167414098724	0	0	0	0	0	0	0	0	0	0	0.00012630549294394343	0	0	0.00011657587179524376	0	0	0	0.00022877854008556675	0	0	0	0	0	0	0	0	0	0	0	0	0	0	0	0	0	0	0	0	0	0	0	0.0001141680809849116	0.00047123005351104905	0	0	0	0	0	9.887703384024641e-05	0	0	0	0	0	0	0	0	0	0	0	0	0	0	0	0	0	0.0001125805625862876
multidrug__RanA	0.007287998157822284	0.00531269852986843	0.012252413679840025	0.00955394493096168	0.009833340844573513	0.005010483346920212	0.00841255135380712	0.012445414232213436	0.01088313234843304	0.005994601889218742	0.008347962899969684	0.008672737142833386	0.0082893107345021	0.00781224789096314	0.009516391522493787	0.006675385834822501	0.005704926673837206	0.008336350442415371	0.011298771582872272	0.014705420066299024	0.006447322081682757	0.00828040962161973	0.006761358383655185	0.006628260455410245	0.007121563355521726	0.009594307741549742	0.006301565180457592	0.007278077670863987	0.005031496607796803	0.012244913385102566	0.007168581231337879	0.006708421144836847	0.006756932313558095	0.003864286542072997	0.004274195746076564	0.007674565339327039	0.011576686899481763	0.004094201908748397	0.005757058738480047	0.010482829005522911	0.005516286696654746	0.009322020646237193	0.0049955303276877465	0.00604927745095054	0.008273482865742976	0.005904805025683976	0.007326902307654784	0.006931886011172042	0.007217999052374554	0.007394258384633685	0.008154121162597906	0.0075072092566453134	0.007763119189019752	0.003166406101475925	0.01067820332574311	0.008151640818855511	0.014153566732754133	0.00904322349204626	0.008122864739632123	0.00651538576771461	0.00609073177023795	0.00853381697213465	0.010998450607495639	0.008960542478876645	0.00623114143744875	0.007084285027104505	0.010334225112416197	0.008233531963095349	0.007797940121309206	0.010773298335535895	0.007758252724483103	0.004036441038664545	0.0046433143129065105	0.007527384955059597	0.0072756309260503275	0.006702575567182286	0.0073171465323391685	0.010194691083887101	0.008647018110396993	0.0071907354407959615	0.008552858087952793	0.004806438335652894	0.010738374220851101	0.0042037084133481365	0.010293043810967097	0.006316734347307922	0.008392957125639337	0.007034024598467674	0.008297515139339434	0.007598259921797079	0.010723195452902188	0.012398338984937926	0.011184021402867441	0.009429032196285375	0.009424619336498633	0.006887971278804181	0.008510881907247475	0.00892152287577498	0.011539076794719754	0.007444985028325982	0.006336987092326954	0.011140912301302182	0.008058411887801915	0.008002744252009706	0.007655609931617461	0.006680894976720253	0.013545520274356272	0.005929639530248545	0.007264072417042651	0.007343689773224815	0.008467115225973824	0.008723206261273096	0.01155594950956381	0.010024744225584161	0.0067967051018464324	0.007332989956656864	0.0072465470473486145	0.004713321154304498	0.006211181634016144	0.010550107790644293
multidrug__RanB	0.0008009975154236332	0.0003558829793152161	0.0014336765206531038	0.0008773546190690055	0.0013132475095338487	0.00017067997411237006	0.001114458616183039	0.000566433642381914	0.0009345992698518179	0.0004480685713563024	0.0006427805113086456	0.0008288070254697003	0.0011429728560350715	0.000750754562512816	0.0008580981766502052	0.0008363569611649458	0.0002437276174615001	0.001054594042511284	0.0010976673225790736	0.0013264410523829318	0.0008968710609281545	0.0009557359889009637	0.000783848568099903	0.0005814532755719063	0.0008806711136986759	0.0006136725487994175	0.0002897930526610336	0.0004667111312128951	0.00048221128790956465	0.0012155103264068561	0.0005585553318342794	0.0007453561446338756	0.0007088208240142246	0.0003775356450775963	0.00031883841193762073	0.0006915572140860297	0.0005559972273291042	0.0007734101553610307	0.000220047899627771	0.0010500434178832279	0.0002201901280197736	0.0012910943111564429	0.00021654179566350099	0.0009111642729840533	0.0010480574295502478	0.0007863459949532737	0.000982766229857518	0.0006577556283472574	0.00038064812932132506	0.0008571178956194956	0.0009085519997520269	0.0011299853304536987	0.00029154054381584133	0.000205488738519119	0.0017175544656711265	0.0006435994412775038	0.0014107651487685747	0.0010355998038706945	0.0011853469030948306	0.000517344429818196	0.0006305125768647594	0.00035568676354763107	0.0014190659658806172	0.0010713002265154475	0.0008688166562531197	0.0005601378102002124	0.0006061945333352676	0.000782196626903847	0.0008302266512629085	0.0012637438522548222	0.0005230709348320004	0.00020505910452072408	0.00036840132671372034	0.0005005457725851837	0.00074806934028254	0.000601282875447209	0.0007353003862097269	0.0007241454592792145	0.001051960930093647	0.000912646185149043	0.0009331253869308211	0.00015779890574427207	0.0013087003241364738	0.0006027612316533334	0.0005703170247903286	0.000687902912654143	0.0006910336040988324	0.0009394129599574692	0.0005357211039066739	0.0007031654779787668	0.000667302294898618	0.0012498396473905533	0.0010235771741110634	0.0009333566134402491	0.0009756181465983355	0.00024989472534676845	0.00042543477918294883	0.000571329844514658	0.0010672558731040164	0.0011450179652483048	0.00023529944809039783	0.0009379639573778315	0.0007931406603306074	0.0003108648040793307	0.0009329888344246475	0.0006325850329968575	0.0012128477563451208	0.0008953858768772623	0.0006478046073659334	0.0009051865227515393	0.0007822021734599107	0.0007968449147055608	0.0011686936818217605	0.0012154548543526914	0.0004373380629582019	0.000579787523245406	0.0010151148995873626	0.0005554570970695725	0.000639807967257825	0.0004933075560599147
multidrug__sdeY	9.847189789842439e-06	1.2837289939596582e-05	0	2.3435116962801242e-05	6.707122466622286e-06	0	3.372923606416425e-05	2.9986191384666264e-05	4.790961753836803e-06	2.6580997746948368e-05	3.2935745145936814e-06	0	0	1.2915047102814322e-05	3.9902132752654035e-05	0	1.0713811538269555e-05	6.9561924874532795e-06	3.942612705645411e-06	3.963005688216849e-06	3.821196473898825e-06	1.414875269532714e-05	2.3152205346853472e-05	4.4219813724823945e-06	0.00034488547078101445	0	0.00018555374012171026	0.00014019323084562212	2.445076852495266e-05	6.522962019994734e-05	4.507565855661293e-05	2.534971977734638e-05	1.2123893452457895e-05	5.976895302575947e-05	2.8588098966549797e-05	0.0003998981924039857	2.3905958742009796e-05	0	0.00010046151525051456	1.4614414985024377e-05	5.8236246422245025e-05	1.0788231305577586e-05	0.00011019283118517207	1.5314161101426205e-05	3.5674492410164656e-05	1.7216158432293048e-05	0	7.109170807070712e-05	4.014301960981905e-06	0	2.3167003417576616e-05	2.8205130339750245e-05	1.9397124113934036e-05	0.00010104570780807507	0	5.043270379995504e-06	7.106483861472529e-06	9.753240091011232e-06	6.557265592616886e-06	4.477522725811681e-05	4.251585938900273e-05	8.562202776170377e-06	4.418580576022533e-05	0	6.280802762254379e-05	7.0004452600543535e-06	0	3.968321653203602e-06	1.7687055636737793e-05	0	4.088699883863522e-06	8.442446464991926e-06	6.653852608209822e-05	0	0	3.097712879177165e-05	2.9451053056145052e-05	3.494276701353745e-05	8.27553327094932e-06	7.2278555494393385e-06	4.798615692788546e-05	2.5410032406721484e-05	1.5920575906291274e-05	2.1825897232750277e-05	3.185169813600601e-05	0	0.0002625488833428588	0	3.8726863672917965e-06	0	1.910671585637015e-05	4.154450434493811e-06	9.628019056397153e-06	0	0	0	1.2652890693108848e-05	2.947662035505951e-05	1.305564410955627e-05	3.771388065921163e-06	2.410298615983588e-05	1.1681476405167074e-05	8.548983359003237e-06	1.7977740731880273e-05	1.1955771920481975e-05	3.789630539210003e-05	4.151884200908874e-06	0	2.6029107210064337e-05	1.2037737982492946e-05	0	1.752699049531841e-05	0	0.00010096291867396748	5.671192378303243e-05	3.534286738444399e-06	3.969487112363712e-06	3.400751502603346e-05	3.235417542430456e-05	3.2520893245667856e-05
multidrug__smeD	0	0	0	0	0	0	0	0	0	0	0	0	0	0	0	0	0	0	0	0	0	0	0	0	0	0	2.2693339830147798e-05	0	0	0	0	0	0	0	0	0	0	0	0	0	0	0	0	0	0	0	0	0	6.983609624241859e-06	0	0	0	0	0	0	0	0	0	0	0	0	0	0	0	0	0	0	0	0	0	0	0	0	0	0	0	0	0	0	0	0	0	0	0	1.2539986868587342e-05	0	0	0	0	0	0	0	0	0	0	0	0	0	0	0	0	0	0	0	0	0	0	0	0	0	0	0	0	0	0	0	0	0	0	0
multidrug__smeE	0	8.678551487730312e-06	0	0	2.9500672577610473e-06	0	0	3.574689859950574e-06	0	0	0	0	0	1.1674869814141158e-05	3.371597342659272e-06	0	2.0306369994959592e-05	5.400633886089275e-06	3.953898810718824e-06	8.126427163374386e-06	0	0	0	0	3.1227351459087796e-05	4.341334755089132e-06	1.412906762633985e-05	3.6655895687989723e-06	0	1.2994267410813109e-05	4.288870202119896e-06	4.0580746924249906e-06	7.106961592702555e-06	0	9.63062538445774e-06	6.483659120380577e-05	0	5.159855286750618e-06	1.7184044932481818e-05	1.485178605861879e-05	1.4848208449454858e-05	1.1803114481068307e-05	1.3100435103684417e-05	4.1363883194553086e-06	0	0	0	3.76926332826222e-06	0	0	3.8180632700916565e-06	1.1414650778375849e-05	4.683809182730265e-05	3.2537380426037583e-06	0	5.057707222686331e-06	0	0	1.7303420397459204e-06	4.371425876710733e-06	0	0	8.66242088478959e-06	0	3.545548391712439e-06	0	0	8.137327930536123e-06	0	0	8.304261732237024e-06	0	1.8207607481478773e-05	1.640736634400849e-05	0	8.446957752060059e-06	1.4792923649880074e-05	6.0275023252525405e-06	0	0	3.994069699221194e-06	0	1.5966150073961954e-05	0	4.337885183206259e-06	0	2.6170254268261325e-05	8.41578239254226e-06	0	4.125934523100867e-06	7.424115917700903e-06	0	0	0	5.3452740206676175e-06	6.539792398457598e-05	8.44324411187614e-06	1.4997385707312622e-05	4.30329933859867e-06	0	1.1959858718343896e-05	7.843610857519545e-06	1.5245834567300434e-05	0	0	9.927659675039703e-06	0	0	3.903511840098401e-06	8.160785333270111e-06	0	3.5523873882817173e-06	3.198129806267298e-06	4.028816108161595e-06	7.878113602787157e-06	7.105760328397712e-06	0	2.4646537181572643e-06	0	0
multidrug__smeF	0	0	0	0	0	0	0	0	0	0	0	0	0	0	0	0	0	0	0	0	0	0	0	0	0	0	0	1.3990486454702378e-05	0	0	0	0	0	0	0	8.142914668493092e-06	8.020278412245453e-06	0	0	0	0	0	0	0	0	0	0	0	0	0	0	0	0	0	0	0	0	0	0	8.38130231351111e-06	8.40778385383246e-06	0	0	0	0	0	0	0	0	0	0	0	0	0	0	0	0	7.4886082647717665e-06	0	0	0	0	0	9.354740525866944e-06	0	0	0	0	0	0	0	0	0	0	0	0	0	0	8.578045799735059e-06	0	0	0	0	0	0	0	0	0	0	0	0	0	0	0	0	0	0	0	0	0
multidrug__Staphylococcys aureus LmrS	0	0	0	0	0	0	0	0	0	0	0	0	0	0	0	0	0	0	0	0	0	0	0	0	0	0	0	0	0	0	0	0	0	0	0	0	0	0	0	0	0	0	0	0	0	0	0	0	0	0	0	0	0	0	0	0	0	2.5626638339132012e-05	0	0	0	0	0	0	0	0	0	0	0	0	0	0	0	0	0	0	0	0	2.5549157311567722e-05	0	0	0	0	0	0	0	0	0	0	0	0	0	0	0	0	0	0	0	0	0	0	0	0	0	0	0	0	0	0	0	0	0	0	0	0	0	0	0	0	0
multidrug__tap	0	0	0	0	0	0	0	0	0	0	0	0	0	0	0	0	0	0	0	0	0	0	0	0	0	3.476252157192397e-05	0	0	0	0	0	0	0	0	0	0	0	0	3.2855984338654616e-05	0	0	0	0	0	0	0	0	0	0	0	0	0	0	0	0	0	0	0	0	0	0	0	0	0	0	0	0	0	0	0	0	0	0	0	0	0	0	0	0	0	0	0	0	0	3.697985249905254e-05	0	0	0	0	0	0	0	0	0	0	0	0	0	0	0	0	0	0	0	0	0	0	0	0	0	0	0	0	0	0	0	0	0	0	0
multidrug__tolC	4.221538414854421e-05	1.86550072784107e-05	0	0.00011939300130787002	0.00011851544915805724	0	5.6461618385659994e-05	6.4509363899673e-05	2.3196668370951672e-05	5.6922209740431486e-05	0	0	0	5.464760283805259e-05	0.00012271897575955588	0	7.687648159901266e-05	0	1.6692414409565493e-05	0	2.437363946269748e-05	3.739466829204761e-05	4.184189900684854e-05	0	0.0009963942281502377	0	0.0007177791866464527	0.0006973812685733544	5.230077516529817e-05	0.00035571386730015554	4.5042458023344675e-05	0.00012587062076594251	1.6999561346314966e-05	0.00010397964282600624	8.832811999426914e-05	0.0016589870031745474	8.773215527609226e-05	0	0.00024792833467071054	0	0.00022853494703490006	1.6876752745411548e-05	7.479504169993592e-05	8.37970145950049e-06	3.20934679585493e-05	6.321155346768392e-05	1.6159097597255116e-05	0.0002727615257417268	0	1.846175893946862e-05	3.440265303577522e-05	0.00011672203197741361	5.270155187866181e-05	0.00012590541220953787	0	2.152480256862187e-05	0	0	1.4105990425579476e-05	0.00021098754461480927	6.594450251552017e-05	2.7169224678975532e-05	0.00010375213045206266	0	8.934357843322633e-05	8.548833389474257e-06	0	8.511645015340786e-06	0	1.7760597711442565e-05	7.799268412007956e-06	9.18265019943134e-06	0.00025987371300365935	1.8649964711877586e-05	0	0.00013518354868068274	1.0358485335699211e-05	2.361206638819141e-05	3.4641640177919616e-05	0	4.2104085367287094e-05	2.712940991735671e-05	5.9603385956811465e-05	9.93020556103654e-05	8.171047378989175e-05	2.7522370142064316e-05	0.0009267081920603205	0	6.59321790445864e-05	0	7.148076205467896e-05	4.4247454982493736e-05	8.306653146848758e-05	6.563111830786216e-05	8.877166540408949e-06	0	0.00010816937213950625	0.00024389424307974061	1.946337105369387e-05	1.7106421204450142e-05	3.377549083441147e-05	4.064783149416111e-05	1.8409206692303158e-05	0	3.365003677818888e-05	0.00010367205322598805	5.240624510717704e-05	0	0	1.723569998076485e-05	6.931455519164466e-05	0.00010038868649495377	1.3630808662221344e-05	0.00031154527857509684	0.0002043254529118314	8.341879973760824e-05	0	6.369623418435555e-05	6.939108334241015e-05	2.6086111425504234e-05
multidrug__ykkD	0	0	0	0	0	0	0	0	0	0	0	0	0	0	0	0	0	0	0	0	0	0	0	0	0	0	0	0	0	0	0	0	0	0	0	0	0	0	0	0	0	0	0	0	0	0	0	0	0	0	0	0	0	0	0	0	0	0	0	0	0	0	0	0	5.4010175937893573e-05	0	0	0	0	0	0	0	0	0	0	0	0	0	0	0	0	0	0	0	0	0	0	0	0	0	0	0	0	0	0	0	0	0	0	0	0	0	0	0	0	0	0	0	0	0	0	0	0	0	0	0	0	0	0	0
mupirocin__Bifidobacteria intrinsic ileS conferring resistance to mupirocin	0.022418765148637974	0.020733835634808573	0.0008846335199763326	0.0010857446256356015	0.0012296276071077745	0.0002651724939439979	0.0021365902664719875	0.0006381804978467239	0.0026133102559594487	0.0014461298199255168	0.004458547344596708	0.022813985578470218	0.008308788740910003	0.0026253229305902986	0.001105320899047378	0.0013813705932120529	0.0006987078536712471	0.0008838185282810624	0.0007721405045306981	0.0004948108824413788	0.006683939271122778	0.00350087034971036	0.000752849275356231	0.026614219115553357	0.0032798723416173643	0.044665179467030074	0.12399561343754148	0.0073422693655594284	0.014360946151164516	0.01478075655462227	0.04947132974513943	0.07567386447968528	0.05649021834985618	0.01928426708760914	0.03815360991125448	0.005803003475761198	0.04224373063608157	0.013538292520216743	0.017654860294879376	0.01712033209629578	0.030028503854454738	0.0006531843678533091	0.09984593174110395	0.047252310192658395	0.006355130133825914	0.08562226007709244	0.01386045561493942	0.09108641929968661	0.003830037365472219	0.03585333885135165	0.0070701012471559585	0.017917290163973178	0.03559252560118204	0.3427825426361709	0.0029315285273173734	0.01989158475503386	0.00015129607069123882	0.03234234545944113	0.008432981907081695	0.010917284181889699	0.05224997040428129	0.007866718044551423	0.0066675369255659025	0.0045795496494480045	0.08796846662732616	0.0391346965843722	0.010690102220755393	0.004358469717204991	0.001600555054449387	0.001517330784169863	0.002929698304588978	0.0008192850094763856	0.0008021301841992221	0.0007667177570602815	0.0003646927693522654	0.053007380994977406	0.0017782198258429391	0.008669512211974	0.0892714044031676	0.008774440132610336	0.014660623849332543	0.0018059111131479176	0.031455187126217955	0.001771961433152173	0.028672828046879196	0.014188789527816693	0.1394287526789327	0.008323319999055117	0.02662457982020562	0.0010307146246725206	0.003532064920925833	0.039563186135892395	0.031827626839882904	0.0025505002309455767	0.0007033145693555598	0.009519218585276785	0.030865844174329724	0.06331006553987907	0.0005910688212923512	0.0006243964272673438	0.001990194018376959	0.0004912589757193814	0.000636285542886266	0.0007036405710180887	0.009857511659526278	0.0006171895473472353	0.008008739786154271	0.0003182731704829144	0.0393999983768405	0.0009345346628482158	0.011475957290115768	0.012744865186321114	0.01572688159080234	0.0011630724849830867	0.0013071808032702659	0.03051872607611059	0.00944981932489671	0.04675451419951521	0.023872804675930337	0.009310443035523542
mupirocin__mupA	0.0002982881372541134	0.00017451177117563954	0.00021479231532931363	0.00024353698024416905	0.00024598720975632367	0.0002922736742951598	0.0003485043770385579	0.00024904651095154534	0.0001201222708372355	0.00033660773694395334	0.00027462506175530846	0.0003683020403905997	0.00032925162749384017	0.00029544820857341344	0.0003690018371069201	0.0002947003114165479	0.00046969929716652757	0.00022169586030718378	0.00028358350745178086	0.00022362943494067	0.00023874874751110266	0.0003246552690999077	0.0002402405318902146	0.00012365305592333906	0.0003704008429020104	0.00012968253726176163	0.00027650120763100003	0.00020265298427797748	0.0003046944521297915	0.00016723722284776998	0.00020147302842442747	0.00013652898534267127	0.00024653294016562335	0.00032773298581614607	0.0002434879278664252	0.00030571714299825874	0.00014057079457123023	0.00020072131173920526	0.00027933545501980343	0.00021443528737956526	0.00018174671148646793	0.0002899252725384811	0.00018479699110650566	0.00022258648804265172	0.00020797815030618665	0.0002419920210024377	0.0003281631499719349	0.00022924025504231482	0.000274348103318581	0.0002561917903633515	0.00037113402781537225	0.0001535138911784833	0.00025510983865395786	7.528738416187557e-05	0.000271399586539535	0.00016336236275926142	0.0002201420123181226	0.00020481289860103163	0.0002649236592404892	0.00015991510440756785	0.00011915875364720031	0.0003123721742757663	0.00022331389576881556	0.00021787697532830243	0.000167030688632931	0.0002160407076101642	0.00020606834525055734	0.0003398839498801609	0.00048184872816193846	0.0002217353163414475	0.0002723447659807674	0.00023236481111296956	0.0005037149524558762	0.0002745474010060491	0.0002895392767404494	0.0001547491124350422	0.0002799869106175204	0.00018792144255497858	0.00018652243835173778	0.00024016160321009352	0.0003518079660694928	0.0004325747625892437	0.00021093915033795478	0.0002744617660481786	0.00028211221654037943	0.0003553225909266167	0.00015486533433079657	0.00030612663877922606	0.00027950781046943854	0.0002784354547484369	0.00021302703123200965	0.000184971955957624	0.0003297322131343077	0.00022224946703500723	0.0003851611841508551	0.00017907727481369522	0.0001500857273751025	0.0002281870298741605	0.00022039530681753882	0.0004420157242569528	0.00022215185675469515	0.0002754362685833036	0.0003140170207054613	0.00024056486262331582	0.00023965533504169255	0.00032842852702653837	0.00022960195342086292	0.00033012189057809364	0.00011268325571565932	0.0002669711851871376	0.00029079359722935757	0.00016306024982540998	0.00023565301179311732	0.0001286292843796487	0.00019681128021587887	0.00014613545927924496	0.00024909361190865545	0.0003067338572675408	0.00017639643766887523	0.00011227272511046573
mupirocin__mupB	0.00011068040623622092	0.00010235543044791567	0.00022092548649321246	0.00017392275490108098	0.00015558706122282336	0.00023680699483382195	0.00020043327947834896	0.0001518047907750273	0.00014593488903758418	6.917367435148153e-05	0.00020990444577100658	0.00016699847296989945	0.0002098886282641403	0.0002047737747015881	0.00014824211779536643	0.00017523642820949496	0.00017259124121305646	0.0001687632514433677	0.000257766950029504	0.0003947305399170518	0.00013267051741051218	9.165514552788936e-05	0.00011000480127518471	0.00011045588269242019	0.00012615944665178753	0.0002571053594502302	1.5002941156504298e-05	0.00013521265463777485	0.00015579424238737472	0.0002586929132219932	0.0001404550601843203	0.00016524006060519164	0.00010902949790087053	0.00013694841049720902	0.00013754343399777563	2.9946006530560375e-05	0.00014447088502438164	0.00010378407151214475	0.00010725628599446696	0.0001954979361412402	8.134460915503865e-05	0.0001479367932511177	7.197596540965628e-05	0.00010856445669054653	0.00018200359672637128	0.00013294757528427932	0.00010312231577771786	0.00018257547321855785	0.00018166038479291207	0.00014537004804594567	0.00013623198281319975	0.00026561239104644645	0.00017434340894259846	7.11902244305714e-05	0.00021980628882603285	0.00011021708576784212	0.0001785668499751303	0.00021463860107470492	0.00016820331680844757	0.0001344530840380664	9.996902674608675e-05	0.00016076490793842107	0.0002750051273792114	0.00017435782472222976	0.00014120027215670415	0.00017239512862487325	0.0002577421428781774	0.00016018042507088566	0.00011893308783457217	0.0002783600122416486	0.00018032089771313498	4.1019511802780185e-05	0.00023187628706865406	6.0751407859489036e-05	0.00015163734706786797	0.00010096565869985202	0.00010472349477011083	0.00028545878764948485	0.00014776633587543442	0.00011370107325002677	0.0001550529369016998	0.00012830000526049094	0.00013375614239555445	0.00014709395467230827	0.0003004453712214407	0.00021294322698592097	0.00019051140621354347	0.0001414106048274366	0.00010520248115491986	0.00010661094625326899	0.0001512059866586979	0.00019122231546658426	0.0002321001790075553	0.0001968461847695997	0.00017692184321456585	8.451931959015535e-05	3.4991366697474913e-05	0.00020075735309144828	0.00016246300033538155	0.00011486821079272067	1.0054421845241898e-05	0.000130176927417943	0.00015260947210158352	0.00017490771072776762	0.00014131583057924968	0.00023073586498951475	0.00021898411858746076	0.00010770726032238842	0.00014348070074169243	0.0001559073047233626	0.00018529401620675238	0.0002059527154355614	0.0001316833122672235	0.00026449925536937784	8.176841298645022e-05	0.00017414292459599177	0.00019603632968080877	6.028804458361252e-05	0.00010997586554010343	0.00019952806774731398
novobiocin__novA	4.9998399225050735e-05	4.367123996695592e-05	6.638327873770066e-05	1.9451971665888927e-05	4.995314241572956e-05	4.466775033059956e-05	0.0001176632526588531	0	0	5.127251346788812e-05	5.9121017592919606e-05	4.1163985882635924e-05	4.110758643383677e-05	4.683452390750525e-05	5.9573585863199425e-05	6.152758444713416e-05	7.818658096969385e-05	4.286586551095882e-05	9.692418146442939e-05	7.160014490088803e-05	1.998446205248639e-05	1.789419945435e-05	4.065512222905753e-05	4.16726618593012e-05	7.300871483075437e-05	6.861649788995162e-05	0.00010710501626482075	2.6310803061388595e-05	0.00014419310446771427	0	3.6375419060970525e-05	2.0431634659998693e-05	6.932467189682904e-05	5.2858821868884067e-05	5.373798131020179e-05	0.00010569459801629505	8.481285251788338e-05	0.0001668986315729624	0.0001034915814269758	1.8959533594380292e-05	8.690128476800194e-05	0.00011293421665121647	0.00011015380997746067	0	4.8130802892255097e-05	2.3842854082598993e-05	4.492213001106163e-05	0	0.00010836116028988086	1.949068576802925e-05	6.595947170405861e-05	8.019861732098489e-05	6.568448773696303e-05	5.1639125105926945e-05	1.2879507255187497e-05	3.905620659686744e-05	7.466804653952105e-05	2.8052160095097052e-05	0.00013673424218391543	5.056844920193853e-05	4.7864981548122174e-05	5.358158018229755e-05	0.00010525016854633976	5.718625294045522e-05	8.540959228260836e-05	5.154816041208508e-05	6.509069474019098e-05	0.00011562004307472965	4.455254006076696e-05	5.663185228887612e-05	6.752746599501914e-05	7.714660120834646e-05	9.495487842634508e-05	9.852846240501608e-05	5.231366913302982e-05	0.00013021574200632624	3.6978788012293836e-05	3.533183669712336e-05	1.675297361367782e-05	3.2480988326858e-05	3.290246921369755e-05	5.713836523505851e-05	8.959930174314495e-05	0	5.055104776885014e-05	4.905510292146983e-05	0.00010163558898115756	2.823464272764402e-05	6.754919785376113e-05	4.465331066794015e-05	3.759112174112221e-05	6.042109177036737e-05	3.71199967405643e-05	1.3667362550376383e-05	5.390091132930783e-05	0.00012725222109846775	2.1317575960422025e-05	8.876429971209609e-05	3.883853769776915e-05	0.00011550041407761471	8.687054187888836e-05	1.3618289301870331e-05	3.4077878431304516e-05	0.0002969611917382584	1.9078460202474035e-05	0	1.723038607717794e-05	4.586490979910733e-05	1.8724922528757378e-05	7.040275113940332e-05	4.0333966977975856e-05	4.9825643948512235e-05	5.903766226533707e-05	0	7.944398790095221e-05	3.313919521124437e-05	5.630002675080471e-05	0	5.365885963685447e-05	5.731211124018495e-05
other_peptide_antibiotics__ArnT	1.903675712915903e-05	2.448637336935755e-05	0	0	2.0895952807536668e-05	0	4.368346264574747e-05	2.0773689359837218e-05	0	9.935185743485295e-05	0	2.645022124762939e-05	0	0	5.6506625271652926e-05	1.944435306804487e-05	7.201244305396046e-05	0	0	0	0	0	0	0	0.000338249521223239	0	0.0002666666494426842	0.0002355994257932079	0	4.926081773787201e-05	4.796560347424919e-05	2.4094593229202276e-05	2.234958441234105e-05	4.685167911150825e-05	0.00019353568758494265	0.0005488438858758063	0	0	4.977257526023089e-05	0	0.00011183530475846392	2.2242305060555946e-05	7.457133525798423e-05	0	0	0	0	9.106314310179664e-05	0	4.6908065645458225e-05	8.621625328560372e-05	2.3260425013880614e-05	0	5.886998792730558e-05	0	0	0	0	0	5.186605566061056e-05	7.466295171833435e-05	0	2.8481442028235114e-05	0	8.069179098380035e-05	0	2.3844102996958206e-05	0	0	2.7039475343522664e-05	0	2.366223967179781e-05	0.00019522785214279634	0	0	0.00010039568882240152	0	0	0	1.7725767602319598e-05	4.734349858990639e-05	0	4.6011453768663395e-05	2.447938762082192e-05	0	4.971421884548204e-05	0.00018841308131285815	2.340635563365661e-05	0	0	0	2.3773107477239542e-05	8.320414320073694e-05	2.5361928546294328e-05	0	0	2.381068774788046e-05	0.00015133029737400297	0	0	2.29875122087001e-05	0	0	0	0	0	2.3758422659647334e-05	0	2.223088957210306e-05	2.327156267400811e-05	4.16356419000803e-05	0	0	4.678076409899108e-05	8.695807462938515e-05	2.0224330465181835e-05	2.2714687595794527e-05	2.407953880445605e-05	1.912614088449856e-05	0
other_peptide_antibiotics__microcin efflux pumu gene yojI	0.00019022557866071833	0.00015000610135066115	0	0.00021351980099085357	0.000207480603235763	4.1991164038303345e-05	0.0004593364257716751	2.0507087350136932e-05	9.80646576619578e-05	8.767928801044787e-05	0	0.00013593694649333837	0	4.646536135984125e-05	0.00041896097287249666	0	0.00013919654057581833	0	0	0	6.653693288846109e-05	4.338073947680431e-05	0.00013211867353572708	0	0.0030071580900706404	0.00010344995953420345	0.002165279280870987	0.0008630290995231189	4.650490751265995e-05	0.0005770364599216743	0.0001375537114594048	0.00016840954727301996	9.333522171041985e-05	0.00030581898214635824	0.00027706494541319146	0.0040066324585182585	0.000524000964566313	0	0.0006738351366272838	0	0.0008192953687473974	0.00036259446704005137	0.00042566099778277775	0.0001376305703279971	0.00010903923481363816	9.278643866017126e-05	0	0.0005439210162505961	0	0.00016159871492434075	0.00013867460047403422	0.0004088386570967513	0	0.0007042947590260359	0	0	0	0	9.468384921524604e-05	0.0002330141812499525	0.00012381334562084018	0	0.0006680605256938835	0	0.000655646015105669	0	0	4.341405775649139e-05	0	0	0.00023519855944628603	0.0001435082031953615	0.00042201532726617475	0	0	0.00047035911710886	0	0.00022647906128723828	0.00011829988277914434	0	0.00039391694952888	7.199259855524409e-05	0.00015897335799087753	0.00039906342816866736	0.00016424327687815027	0.00045171150967421043	0.0027351890522662715	0	0.0001290258739870029	0	0.00010880205371165372	0.00010536658458467924	0.00011156134359417946	0	0	5.003550694677178e-05	7.293339004638427e-05	0.00024940252112384923	5.2625824110444666e-05	0	0.0002292405490808742	2.259530023771627e-05	0.0001224478118407208	4.274602251854229e-05	0	0.00011292755680619997	4.786431767994764e-05	0	0.00013346499473346172	9.329811976754351e-05	0.00016479496702345782	0.0002363113475947441	7.408330538056338e-05	0.0006432269541190618	0.0007653184097866631	0.00016214626622627781	0.00015467414948685854	0.0001915699218761256	0.00021077007254717415	0.00011313626188972996
pleuromutilin_tiamulin__msr(G)	0	0	0	0	0	0	0	0	0	0	0	0	0	0	0	4.1419478893657434e-05	0	0	0	0	0	0	0	0	0	0	0	0	0	0	0	0	0	0	0	0	0	0	0	0	0	0	0	0	0	0	0	0	0	0	0	0	6.336748933454283e-05	0	0	0	0	0	0	0	0	0	0	0	0	0	0	0	0	0	0	0	0	0	0	0	0	0	0	0	0	0	0	0	0	0	0	0	0	0	0	0	0	0	0	0	0	0	0	0	0	0	0	0	0	0	0	0	0	0	0	0	2.0573536073307155e-05	0	0	0	0	0	0	0
pleuromutilin_tiamulin__TaeA	0.0018087486884696584	0.0036657663336058703	0.001838764177938422	0.0019099891564462678	0.0020799449200844264	0.004351381030318116	0.002269221196521631	0.0023683955006500042	0.001724105263708967	0.001989385805766049	0.002799686243297183	0.0021003701514381076	0.0024090550332984103	0.003013428726654187	0.0028567356973388533	0.0016120358915093216	0.0034327605652559766	0.003627564076538854	0.0027992900664545145	0.002926680824049075	0.0028513065619051006	0.0026570917155416597	0.003140004273256459	0.0027918386623319593	0.002607650767763591	0.0033442715232083254	0.00339617504086881	0.002777481357169773	0.0034289313829786775	0.0019207518237117879	0.001999325148947334	0.0025425828611160004	0.0025908847703604767	0.0028759332037005233	0.002982918676703957	0.0049219788707078466	0.0025567101581810557	0.003433256261949879	0.0036532394317147915	0.002200780527338788	0.004700455187264377	0.0034251510621114505	0.004602087724688796	0.0026725151312152165	0.0021240135474304973	0.002153291488331942	0.001695468743954335	0.0023622528717338626	0.00423983777571507	0.002357681178899649	0.0016447548632136447	0.0024545572286685502	0.003819362961903868	0.0006312065144973727	0.001547572047393927	0.003181758656394436	0.0023548177056651807	0.002371887748499663	0.001994283287549386	0.00323577513827819	0.0035777048008640883	0.0028489704707819774	0.0020328306328808955	0.0017407742699584326	0.002388500012009014	0.0020449023188457162	0.0032472856732297345	0.0019982662904070893	0.004078487388306962	0.0013850320294387139	0.003280977299068186	0.004289795775509565	0.0062411291134710795	0.002878454037433927	0.0031375126768657647	0.0038237446233107624	0.0031888133205529657	0.0012601663574440935	0.0018478342459067657	0.0017901341919596139	0.0017531743199665482	0.0036546740771897135	0.001255095891560487	0.002069609178799542	0.002814419014295253	0.0038245874215556714	0.003530640839725957	0.0027567168544589534	0.0014128847177515527	0.002244923157053321	0.0014087700331511205	0.003126371281078483	0.0025254596907298005	0.002214201317918245	0.0011151825392007662	0.002791005286383249	0.0031410895499786587	0.0024570389429980546	0.001729844947840758	0.0016406214202426875	0.0041587091461962825	0.0018180862009360122	0.00342609143448781	0.0029522821108134635	0.002120020924874354	0.0037730877812970245	0.0025078753001878235	0.0020275295029195924	0.00399233842063753	0.0023512114496697985	0.0023029925356017104	0.0024179035024616347	0.0014160245486887816	0.0028218575621227118	0.002368786456628782	0.0021275050420522384	0.002418174794341674	0.0037093250928414948	0.002334408658443007	0.003878834719687833
pleuromutilin_tiamulin__tva(A)	1.038539918630359e-05	0	0	0	0	0	0	0	0	0	0	0	0	0	0	0	0	0	0	0	0	0	0	0	0	0	0	0	0	0	0	0	1.2700722990098927e-05	0	0	0	0	0	0	0	0	0	0	0	0	0	0	0	0	0	0	1.2948569592491632e-05	0	0	0	0	0	0	0	0	0	0	0	0	1.3475806273613049e-05	0	0	0	0	0	0	0	0	0	0	0	0	0	3.100129473659787e-05	0	0	0	0	0	0	0	0	0	0	0	0	0	0	0	0	0	0	0	0	0	0	0	0	0	0	0	0	0	0	0	0	0	0	0	0	0	0	0	0	0
polymyxin__arnA	9.472113476041377e-05	2.0442411706842438e-05	0	0.000269055416514495	0.00027876325317297365	3.44537500934279e-05	0.0001819732296197828	0.00010336358319716823	4.6709654946961786e-05	0.00010863428895276734	1.5734303703808906e-05	0	9.563650428048558e-05	0.00011138893233253699	0.00014954628060710403	3.381893478690885e-05	9.992832315921504e-05	6.817622786121677e-05	0	0	5.628593457594835e-05	0	7.373626611982728e-05	4.311226736993503e-05	0.0031009500750323977	0.00010598776804356241	0.0025590729184886037	0.0020603877703030066	7.865857887886515e-05	0.00036419225839885136	0.00020144589400982488	0.000241384015805281	7.69663813199995e-05	0.00021356273112092139	0.0003152756342284693	0.0037807247044195445	0.00041213211441536385	0	0.00033491362588666823	0	0.0004611691563944867	0.0002819449445190027	0.0004213910708978929	0.0001176065447693569	4.911434572056989e-05	0.00018053059370266492	3.6315460976721334e-05	0.0007273847090046236	4.127313287926939e-05	0.00013549750125824286	0.0001919400224661319	0.0004319721292234557	4.656550352614133e-05	0.0006995105960671492	0	4.818615608522978e-05	0	0	0	0.00010045669132132075	0.00012120822011719138	4.090397780797758e-05	0.00029358166689308335	8.70843013842343e-05	0.0004547165812371204	0	0	0	4.2462400829416954e-05	4.4696252742842965e-05	0.0001391216167626397	0.0001234649058632632	0.0009489876265965622	0.00012535890793411158	9.689157496150987e-05	0.0006822473536656497	4.689857085152796e-05	0.00011292399826447072	9.409206096948732e-05	1.6316107684605994e-05	9.446390887585127e-05	0.00010163895504911675	0.00012023141441371205	0.00026734382786597756	0.0002740789783007051	0.00020919612423242183	0.001532385849043375	0	8.282916174130582e-05	0	0.00016452122047608375	9.129593668456265e-05	9.38687201138535e-05	4.234673523941871e-05	7.905603939052838e-05	0.00016380184558264008	4.0567993039833435e-05	0.00032326566601891357	7.632737898442903e-05	3.8717274137872086e-05	0.00019114325378917848	0.00022022612082600338	0	1.7892618853414932e-05	1.9166437291681753e-05	9.453837400212945e-05	0	0	0.0002950948491700571	0	0.00027351124788995356	0.00016135328302282996	0.00015334409408751773	0.0006670568384798984	0.000382817235243435	3.170104390664804e-05	3.792664504631147e-05	0.0002773361254090467	0.00023440186856003913	0.00025265807470122606
polymyxin__eptA	0.00011390523560934142	0	0	0.0003219137815959042	0.00040379247834703357	0	8.935283355675791e-05	0.00015736050701329563	0	0.00014878909480560851	0	5.328728302538865e-05	0	0.00019885176151846038	0.00039960048429243673	0	7.253904227190533e-05	0	0	0	9.08573290476917e-05	0.00012276749271935617	0	0	0.0045322991801930775	5.1465055245659e-05	0.0023592499461930986	0.0014415289633506495	0.0002548279115744734	0.0007970060324095466	0.0004525960828664287	0.00016593293628371086	0.0002326345224541118	0.0004134219573460028	0.00013518088062498452	0.005249882909738693	0.00013779796693520456	0	0.0008162229184741207	2.1059986493501768e-05	0.0007157455374196013	0.00027343189317774366	0.0009095757215526343	9.396845836187388e-05	0.00011852090740612844	0.00014786288085952428	0	0.0007167772714149805	9.959878501030272e-05	8.883204212215222e-05	7.003767700708798e-05	0.000376322834076191	0	0.0009146896178354284	0	0.00010988557788065013	0	0	0	0.00031765161928244646	0.0003560912750086974	0	0.0004754295765674263	5.3108342554126124e-05	0.0005714612326474458	0	0	0.00013911171195090793	0	0	0	0	0.0008281516407712488	5.1447524056084285e-05	0	0.0004887942448790841	5.658694106400083e-05	0.00018090983366405151	2.3850782818375874e-05	4.578304949551446e-05	0.00025561680986377686	0.00014646770050894488	0.00013579939910007905	0.00012429844483942098	0.00021014291317743132	0.00010015551950223255	0.0036577377330085357	0	0.00020001242749542318	0	0.0003086425605289769	0.00014368170625183533	2.8315061825933874e-05	0.00010323231282108788	0	2.501775347338589e-05	2.398480612263644e-05	0.0009106904668007454	9.841029108653152e-05	0	0.0002334085590641628	1.3557180142629762e-05	7.317003390482096e-05	6.303958876471894e-05	9.204094602886586e-05	0.00011292755680619997	4.738567450314817e-05	0	0.00013301712562361788	9.376695454024474e-05	4.1940107288746336e-05	0.00023587774879181794	0.00011093881911260244	0.001039058925884638	0.0003445061632255009	0.00021910533923397027	9.106554954995518e-05	0.0004172957212960565	0.0002870634443284182	4.686397459030656e-05
polymyxin__mcr-1.11	0	0	0	0	0	0	0	0	0	0	0	0	0	0	0	0	0	0	0	0	0	0	0	0	0	0	0	0	0	0	0	0	0	0	0	0	0	0	0	0	0	0	0	0	0	0	0	0	0	0	0	0	0	0	0	0	0	0	0	0	0	0	0	0	0	0	1.2367366472742649e-05	0	0	0	0	0	0	0	0	0	0	0	0	0	0	0	0	0	0	0	0	0	0	0	0	0	0	0	0	0	0	0	0	0	0	0	0	0	0	0	0	0	0	0	0	0	0	0	0	0	0	0	0	0
polymyxin__mcr-4.4	0	0	0	0	0	0	0	0	0	0	0	0	0	0	0	0	0	0	0	0	0	0	0	0	0	0	0	0	0	0	0	0	0	0	0	0	0	0	0	0	0	0	0	0	0	0	0	0	0	0	0	0	0	0	0	0	0	0	0	0	0	0	0	0	0	0	0	0	0	0	0	0	0	0	0	0	0	0	0	0	0	0	0	0	0	0	0	0	0	0	0	0	0	0	0	0	0	0	0	0	0	0	0	0	0	0	1.8390160948158814e-05	0	0	0	0	0	0	0	0	0	0	0	0	0
polymyxin__pmrF	0.0001622250957368627	0	0	0.0005033643375368101	0.00014521614459333173	0	0.0002196742717812262	0	0	7.447293562378103e-05	0	9.052218576052046e-05	0	0	0.00042426526573750557	0	7.826532809167424e-05	0	0	7.206727602232494e-05	7.79518147140463e-05	3.684668399660241e-05	7.481254081163842e-05	0	0.0029121623043203066	8.830975976967022e-05	0.001752137263519368	0.000960860264175597	0.00011930698734297435	0.0009263664427041984	4.10388936557629e-05	0.00010938621580731138	3.904091806086931e-05	0.00027819566742493917	0.00021255894129174714	0.0033239881248881453	0	0	0.0003219420009332413	0.00014529361831519506	0.00031218496602324644	0.0001382609199980483	0.0005902815712693102	3.950430688050231e-05	0	0.0002511832168638502	0.00021653939464380418	0.0007712967784786292	0	0	0	0.0004654488000163157	0	0.00041053839853712876	0	9.777898877667433e-05	0	0	0	0.0002582687959837875	0.0003441745344389589	0	0.0008305161779414724	0	0.0002803832611732388	0	0	0	0	7.865800172135925e-05	8.088955524453967e-05	0	0.0006681400405632346	0	5.015091871713761e-05	0.0004813842068312477	9.709849037583427e-05	0.0001106978432892327	0.00011101576482150743	0	0.00028921731605977387	0.0002513434465644917	0.00023069028356442	0.00012652079488545986	8.736662419294792e-05	0.00017099925911877344	0.0016223232977466565	0	0	0	7.468573475278469e-05	8.136013801216762e-05	8.850479325020473e-05	0.00017359531216159222	0	8.499820590026137e-05	0	0.0005505542138050341	0.00026640761133376223	0	2.9895188237625012e-05	0.00015200040916435394	8.455657359601356e-05	0	0	0	0	0	0.00015140340439077812	7.96436710147731e-05	0.00024684248916562754	0.00018193509523151333	5.5652080086750506e-05	0.0003962490529248237	0.00022626945381048555	0.0001363110644352156	0.0001920124743928477	0.0002522720094040173	0.00035215620816888096	0.000160829375123268
polymyxin__rosA	3.706513157870419e-05	4.7027047339341515e-05	0	9.143193563089844e-05	2.9009171559549305e-05	0	3.1033772534431295e-05	4.116218756368287e-05	1.5566050035280613e-05	1.4989177212007133e-05	0	0	0	1.666440641478702e-05	2.130252493026885e-05	0	1.763818284260856e-05	0	0	0	0	0	1.4837175499721342e-05	0	0.0007063927746597502	0	0.00044513545561509674	0.0004936158776610815	1.606270484531281e-05	0.00023781190132391068	6.16647829426807e-05	4.946597107637956e-05	3.127944068423625e-05	0.00012726029353912053	3.651736689570107e-05	0.000928387263029955	1.5371459318369545e-05	0	0.00021876593902812744	2.844415517142561e-05	5.6914284490201515e-05	6.060445513881432e-05	0.00012135035685848793	0	2.005907684132186e-05	5.0303292357380854e-05	4.235488320789787e-05	0.00021080473980242763	0	6.35774306353408e-05	1.2581480894212523e-05	4.855713597184362e-05	3.914363593664291e-05	0.00018289697568387323	0	0	0	0	0	0.00010462339084810086	0	1.6791452302125443e-05	0.00017599916538011545	3.5593763296207825e-05	5.5381636107023254e-05	0	0	1.5258680698232872e-05	0	0	1.5955038036908027e-05	1.6808341144751177e-05	7.059862649991282e-05	0	1.8698374115379097e-05	0.00012398276677640015	1.9064459695743073e-05	6.108194018510974e-05	1.5823577521805163e-05	4.478893509804367e-05	0.00012083013402049969	4.865808670881629e-05	5.696004919418288e-05	3.381857156214523e-05	8.982083792721332e-05	3.424409263908966e-05	0.0004533635123868225	0	0	0	7.389739855404385e-05	1.5887379425197782e-05	3.767357951031641e-05	3.532951494167847e-05	0	0	2.916075539298918e-05	0.00020390326397751264	1.781332041362205e-05	1.5656186238478812e-05	5.778920758372584e-05	3.028721024190716e-05	7.263623300659809e-05	1.3738342495864633e-05	0	3.658532019077799e-05	6.383429466427573e-05	0	3.0170492990711294e-05	4.405649139864148e-05	1.4269069193750463e-05	5.804963113372397e-05	0	9.430388334312729e-05	4.3332032595153604e-05	5.20702951598381e-05	3.0050294750802723e-05	8.294479446557742e-05	2.595690548610519e-05	3.2046447270849194e-05
polymyxin__rosB	6.36388799610645e-05	3.6702053759256394e-05	3.032668650542236e-05	0.00019259091063631513	6.300511165224371e-05	0	3.228240667556653e-05	7.096014027840987e-05	0	5.336851243306222e-05	0	2.753981841920596e-05	0	0	0.00017277714681257288	1.0276471896574511e-05	9.479458674734013e-05	0	0	0	0	7.269048995417955e-05	0	0	0.001140676739183715	1.2374346266837093e-05	0.0007434064619124478	0.00039379935629268705	6.912074402373764e-05	0.0003000197732212041	9.646522567249594e-05	8.046986337194645e-05	1.0936608358081633e-05	0.00013686970175752283	0.00014939015350057074	0.0015108110084930827	2.1940505698475604e-05	0	0.00022229740578841154	1.043953004308684e-05	0.00023668906692558757	3.3103975877313953e-05	0.00021177097958004578	0	1.4394080006916575e-05	2.208581799878917e-05	1.0750580514127095e-05	0.00018451706368362338	0	8.155259268573797e-05	7.916241892088782e-05	0.0001008557687515615	2.7565090872834944e-05	0.0003025212391744192	0	0	0	0	1.8888543116541272e-05	4.2638872472392524e-05	6.913927227361465e-05	2.3491331245552545e-05	0.0002052697519758715	0	0.00011566353258552991	2.2949588163650924e-05	0	0	1.2318872946367262e-05	0	2.3629424848996316e-05	4.954335083480822e-05	0.00016109687475634966	0	0	0.00012389843292243903	0	0.00012234643053019134	4.7199442250724296e-05	1.0008434843091371e-05	8.03901856118502e-05	7.21254101193416e-05	3.3962554901070654e-05	4.530293990545212e-05	5.4438124404097304e-05	4.7878481362266444e-05	0.0006617492272905669	0	1.1285194192302251e-05	1.2256177381546792e-05	6.381534833470395e-05	3.5130541120213204e-05	0	7.782891172880953e-05	2.332030073404056e-05	1.2153384680232755e-05	0	0.00031433317435939473	5.133598626457209e-05	1.0785249148724019e-05	6.569117521495781e-05	3.1814110010615727e-05	6.700096626634979e-05	0	3.302891200779687e-05	6.651710684550029e-05	9.94732824650863e-05	0	4.3510886258468816e-05	3.393555992847943e-05	4.9504326167520245e-05	8.176467153615576e-05	9.221963951528623e-06	0.00023026091207209302	0.00012121443094086478	3.009234266519879e-05	3.370362442196795e-05	6.0800582798800356e-05	6.466320947109657e-05	6.62285654148818e-05
polymyxin__ugd	0.0527285024969673	0.04132614381453467	0.051290071782035214	0.047996387691775146	0.045157786169933316	0.052582224133136526	0.04511148703351845	0.04896067536300848	0.048657977255368044	0.043663572116240855	0.04970709854008035	0.05349447896008088	0.047406861268485576	0.053742865305891986	0.050449140999358676	0.04405651904988696	0.053682955054179235	0.05590155771133456	0.05255389904740067	0.05442170921741065	0.048212337519794916	0.042739585564060684	0.048208751784950765	0.045932098552565796	0.05200050868578558	0.04308161586836842	0.05793175287836548	0.04590641701006915	0.05483084778066649	0.0540863726797552	0.053061748271881946	0.06244706821891633	0.05659938409131715	0.046880007472125666	0.04734188889142677	0.04041795645223996	0.0463543787297238	0.0542689771859412	0.05033561340708061	0.049544525449239686	0.042409128455787475	0.04393985849270998	0.052825582901332574	0.05485516273112672	0.055823947629479925	0.0593694378165201	0.04605386990221427	0.06389075956103943	0.055281177445664714	0.052754520109542694	0.0517996300487259	0.054073039731673614	0.04889118639606652	0.07453470268233048	0.04623388886038981	0.05464764639578644	0.054717207242401776	0.060083635027203694	0.0448702376753298	0.05240931917480515	0.05790342298482517	0.04966459779726349	0.0514827232355809	0.0500323402039123	0.05875343867770939	0.05336513046970598	0.05517283631315515	0.044924374642050985	0.05265994337912074	0.043776216475043546	0.056438014859954054	0.041420375740891045	0.052300039283418254	0.05081044724415041	0.05307976856160308	0.04154569580987466	0.05504699608263879	0.04810724686192219	0.06546995378575207	0.04433379060366046	0.05150491524378362	0.05272125737966581	0.051865731761679176	0.04738018693460988	0.05678801518127184	0.05666343884630834	0.05536289528645321	0.0469503670339927	0.04790449755846219	0.04726242284153371	0.0467052215881389	0.056401246535959494	0.05856667830249952	0.04830775320974517	0.04043698074575123	0.03618195304195769	0.04095037774123879	0.05602175593570079	0.05023139658516799	0.04297611501375741	0.0385278536960891	0.04496866338002546	0.05084402025380233	0.039687802338747837	0.05126253342111831	0.0529427564503286	0.05310718012721237	0.042339239365064625	0.05233637161669431	0.0520281558981144	0.044074627496106016	0.05228380966379434	0.05332324655734711	0.048546950145132155	0.04919780727424317	0.057165784851584286	0.050118653841874146	0.05728780909910825	0.04943916255822388	0.03766240544840573
quinolone__lfrA	0	0	0	0	0	0	0	0	0	0	0	0	0	0	0	0	0	0	2.466479734305552e-05	0	0	0	0	0	0	0	0	0	0	0	0	0	0	0	0	0	0	0	0	0	0	0	0	0	0	0	0	0	0	0	0	0	0	0	0	0	0	0	0	0	0	0	0	0	0	0	0	0	0	0	0	0	0	0	0	0	0	0	0	0	0	0	0	0	0	0	0	0	0	0	0	0	0	0	0	0	0	0	0	0	0	0	0	0	0	0	0	0	0	0	0	0	0	0	0	0	0	0	0	0
quinolone__norA	0	0	0	0	0	0	0	0	0	0	0	0	0	0	0	0	0	0	0	0	0	0	0	0	0	0	0	0	0	0	0	0	0	0	0	0	0	0	0	0	0	0	0	0	0	0	0	0	0	0	0	0	0	0	0	0	0	3.952694859506223e-05	0	0	0	0	0	0	0	0	0	0	0	0	0	0	0	0	8.324073760778388e-05	0	0	0	0	0	0	0	0	0	0	0	0	0	0	0	0	0	0	0	0	0	0	0	0	0	0	0	0	0	0	0	0	0	0	0	0	0	0	0	0	0	6.484866769576572e-05	0	0	0
quinolone__norB	0	0	0	0	0	0	0	0	0	0	0	0	0	0	0	0	0	0	0	0	0	0	0	0	0	0	6.395690910642513e-05	0	0	0	0	0	0	0	0	0	0	0	0	0	0	0	0	0	0	0	0	0	0	0	0	0	0	0	0	0	0	3.254527719958882e-05	0	0	0	0	0	0	0	0	0	0	0	2.6216686158176844e-05	0	0	0	0	0	0	0	0	0	0	0	0	0	0	0	0	0	0	0	0	0	0	0	0	0	0	0	0	0	0	0	0	0	0	0	0	0	0	0	0	0	0	0	0	0	0	0	0	0	0
quinolone__QnrE1	0	0	0	0	0	0	0	0	0	0	0	0	0	0	0	0	0	0	0	0	0	0	5.685272855033411e-05	0	0	0	0	0	0	0	0	0	0	0	0	0	0	0	0	0	0	0	0	0	0	0	0	0	0	0	0	0	0	0	0	0	0	0	0	0	0	0	0	0	0	0	0	0	0	0	0	0	0	0	0	0	0	0	0	0	0	0	0	0	0	0	0	0	0	0	0	0	0	0	0	0	0	0	0	0	0	0	0	0	0	0	0	0	0	0	0	0	0	0	0	0	0	0	0	0
quinolone__QnrE2	0	0	0	0	0	0	0	0	0	0	0	0	0	0	0	0	0	0	0	0	0	0	5.685272855033411e-05	0	0	0	0	0	0	0	0	0	0	0	0	0	0	0	0	0	0	0	0	0	0	0	0	0	0	0	0	0	0	0	0	0	0	0	0	0	0	0	0	0	0	0	0	0	0	0	0	0	0	0	0	0	0	0	0	0	0	0	0	0	0	0	0	0	0	0	0	0	0	0	0	0	0	0	0	0	0	0	0	0	0	0	0	0	0	0	0	0	0	0	0	0	0	0	0	0
quinolone__QnrS1	0	0	0	0	0	0	0	0	0	0	0	0	0	0	0	0	0	0	0	0	0	0	0	0	5.2495911932964464e-05	0	0	0	0	0	0	0	0	0	0	0	0	0	0	0	0	0	0	0	0	0	0	0	0	0	0	0	0	0	0	0	0	0	0	0	0	0	0	0	0	0	0	0	0	0	0	0	0	0	0	0	0	0	0	0	0	0	0	0	0	0	0	0	0	0	0	0	0	0	0	0	0	0	0	0	0	0	0	0	0	0	0	0	0	0	0	0	0	0	0	0	0	0	0	0
quinolone__QnrS10	0	0	0	0	0	0	0	0	0	0	0	0	0	0	0	0	0	0	0	0	0	0	0	0	0.00015748773579889338	0	0	0	0	0	0	0	0	0	0	0	0	0	0	0	0	0	0	0	0	0	0	0	0	0	0	0	0	0	0	0	0	0	0	0	0	0	7.198749797044747e-05	0	0	0	0	0	0	0	0	0	0	0	0	0	0	0	0	0	0	0	0	0	0	0	0	0	0	0	0	0	0	0	0	0	0	0	0	0	0	0	0	0	0	0	0	0	0	0	0	0	0	0	0	0	0	0	0	0
quinolone__QnrS11	0	0	0	0	0	0	0	0	0	0	0	0	0	0	0	0	0	0	0	0	0	0	0	0	5.2495911932964464e-05	0	0	0	0	0	0	0	0	0	0	0	0	0	0	0	0	0	0	0	0	0	0	0	0	0	0	0	0	0	0	0	0	0	0	0	0	0	0	0	0	0	0	0	0	0	0	0	0	0	0	0	0	0	0	0	0	0	0	0	0	0	0	0	0	0	0	0	0	0	0	0	0	0	0	0	0	0	0	0	0	0	0	0	0	0	0	0	0	0	0	0	0	0	0	0
quinolone__QnrS15	0	0	0	0	0	0	0	0	0	0	0	0	0	0	0	0	0	0	0	0	0	0	0	0	0.00010284913358295079	0	0	0	0	0	0	0	0	0	0	0	0	0	0	0	0	0	0	0	0	0	0	0	0	0	0	0	0	0	0	0	0	0	0	0	0	0	0	0	0	0	0	0	0	0	0	0	0	0	0	0	0	0	0	0	0	0	0	0	0	0	0	0	0	0	0	0	0	0	0	0	0	0	0	0	0	0	0	0	0	0	0	0	0	0	0	0	0	0	0	0	0	0	0	0
quinolone__QnrS3	0	0	0	0	0	0	0	0	0	0	0	0	0	0	0	0	0	0	0	0	0	0	0	0	0	0	0	0	0	0	0	0	0	0	0	0	0	0	0	0	0	0	0	0	0	0	0	0	0	0	0	0	0	0	0	0	0	0	0	0	0	0	0.00014611437799287098	0	0	0	0	0	0	0	0	0	0	0	0	0	0	0	0	0	0	0	0	0	0	0	0	0	0	0	0	0	0	0	0	0	0	0	0	0	0	0	0	0	0	0	0	0	0	0	0	0	0	0	0	0	0	0	0	0
quinolone__QnrS4	0	0	0	0	0	0	0	0	0	0	0	0	0	0	0	0	0	0	0	0	0	0	0	0	0	0	0	0	0	0	0	0	0	0	0	0	0	0	0	0	0	0	0	0	0	0	0	0	0	0	0	0	0	0	0	0	0	0	0	0	0	0	7.345663058208925e-05	0	0	0	0	0	0	0	0	0	0	0	0	0	0	0	0	0	0	0	0	0	0	0	0	0	0	0	0	0	0	0	0	0	0	0	0	0	0	0	0	0	0	0	0	0	0	0	0	0	0	0	0	0	0	0	0	0
quinolone__QnrS5	0	0	0	0	0	0	0	0	0	0	0	0	0	0	0	0	0	0	0	0	0	0	0	0	0.00010713451414890706	0	0	0	0	0	0	0	0	0	0	0	0	0	0	0	0	0	0	0	0	0	0	0	0	0	0	0	0	0	0	0	0	0	0	0	0	0	0	0	0	0	0	0	0	0	0	0	0	0	0	0	0	0	0	0	0	0	0	0	0	0	0	0	0	0	0	0	0	0	0	0	0	0	0	0	0	0	0	0	0	0	0	0	0	0	0	0	0	0	0	0	0	0	0	0
quinolone__QnrS7	0	0	0	0	0	0	0	0	0	0	0	0	0	0	0	0	0	0	0	0	0	0	0	0	0.00015855908094038245	0	0	0	0	0	0	0	0	0	0	0	0	0	0	0	0	0	0	0	0	0	0	0	0	0	0	0	0	0	0	0	0	0	0	0	0	0	0	0	0	0	0	0	0	0	0	0	0	0	0	0	0	0	0	0	0	0	0	0	0	0	0	0	0	0	0	0	0	0	0	0	0	0	0	0	0	0	0	0	0	0	0	0	0	0	0	0	0	0	0	0	0	0	0	0
quinolone__QnrS8	0	0	0	0	0	0	0	0	0	0	0	0	0	0	0	0	0	0	0	0	0	0	0	0	0.00036961407381372937	0	0	0	0	0	0	0	0	0	0	0	0	0	0	0	0	0	0	0	0	0	0	0	0	0	0	0	0	0	0	0	0	0	0	0	0	0	0.0002894191244934317	0	0	0	0	0	0	0	0	0	0	0	0	0	0	0	0	0	0	0	0	0	0	0	0	0	0	0	5.571496290982456e-05	0	0	0	0	0	0	0	0	0	0	0	0	0	0	0	0	0	0	0	0	0	0	0	0	0	0	0	0	0
quinolone__QnrS9	0	0	0	0	0	0	0	0	0	0	0	0	0	0	0	0	0	0	0	0	0	0	0	0	5.2495911932964464e-05	0	0	0	0	0	0	0	0	0	0	0	0	0	0	0	0	0	0	0	0	0	0	0	0	0	0	0	0	0	0	0	0	0	0	0	0	0	0	0	0	0	0	0	0	0	0	0	0	0	0	0	0	0	0	0	0	0	0	0	0	0	0	0	0	0	5.571496290982456e-05	0	0	0	0	0	0	0	0	0	0	0	0	0	0	0	0	0	0	0	0	0	0	0	0	0	0	0	0	0
quinolone__sdrM	0	0	0	0	0	0	0	0	0	0	0	0	0	0	0	4.993399767194595e-05	0	0	0	0	0	0	0	0	0	0	0	0	0	0	0	0	0	0	0	0	0	0	0	0	0	0	0	0	0	0	0	0	0	0	0	0	0	0	0	0	0	0	0	0	0	0	0	0	0	0	0	0	0	0	0	0	0	0	0	0	0	0	0	0	0	0	0	0	0	0	0	0	0	0	0	0	0	0	0	0	0	0	0	0	0	0	0	0	0	0	0	0	0	0	0	0	0	0	0	0	0	0	0	0
rifamycin__arr-2	0	0	0	0	7.207756352167712e-05	0	0	0	0	0	0	0	0	0	0	0	0	0	0	0	0	0	0	0	0	0	0	0	0	0	0	0	0	0	0	0	0	0	0	0	0	0	0	0	0	0	0	0	0	0	0	0	0	0	0	0	0	0	0	0	0	0	0	0	0	0	0	0	0	0	0	0	0	0	0	0	0	0	0	0	0	0	0	0	0	0	0	0	0	0	0	0	0	0	8.054803259671678e-05	0	0	0	0	0	0	0	0	0	0	0	0	0	0	0	0	0	0	0	0	0	0	0	0	0
rifamycin__arr-3	0	0	0	0	7.83242856935558e-05	0	0	0	0	0	0	0	0	0	0	0	0	0	0	0	0	0	0	0	0	0	0	0	0	0	0	0	0	0	0	0	0	0	0	0	0	0	0	0	0	0	0	0	0	0	0	0	0	0	0	0	0	0	0	0	0	0	0	0	0	0	0	0	0	0	0	0	0	0	0	0	0	0	0	0	0	0	0	0	0	0	0	0	0	0	0	0	0	0	0	0	0	0	0	0	0	0	0	0	0	0	0	0	0	0	0	0	0	0	0	0	0	0	0	0
rifamycin__iri	0	0	0	0	0	0	0	0	0	0	0	0	0	0	0	0	0	0	0	0	0	0	0	0	0	0	0	0	0	0	0	0	0	0	0	0	0	0	0	0	0	0	0	0	0	0	0	0	0	0	2.5809252596464595e-05	2.6431438056589234e-05	0	0	0	0	0	0	0	0	0	0	0	0	0	0	0	0	0	3.116893496711503e-05	0	0	0	0	0	0	3.2050627220709486e-05	0	1.4738586252911854e-05	0	0	0	0	0	0	0	0	0	0	0	0	0	0	0	0	0	0	0	0	0	0	0	0	0	0	0	0	0	0	0	0	0	0	0	0	2.2129948284819112e-05	0	0	0	0
rifamycin__RbpA	0	0	0	0	0	0	0	0	0	0	0	0	0	8.150941242881791e-05	0	0	0	0	0	0	0	0	0	0	0	0	0	0	0	0	0	0	0	0	0	0	0	0	0	0	0	0.0002193968866517423	0	0	0	0	0	0.00010616406632973276	0	0	0	0	0.00013479487862830383	0	0	0	0	0	0	0	0	0	0	0	0.00018306607002107085	0	0	0	0	0	0	0	0	0	0	0	0	0	0	0	0	0	0	0	0	0	0	0	0	0	0	0	0	0	0	0	0	0	0	0	0	0	0	7.872752295502569e-05	0	0	0	0	0	0	0	0	0	0	0	0	0	0	0	0
rifamycin__rphA	4.51098518182426e-05	1.3687758505135977e-05	0.0001640993747549029	0.00011263440274694169	7.633222293603185e-05	0.0001078090369012079	0.00010903293335422711	5.054899056459257e-05	5.060842614600299e-05	0.00014281480105257573	6.050703796572248e-05	9.318328387206013e-05	8.928590601231855e-05	5.6870899117284724e-05	9.28018721155598e-05	0.00026139495283042217	7.996519980991182e-05	0.00013619007007498765	0.00015290919727164833	0.00011261593368290742	0	0.00014841077562025744	8.12974300560454e-05	8.519781484643577e-05	3.159043835701761e-05	4.5365693469653944e-05	1.7227699215950354e-05	3.3108874558469354e-05	0.00022056229256726872	0.00017403942898014784	0.00012096815424740811	0.00010273841323881725	0.000161051040681155	0.00011848166763705312	0.00021618350127331162	0	2.73949614857786e-05	0.0004611668901123842	7.894505841766958e-05	0.00011442352505907848	0	4.944419547270596e-05	8.498569388730501e-05	0.0001614620291789713	5.396332274315563e-05	5.083105607512854e-05	0.00018164727687007432	0.00014924335798491913	0.00013582757409979213	2.7788555004279953e-05	8.355994172157402e-05	0.0002013869323025531	7.425717406238075e-05	0	2.9394959687394172e-05	1.8383157812862228e-05	4.5004494678791803e-05	0.00019055553502577699	7.701691637663588e-05	4.2949890947624675e-05	7.861937473495293e-05	3.940652968013254e-05	6.294341570802838e-05	2.787481919421827e-05	0.00029502668359138396	6.843257122396907e-05	0.00013979670729850443	0.00012073743854130802	3.174453087054678e-05	6.476220050600752e-05	5.474815930371366e-05	4.5218129684950034e-05	0.00011509001854788667	4.847546304211604e-05	0.00011276013733478219	3.064341436527684e-05	6.903758792016832e-05	2.4494118362312938e-05	6.81729820479367e-05	9.583053864172672e-05	2.714178144593593e-05	0.00021475692058399413	2.491267557520636e-05	4.70979143966683e-05	0.0001094577983207216	0.00010268002103601629	1.4610892276927746e-05	2.8602307035262718e-05	4.9689297119734155e-05	6.702499593718954e-05	9.07078242388991e-05	7.571666023097681e-05	6.052090775433075e-05	4.253156822324064e-05	2.519616954915564e-05	1.4238427786066905e-05	2.8167787999680877e-05	0.00011876935706253217	0.0001227994707043293	9.418182452676216e-05	2.8114391810205793e-05	2.5719459669428256e-05	6.767458485609272e-05	0	0.00010997325036540449	3.318132988097862e-05	1.5133977902272463e-05	0.00010168416801924845	9.65776664183125e-05	0.0001755143947227758	1.3394779405000433e-05	8.39036240825231e-05	4.543555135406196e-05	4.380464219336394e-05	6.424305644584962e-05	7.046092794933281e-05	9.433869304236273e-05	0.00010799575154024	9.941524809161508e-05	5.2685100271594475e-05
rifamycin__rphB	0.0012385387406527516	0.0002924780734878228	0.001004278729657765	0.0006434178108264616	0.0008184179037911481	0.0013087748055851907	0.001352511242772691	0.0008369785242094487	0.00113967330952492	0.001134128624892353	0.0012073906616370323	0.0009326652351887108	0.0012112356406542128	0.0012421995402530244	0.0009787537314411988	0.003084217990481679	0.001525200007958453	0.0014876335365683181	0.0012279185208300752	0.000955411907113927	4.2307377447404e-05	0.0012691398475875896	0.0018128611545193461	0.0013856887474909096	0.0012834860226506237	0.0003515867275101398	0.0007676869347111289	0.0010754827608945715	0.002169375131785389	0.0017634468513008398	0.001381978775046521	0.0005017316895149246	0.001841446792893653	0.0016341886873948877	0.001927337323443438	0.00038884740427411456	0.0004545639603134494	0.003176641273635583	0.0012167378974436052	0.0011845333219504366	0.0007051703094439473	0.000488907596100679	0.0004537386971593196	0.0017549411674567814	0.0008444889503207219	0.0008176155208771732	0.0014246834690867596	0.001029380117688929	0.0011787432444479123	0.0007104820852338618	0.0009701887338327408	0.0011770249759574893	0.0006518643734570123	3.694517768043738e-05	0.0005660591377267517	0.0008961643865778604	0.000629322361696351	0.0012579084737687966	0.0010023798259583365	0.0018682511148204785	0.000920305857385293	0.000977561882907096	0.0008129953852423847	0.0005208672788768618	0.0018391198076661874	0.0007368628257553312	0.0015311001152618756	0.0013795797486403029	0.0007669490949204645	0.0005642649101924518	0.0008386907407865341	0.0010345632847189319	0.0011922974140141434	0.0005004400766452713	0.0019312551479884659	0.00021021944422274104	0.0008233776239996764	0.0009014660286096888	0.0007030876216365185	0.0006546960540624576	0.0005341192825644745	0.00178005491081221	0.0005084801747742529	0.000461479067831425	0.0011661805647637865	0.0013468403070793018	7.79519122138341e-05	0.000652348143446561	0.0007514203148351406	0.000911892871876805	0.0007177599846212817	0.001126749556567513	0.0008897034448166792	0.0010668901937882082	0.00041823745866689793	0.0003380928637044514	0.00030015725709992594	0.001328112745510812	0.0006037313123497527	0.0014773829085367946	0.00025590145859062045	0.000552268500663141	0.0009800566010494333	0.00029015188889985714	0.0016487732546757888	0.0012147325508377687	0.0007484317028862393	0.0016619959446467702	0.0010406294497540517	0.001439499891122714	0.000282060112746835	0.0007413171045127237	0.000721018940716685	0.0007280902029785586	0.0006249906256309766	0.0008479389985339105	0.0013181225291378138	0.0017780896029339483	0.001111549862234079	0.000124195208862158
streptothricin__SAT-4	0	0	0.0001515927719216409	0	0	0.0001263304170092356	0	0.00011191940551997633	0	0	0	0	0	0	0	0	0	0	0	0	0	0	0	0	0	0	0	0	0	0	0	0	0	0	0	0	0	0	0	0	0	0	0	0.00028700192474930014	0	0	0	0	7.490309300311851e-05	0	0	6.103092467927723e-05	0	0	0	0	0	0	0	0	0	0	6.939203035654698e-05	0	0	0	0	0	0	0	0	0	0	0	0	0	0	0	0	0	0	0	4.647923688197814e-05	0	0	0	0	0	0	0	0	0	0	0	0	0	0	0	0	0	0	5.355839333013347e-05	0	0	0	0	0	0	0	0	0	0	0	6.300849137866332e-05	0	0.00012508129280557867	0	0	0	0
sulfonamide__sul1	6.364995736596466e-05	0	0	0	7.233604118202445e-05	0	0.00041039588646235586	0	7.253734650587007e-05	0	0	0	0	4.89778253051088e-05	0	0	0	0	0	0	0	0	0	0	9.457941158170457e-05	0	0.00013321488731936096	0	0	0	0	0	0	4.48181860945157e-05	0	0	0	0	0	0	0	0	0	0	0	0.00015533332301399314	0.00014256248679487806	0.00025323585888799093	8.908002202711915e-05	7.601865932543376e-05	0.00029686042748926006	0.0001582529148278308	0.0008372410383887274	0	9.088636110187934e-05	0	0	0	0	0	0	0	0	0	0.00048288412806223925	0	0	0	0	0	3.095239071745903e-05	8.325280649231805e-05	0	0	0	0	5.319513823437199e-05	0	0	0	0	9.636918031299304e-05	0	0	0	0	0	0	0	0	0	0	0	0	3.665981561496025e-05	0.0006010002328440852	0	0	0	0	0	0	0	0	0	0	0	8.98169136176719e-05	0	0	0	0.00012606103962008058	0	0	0	0	0	4.107686031348385e-05	3.1321868366143525e-05	0.0010680344558142642
sulfonamide__sul2	0.00011195113855038679	0	0	0.00010884420685911678	0.0001732523168864537	4.237853640028031e-05	6.616864935552491e-05	4.2081995725258484e-05	0	4.340951680036475e-05	3.722093349288129e-05	0	4.5063445936866615e-05	0.00010066194921109275	3.667273324461809e-05	0	4.8297494783731085e-05	0	0	0	0	0	8.744259506203314e-05	0	0.0027015588989289805	0.00041333845203050517	0.0001075798906497054	8.29495930402479e-05	0	0	0	0	0	0	0	0	0	0.00011142450868120536	0	0	0.0005635800707875983	0.001850237588604999	0	0	0.00011798277019786898	0	0.0001524820354363997	9.106787469087523e-05	0	0	4.48559105572516e-05	0	0.000274891187032098	0	0	0	3.1990211107860065e-05	0	0	0.0003662737632089164	0.00014335412908433285	9.35810562396535e-05	0.0006822131226852213	0	0	0	0.00023766808939576639	0	0	0	9.690468265440645e-05	0.0002931490254351693	0.0001230464653061362	0	0	0.00010418908373754683	0.00011292559621584973	0	0	0	0	0	0.00017708345039727305	0	0	4.8885559809866517e-05	0	0	0	4.866423372084757e-05	0.00041448483435727425	0	0	0.00021047402107098688	9.484109944256606e-05	0.0001834273757439087	0	0	0.00015708183722700818	0	0.0001828182722219659	0.00022427925373696771	0.0001004694343096545	4.357611971680389e-05	9.225163637048042e-05	0	0	9.120709452329836e-05	0	4.714202585800908e-05	8.550910837878506e-05	0	0.00022055777124777837	0	0	8.361048984330125e-05	0	4.995792560153355e-05	0	0.00046882038526248066
sulfonamide__sul3	0	0	0	0	8.755642583233996e-05	0	4.575967284754156e-05	0	0	0	0	0	0	0	0	0	0	0	0	0	0	0	0	0	0	0	0	0	0	0	0	0	0	0	0	0	0	0	0	0	0	0	0	0	0	0	4.510665621950178e-05	0	0	0	0	0	0	0	0	0	0	0	0.00015881290788893532	0	0	0	0	0	0	0	0	0	0	5.551625815967821e-05	0	0	4.064730284795344e-05	0	0	0	0	0	0	0	0	0	0	0	0	0	0	0	0	0	0	0	0	0	0	0	0	0	0	0	0	0	0	0	0	0	0	0	0	0	0	0	0	4.90041844459013e-05	0	0	0	0	0	0
sulfonamide__sul4	0	0	0	0	0	0	0	0	0	0	0	2.9017564773407257e-05	0	0	0	0	2.8024429882332762e-05	0	0	0	0	0	0	0	0	0	0	0	0	2.7299683755159646e-05	0	0	0	0	0	0	0	0	0	0	0	0	0	0	0	0	0	0	0	0	0	0	0	0	0	0	0	0	0	0	0	0	0	0	0	2.2722620427967052e-05	0	0	0	0	0	0	0	0	0	0	0	0	0	0	0	0	0	0	0	0	0	0	0	0	0	0	3.34591291555652e-05	0	0	0	0	0	0	0	0	2.5838946125499932e-05	0	0	0	0	2.280643011405171e-05	0	0	0	0	0	2.909086004534685e-05	0	0	0	0	0	0	0
tetracenomycin_C__tcmA	0	0	0	0	0	0	0	0	0	0	0	0	0	0	0	0	0	0	0	0	0	0	0	0	0	0	0	0	0	0	0	0	0	0	0	0	0	0	0	0	0	0	0	0	0	0	0	2.3050080632691514e-05	0	0	0	0	0	0	0	0	0	0	0	0	0	0	0	0	2.116070325924935e-05	0	0	0	0	0	0	0	0	0	0	0	0	0	0	0	0	0	0	0	0	0	0	0	0	0	0	0	0	0	0	0	0	0	0	0	0	0	0	0	0	0	0	0	0	0	0	0	0	0	0	0	0	0	0	0
tetracycline__Corynebacterium striatum tetA	0	0	0	0	0	0	0	0	0	0	0	0	0	0	0	1.8274091077838466e-05	0	0	0	0	0	0	0	0	0	0	0	0	0	0	2.2079404773860737e-05	0	0	0	0	0	0	0	0	0	0	0	0	0	0	0	0	0	0	0	1.941668308761804e-05	0	0	0	0	0	0	0	0	0	0	0	0	0	0	0	0	0	0	0	0	0	0	0	2.644214521366741e-05	0	0	0	0	0	0	0	0	0	0	0	0	0	0	0	0	0	0	0	0	0	0	0	0	0	0	0	0	4.327711788171003e-05	2.3179059835788227e-05	0	0	0	0	0	0	0	0	0	0	0	0	0	0	0
tetracycline__otr(A)	0	0	0	0	0	0	0	0	0	0	0	0	0	0	0	0	0	0	0	0	0	0	0	0	0	0	0	0	0	0	0	0	0	0	0	0	0	0	0	0	0	0	0	0	0	0	0	0	0	0	0	0	0	0	0	0	1.3654946822812065e-05	0	0	0	0	0	0	1.7526554073669376e-05	0	0	0	0	0	0	0	0	0	0	0	0	0	0	0	0	1.5738321401531478e-05	0	0	0	0	0	0	0	0	0	0	0	0	0	0	0	1.574992670958239e-05	0	0	0	0	0	0	0	0	0	0	0	0	0	0	0	0	0	0	0	0	0	0	0
tetracycline__tet(32)	0.003361157246887947	0.0017770423774440937	0.005203197062713769	0.004591838415757983	0.004950977382995472	0.0038522779316772747	0.005068980956533436	0.0030853070433355836	0.0043280332956067	0.004300917100316927	0.0033016331028285443	0.003686922282228683	0.004102159549991926	0.004195675057334264	0.004324243596446246	0.0020214196542068137	0.004869441316250371	0.0028704561136726333	0.0017524095338182636	0.0022539610989296016	0.0038149593722990186	0.0041747166109457595	0.006118656133402456	0.00246201407433998	0.0019440840188615336	0.0017804601928948526	0.001441688820318457	0.0032846260425433236	0.003112036197512134	0.0015103368466875473	0.003072880057355252	0.004417741475428356	0.005658253583425941	0.002609403168310778	0.00416107412595638	0.002699362084257903	0.0033955481467802654	0.0021718259530325956	0.0037488991884016025	0.004803877016836638	0.001372478230931795	0.002576275666750572	0.0013831433437582758	0.003909027560248801	0.0029818172446954066	0.004029990696645114	0.0058347219513981054	0.0020190901840327876	0.006316920806874095	0.0048861320435277245	0.0046752133255054135	0.002940618128074632	0.0025538883201520327	0.0011779727208913642	0.0048640884028823324	0.002490975420912982	0.0032883483935399263	0.0028326458828944793	0.00473041519225595	0.002632861405170296	0.004195258582127351	0.00431657522720598	0.003476869011075236	0.005182676095446317	0.0017600724564324267	0.0029953498754923167	0.004350834105920547	0.003476587400632152	0.0040845418429548705	0.006136699907102905	0.0032477244019157954	0.0008637519799235239	0.011116323695223834	0.006312306059089723	0.0013565831361329812	0.0023748046692276463	0.002825167950930855	0.0054190469084084035	0.003742003437869649	0.009696745277121383	0.004402006648787532	0.002787261576222913	0.004773296619095852	0.005328313869264872	0.001626562573814664	0.005911428560074374	0.0014278148504677274	0.0054712257244069265	0.005202968316124917	0.0038409133691601235	0.005136236003902079	0.0030724185526251222	0.003234372350514524	0.005142833890775165	0.005123931367984327	0.0018914455223206332	0.0024139289079129433	0.0019072451656848264	0.004418858680102432	0.004505767095782855	0.001776824612688138	0.006134940843788998	0.006401165515693234	0.001766749106690248	0.0028878871918512562	0.00618826891795629	0.0030381519848428178	0.006832182864853447	0.003685884274264649	0.0031155582069520202	0.0037994239377043496	0.003995660468050735	0.004996571459400552	0.005074966901632287	0.005323380060586431	0.003960462729664189	0.002722527712479354	0.003973017005609834	0.0038809400212676854	0.002664318556668442
tetracycline__tet(33)	0	0	0	0	0	0	0	0	0	5.237299540454817e-05	0	0	0	0	0	0	0	0	0	0	0	0	0	0	0	0	7.249602075468838e-05	0	0	0	0	0	0	0	0	0	0	0	0	0	0	0	0	0	0	0	0	0	0	0	6.275284082371356e-05	0	0	0	6.059911775358251e-05	0	0	0	0	0	6.8073832978713e-05	0	0	0	5.5735316692666585e-05	0	0	0	0	7.174828450120573e-05	0	0	8.126027520363664e-05	0	0	0	0	0	0	0	0	0	0	0.00013391426719432532	0	0	0	0	0	0	0	0	0	6.306463604326007e-05	0	0	0	0	0	0	0	0	0	0	0	0	0	0	0	0	0	0	0	0	0	0	0	0	0	6.298426069016632e-05
tetracycline__tet(34)	6.674979295196943e-05	0	0	9.286668259368955e-05	0	0	0	0	0	0	0	0	0	0	0.00013340885241161027	0	8.704557766482146e-05	0	0	0	0	0	0	0	0.0004109930407070865	0	0.0003831932525604957	7.316800466615113e-05	8.42770487987841e-05	8.721717147752302e-05	8.405739999250879e-05	8.796793578909657e-05	0	0	0	0.0003921013422358859	0	0	0	0	0	0	8.712177201621905e-05	0	0	0	0	0.000162089779842717	0	6.881169551925627e-05	0.00016252985773341813	0	0	0	0	0	0	0	0	0	0	0	0	0	7.365023991530942e-05	0	0	0	0	0	8.371214762221874e-05	0	0	0	0	9.354373738694405e-05	0	7.607397876392915e-05	0	0	0	0	0	8.758534142255114e-05	0	8.444504299104345e-05	0.0003771205026548706	0	0	0	7.886923321001138e-05	0	0	0	0	0	0	7.757134842879064e-05	0	0	0.0001644950548960228	0	0	0	0	0	0	0	0	0	0.00013091222391211786	0.00014785156064452758	0	0.00025106689303776704	0.0001571683663756038	0	0	0	6.706320490137358e-05	0
tetracycline__tet(35)	0.0009693320687682438	0.0022811248663215217	0.0009687894810661159	0.0010932807806970286	0.0014633268985674085	0.001207593047538394	0.001535549453193419	0.0012687094472746763	0.0012013875153675472	0.0012977751493385141	0.0011487832600137033	0.0010817103312753481	0.0013621991081632517	0.0016501465552064658	0.001299522164848501	0.0009327427184643055	0.0008079339340891786	0.001106662534371804	0.0009041994389879553	0.0006675800453049888	0.000647578891319854	0.0005999838420793105	0.0010722332161131956	0.0012091063212953486	0.0013361270770270658	0.0007028020946612584	0.0006413092736318082	0.0009237212730007182	0.0013879082417951303	0.001228485768982184	0.00083974823278424	0.0006637693305590714	0.0006285240172834647	0.0009122796435863177	0.0011932318752087357	0.0009516675320254032	0.0012556774323183655	0.0008573578559937137	0.0011519855799729049	0.0008996170238408826	0.001836104508650269	0.0011719361176254289	0.0011786623474262915	0.0006254313300701748	0.0010216582517126025	0.0006090237040738827	0.0009441363748058173	0.0006341073230101111	0.0013884475776187824	0.0007025442602482229	0.0008416567468223775	0.0013000083143065555	0.0009294928801413186	0.00023301146407645357	0.0012961384846550137	0.00106181916628786	0.0008930557253774746	0.0009008909282797302	0.001536579441918087	0.0018308633313145672	0.0005688192909242053	0.00113733011466084	0.001172590781884865	0.001237588456065371	0.0007665932126209317	0.001241878601082353	0.0013587881425239658	0.001576384336987505	0.001021092240360505	0.0009100754623520147	0.0011051429477033135	0.0011777682076929174	0.0009650911697024502	0.0011531272367458346	0.0008630089693952008	0.0013343849359306373	0.0012802843822341237	0.0008808667542787981	0.0010811876569282006	0.0013152837346206488	0.0009996201235874344	0.0010797194415112057	0.0005503306539906058	0.0008839914250429378	0.0008050143088354723	0.0010107891001900878	0.0006067225341166358	0.0013038845623680481	0.0010331011144274734	0.0012361401148334706	0.0015759996435194665	0.000856936126801653	0.0008797712239613848	0.0006113471765690761	0.0014758931704992558	0.0016147217438170142	0.0011921712816405034	0.0005872634583109279	0.0014674005097020403	0.0012293661721343495	0.0016428196916095424	0.0021805199535907998	0.0007614766296002627	0.0007475914374916261	0.0009475387957988488	0.0011895694426267947	0.0007350765830537911	0.0013758636772369514	0.0008192703344345973	0.0013017229227922965	0.00102802572419391	0.000984065996482691	0.0012466497829188882	0.0012468975289458316	0.001149221423049179	0.0008776337075887855	0.0009368189673146627	0.0012525954747692476	0.0009447525745068456	0.0010083740309049841
tetracycline__tet(36)	0	0	0	0	3.6347363829665745e-05	0	0	0	0	0	0	0	0	0	0	0	0	0	0	0	0	0	0	0	0	0	0	0	0	0	0	0	0	0	0	0	0	0	0	0	0	0	0	0	0	0	0	0	0	0	0	0.00014222385126152999	4.706026200110658e-05	0	0	0	0	0	0	0	0	0	0	0	0	0	0	0	0	0	0	0	0	0	0	0	0	0	0	0	1.141274212882931e-05	0	0	0	4.726487397535153e-05	0	0	0	0	0	0	0	0	0	0	0	0	0	0	0	0	0	0	0	0	0	0	0	0	0	0	0	0	0	0	0	0	0	0	0
tetracycline__tet(37)	0.0006351825535667568	0.0005099014257942558	0.000604839847566143	0.0006896927623181034	0.0005809051188938722	0.0004253549394250357	0.00018193188146490443	0.0003582268850923485	0.000516660683330005	0.00017269752767078443	0.0006961555260951896	0.0011208706096616826	0.0009028016890072939	0.00022521636669465867	0.0013159288235110097	0.0005848796888424847	0.0006553564825075892	0.0005338758211912703	0.0012891467411303686	0.0006540464608806726	0.0009064063788694384	8.568901067209873e-05	0.00019601557410187418	0.00023975210909613873	0.0004389935915875679	0.001943109080798644	0.00022076977513773414	0.0005086192546584534	0.0006369159928663664	0.0012851073352891818	0.001862818352766084	0.0016131038773533185	0.0006485130277888846	0.0013122764888474198	0.00048379300700257034	0.003182788012762197	0.0004855103891372425	0.0008678297424884394	0.002087323549260583	0.0024271714025546477	0.0019364703499591262	0.001639626066244021	0.004410136366783978	0.0010720507406883405	0.0007713680852891727	0.001143451811543708	0.00040126342684155045	0.0009081696924109432	0.0009961601824564402	0.00040444742267031704	0.00041384917478416657	0.0007096055925011201	0.0003614000468112191	8.228656354121099e-05	0.001139490168770782	0.0003710334018562693	0.0010666884119106294	0.0016230204281450274	0.00015276184200038932	0.00020375195773265963	0.0008058905309527269	0.0002524936901727011	0.0008777795292964917	0.001799502425859683	0.0014618754287189862	0.0011031557086334074	0.0010774632891297437	0.0005792647302106924	0.00022803881926909103	0.0008635757474388793	0.0001096230504576674	0.00029928807736113246	0.0026199750664678695	0.00033874383663223644	0.00035287672362525196	0.0007176190490725083	0.0007208484038290408	9.00118826745781e-05	0.0011548460704424938	9.043424026738981e-05	0.00033573992717614266	0.00027661523978729486	0.0012324040082342688	0.0002268414001393587	0.0003417075333329118	0.0003509892665533953	0.0014962152815463676	0.0006360716950173451	0.0003731010591021705	0.0007353706428928076	0.0005960469272778823	0.001069750214629984	0.0012218578401486599	0.0009110309537051814	0.0006321528928608996	9.883402497180392e-05	0.000981745431563969	0.0013361808417504427	0.000367825273963058	0.00017569720112070667	0.001353398295180629	0.0011238107318416895	0.0006075702985368375	0.0005357845312217027	0.0005762708812365648	0	0.0007539383454407087	0.00027843243221478285	0.0010684042023410662	0.0007717324233051856	0.0008518211521433656	0.000878439056298505	0.0009955538771074257	0.0019212816499933323	0.0007020602820772673	0.0007538569499056762	0.0015250725380289024	0.000666901300909657	0.00023028582000524577	0.00027811568609279196
tetracycline__tet(38)	0	0	0	0	0	0	0	0	0	0	0	0	0	0	0	0	0	0	0	0	0	0	0	0	0	0	0	0	0	0	2.9964906478811e-05	0	0	0	0	0	0	0	0	0	0	0	0	0	0	0	0	0	0	0	0	0	0	0	0	0	0	0	0	0	0	0	0	0	0	0	0	0	0	0	0	0	0	0	0	0	0	0	0	0	0	0	0	0	0	0	0	0	0	0	0	0	0	0	0	0	0	0	0	0	0	0	0	0	0	0	0	0	0	0	0	0	0	0	0	0	0	0	0	0
tetracycline__tet(39)	0	0	0	0	0	5.756829129534788e-05	0	0	7.648558182201236e-05	0	0	0	0	0	0	0	0	0	0	0	0	0	0	0	0	0	0	0	0	0	0	0	0	0	0	0	0	0	0	0	0	0	0	0	0	0	0	0	0	0	0	0.00019468092429339066	0	0	0	0	0	0	0	0	0	0	0	0	0	0	0	0	0	0	0	0	0	0	0	0	0	0	0	0	0	0	0	0	0	0	0	0	0	0	0	0	0	0	0	0	0	0	0	0	0	0	0	0	0	0	0	0	0	0	0	0	0	0	0	0	0	0	0	0
tetracycline__tet(40)	0.008457541675873464	0.014705280818641128	0.007496815854593285	0.00911968168858447	0.00828944884720788	0.004692838374794489	0.008071188348230098	0.009406267188736122	0.01089623502469643	0.008199260100447692	0.008025843543545725	0.00648558653848396	0.009159352650431246	0.007905397385562177	0.007151767342630081	0.004781314336343659	0.005989336057668439	0.006601805373469935	0.004908124569217407	0.005153533912297481	0.008712217371675114	0.01095637419214283	0.008717915022243165	0.008937810152891522	0.006300760214214518	0.010068073904774905	0.006966482695017441	0.008648647379137338	0.009885523457789515	0.00971312325715521	0.00934794374356346	0.013571753801083743	0.005227773995569424	0.006780006880681597	0.006030541921355866	0.01807716853781605	0.021147781132904712	0.004850306505801086	0.010276828028695645	0.014499653553991881	0.01808133196400083	0.013071147735747296	0.0075579388973667965	0.006685652183728529	0.01999299848730546	0.005195615264257627	0.008229715549092463	0.005509189413734646	0.021605705684583056	0.007315915941110366	0.007362053545248458	0.005509533439730952	0.00488855207806408	0.005951629053449185	0.01089775775603693	0.014941862365394095	0.012195101839245059	0.006337480285227119	0.009633855028781302	0.017915572946288098	0.010864874370604146	0.0057433483454189865	0.009939442013935111	0.01221756766414044	0.008699921891678699	0.006911217602012177	0.009775317549064915	0.009184400405839028	0.006740296039704001	0.013385390107125944	0.009592610931575471	0.010274834614151704	0.008242313776258524	0.014533920477122231	0.007296301523374126	0.01567457571409036	0.008287724458196123	0.009922044958798568	0.006057247022195387	0.0095528576818413	0.008834635004723604	0.005472522209663788	0.009805599508612216	0.007587503951060851	0.004851099025868198	0.011426163975543784	0.01021776232724683	0.008225389162269484	0.012255693096795436	0.009273494733890993	0.009974564727782825	0.00792649741822543	0.005063084551796195	0.00930527679533886	0.007798692259081152	0.0082243091640046	0.015257062623756666	0.011115064772657224	0.011392578393306006	0.009792998479017595	0.0124390026063718	0.012054596016028563	0.008679178288286545	0.013715459177664834	0.008796941520335127	0.009500687451565725	0.00766107308962228	0.015874763401250724	0.004700562807952819	0.006609655720850852	0.011544818503279625	0.007166180329989447	0.007973403485187568	0.00960957090188875	0.0056896386480722195	0.008249315714947412	0.007818979562439226	0.005629522381807371	0.00974422231948389	0.019220524516563506
tetracycline__tet(41)	0	0	0	0	0	0	0	0	0	0	0	0	0	0	0	0	0	0	0	0	0	0	0	0	0	0	0	0	0	0	0	0	0	0	0	0	0	0	0	0	0	0	0	0	0	0	0	0	0	0	0	0	0	0	0	0	0	0	0	0	0	0	0	0	0	0	0	0	0	0	0	3.4557607239081306e-05	0	0	0	0	0	0	0	0	0	0	0	0	0	0	0	0	0	0	0	0	0	0	0	0	0	0	0	0	0	0	0	0	0	0	0	0	0	0	0	0	0	0	0	0	0	0	0	0
tetracycline__tet(42)	0	6.632440443542802e-05	0	0	0	0	0	0	0	0	4.778213594708338e-05	0	0	0	0	0	3.0693735002744986e-05	0	0	0	0	2.624918638696013e-05	0	0	0	0	0	0	0	0	0	0	0	0	0	0	0	0	0	0	0	2.7113960372491872e-05	0	0	0	0	0	0	0	0	0	0	0	0	0	0	0	0	0	0	0	0	0	0	0	0	0	0	0	0	0	0	0	0	0	0	0	0	0	0	0	0	0	0	0	0	0	0	0	0	0	0	0	0	0	6.161006132223118e-05	0	0	0	0	0	0	0	0	0	0	0	0	0	0	0	0	0	0	0	0	0	0	0	0
tetracycline__tet(44)	0.007726646122366991	0.0012657346830169036	0.005689896882467953	0.006490129589646758	0.008311430529050232	0.0036707599578706305	0.009272854796842587	0.0072895064225228625	0.004986007520546265	0.006608203611571525	0.011260195441991956	0.005842176592744768	0.004503480708235381	0.00866178350526196	0.004764922377278418	0.007621054680561425	0.006867558776140962	0.007769777465937188	0.009376902332700119	0.008539556435899223	0.004289437456310358	0.01311190171186197	0.0050924339214837334	0.008264136641808634	0.0077353563221614925	0.0011685312993522333	0.0016923038122628282	0.007315681034252057	0.008855911297509482	0.009065350532093236	0.010166671386763216	0.0073018664781097494	0.007093333945090578	0.005853210285757656	0.008662441104330234	0.0012261553333723048	0.001241158875499675	0.008603846768028807	0.0010652777621157912	0.00964527167576059	0.0012468189117091739	0.001547179988515379	0.0003472108902326074	0.008096672232928238	0.0033929878329403826	0.009954062154601038	0.009630406307764287	0.004402594801457131	0.007525467894986785	0.005786754150331371	0.010235317790762007	0.009416199807659915	0.0007961827999779052	0.0004915593589543092	0.01670331610888442	0.0010564513558211097	0.005249105042309869	0.006258025082416038	0.006669794728099277	0.0015204493696552	0.0010971350932140389	0.007006936615126992	0.0013071056487353417	0.007798633985657426	0.006806345493513367	0.005091310353856949	0.004837552594883224	0.001770688152097613	0.003842847275062234	0.004379767182832539	0.005159956985042405	0.0020265606813962187	0.005085172089974244	0.0040572554459784825	0.009191578887234066	0.0006550107886341423	0.004522780926494227	0.006376086914129646	0.0039713990644465085	0.01008267866381178	0.006566402703408578	0.007495770061436076	0.004351486509788607	0.006678264981672977	0.004317173588908609	0.004980460833429201	0.001354116623522411	0.005831571100439194	0.006285777695376193	0.005465504421305251	0.005856962350006487	0.0008637141401285458	0.0032641674060591135	0.0014999332451926502	0.007157946224975573	0.003086757658758811	0.001480566938482196	0.004664534868347869	0.007626127402227287	0.008126961886438846	0.0009859782185762953	0.0030582357576057467	0.004540989234899365	0.0013122893982565845	0.0060213279395547395	0.004588006376807094	0.0028129051790144383	0.01183798990628683	0.03617922008990417	0.004458669234637569	0.0024791455380288392	0.005506248163422595	0.005503263449078491	0.0012912265697726927	0.00413149326664941	0.0029010331660930234	0.005336421182934948	0.004991934871585812	0.005361134392180387	0.0009762669754650587
tetracycline__tet(A)	7.428587820669733e-05	0	0	3.245612999144016e-05	0.00013711001445276062	0	0	7.431368726593794e-05	0	2.4803006265933898e-05	0	0	0	0	0	0	5.840966867269065e-05	0	0	0	0	2.584887199761651e-05	0	0	0.0004767742629006678	0	0.00041559104618751924	0.0005002244228621307	0	0.0001522836674375043	0	0	0	5.568000531271598e-05	0.0002459360342187117	0.0003930466203029927	6.266936536646642e-05	0	0.00020852323420407715	0	0.00018528686726461332	0.00020539961041954736	0.0003156534821910521	0	0	6.230573338442495e-05	2.004339167923617e-05	2.6916869758437148e-05	0	0	0	2.7922645278100692e-05	0.00011608050439934851	0.0002618502306645067	0	0.00013216296414285693	0	0	0	0.0004039310721872769	0.00013903005018508805	0	2.9267576571349397e-05	0	9.340583368082772e-05	0	0	9.091426553755653e-05	7.456459246901452e-05	0	0.00012919156685940584	0	6.768738973026234e-05	0	0	6.277008957555288e-05	3.4058511874747976e-05	0	2.5581133728728633e-05	0	0	0	0.0001480139845024316	2.9385931544821086e-05	3.295154612660673e-05	0.00013494844746285743	0.0005205367218962935	0	0	0	0	0	0	0	0	0.00018633632761336406	5.197834285492223e-05	0	0	0	0	5.553881980025556e-05	0	0	0	9.923439780877117e-05	0	0	0	0	0.00010959392021382154	4.908924138138704e-05	0	0.00010445257929083224	2.636593510004683e-05	0	0	0.00019113314594845546	4.7491136513729164e-05	2.6514071493633314e-05
tetracycline__tetA(48)	0	0	0	0	1.781135359795147e-05	0	0	0	0	0	0	8.671429706338903e-05	0	0	0	0	2.1104111482817938e-05	0	0	0	0	0	0	0	0	0	4.25770280622773e-05	0	0	0	0	0	0	0	0	0	0.00014478749494398928	0	0	0	0	3.645954093046447e-05	0	0	0	0	0	0	0	0	0	0	3.8528541984603235e-05	0	0	2.4107126484622246e-05	0	0	0	4.1659178817779034e-05	0	0	0	0	0	0	0	0	0	0	0	3.880325612845415e-05	0	0	0	3.611933696655065e-05	0	0	0	0	0	0	0	0	0	0	0	2.3020590148411e-05	0	0	0	0	0	0	0	0	0	0	0	0	0	0	0	0	0	0	0	0	0	0	0	0	0	0	0	0	0	0	0	0
tetracycline__tetA(60)	0	0	0	0	0	0	0	0	1.0915054083461017e-05	0	0	0	0	0	0	0	0	0	0	0	9.320559814600045e-06	0	0	0	0	0	0	0	0	0	0	0	0	1.0254772528154472e-05	0	0	0	7.383770920545217e-06	0	0	0	0	0	0	0	0	0	0	0	0	0	0	0	0	5.708917472966279e-06	0	0	0	0	0	0	0	0	0	0	0	0	0	0	0	0	0	0	0	0	0	7.28993329298362e-06	0	0	0	0	0	7.005819972789922e-06	0	1.0710106158145285e-05	0	0	0	0	0	0	0	0	0	0	0	0	0	0	0	0	0	1.0815647392954689e-05	0	0	0	0	0	5.288955161584104e-06	0	0	0	0	0	0	0	0	0	8.37255901310018e-06	0
tetracycline__tetA(P)	0.0046252611633249025	6.359199210262647e-05	0.004360096868603385	0.0031773948504920076	0.000590788897802821	0.0021941023075370274	0.0010034842776228514	0.0015441607589517514	0.009005554745695737	0.0062817043571471816	0.00035901185536747976	0.005154037674556653	0.001303699942787525	0.0027251541873049992	0.0030227420188684235	0.0011319680600818203	0.0014394437026505975	0.00039300438601979227	0.00035280526119506615	0.00026593616800326065	0.00011892848531539665	0.0012237520688951594	0.0006923308701036639	0.0019924642309782402	0.0030790102251348726	0.0007196951055362225	0.0012226703225217297	0.0004683768520920702	0.003985686376491296	0.0017528834442576346	0.0029684520568187844	0.0003760922481436509	0.0022870010449371277	0.0030308362372396375	0.002999516643415936	0.0009368650923095142	0.0002923065982951283	0.0012684669318778392	0.0011009053714452586	0.003213568717452814	0.0009536622476010441	0.0008170340058910884	6.522032655103066e-05	0.00394097115334143	0.004366054844505575	0.010249708172436594	0.0018964740732287802	0.003003463587233752	0.0049835670128984474	0.007136052547686385	0.001644923781244169	0.0019685587031754623	0.0007229627033172913	0.00018038390250569753	0.0005273000845923353	0.001467474964892755	0.0013466679243492542	0.0022434291391742996	0.005798264938914595	0.0006062660293351382	0.0012766905205097677	0.0021198648816356633	0.0018667218715695275	0.006536309259849072	0.004056704314695186	0.002886850662243911	0.0017983493594013423	0.00039275161999358197	0.005586838737699001	0.002667585877985548	0.003613802160515904	0	0.0032524102688846032	0.0006559718559487111	0.00010996424777377707	0.00027233700077918975	0.0032717336332137364	0.006006661084941131	0.0037033076409545337	0.002513276853145372	0.0031663760202869018	0.0012900328910080204	0.002616117047357055	0.00586845620277058	0.0055637508793842366	0.0048243273390478885	0.0002127897551249503	0.00030644242252559777	0.0019339233079072506	0.004068070396483011	0.003362668627142045	0.00021083123763553037	0.001270043783140438	0.0019576414207692207	0.0005239227602150444	0.00022091033713477932	0.00034871087731525393	0.001281633818740479	0.0015147090474379344	0.0011439393768967608	0.0001164076671814188	0.0005208700889798695	0.0008025546255242969	0.00019625646793788547	0.0017468838560132799	0.001983280031744673	0.002199893044514685	0.0001187315443087324	0.003152715949219361	0.000551983735913054	0.001132716763451095	0.0031211567126754663	0.002469814017849948	0.0006284483295949795	0.003003145346218468	0.00311999311318504	0.002152120382692197	0.004643094363304205	0.004498937381870038	0.0009753229405392049
tetracycline__tet(B)	5.9227616881200006e-05	0	0	0	0	0	0	0	0	0	0	0	0	0	0	0	0	0	0	0	0	0	0	0	0.0008160381125904083	0	0	0	0	0	0	0	0	0	0	0	0	0	0	0	0	0	0	0	0	0.0001533085146074731	0	0	0	0	0.00016997374575426395	8.54774855452062e-05	0	0	0	0	0	0	0	0	0	6.62799292309316e-05	0	0	0.00012882817424129836	0	0	0	0	0	0	0	0	0	0	0	0	0	8.527044576242879e-05	0	0	0	0	0	0	0	0	0	0	0	0	0	0	0	0	0	0	0	0	0	0	0	0	0	0	0	0	0	0	0	0	3.875466424846345e-05	0	0	0	0	0	0	0	0
tetracycline__tetB(46)	0	0	0	0	0	0	0	0	0	0	0	0	0	0	0	0	0	0	0	0	0	0	0	0	0	0	0	0	0	0	0	0	0	0	0	0	0	0	0	0	0	0	0	0	0	7.5131553684456725e-06	0	0	0	0	0	1.131319661627729e-05	0	0	0	0	0	0	0	0	0	1.1558794190258945e-05	0	0	0	0	0	0	0	0	0	0	0	0	0	0	0	9.70317074346663e-06	0	0	1.0831668258701075e-05	0	0	0	0	0	0	0	0	0	3.131026687261109e-05	5.8922757390818984e-06	0	0	0	0	9.264662770342583e-06	0	0	0	0	0	0	0	0	2.0780450548391948e-05	0	0	0	0	0	0	0	0	0	0	0	0	0	0
tetracycline__tetB(48)	0	0	0	0	0	0	0	0	0	0	0	0	0	0	0	0	0	0	0	0	0	0	0	0	0	0	0	0	0	0	0	0	0	0	0	0	0	0	0	0	0	0	0	0	0	0	0	0	5.076646110611241e-05	0	0	0	0	0	0	0	0	0	0	0	0	0	0	0	4.185290386331236e-05	0	0	0	0	0	0	0	0	0	0	0	0	0	0	0	0	0	0	0	0	0	0	0	0	0	0	0	0	0	0	0	0	0	0	0	0	0	0	0	0	0	0	0	0	0	0	0	0	0	0	0	0	0	0	0
tetracycline__tetB(60)	0	1.188889334753446e-05	0	1.929710319439253e-05	2.232039229609103e-05	3.59017200167556e-05	0	1.5024508042012838e-05	1.3311041565196363e-05	2.0917539183595446e-05	0	0	0	0	5.066462641039894e-05	3.1803816911004954e-05	1.8521615143879107e-05	9.76304458137038e-06	1.0734937703713283e-05	5.7255521537598405e-06	4.0533597333260654e-05	0	2.101292557818912e-05	0	9.882650087552896e-06	0	0	0	0	1.208211392445537e-05	0	0	0	0	0	0	0	0	5.920701418045601e-06	0	0	5.615650881137861e-06	0	0	0	0	1.798002097868759e-05	0	1.1880579412570347e-05	0	0	0	2.6274525046615495e-05	4.796496579474734e-06	1.0978687448012073e-05	0	1.9349519529553442e-05	0	8.115504166086137e-06	6.416520841052736e-06	0	1.1774317158312486e-05	0	2.5086583227208106e-05	0	6.064799314439459e-06	2.3154102342751348e-05	1.6758679304816057e-05	0.00013029625585537846	6.947604053291652e-06	1.1359901601830818e-05	0	7.212219781554778e-05	0	0	0	1.241988635100913e-05	0	0	0	0	0	0	5.9427507750312275e-06	0	3.5840967425368455e-05	0	0	1.5816813621853673e-05	1.143063175481048e-05	0	0	1.3375076700160474e-05	1.2067722477554555e-05	1.1337935503682932e-05	0	0	0	0	0	2.187585358720856e-05	1.622334752128395e-05	0	0	0	2.694098740993326e-05	0	0	1.0577910323168207e-05	4.252064176871616e-05	6.003359681515739e-06	0	0	0	9.597624149509486e-06	9.819539394377347e-06	2.1616222565255242e-05	5.003903173290737e-05	9.10060762293498e-06	0
tetracycline__tetB(P)	0.0012185747039468243	9.755384026622004e-05	0.0007205325966533603	0.0005132874326685151	8.375194464359725e-05	0.0004245922421967862	0.00020575552142538682	0.0003416654366150066	0.000915314374596255	0.0013339852976017711	0.0002502835418976062	0.001122744484646146	0.0003962076934279581	0.0002901442000493469	0.001155214402815034	0.000563550015207693	0.0002472041003486043	0.0001047329110067032	0.0001774297206303395	0.00016554139914215607	0.0001275929621215516	0.0009422644329658892	0.0003471530551105316	0.0005277549858687108	0.0011159798219298402	0.000150465202650501	0.0004274970288421048	0.0002530418432674627	0.0011681329788276915	0.0007060960556664132	0.0015516214625670701	0.0011842434203069153	0.0019249679733317553	0.0010227605052327412	0.001699783944243909	0.00011054887812766921	0.0003541659669697464	0.0010346521594326726	0.00019463167671011304	0.0014198747829895389	0.000623868884930138	0.00033398777042323346	0.0006258184190388813	0.0017322188998792338	0.0011320826557090918	0.002996572721915695	0.0004186281248614799	0.0015837407981424715	0.0012580773187820873	0.0016733021239022166	0.000376691315612708	0.0003722054894949085	0.00032005927530989227	0.001106711369458116	0.0003313380975207221	0.000362903835645571	0.00019272195358234628	0.0009676492861944154	0.0010400774919428427	0.00034092210688873334	0.0008021534689324415	0.0011447486542586593	0.0002578868518441753	0.001181415182103046	0.002158759320491871	0.000720074453728791	0.0007903118082117017	0.0001272047071004304	0.000910195784327755	0.0006918294122263335	0.0009721491947926099	4.4992732566121675e-05	0.0007564832085032954	0.00021573545545332235	3.3933366542416375e-05	0.0002585078313248402	0.0003216724062086396	0.001076416843911642	0.001322001460534304	0.0005044282171746716	0.0004439490914735536	0.000435264451298987	0.0008054649319641124	0.0007905120793594189	0.001464222388342849	0.0011253155320645677	0.00038243144557611824	0.00039811088469185696	0.0007409477172422046	0.000895563324390259	0.00042658868276283183	0.0005193275237523729	0.00043566603767197825	0.00032272220532372076	0.00016568486220197378	0.00019989498502941981	0.00010052400238520689	0.00070886189340804	0.00047462384486387675	0.00043600970394611755	4.0948840557245106e-05	0.00017664458381057405	0.0002496435608724459	0	0.0004424366274151233	0.0004114536232682249	0.00038122747773819887	4.9579762852969766e-05	0.001211948636129582	0.0002894615390388636	0.0004385868757067588	0.0006730398689374684	0.0005452932718810502	8.573857382855378e-05	0.000606787896751924	0.0010215342189952947	0.0005827068359219611	0.0016426932720892183	0.000680643529500035	8.101656436424255e-05
tetracycline__tet(C)	0	0	0	0	0	0	0	0	0	0	0	0	0	0	0.0004401935580288635	0	0	0	0	0	6.37903367884256e-05	0	0	0	0	0	0.0003109812043129548	0.00015325677139698622	0	7.156566713309114e-05	2.7589172205554886e-05	0	0	0	0	0	0	0	7.01398694843663e-05	0	0.0001973884003641366	0.00011609756169543768	0.0001704472182907052	2.8844414547668355e-05	0	0	0	0.0003941159256641383	0.00010027783520312495	0	0	0	7.810539487441012e-05	0	0	0	0	0	0	0	0	0	0	0	0	0	0	0	0	0	0	0	0.0001281598543279862	0	0	0	0	0	0	0.00011495617044739062	0	0	0	0	0	0	0	0	0	0	0	0	3.961211974114023e-05	0	0	6.260027440930952e-05	0	0	0	0	0.00037154473274605054	0	3.481741265718206e-05	0	0	0	0	0	0	0	0	0	0	0	0	0	0.00013181526528329742	0	5.3905389398254255e-05	6.060187730708674e-05
tetracycline__tet(G)	0	0	0	0	0	0	0	0	0	0	0	0	0	0	0	0	0	0	0	0	0	0	0	0	0	0	0	0	0	0	0	0	0	0	0	0	0	0	0	0.0002739311601051806	0	0	0	0	0	0	0	0	0	0	0	0	0.00027353362787427467	0	0	0	0	0	0	0	0	0	0	7.429734879055496e-05	0	0	0	0	0	0	0	0	0	0	0	0	0	0	0	0	0	0	0	0	0	0	0.00022991549388798967	0	0	0	0	0	0	0	0	0.00015746031276988527	0	0	0	0	0	0	6.963482531436412e-05	0	0	0	0	0	0	0	0	0	0	0	0	0	0	0	0	0
tetracycline__tet(L)	0	0	0	0	0	0	0	0	0	0	0	0	0	0	0	0	0	0	0	0	0	0	0	0	0	0	0	0	0	0	0	0	0	0	0	0	0	0	0	0	0	0	0	5.9171903942216076e-05	0	0	0	0	0	0	5.95632866770981e-05	0	0	0	0	0	0	0	0	0	0	0	0	0	0	0	0	0	0	0	0	0	0	0	0	0	0	0	0	0	0	0	0	0	0	0	0	0	0	0	0	0	0	0	0	0	0	0	0	0.00011423217535001779	0	0	5.745890319256141e-05	0	0	0.00023968907362199258	0	0	0	0	0	0	0	0	0	0	0	0	0	0
tetracycline__tet(M)	0.00028333442748988653	0.00037938365601822294	0.0005616895786666162	0.0006077221952809957	0.0006921271805200835	0.0005278628378703238	0.00043493075491774766	0.0003530431029175624	0.0004877682925294495	0.0007079555409875319	0.0007054517942302957	0.0006131330641887049	0.00040535417155951645	0.000622807678032093	0.0006284304757755071	0.0005640346558714505	0.0008150937942437231	0.0007135359267185678	0.00047948366034899933	0.0002237253349044703	0.0003705950041922924	0.000422238203492897	0.000802512059281975	0.0006075152465263046	0.0007370318843599027	0.00037097078200082107	0.00023036701251944342	0.0005989549647581964	0.00075016608460883	0.00047611707973973334	0.0010558009365145683	0.0007625109395638458	0.0005618925884005358	0.0005126977790151257	0.0007400536781442796	0.000329438864312799	0.00032221977279243893	0.0003387360580950783	0.0003351433263683345	0.0009983087597168333	0.00048586004053347297	0.00025581406360191723	0.00038111008268935237	0.0009477393718857515	0.0002740130924441355	0.0006678505358631104	0.0004325304750927726	0.000295513344963906	0.0012325192766260693	0.0005213497966325985	0.0007528323888995282	0.0007608812287135105	0.0009323905971443216	0.000295656644996907	0.0006513594691720039	0.00047441766881062985	0.0003688618688216423	0.0004134241175035634	0.0006121012491039807	0.0006384752867430492	0.0004055330396697105	0.0004949053035417605	0.0004818344910265545	0.0005819483937358191	0.00046922594409632085	0.0003423497147171842	0.0006538628060628096	0.00032806492976305077	0.000959694119375222	0.0006192346297899981	0.0007734055973294513	0.00019038202317062228	0.001273703852320377	0.00056605619417738	0.0005405099634438443	0.0005002485104725977	0.0007428034513751323	0.0005058801912828817	0.0005614492671421698	0.0008863727637930176	0.00041395997752640925	0.0007172459091099159	0.0005103169419422286	0.0003910101539943959	0.0003865738264021298	0.0007664266106828542	0.0003775452835769869	0.0005080773103835292	0.000628092567323164	0.000508152629534624	0.0005130897345130449	0.0005587423393505568	0.0003291913714446212	0.00026560731435359454	0.00040658755507877735	0.0003968425234894386	0.00027463187420702974	0.0005294075896898812	0.0004954427209526029	0.0005940130088202175	0.000484374195814352	0.000540734830017259	0.0008096007420044855	0.000326034633107226	0.0004619735681187782	0.0009677040370238384	0.0005624741463928422	0.0005212588343874373	0.0006186964071561944	0.000629493480024159	0.0003600150915487251	0.0005825535628988044	0.0003972564080683828	0.00038575231460435104	0.00044493237448499563	0.00040888732411906105	0.0005489033876545521	0.0006487595175173311	0.00032700716875799215	0.00041031751634050594
tetracycline__tet(O)	0.004881852731121681	0.0025711958938430908	0.007550523467031793	0.005861494793307636	0.007503687201233333	0.01099895982377465	0.006553007000905259	0.005209052996992497	0.006539088539589033	0.007461973657653685	0.007790267986670068	0.004589452556845703	0.004045943581217565	0.00569687989436212	0.007753541791205778	0.00418814958595813	0.01183459686433519	0.004184666420154409	0.002869453888079417	0.0019179421107393174	0.004274545705246903	0.008952134259034818	0.008520727510643101	0.004433317439704982	0.006549359190445539	0.0016660942169953333	0.0011455152839541024	0.005223587708189634	0.005849539387048	0.004902354595148475	0.006530239407699192	0.010755392097678824	0.004203239676781819	0.007050923284800744	0.008511983511393876	0.004125337865353685	0.002942256079782412	0.0025181858739783155	0.005211549266715587	0.014287275499335004	0.004836305476633331	0.002217350600446975	0.002977563801695947	0.012923516495434903	0.00657947765629456	0.005950267671722323	0.006287481219704647	0.0034593245345740566	0.027716512718204828	0.0062609634024640435	0.007204472958214506	0.005700722253576753	0.003706264292860935	0.0013052271529593214	0.006204657269808918	0.002897594185925151	0.004738069416241232	0.0061725307669052995	0.00487781171372254	0.004318035819079193	0.0046967275325956485	0.006984188845126354	0.005792943928212135	0.007463053577442697	0.004751982634490614	0.004802922431728998	0.00986479986789392	0.004609874971688794	0.012151290478352401	0.007290362184471642	0.0074189586711613485	0.0012952028950920164	0.023831896517273125	0.009256404712896658	0.002892595114787277	0.003437086765430482	0.009076353565945161	0.006140702305799387	0.0055329710370071745	0.011389815344099169	0.007467449283095757	0.006156796461293858	0.005698517109140862	0.009997104047540617	0.003614793892214428	0.019218204935671033	0.0024449916568695385	0.006441242782374125	0.0067783051310997145	0.006343245021595368	0.006362226760514039	0.004462263614461146	0.004680920176344161	0.00445551598816354	0.0060004527897431345	0.0028997024877968043	0.0030437041463425825	0.004399264187305954	0.006441559819225678	0.0044471683672963995	0.0018283612480405383	0.005277697076222542	0.0069320749367511965	0.0024198548957115175	0.004860788463717833	0.008362340830513243	0.006449158764858524	0.005738845370466384	0.0063787957723336	0.006571447904242223	0.004162068200155848	0.006625410065462667	0.005616083859239489	0.005490855215405667	0.010302767653742242	0.005802604631959467	0.004758351672444131	0.005572647892574119	0.004498737119672783	0.004510498837152308
tetracycline__tet(O/W)	0.006149098967983126	0.011304299158551977	0.004714494229914739	0.005085619577647473	0.003346984264707723	0.006954732987038529	0.004497432982438408	0.003784624199465525	0.003698922224659076	0.005977539375541832	0.005412039062334917	0.004173329779379166	0.0045743736876965565	0.008987127418936279	0.007246737524843191	0.007075492745051533	0.007188782311962249	0.0060639800813619225	0.006064955553543315	0.004321555371867679	0.0017456424475388013	0.005753696777263262	0.006518874430403077	0.00847121644967332	0.007133790539601319	0.007400858152470456	0.009119812844932641	0.009944985079710358	0.006319533628076787	0.006289639933016306	0.0059081510675616225	0.005471825870083782	0.0071373571242860255	0.005503622753041915	0.0072696862717668165	0.009294790534030083	0.005229230938256352	0.00854217231479503	0.009873317209980408	0.006410565454649734	0.012388345025543342	0.0076528930167589155	0.010103245354454426	0.005463375870944282	0.003943628319200764	0.0032030101015388707	0.003936542926949761	0.004445391833752859	0.006595519836325187	0.0037596520980621028	0.004965790404041998	0.006758427883162618	0.006709367620738391	0.004229992952291717	0.003867316360243242	0.006094802198701374	0.004132395595371641	0.0045752572899554565	0.0039055175865316152	0.010672324054964969	0.005225350260294543	0.004443746697073245	0.005423554788647128	0.0032614489744501648	0.005254302627603136	0.003971949336929204	0.00591132711777497	0.005452647710531691	0.006614122528776162	0.003261404190750586	0.0060960709298637505	0.013980709950632235	0.007283667484449911	0.005579914726063406	0.006751578812393578	0.008298064388165103	0.006509531420018028	0.0026611530383790763	0.003666869366223205	0.0036851707962481757	0.0030976932626356115	0.008460388675860523	0.00269472451474516	0.003944649535197545	0.004749505908929722	0.006579993290279093	0.0077894081271723875	0.00401352280799677	0.002935889716796798	0.0037489402521335303	0.0031951790106429555	0.005639327087184222	0.004568938759532283	0.004062316590630526	0.0036495015221003134	0.00918952981915516	0.00775926671007323	0.0068553891615038805	0.004093604733009563	0.005210931524393511	0.016947624317808545	0.004551206193781295	0.0062247638300447624	0.014619294438686063	0.005538218541214062	0.007277013666440908	0.004057561578678142	0.004803939851593085	0.007338413864541257	0.009339450603372467	0.0037011473425799936	0.005065747707195209	0.002123996988130919	0.005474316494877336	0.004961994715589095	0.004170444128882546	0.0051912139921980426	0.007726111248217162	0.004916319141339015	0.010295818385982019
tetracycline__tet(Q)	0.010646387739672762	0.003641605640410697	0.01658338187255053	0.006086766284975148	0.011956937217394605	0.008084465970849924	0.00998651199494134	0.017123972449167545	0.01296761479358565	0.006450905976331337	0.015367440404621253	0.011260270048931058	0.009704528073531999	0.010430355018921726	0.013531853141047746	0.00906437618942211	0.007625804830885958	0.012180781194338417	0.016264620117325903	0.019297901375721738	0.011708601706339456	0.011217726435058988	0.01253189904082168	0.008502716149781623	0.007181751831305596	0.010976834684723793	0.0039411377738663945	0.010284960856807765	0.007449463124547713	0.016665904744049487	0.010016023103136944	0.01929078780557408	0.00804892938765232	0.0061991825577500815	0.006882117115539549	0.003960855147731782	0.012069675834182081	0.004857052209605666	0.0038626276631117382	0.03564150352563379	0.0064662497583003915	0.010995211649462195	0.007720348194889034	0.017544316786089958	0.010129968427120946	0.008681413022900332	0.009737962481353939	0.010115724544975576	0.0237596654541951	0.022407389198920723	0.012315996758177683	0.006856677097517005	0.007508299806996737	0.0036387633309185857	0.018633079821299314	0.008552633115631576	0.02173979356030216	0.01000998728236111	0.010350708957007656	0.006253396178910613	0.008241914735692364	0.00852567512052775	0.01639181258987611	0.018471561665318596	0.007178894454367645	0.008208637622370394	0.01470979469865364	0.008845016875729125	0.010684574402887656	0.020697984722325702	0.010620800658112887	0.0032629948880820232	0.009554448644626923	0.015461312070441189	0.007814730636430164	0.004718723656339971	0.011928559432600428	0.015814333271835793	0.01660595295199404	0.009064007639088344	0.014949725146211816	0.007069157116845024	0.01803668798396021	0.010156177493117383	0.013312516913743017	0.016519265920527958	0.011286788291572597	0.009203297129796032	0.013307611978307066	0.012614287064545933	0.008394735569523097	0.01214762456712711	0.01461524129219716	0.012037385983785369	0.012546520082419115	0.0046830120929867835	0.007422177423773037	0.02249530049230855	0.015665340092809555	0.007470806516033847	0.004464219477237822	0.010429504825811387	0.011053656561800693	0.007752178986241997	0.009188745656474716	0.011270453345049732	0.021153596810716158	0.007624345849862802	0.009573869235555185	0.009234402416463705	0.011858566119720177	0.014196354406707492	0.01739488823898073	0.015114311987515195	0.010900189298929426	0.01165049727044689	0.010221960804685994	0.005919185911888452	0.009048882582367579	0.01001947331179788
tetracycline__tet(S)	0	0	0	0	9.093376822007253e-06	0	0	0	1.1930484622675998e-05	0	0	0	0	0	0	1.0711074392262461e-05	0	0	0	0	1.0102362117430272e-05	0	2.222360838007797e-05	0	0	0	0	0	1.0447223015180542e-05	0	0	0	0	1.0390048838258006e-05	0	0	0	3.0035365374701732e-05	0	9.098228195445651e-06	0	0	0	0	0	0	0	0	0	0	0	0	0	0	0	0	0	1.428109876484137e-05	0	0	0	0	1.4873262043556152e-05	0	0	1.2036386874709624e-05	0	0	0	1.1531540955325843e-05	1.2313353561547665e-05	0	0	0	0	0	0	0	0	0	0	0	0	0	0	0	1.2675038597713675e-05	1.642446681415491e-05	0	0	1.0528920544940219e-05	0	0	1.147832780546574e-05	0	0	4.7618343156272505e-05	0	1.3813871508371676e-05	3.892274764246711e-05	0	0	0	0	1.174908539861606e-05	0	0	0	0	0	2.5939380464840727e-05	9.54588572014784e-06	8.577492275461085e-06	1.0374322391364492e-05	0	1.4191608884479213e-05	0	0	0	0
tetracycline__tet(T)	8.056262041602632e-06	0	0	1.1899583880732623e-05	0	0	1.4336567617741317e-05	0	0	0	7.975914319903134e-06	0	0	1.0915058210852818e-05	0	0	0	0	0	1.9977529191583873e-05	0	0	0	1.0927072374868326e-05	0	0	3.479413045949543e-05	0	0	0	1.0770795877176305e-05	1.0404809609463035e-05	9.852327357910842e-06	0	0	0	0	0	1.0531754596154848e-05	0	2.390310668975222e-05	0	2.1897542159990544e-05	0	0	2.126274903523824e-05	0	0	1.1411926141733472e-05	0	0	5.9865752318711705e-05	1.1802316561925222e-05	0.00011330518518946472	0	0	0	0	0	1.668158945348485e-05	2.192444492760393e-05	1.1309855615109008e-05	0	0	1.777109014730692e-05	2.1190863964047025e-05	1.0296639981914771e-05	0	0	0	1.2528348623733417e-05	0	0	0	0	0	0	0	3.126321043713748e-05	0	0	0	0	0	0	0	4.761017655668487e-05	0	0	0	0	1.0463088716403493e-05	1.1895805544382359e-05	0	0	0	2.097570884363738e-05	1.8350211456273056e-05	0	0	0	0	0	0	0	2.8753606839357343e-05	0	0	2.822400957195573e-05	0	0	0	0	0	0	8.733507387625937e-06	0	1.0398308631348383e-05	0	0
tetracycline__tet(U)	0	0	0	0	0	0	0	0	0	0	0	0	0	0	0	0	0	0	0	0	0	0	0	0	0	0	0.00013624648979928736	0	0	0	0	0	0	0	0	0	0	0	0	0	0	0	0	0	0	0	0	0	0	0	0	0	0	0	0	0	0	0	0	0	0	0	0	0	0	0	0	0	0	0	0	0	0	0	0	0	0	0	0	0	0	0	0	0	0	0	0	0	0	0	0	0	0	0	0	0	0	0	0	0	0	0	0	0	0	0	0	0	0	0	0	0	0	0	0	0	0	0	0	0
tetracycline__tet(V)	0	0	0	0	0	0	0	0	0	0	0	0	0	0	0	0	0	0	0	0	0	0	0	0	0	0	0	0	0	0	0	0	0	0	0	0	0	0	0	0	7.35898749689412e-05	0	0	0	0	0	0	0	0	0	0	0	0	0	0	0	0	0	0	0	0	0	0	0	0	0	0	0	0	0	0	0	0	0	0	0	0	0	2.4183530325012727e-05	0	0	0	0	0	0	0	0	0	0	0	0	0	0	0	0	0	0	0	0	0	0	0	0	0	0	0	0	0	0	0	0	0	0	0	0	0	0	0	0	0
tetracycline__tet(W)	0.05740152441423486	0.10128149128849968	0.05521256663318334	0.06345863980347301	0.04680659198134504	0.08514641181537735	0.05798070729385783	0.044771285998892366	0.04733261228128195	0.06990590610804061	0.06160194459987205	0.055079930418694543	0.056563774965454575	0.11434105336990748	0.09031315418547253	0.07645369646222824	0.08971376790344286	0.07130351862635363	0.07254009461060967	0.053251464664982505	0.020868246598892304	0.06704204449080968	0.07512705877896404	0.07769419983454694	0.08529093201794799	0.06732539281651188	0.08557364723907422	0.08903113195298606	0.08075380903702074	0.06896151062901744	0.06562717106346522	0.06905293592630819	0.07929678493134582	0.07145675242625127	0.08931888899330039	0.09689055397668223	0.057144356026390584	0.10887119525955043	0.09111300808161471	0.07035007955910354	0.10777267429533925	0.06796451071485253	0.09508433228722332	0.06628719672473671	0.04236929175860945	0.04576832013358557	0.046161683325041	0.05045777197861202	0.09286569747271295	0.04630488467295149	0.061693415155301225	0.06923447063647105	0.08271360932505416	0.041793241858934696	0.04687594406561211	0.07616812132565945	0.04614067939873671	0.056835169828103604	0.04822037521600058	0.12299420635538617	0.05976871214675616	0.06367535908036502	0.06548012199481079	0.04445611329842292	0.05942054467731443	0.043111987273034086	0.06871929182292877	0.07218732693575124	0.08000668116169901	0.04359584431942443	0.08077470060877628	0.12186851881973763	0.09033964603223861	0.0675311202826265	0.07326186254994484	0.0819284122658602	0.07374890785292783	0.03286902810531165	0.04984030509970997	0.04352068511445365	0.03602028282242439	0.09688054371043016	0.03533634879510273	0.04973433731760159	0.05746893495673109	0.07975138954443096	0.07260364860549748	0.05430816134416255	0.040878189932953904	0.05098637717565715	0.03997094872039459	0.07563257845351784	0.05893784130230088	0.05486538798097396	0.03725675581842571	0.08116830164876325	0.08058146559918274	0.07656887408291327	0.0478056277726773	0.06068644367359892	0.15768072886328782	0.06410104947268058	0.08132145670618293	0.13352247550985746	0.06424144947858337	0.08880210753062688	0.046733540001472874	0.05618111945289539	0.07207377999673283	0.10027272635541862	0.04686341650465995	0.06292704520639641	0.02741915045800806	0.06110514558450718	0.05609899455072043	0.05167095204301861	0.06470277587714407	0.1032454172951879	0.05605203208827896	0.09382425719467696
tetracycline__tet(W/N/W)	0.002739353005277694	0.004280155658378318	0.002850263300208289	0.003295138310739405	0.001986789275128085	0.00443567319929995	0.003045309077844587	0.002976396994430101	0.002148337115743689	0.004284238063439266	0.003293832433950036	0.0026992125128953584	0.0033408347157334404	0.006213961560449493	0.004826738866430341	0.003868886139622372	0.004479248276089002	0.0037653505307680586	0.003736709849642674	0.002610731853611447	0.0009124949157589189	0.0034305312268205768	0.004242466267253968	0.0040494765766047715	0.004456882971610743	0.0028039689266259604	0.004409487579194659	0.0038477992584273315	0.004056899295725582	0.003212038495347393	0.0034265503619924863	0.003249598873949795	0.004244192054948955	0.004391020751876427	0.004283964961439118	0.004016511359517749	0.0022755340665305645	0.00572188648005128	0.003953189516241232	0.003128756234294154	0.005296558112627137	0.0034052868885946484	0.00429990482895125	0.003347170865609008	0.0017648421562258113	0.002198485649856146	0.0019239427317662065	0.0022045450182120742	0.0042866357622652765	0.0024046403144679074	0.00330266629979065	0.003618466627530588	0.004175198588934049	0.0021907928318584667	0.0019382341795189661	0.0038944820516771395	0.002545601023736692	0.0027898145061398738	0.0023514810908029267	0.005813583388110868	0.003689847954319129	0.003150694503456426	0.0034919052040018983	0.0020498847819620564	0.003298272124387591	0.002096470146115118	0.003377361724231313	0.003851819075252105	0.003801016161882081	0.002250900490242076	0.003736035905550701	0.0064063022093638925	0.004245669224893607	0.003380979112232736	0.003736163391317063	0.003497054303119351	0.0037680322809349695	0.0017483564816791293	0.0023328312571529145	0.0016593654313851723	0.0022277427693993845	0.0047066384103526294	0.0018706752189374897	0.0023275026142483713	0.003051935073743638	0.0033826604095591128	0.0036392325740153683	0.0032000265491920056	0.0018023504171327388	0.002356086110496562	0.0020026416452191657	0.0028752163476861467	0.0026875540034850902	0.002592616685890214	0.0017670145867617775	0.0035760141906374474	0.0034870189848379644	0.003344128751594803	0.0021862290931325416	0.002917662366328986	0.007198478651760645	0.0035852595838474326	0.004314171659881115	0.006046125917832443	0.003863845778074638	0.004504376255389722	0.002842300784741015	0.003098835323043964	0.00379553300553568	0.004991796081163111	0.002509860940426821	0.002882517342766559	0.001246354421692427	0.002613924610331231	0.0028164866406369944	0.002241462461486796	0.003916522599909148	0.005218822252676059	0.0023992824846762826	0.004211446807521691
tetracycline__tet(X)	5.380497744240912e-05	0.0002492990625658257	0.0016412103325837216	3.782232226100936e-05	0.00010637225381970281	8.850999881558635e-05	0.00015779998423432644	0.0006034331154174319	0.0002787332103752118	0.0002472453131500982	0.00015926702443399524	0.0006570755595299619	0.0001329459809282625	0.00030710246284914493	0.0003463632152832986	0.00020208985815990023	6.927704633390349e-05	0.000199015134543749	0.0003935627367210843	0.0005840063196835036	0.00012875377976447503	3.073738924068906e-05	0.00010527475714672749	0.00018336484870878027	0.00010996813363255655	6.92476634380409e-05	7.681422588555183e-05	0.0017610533905604358	3.362348579018847e-05	0.00028688792676806013	0.00030356214128584376	0.0007259448058478574	0.00026386574597616404	0.00012506363887597086	0.00034176256903045515	0	0.0018765168152506148	0	0.00010515165718448988	0.0007719838799388546	0.0001199257460505069	0.0002183624246473222	0.00024893035958596345	0.00012643717464936493	4.198894841395871e-05	0	6.272100341402647e-05	0.0001285143214668547	0.0002485956125990287	0.00035672124388717993	0.00013133097613969222	6.640670560957626e-05	0	2.87789794768484e-05	3.161861985027477e-05	0	0.00026194993878582743	0.000927318545483319	0.0005119405047285567	0.00032928811513643593	0.00035870353381497387	0.0003030709236549634	0.00024808549712962386	0.00040978545764790413	0	0.0002266160496412171	0.000605177818124148	0.00046025216640428155	0.00017197260995066468	0.001385306885863121	3.4079704805492455e-05	0.00017504007687804712	8.654663737865733e-05	0.00010844610294889084	0.00016566953231760754	0.00018547163300281871	0.0001198789030401751	0.000416828620941404	0.0004593236652150306	0.0005647657748657373	0.0002328130768209636	3.517951707139406e-05	0.0004768133086313403	3.565650465018737e-05	0.0001559495945466521	3.5840967425368455e-05	0.0011212054138411188	3.409353376901975e-05	0.00015690279112878845	0.0003634940898029733	0.0008358689912542551	0.0011906037946900973	0.0011509570641482008	0.00010768404788118716	6.802761302209758e-05	3.5269874097788864e-05	0.0005854402809043734	2.9710228372311938e-05	0.0010792873227034165	0.00013026575840540503	9.219995714217051e-05	0.0001245601862523322	6.983146251538137e-05	0	0.00019498781123401517	0	0.00027063551623320237	0.0006423548202873614	0.00028099728045697845	9.899336911779231e-05	8.945005925458451e-05	0.00029416106759127966	0.0003107186976324709	0.00039948223724803057	0.00017963058476937614	0.00020546930637092592	5.9012287603146814e-05	3.5074087663252833e-05	0.0004006528432892553	6.708168237006774e-05
tetracycline__tetX2	0.00041968005105944256	0.0010178448616735218	0.005073258595099278	0.0007180473442046453	0.0014015115896879892	0.0004956068919886665	0.0008104689030834184	0.003105888084568798	0.0008522709505750272	0.0007303699297054059	0.0020500607985343778	0.00494335183760209	0.0013991126015772232	0.002696469391368366	0.0013857707202100146	0.0006264977658990796	0.00048620466829442095	0.00243528162199419	0.002972849628586084	0.003626129025546026	0.000749356550172444	0.00013366749551135988	0.00045611297591745004	0.0013332202363076772	0.0011848784041061182	0.0007641243066966316	0.0001264149590407066	0.010972493854815373	0.0005831681841006127	0.001996423744088577	0.0026682866196856714	0.0034976559439783075	0.0005888265392450556	0.0006132226525969154	0.001706280337362722	3.891097452335706e-05	0.012046518085144904	0.00043583130273726903	0.0003952815122815348	0.0043287748860895	0.00040139065049382656	0.0005625815890334101	0.0008103915766416509	0.0007503009922819097	0.0010543634391928713	0.00030230354865822565	0.001823951200216353	0.0005010428352211302	0.000959916274111348	0.0017506389020474566	0.0006035324155554088	0.00042232168266262665	0.0003891832486849754	0.0006585865903134764	0.0008455556894020048	0.0004702688118440677	0.0019184096041569949	0.001933591490774956	0.0013775035363364984	0.0011194093669275845	0.0016472674102504213	0.0014299906043541998	0.0009147853216927162	0.003679617173377605	0.0007256404804228897	0.0015863862426775857	0.002538743104186442	0.0025928193291839146	0.0012600499471577028	0.012433897901351555	0.00043034398453420397	0.0008373065299117588	0.00045279711144689214	0.0011974379076629047	0.0012013861018896211	0.0005863934513524917	0.0007447604329155115	0.0022476755368466567	0.002058782336575555	0.0030808566236894346	0.0019126901558024494	0.00016226828817710948	0.0018155480054907265	0.0008703476200679569	0.0007153732138934506	0.0004902203521260531	0.0027054827679940845	0.0009046756107473388	0.0008283270820254504	0.001432782754808161	0.003736832236017041	0.004180105074525559	0.0039048589009660446	0.0004160896198466217	0.0009266276300637296	0.0006676553968955961	0.0011662764539743541	0.00014951267572004516	0.00482074860290977	0.0010989583359334555	0.0008701138323636996	0.0012476258749602753	0.0006856703180039822	0.0005219639472040242	0.000992300984585758	0.00017695145523154466	0.0016736973553777307	0.00265409557953163	0.0015241616026217153	0.0004151957397405523	0.0011762100406253197	0.001522995819211372	0.0017491745246612702	0.0015476034282875628	0.0013075054916620898	0.0009431318519760786	0.0005378408992816815	0.00040394137325024663	0.003279592955794165	0.00016820047519619286
tetracycline__tet(X3)	3.9959059726349044e-05	0.00017783469314040898	0.0003126187948355048	7.724558937962758e-05	9.324319725423309e-05	2.9752806643720114e-05	3.117822269145966e-05	0.00017800966838080705	3.098728140038135e-05	0.00016020178819182225	0.00013681351696740506	0.000349155415113011	3.326111485816345e-05	0.0002846742924984114	0.00041515347876139845	2.9524466877460104e-05	0	0.0002626011042050058	0.0005327596226099992	0.0003499516999980141	0.00018175362984013889	0.00012492390566848092	6.372920143213643e-05	0.00022337001188459785	0.0002613571980880242	7.297002742449418e-05	0	0.0007588922212364224	3.4335093955060185e-05	0.0003410694954337288	0.00020690054473464738	0.0001777603917278929	3.393579423280401e-05	3.414718940534529e-05	0.00020127729113390141	0.00018467055545239518	0.0011634139998506904	0	7.182656634577606e-05	0.0006670285133314225	0	6.484396872151495e-05	0.00014621858398345414	3.4338588747224233e-05	0.00012774415522765216	7.108428844133569e-05	0.00015753591286070108	0.00011693418443576773	0.00013257171320299878	0.0001353856123224392	9.982184892479696e-05	6.919605972707168e-05	0	0	6.726624372908984e-05	0.00016441800887363398	0.0001339645165199628	7.951344944334513e-05	0.000162692315762164	6.804332540237242e-05	0.00018905715807181515	0.00010676876041588502	0.0001262443531517155	0.00031357028277080996	6.0011306597659525e-05	0.00025991064877403593	0.00033795636466459663	0.00023033033632680145	0.00024189339449562036	0.0008301504692463099	0	0	0	7.37047029155855e-05	8.262343097491428e-05	7.469640659490792e-05	0.00016459992238896054	0.0001252912652613175	0.00010129036389745709	0.00042931419555508133	0.00013733246764245096	7.112963308816153e-05	0.00021129333353717041	3.641113966923895e-05	8.002518345033063e-05	0	0.00011702242425502317	3.481509003926355e-05	2.519643516014658e-05	0.00016937351228572337	0.0002493436202520952	0.0005421076632262741	0.000285182111583993	0.00022310739899749778	3.40390019232792e-05	7.168182030922043e-05	3.541650186017204e-05	0	0.00045387963412418743	9.886654875434403e-05	0.00011746542251532637	9.743834683992535e-05	0	0.0001861968400047433	0.0001914209895861295	4.044141554535537e-05	0.0002735926931089388	0.00013258687248322994	0.000128325163520492	0	9.134318220177148e-05	0.00024768035527350225	0.0002916637172647044	0.00010228651197834954	8.493982007449488e-05	8.964460138543155e-05	0.00016422839315291697	0.00010530020540678794	0.0002630372106215531	0
tetracycline__tet(X4)	0	0	3.579522359424814e-05	0	0	0	0	2.913604358577896e-05	0	0	2.697309206367241e-05	0	0	0	0	2.898765838877901e-05	0	8.80956282485213e-05	3.164269273683632e-05	3.311782914112834e-05	0	0	0	0	0	0	0	7.133880454949735e-05	0	0	0	0	0	0	0	0	0	0	2.9917842510967877e-05	3.053223591822281e-05	0	0	0	0	0	0	0	0	6.789519694425268e-05	3.356668074110062e-05	0	0	0	0	0	0	0	0	0	0	0	0	4.1593624589338847e-05	0	2.9460095966123766e-05	0	0	0	7.279268713614333e-05	3.8698054322807755e-05	0	0	0	3.581683083831758e-05	0	0	0	6.474381171398224e-05	0	0	0	7.054178488082133e-05	0	0	0	0	3.829824793800758e-05	0	0	0	0	0	4.0229451477365784e-05	7.037212561652671e-05	0	6.398046771401492e-05	0	0	0	0	0	0	0	6.0732660565305526e-05	0.00012945559359295902	0	3.3322267708458094e-05	3.1893169508238766e-05	0	0	3.0094764117728245e-05	0	0	0	0	0	0	0	0	0
tetracycline__tet(X5)	0	0.00012418990911741538	0.00014491530211815717	3.3019929775312084e-05	2.6646406473065376e-05	0	2.975148937873244e-05	2.773073367792291e-05	0	0	9.099942657563708e-05	0.000190109921788663	0	2.8174872701289392e-05	7.041928637498805e-05	0	6.633411444312992e-05	7.342816024631905e-05	1.7941732995113374e-05	0.00014853517080255554	3.234598497155014e-05	0	0	9.973600822488064e-05	4.454365933634455e-05	0	6.529209200271905e-05	8.288759463307864e-05	0	2.7405223769677016e-05	0.00010981983766203414	3.4216806364150656e-05	0	0	0	0.0001135317939134074	0.0003274596240771013	0	6.290714737593977e-05	0.0001963191293009852	0.00010106578501719666	0	0	2.2748430029862156e-05	0	6.29565628651005e-05	0	0	6.382443228752998e-05	5.662214573466587e-05	2.764683147011752e-05	5.527837802320397e-05	0	0	0	8.196614179446302e-05	7.641579229392373e-05	3.2495634182610695e-05	4.682729568823104e-05	3.6091021566516094e-05	0.00011468452445984208	0	0.00014857928783717432	0.00015947696132277806	0	0.0001008462690127816	5.5974445658386364e-05	0.00013952077911744175	0.00011819431158703687	0.00019967398132541528	0	0	0	6.455205705212245e-05	4.078769049066996e-05	0	0	0.00012334697324478268	2.6899748869384748e-05	0.00016523432956071858	0.00011765713534875576	3.4298215767440586e-05	2.8750043432151424e-05	0	5.5353501892782824e-05	0	0.00013261966931405055	0	5.161173038751675e-05	0	7.825941955117108e-05	0.00021066404394985588	0.0002347201862228368	0	0	0	2.6222816119562434e-05	0	9.125562041172237e-05	2.999531598514332e-05	0	5.22417317970374e-05	0	2.3131282517713734e-05	2.8690378296414337e-05	0	0.00014642903722402335	0.000133044775599538	9.471046511001637e-05	0	0	2.873039078460832e-05	8.187427621009991e-05	3.32167538898764e-05	2.5461738293544063e-05	2.8720634243080387e-05	3.225719810639893e-05	2.7914634717557925e-05	2.172887345847156e-05	0
tetracycline__tetX6	0	7.133336008520676e-05	0.00021207278973493803	0	0	8.806830766541155e-05	3.181451295046904e-05	0.00011386995568683413	0	3.074878259988531e-05	0.0001070747900755576	0.0003814193504380183	3.323649523206563e-05	0.00010549519045381752	5.3774007814647255e-05	7.979866788579423e-05	0	8.786740123233343e-05	6.37655299600569e-05	6.54034226794874e-05	0	3.073738924068906e-05	6.240838896722168e-05	7.371527581387855e-05	3.02530104721007e-05	7.293104979112817e-05	0	0.0002681958046684471	3.362348579018847e-05	0.00010656424481369638	0.00017256991477304886	7.019203166591125e-05	6.646492341968867e-05	3.343947563528632e-05	3.878787675450114e-05	0	0.0006974978866660784	0	2.770888263645341e-05	0.00018271882116863906	0.0001201335464144702	6.414801198838249e-05	0.0001078959510300174	0	0	0	3.136050170701323e-05	0	0.00013330010100903928	6.56202520394677e-05	9.925028321988893e-05	6.77619444995676e-05	3.98098864342659e-05	2.87789794768484e-05	3.2936062344036215e-05	0	0.0002034631295986377	0.00019757739817942194	0.0001352584027681023	0	0.00010875353282436878	7.064590294987492e-05	8.297173817044277e-05	0.0002212636640639755	2.5857721537105525e-05	0.0001624499816367712	6.876768395797152e-05	5.689130606108608e-05	0.00010853947016845784	0.00017291814532637	6.815940961098491e-05	0	4.327331868932867e-05	0.0001093593095544486	3.5142022006765235e-05	0	8.099925881092911e-05	0.00012721488081468872	6.759781451632954e-05	0.00016090013892133446	0.0001851719522308945	3.447592672996619e-05	9.786254774490921e-05	0	3.8399648908472125e-05	3.5840967425368455e-05	7.795720342673638e-05	3.341166309363936e-05	0	6.789795262357425e-05	0.00018816646178177116	0.00040111391150237107	0.00015729090199388717	3.6942007584350675e-05	3.401380651104879e-05	2.056251934447256e-05	0.00010266014404484273	0	0.00022149064142898265	0.00012912378760083438	0.0001575061458279016	0	3.4563047103572596e-05	0	0	0	0.0001349786158656824	0.0001610003079542475	3.173373096950462e-05	6.6438502763619e-05	3.001679840757869e-05	8.848111530799448e-05	0.00013136105973844445	6.343883670367067e-05	3.135223888839765e-05	0.0001472930909156602	0	0	8.19054686064148e-05	0
tetracycline__tet(Z)	0	0	0	0	0	0	0	0	0	0	0	0	0	0	0	0	0	0	0	0	0	0	0	0	0	0	3.8031043295211236e-05	0	0	0	0	0	0	0	0	0	0	0	0	0	0	0	0	0	0	0	0	0	0	0	0	0	8.003445918555541e-05	0	0	0	0	0	0	0	7.215117193316717e-05	0	0	0	0	0	0	0	0	0	0	0	0	0	0	0	0	0	0	0	0	0	0	0	0	0	0	0	0	0	0	0	0	0	0	0	0	0	0	0	0	0	0	0	0	0	0	0	0	0	0	0	0	0	0	0	0	0	0	0
trimethoprim__dfrA12	0	0	0	0	0	0	0	0	0	0	0	0	0	0	0	0	0	0	0	0	0	0	0	0	0	0	0	0	0	0	0	0	0	0	0	0	0	0	0	0	0	0	0	0	0	0	0	0	0	0	0	0	0	0	0	0	0	0	0	0	4.240289259616803e-05	0	0	0	0	0	0	0	0	0	0	0	0	0	0	0	0	0	0	0	0	0	0	0	0	0	0	0	0	0	0	0	0	0	0	0	0	0	0	0	0	0	0	0	0	0	0	0	0	0	0	0	3.085394247233757e-05	0	0	0	0	0	0	0
trimethoprim__dfrA14	0	0	0	0	0	0	0	0	0	0	0	0	0	0	0	0	0	0	0	0	0	0	0	0	0.0013242539221165288	0	0	0	0	0	0	0	0	0	0	0	0	0	0	0	0	0	0	0	0	0	0	0	0	0	0	0	0	0	0	0	0	0	0	0	0	0	0.0002841129356562885	0	0	0	0	0	0	0	0	0	0	0	0	0	0	0	0	0	0	0	0	0	0	0	0	0	0	0	0	0	0	0	0	0	0	0	0	0	0	0	0	0	0	0	0	0	0	0	0	0	0	0	0	0	0	0	0	0
trimethoprim__dfrA22	0	0	0	0	0	0	0	0	0	0	0	0	0	0	0	0	0	0	0	0	0	0	0	0	0	0	0	0	0	0	0	0	0	0	0	0	0	0	0	0	0	0	0	0	0	0	0	0	0	0	0	0	0	0	0	0	0	0	0	0	0	0	5.240796698256695e-05	0	0	4.408400228950344e-05	0	0	0	0	0	0	0	0	0	0	0	0	0	0	0	0	0	0	0	0	0	0	0	0	0	0	0	0	0	0	0	0	0	0	0	0	0	0	0	0	0	0	0	0	0	0	0	0	0	0	0	0	0	0
trimethoprim__dfrA27	0	0	0	0	0	0	0	0	0	0	0	0	0	0	0	0	0	0	0	0	0	0	0	0	0	0	0	0	0	0	0	0	0	0	0	0	0	0	0	0	0	0	0	0	0	0	0	0	0	0	0	8.329971521284426e-05	0	0	0	0	0	0	0	0	0	0	0	0	0	0	0	0	0	0	0	0	0	0	0	0	0	0	0	0	0	0	0	0	0	0	0	0	0	0	0	0	0	0	0	0	0	0	0	0	0	0	0	0	0	0	0	0	0	0	0	0	0	0	0	0	0	0	0	0
trimethoprim__dfrA3	0	0	0	0	0	0	0	0	0	0	0	0	3.9596565307337445e-05	0	0	0	0	0	0	0	0	0	0	0	0	0	0	0	4.0057609614236884e-05	0	0	0	0	0	0	0	0	0	0	0	0	0	0	0	0	0	0	0	0	0	0	0	0	0	0	0	0	0	0	0	0	0	0	0	0	0	0	0	0	0	0	5.030051720355167e-05	0	0	0	0	0	4.6159939833116974e-05	0	0	0	0	0	0	0	0	0	0	3.9194454693561344e-05	0	3.89867172559118e-05	0	0	0	0	5.068411537015586e-05	0	0	0	0	0	0	0	0	0	0	0	0	0	0	0	0	0	0	0	0	0	0	0	0
trimethoprim__dfrA35	0	0	0	0	0	0	0	0	0	0	0	0	0	0	0	0	0	0	0	0	0	0	0	0	0	0	0	0	0	0	0	0	0	0	0	0	0	0	0	0	0	0	0	0	0	0	0	0	0	0	0	0	0	0	0	0	0	0	0	0	0	0	0	0	0	0	0	0	0	0	0	0	0	0	0	0	0	0	0	0	0	3.993909879281797e-05	0	0	0	0	0	0	0	0	0	0	0	0	0	0	0	0	0	0	0	0	0	0	0	0	0	0	0	0	0	0	0	0	0	0	0	0	0	0
trimethoprim__dfrA8	0	0	0	0	0	0	0	0	0	0	0	0	0	0	0	0	0	0	0	0	0	0	0	0	0	0	0	0	0	0	0	0	0	0	0	0	0	0	0	0	0	0	0	0	0	0	0	0	0	0	0	0	0	0	0	0	0	0	0	0	0	0	4.927244759044756e-05	0	0	0	0	0	0	0	0	0	0	0	0	0	0	0	0	0	0	0	0	0	0	0	0	0	0	0	0	0	0	0	0	0	0	0	0	0	0	0	0	0	0	0	0	0	0	0	0	0	0	0	0	0	0	0	0	0
trimethoprim__dfrB4	0	0	0	0	0	0	0	0	0	0	0	0	0	0	0	0	0	0	0	0	0	0	0	0	0	0	0	0	0	0	0	0	0	0	0	0	0	0	0	0	0	0	0	0	0	0	0	0	0	0	0	0	0	0	0	0	0	0	0	0	0	0	0	0	0	0	0	0	0	0	0.00013492067748635986	0	0	0	0	0	0	0	0	0	0	0	0	0	0	0	0	0	0	0	0	0	0	0	0	0	0	0	0	0	0	0	0	0	0	0	0	0	0	0	0	0	0	0	0	0	0	0	0	0
trimethoprim__dfrC	0	0	0	0	0	0	0	0	0	0	0	0	0	0	0	0	0	0	0	0	0	0	0	0	0	0	0	0	0	0	0	0	0	0	0	0	0	0	0	0	0	0	0	0	0	0	0	0	0	0	0	0	0	0	0	0	0	0	0	0	0	0	0	0	0	0	0	0	0	0	0	0	0	0	0	0	0	0	0	0	0	0	0	0	0	0	0	0	0	0	0	0	0	0	0	0	0	0	0	0	0	0	0	0	0	0	0	0	0	0	0	0	0	4.162616313553703e-05	0	0	0	0	0	0
trimethoprim__dfrF	0.0015490836096048516	0.001435496879812243	0.0012436657563416214	0.0026542741848938757	0.0016276168636807206	0.0024425748033714734	0.0013807964198741863	0.0028294702257496236	0.001236894448193083	0.002273075821128953	0.003143253363815055	0.0018915825036664854	0.002933526027342378	0.002492995199652138	0.004013939266248042	0.0009622311798943541	0.0024014601040002314	0.0010671388724299538	0.002201206830978875	0.0020804862592035908	0.0017356066609271084	0.0016046191660754547	0.0020905580279107373	0.0015649753055286416	0.0029023262490325014	0.0021742939803582684	0.0022661882802171864	0.003924861152739622	0.00201011039073978	0.0029193599315673847	0.000838651955717942	0.002985309906770514	0.002693823346199982	0.002814494636616377	0.0037989240357313514	0.0054972380853623845	0.001992141127660693	0.0033848702048483626	0.0025284225439147242	0.0017589360471449835	0.0015655806128534965	0.0009897742716960859	0.003563824986538461	0.002464614518637053	0.0007510901162633493	0.0016251665146754153	0.0014806669658394913	0.001588172355071391	0.0009462620708905664	0.0024869226281269345	0.0020370031298505404	0.0020079599522093215	0.0030714492551443978	0.0003142945329403327	0.001562808125038581	0.0043399272823397075	0.0012710403344185933	0.0038627469496545328	0.003598652074193796	0.0019342559940601235	0.0033275928519066007	0.003415315870633575	0.003280823949315167	0.0010822994465495347	0.0024399426310284505	0.0028508149167703277	0.0019896800167199195	0.0022156227177127937	0.0031432533296897667	0.0013608737115605439	0.0028844230935056486	0.0016529240689840284	0.0026970043100784232	0.0022685032841934425	0.0010339040011136725	0.001856934449313656	0.0018168430090043147	0.0011429651443556183	0.0013682786894415096	0.0018797766377531178	0.0016160760979638438	0.0014291378497303228	0.0019122444353549986	0.0018362404158170393	0.003292401953014731	0.002306331287024972	0.0015724633419494662	0.0024779512963165203	0.0017407522141081756	0.001678797370116263	0.0022543904675156276	0.002506378427209226	0.0019870405411417918	0.0032223251781423774	0.00021135017918914124	0.0010330288050992864	0.000995894755965667	0.00260189438503028	0.0006670002316827456	0.001462486360938409	0.0024204644913047822	0.0009556103575414058	0.0021947792972344784	0.0028903561933671324	0.0018126307463047805	0.0026270715356091737	0.0020961389917824925	0.0011734908362613288	0.002183946325058839	0.0014792937753141501	0.0011049549552346882	0.001788962563494742	0.001132414942253014	0.0013799697862366895	0.002278530593718793	0.002609789280045444	0.003861579993800664	0.003085809677957457	0.0021526821433933943	0.0008857481701529689
trimethoprim__dfrG	0	0	0	0	0	0	0	0	0	0	0	0	0	0	0	0	0	0	0	0	0	0	0	0	0	0	0	0	0	0	0	0	0	0	0	0	0	0	0	0	0	0	0	0	0	0	0	0	0	0	0	0.00013791403758693814	0	0	0	0	0	0	0	0	0	0	0	0	0	0	0	0	0	0	0	0	0	0	0	0	0	0	0	0	0	0	0	0	0	0	0	0	0	0	0	0	0	0	0	0	0	0	0	0	0	0	0	0	0	0	0	0	0	0	0	0	0	0	0	0	0	0	0	0
trimethoprim__dfrI	0	0	0	0	0	0	0	0	0	0	0	0	0	0	0	0	0	0	0	0	0	0	0	0	0	0	0	0	0	0	0	0	3.3580445602094015e-05	0	0	0	0	0	0	0	0	0	0	0	0	0	0	0	0	0	0	0	0	0	0	0	0	0	0	0	0	0	0	4.258677353712019e-05	0	0	0	0	0	0	0	3.555272158366218e-05	0	0	0	0	0	0	0	0	0	0	0	0	0	0	0	0	0	0	0	0	0	0	0	0	0	0	0	0	0	0	0	0	0	0	0	0	0	0	0	0	0	0	0	0	0	0	0	0
vancomycin__vanA	0	0	0	0	0	0	2.7926278598038536e-05	0	2.6963590902327793e-05	0	0	0	0	2.390346342879071e-05	0	5.075798142361713e-05	0	0	2.8268877934408123e-05	0	0	1.7987197575484282e-05	0	0	0	0	0	0	0	0	0	0	0	0	0	0	0	0	0	0	0	2.9167632744371574e-05	2.3632521490794114e-05	0	0	0	0	0	0	0	0	0	0	0	0	0	0	0	0	0	0	0	0	0	0	0	0	0	0	0	0	0	0	0	0	0	0	0	0	1.9713406938753737e-05	0	0	0	0	0	0	0	0	0	0	0	0	0	0	0	0	2.341825837284845e-05	0	0	0	0	2.2341020765653342e-05	0	0	0	0	0	0	0	0	0	0	0	0	0	0	0	0	0	0
vancomycin__vanB	0	0	0	0	0	0	0	0	0	0	0	0	0	0	0	1.6316152748070056e-05	0	0	0	0	0	0	0	0	0	0	0	0	2.8841478922250555e-05	0	2.365650511485079e-05	0	0	0	0	2.2431835488377425e-05	0	0	0	2.474718069161217e-05	0	0	6.197406595346804e-05	0	0	1.9840112403881572e-05	2.123711168229317e-05	0	0	0	0	0	0	0	0	0	0	0	0	0	0	0	0	0	0	0	1.9599744526978114e-05	0	0	0	0	2.5414998166005055e-05	0	0	0	0	0	0	0	0	0	0	0	0	0	3.236166883319818e-05	0	0	0	0	0	0	0	0	0	0	3.366431703130037e-05	0	0	2.1453552978949445e-05	0	0	2.547575831383988e-05	0	0	0	0	3.1506827855883325e-05	0	0	0	0	0	0	0	0	0	2.3751926031606302e-05	2.4508147970601643e-05	0
vancomycin__vanC	0	0	0	0	0	0	0	0	0	0	0	0	0	0	0	0	0	0	0	0	0	0	0	0	0	0	0	0	0	0	0	0	0	0	0	0	0	0	0	0	0	0	0	0	0	0	0	0	0	0	0	0	0	0	0	0	0	0	0	0	0	0	0	0	0	0	0	0	0	0	0	0	0	0	0	0	0	0	0	2.4094164036254564e-05	0	0	0	0	0	0	0	2.3020590148411e-05	0	0	0	0	0	0	0	0	0	0	0	0	0	0	0	0	0	0	0	0	0	0	0	0	0	0	0	0	0	0	0	0
vancomycin__vanD	0	0	0	0	0	3.281309532707418e-05	0	0	0	0	0	0	0	0	0	0	0	0	0	0	0	0	0	0	0	0	0	0	0	0	0	0	0	0	0	0	0	0	0	0	0	0	0	0	0	0	0	0	0	0	0	0	0	0	0	0	1.8475979068417138e-05	0	0	0	0	0	0	0	0	0	0	2.307822117862079e-05	0	0	0	0	0	0	0	0	0	0	0	0	0	2.454566188200008e-05	0	0	0	0	0	0	0	0	0	0	0	0	0	0	0	0	0	0	0	0	0	0	0	0	2.3662834836701815e-05	2.3378583229696054e-05	0	0	0	0	0	0	0	0	0	0	0	0
vancomycin__vanF	0	0	0	0	0	0	0	0	0	0	0	0	0	0	0	0	0	0	0	0	0	0	0	0	0	0	0	0	0	0	0	0	0	0	0	0	0	0	0	0	0	0	0	0	0	0	0	0	0	0	0	0	0	0	0	0	0	0	0	0	0	0	0	0	0	0	0	0	0	0	0	0	0	0	0	0	0	0	0	0	0	0	0	0	0	0	0	0	0	0	0	0	0	0	0	0	0	0	0	0	0	3.2430514014658073e-05	0	0	0	0	0	0	0	0	0	0	0	0	0	0	0	0	0	0
vancomycin__vanG	0.0003137759403440102	0.00022722025713330275	0.0007731665731247014	0.00019806237080392434	0.00037164761349148544	0.0004916710221771272	0.00018950730229795105	0.00034563529561445534	0.0010520513285847788	0.0005004134664781988	0.00047607666612257455	0.00020027524111158946	0.00013968851348536925	0.0002035601254248462	0.0005748125811771757	0.00039140814152229864	0.0005024001375409832	0.0001399433131833244	0.0004195927266515811	0.00013444510122392732	0.00018843343543082527	0.00042223132523373135	0.0006113718463423467	0.0006546888097626983	9.70350141044972e-05	0.00014503043527101485	0.0002031444999231853	0.00012981730149757306	0.00028706962670119857	0.00015314027470390772	0.00018931982460108383	0.00042263771936404014	0.00027860800878968297	0.00020489487758602203	0.0002381391004156823	0.0006295900424862192	0.0007295497196259975	0.0003015351721751417	0	0.0004042199405416804	0.0007196369295821292	0.0005281744304500312	0.0006970898147534888	0.00010413742787983418	0.0003083649121573431	0.0003888434637322348	0.00034962736069278985	0.0008344449984262126	0.0002270613613988459	0.0015122703380075115	0.00041859920788320384	0.0003499069680081733	0.000367213692849989	0.00029410962567709626	0.0002877412496458478	0.001348660093525858	0.000537712857757194	0.00023614690228839129	0.00037867348584356487	0.0008982888752403744	0.00029910441545342824	0.00028832030202757835	0.00037074340221351085	0.0001956106559776545	0.00035163874431542053	0.00039096730021794576	0.0005208837091045934	0.00028973737186890696	0.00022873728813554116	0.0003961616288954944	0.0002171101790153	0.00022243799254443696	0.0003168400478888692	0.0013787702277447288	0.00035906333414580544	0.0003137065622856141	0.00025980106106863625	0.0009292035567437822	0.0004657085709422643	0.0005424858459592861	0.0008057592150554562	0.0002910404471343686	0.0030519304628876883	0.0002689583427556196	0.0002140868561038272	0.00011020121869574322	0.00040610565404588064	0.0004359048786325764	0.0004725740396305934	0.0003617362754663136	0.0005581385850056629	0.00033772250917125566	9.940939528389758e-05	7.763114143943491e-05	0.00025722918173786433	0.0004430866360869499	0.00023859559459473383	0.0003813131877091578	0.0007034932294760373	0.00013402653441566692	0.0008608605961727561	0.0005128006626098739	0.0003939339646100979	0.000370854004980121	0.00023994841780749544	0.0007410562457238554	0.0002925757848327573	0.000707968310450998	9.125493524640355e-05	0.0008280715217150708	0.0005339102650486671	0.0005436852664436712	0.000721186593445103	0.0008500976324453938	0.0005088189151308435	0.00034471478975853665	0.00044468719635961756	0.0001823249565578031	0.00041059674057477116	0.00023737969396424535
vancomycin__vanHA	0	0	0	0	0	0	0	0	0	0	0	0	0	0	0	0	0	0	0	0	0	0	0	0	0	0	0	0	0	0	0	0	0	0	0	0	0	0	0	0	0	0	0	0	0	0	0	0	0	0	0	0	0	0	0	0	0	0	0	0	0	0	0	0	0	0	0	0	0	0	0	0	0	0	0	0	0	0	0	0	0	0	0	0	0	0	0	0	0	0	0	0	0	0	0	0	0	0	0	2.121461857010272e-05	0	0	0	0	0	0	0	0	0	0	0	0	0	0	0	0	0	0	0	0
vancomycin__vanHB	0	0	0	0	0	0	0	0	0	0	0	0	0	0	0	0	0	0	0	0	0	0	0	0	0	0	0	0	0	0	0	0	0	0	0	0	0	0	0	0	0	0	0	2.330771578000446e-05	0	0	0	0	0	0	0	0	0	0	0	0	0	0	0	0	0	0	0	0	0	0	0	0	0	0	0	0	2.5856812715295464e-05	0	0	0	0	0	0	0	0	0	0	2.5566707359081718e-05	0	0	0	0	0	0	0	0	0	0	0	0	0	0	0	0	0	0	0	0	0	0	0	0	0	0	0	0	0	0	0	0	0	0	0	0
vancomycin__vanHD	0	0	0	0	0	3.5555985648532404e-05	0	0	0	0	0	0	0	0	0	0	0	0	0	0	0	0	0	0	0	0	0	0	0	0	0	0	0	0	0	0	0	0	0	0	0	0	0	0	0	0	0	0	0	0	0	0	0	0	0	0	0	0	0	0	0	0	0	0	0	0	0	0	0	0	0	0	0	0	0	0	0	0	0	0	0	0	0	0	0	0	0	0	0	0	0	0	0	0	0	0	0	0	0	0	0	0	0	0	0	3.090790184094387e-05	0	0	0	0	0	0	0	0	0	0	0	0	0	0
vancomycin__vanHF	0	0	0	0	0	0	0	0	0	3.0090074999507488e-05	0	0	0	0	0	0	0	0	0	0	0	0	0	0	0	0	0	0	0	0	0	0	0	0	0	0	0	4.187370709097537e-05	0	0	0	0	0	0	0	0	0	0	0	0	0	0	0	0	0	0	0	0	0	3.638838706300786e-05	0	0	0	0	0	0	0	0	0	0	0	0	0	0	0	0	0	0	0	0	0	0	0	0	0	0	0	0	0	0	0	0	0	0	0	0	0	0	0	0	0	0	3.466819517436556e-05	0	0	0	0	0	0	0	0	0	0	0	0	0	0	0	0	0
vancomycin__vanH_in_vanP_cl	0	0	0	0	0	0	0	0	0	0	0	0	0	0	0	0	0	0	0	0	0	0	0	0	0	0	0	0	0	0	0	0	0	0	0	0	0	0	0	0	0	0	0	0	0	0	0	0	0	0	0	0	0	0	0	0	0	0	0	0	0	0	0	0	0	0	0	0	0	0	0	0	0	0	0	0	0	0	0	0	0	0	0	0	0	0	0	0	0	0	0	0	0	0	0	0	0	0	0	0	0	0	0	0	0	0	0	0	0	0	0	3.625659289690644e-05	0	0	0	0	0	0	0	0
vancomycin__vanI	1.808491927270108e-05	0	0	0	0	1.7160871694044547e-05	0	2.0392838388240204e-05	2.7462055753299945e-05	1.9489376163474104e-05	0	0	0	0	1.5824417734805297e-05	0	0	0	0	2.1250607032224022e-05	0	0	1.8179803543336724e-05	0	0	2.1245095080220668e-05	0	0	2.2377009508642676e-05	0	0	2.335700364055323e-05	0	2.225454757796642e-05	2.1950680898483224e-05	5.61793966652745e-05	0	3.0240165255495528e-05	0	0	0	1.8686562414820814e-05	0	0	0	2.1057884820395682e-05	0	0	0	0	1.8347992970726594e-05	0	0	0	0	0	0	0	0	0	0	0	0	0	2.0207255480211908e-05	0	0	0	2.1963310773836356e-05	0	2.041256801625531e-05	2.0293656940743263e-05	2.3999283066208143e-05	2.1834151804146806e-05	2.4130085718383686e-05	0	0	0	2.1743963669419336e-05	2.2308711790098813e-05	0	2.1851736810783164e-05	0	0	2.694641091008547e-05	0	0	0	1.8245694426313042e-05	2.2821847538052652e-05	0	2.4090082243602738e-05	2.4033629201564218e-05	0	0	0	2.3081789143353506e-05	0	2.5642991363241674e-05	0	0	0	1.9559782110572104e-05	0	3.6350139691120565e-05	2.5998052850585596e-05	2.031345137399847e-05	0	1.9007410584148114e-05	1.9897186086276934e-05	1.6647247392708873e-05	2.1127973854076112e-05	1.4629024448091089e-05	1.9998776652318687e-05	0	1.8298203754212135e-05	0	1.9452008387953438e-05	1.695851158425539e-05	0
vancomycin__vanL	0	0	0	0	0	0	0	0	0	0	0	0	0	0	0	0	0	0	0	0	0	0	0	0	0	0	0	0	0	0	0	0	0	0	0	0	0	0	0	0	0	0	0	0	0	0	0	0	0	0	0	0	0	0	0	0	0	0	0	0	0	0	0	0	0	0	0	0	0	0	0	0	0	0	0	0	0	0	3.140102489795801e-05	0	0	0	0	0	0	0	0	0	0	0	0	0	0	0	0	0	0	0	0	0	0	0	0	0	0	0	0	0	0	0	0	0	0	0	0	0	0	0	0	0
vancomycin__vanM	1.712531131129245e-05	0	2.410698731857528e-05	0	0	0	0	0	0	0	0	0	0	0	0	0	0	0	0	0	0	0	0	0	0	0	0	0	0	0	0	0	0	0	0	0	0	3.068098399099838e-05	0	0	0	0	0	0	0	0	0	0	0	0	0	0	0	0	0	0	0	0	0	0	0	0	0	0	0	0	0	0	0	0	0	0	0	0	0	0	0	0	0	0	0	0	0	0	0	0	0	0	0	0	0	0	0	0	0	0	0	0	0	0	0	0	0	0	0	0	0	0	0	0	0	0	0	0	0	0	0	0	0	0
vancomycin__vanO	0	0	0	0	0	0	0	0	0	0	0	0	0	2.0536713570130594e-05	0	2.0643234182066902e-05	0	0	0	2.3584488729404694e-05	0	0	0	0	1.8225252898279394e-05	0	0	2.713842176923717e-05	0	0	0	0	0	0	5.475235734863284e-05	2.288775010113766e-05	0	0	0	0	0	0	7.674563611496176e-05	0	0	0	0	0	2.4652545650430655e-05	0	0	0	2.8423798684164878e-05	0	0	0	0	0	0	2.560474268031471e-05	0	0	5.646394644396663e-05	0	0	2.319748177083697e-05	0	6.715835517884494e-05	4.827132271552216e-05	2.7558383194045755e-05	2.433251524609496e-05	0	2.9931128984769184e-05	2.5213747555463042e-05	2.8003345364598227e-05	0	0	2.1612457378511417e-05	2.4132029043517417e-05	0	0	4.709581591754258e-05	0	2.386718634966299e-05	2.7976434075583794e-05	2.5590036395268852e-05	0	2.282098965579472e-05	0	0	0	0	0	0	0	0	0	2.071558553416259e-05	5.241440822745762e-05	0	0	0	2.4394327099289234e-05	0	2.3398563907532867e-05	2.524666403987503e-05	2.194426795829507e-05	2.0278893906972625e-05	0	0	0	0	1.7656302339661385e-05	2.3839261057613027e-05	1.9986728672042103e-05	0	2.242714328461077e-05	0	5.6652071522795355e-05	0
vancomycin__vanP	0	0	0	0	0	0	0	0	0	0	0	0	0	0	0	0	0	0	0	0	0	0	0	2.2463760366439833e-05	0	0	0	0	0	0	0	0	0	0	0	0	0	0	0	0	0	0	0	0	0	0	0	0	0	0	0	0	0	0	0	0	0	0	0	0	0	0	0	0	0	0	0	0	0	0	0	0	0	4.032011658699494e-05	0	0	0	0	0	0	0	0	0	0	2.6534666091425418e-05	0	0	0	0	0	0	0	0	0	0	0	0	0	0	0	0	0	0	3.314843071790555e-05	0	0	0	0	0	0	0	0	0	0	0	0	0	0	0	0
vancomycin__vanTC	0	0	0	0	0	0	0	0	0	0	0	0	0	0	0	0	0	0	0	0	0	0	0	0	0	0	0	0	0	0	0	0	0	0	0	0	0	0	0	0	0	0	0	0	0	0	0	0	0	0	0	0	0	0	0	0	0	0	0	0	0	0	0	0	0	0	0	0	0	0	0	0	0	0	0	0	2.239664319557209e-05	0	0	0	0	0	0	0	0	0	0	0	0	0	0	0	0	0	0	0	0	0	0	0	0	0	0	0	0	0	0	0	0	0	0	0	0	0	0	0	0	0	0	0
vancomycin__vanTG	0	0	0	0	0	0	0	0	0	0	0	0	0	0	0	1.5361016165851576e-05	0	0	0	0	0	0	0	0.00011669376639794775	0	0	0	0	1.7863893545944516e-05	9.825202194184915e-06	0	0	1.801647502808977e-05	0	0	0	0.0002110207752267855	0	0	1.5849317971032513e-05	4.2836247207663256e-05	1.7212795067930235e-05	0	0	6.829101441483735e-05	0	0	5.311930987354958e-05	0	0.00016153965106654677	0	0.00020168124588035633	0	0	0	0.00022780140643663405	0	0	4.1063843177462065e-05	0	1.965302606283069e-05	0	0	0	4.6834104809066705e-05	0	0	1.542137931150227e-05	0	0	0	0	0	5.1382492073429126e-05	0	0	0	3.5008943131858385e-05	1.832356488996012e-05	6.96429629025448e-05	1.7952628067821387e-05	0	0.00046431760644100734	0	6.287821436720922e-05	0	0	1.8483292183766327e-05	1.7149691174257074e-05	0	0	0	0	3.845289418667693e-05	0	0	0	0	0	0	0	0	0	0	0	0	3.677216540861147e-05	0	0	0	4.719214064247696e-05	3.2645361558509054e-05	4.290084697698623e-05	1.8101264760213545e-05	3.434116191473366e-05	4.727280729117886e-05	0	0	7.400634569774373e-06	0
vancomycin__vanUG	0	0	0	0	0	0	0	0	0	0	0.0001107694980748147	0	0	0	0	0	0	0	0	0	0	0	0	0	0	0	0	0	0	0	0	0	0	0	0	0	0	0	0	0	0	0	0	0	0	0	0	0	0	0	0	0	0	0	0	0	0	0	0	0	0	0	0	0	0	0	0	0	0	0	0	0	0	0	0	0	0	0	0	0	0	0	0	0	0	0	0	0	0	0	0	0	0	0	0	0	0	0	0	0	0	0	0	0	0	0	0	0	0	0	0	0	0	0	0	0	0	0	0	0
vancomycin__vanXA	0	0	0	0	0	0	0	0	0	0	0	0	0	0	0	0	0	0	0	0	0	0	0	0	0	0	0	0	0	0	0	0	0	0	0	0	0	0	0	0	0	0	0	0	0	0	0	0	0	0	0	0	0	0	0	0	0	5.937260763719694e-05	0	0	0	0	0	0	0	0	0	0	0	0	0	0	0	0	0	0	0	0	0	0	0	0	0	0	0	0	0	0	0	0	0	0	0	0	0	0	0	0	0	0	0	0	0	0	0	0	0	0	0	0	0	0	0	0	0	0	0	0	0	0
vancomycin__vanXB	0	0	0	0	0	0	0	0	0	0	0	0	0	0	0	0	0	0	0	0	0	0	0	0	0	0	0	0	0	0	0	4.023879835105209e-05	0	0	4.235394746036051e-05	0	0	4.395677486705384e-05	0	0	3.8517134789674984e-05	0	0	0	0	0	0	0	0	0	0	0	0	0	0	0	0	0	0	0	0	0	0	0	0	0	0	0	0	0	4.037601462401215e-05	3.496134958108245e-05	0	0	0	0	0	0	0	0	0	0	0	0	0	0	0	0	0	0	0	0	0	0	0	0	0	0	0	0	0	0	0	0	0	0	0	0	0	0	3.0973769604335165e-05	0	0	0	0	0	0	0	0	0
vancomycin__vanXD	0	0	0	0	0	0	0	0	0	0	0	0	0	0	0	0	0	0	0	0	0	0	0	0	5.292339447710542e-05	0	6.606780216560272e-05	0	0	0	5.84537091901929e-05	0	0	0	0	0	0	0	0	0	0	0	0	0	0	0	0	0	0	0	0	5.927000426277451e-05	0	0	0	0	0	0	0	6.053509639245546e-05	0	0	0	0	0	5.5601107015383566e-05	0	0	0	0	0	0	0	0	0	0	0	0	0	0	0	0	0	0	0	0	0	0	0	0	4.208962049524369e-05	5.420268504810616e-05	0	0	0.00011900475830742511	0	0	0	0	0	0	0	0	0	0	0	0	0	0	0	0	0	4.5140989725538224e-05	0	0	5.041341850650282e-05	5.672181988206976e-05	0	0	0
vancomycin__vanXF	0	0	0	0	0	0	0	3.1732324697383035e-05	0	0	0	0	0	0	0	0	0	0	0	3.913478126726404e-05	0	0	0	0	0	0	0	0	0	0	0	0	0	0	0	0	0	0	0	0	0	0	0	0	0	0	0	0	0	0	0	0	0	0	0	0	0	0	0	0	0	0	0	0	0	0	0	0	0	0	0	0	5.126817142935712e-05	0	7.726600874123594e-05	0	0	0	0	0	0	0	0	0	0	0	0	0	0	0	0	0	0	0	0	0	0	0	0	0	0	0	0	0	0	0	0	0	0	0	0	0	0	0	0	0	0	3.4851836018654006e-05	0	0
vancomycin__vanX_in_vanP_cl	0	0	0	0	0	0	0.00011672461305867135	0	0	0	0	0	0	0	0	0	0	0	0	0	0	0	0	0	3.121751239012213e-05	0	0	0	0	0	0	0	0	0	0	0	0	0	0	0	0	0	0	0	0	0	0	0	0	0	0	0	0	0	0	0	0	0	0	0	0	0	0.00012049796588951036	4.314395551055493e-05	0	0	0	0	0	0	6.512260423227766e-05	0	0	0	0	0	0	0	0	0	0	0	0	0	0	0	0	0	0	0	0	0	0	0	0	0	0	0	0	0	0	0	0	0	0	0	0	0	0	0	5.735883260062067e-05	0	5.040495552411583e-05	0	0	0	0	3.753274648162739e-05	0	0
vancomycin__vanXO	2.6223132945416563e-05	0	0	0	0	0	0	0	0	0	0	0	0	3.284810879837826e-05	0	0	0	0	0	0	0	0	0	3.55676205801964e-05	0	0	0	0	0	0	0	0	3.33027611480767e-05	0	0	0	0	0	0	0	0	0	0	0	0	0	0	3.0305247299653285e-05	0	0	0	0	3.8416540409066596e-05	0	0	0	0	0	0	3.847064936211056e-05	0	0	0	0	0	0	3.351556314113258e-05	0	0	4.0112021692294965e-05	0	3.525872792441267e-05	0	0	0	0	0	0	0	0	0	0	0	0	0	0	0	0	0	0	0	0	0	0	0	0	0	0	3.598290723551654e-05	3.16254962017272e-05	0	3.4264318657511134e-05	0	0	0	0	0	3.0118892907849112e-05	0	0	0	0	0	0	0	0	0	0	0	3.1122030522651624e-05
vancomycin__vanYA	0.00010396274846552285	0.00021166112246235027	2.6206798126542984e-05	0.00010640974047193595	0	8.181966627010706e-05	2.0885037413063008e-05	3.114640227828655e-05	0.00010981792841225847	4.8281355138567846e-05	1.9054386136722715e-05	4.0466671962914885e-05	6.981924984803991e-05	6.135222280056283e-05	0.00013380180926702006	2.33761961398701e-05	0.00015460286661417565	0.00012305421088682343	3.382600778476186e-05	8.855723024201487e-05	0.00033364021732144194	3.1477595757097494e-05	6.62121573320898e-05	0	5.009661017514633e-05	3.868808523242696e-05	0	3.1938414735224704e-05	2.5531801013139837e-05	0	3.669172221895225e-05	3.37566137860848e-05	6.870229478003265e-05	0.00016165135518492971	0.00010392975445812466	0.0005143298696421664	0	7.606327281101683e-05	0	0	4.1284079982729187e-05	6.805780973686701e-05	0	6.71074134374325e-05	8.600022169030402e-05	0	5.599662917045465e-05	0.00010119891016635242	0	3.516509410972447e-05	3.2142688094023896e-05	7.09326403765928e-05	0.00019849274194273965	0	0.00013837627281412768	7.03124522468149e-05	0	0	2.841346583319047e-05	3.207756768968986e-05	2.449944905556375e-05	0.00010481064608393347	0.00014586007559313694	0	5.530392618402494e-05	0.00012392608536920298	6.566314411323934e-05	5.03750419275271e-05	0	3.750025740329228e-05	5.369292267314322e-05	0.0002466778425308871	0	5.7225273025368605e-05	8.458788290290544e-05	0	4.2538386259889306e-05	8.98316596910209e-05	2.662526163602368e-05	0	0	0	0.0001282161816500287	3.745145794550293e-05	0	4.987064172947892e-05	0	0.00010742942069258468	3.239541663447418e-05	0.00013746928752853303	4.84305936243334e-05	0.00010894307627212462	2.720924387083997e-05	7.529092359195089e-05	2.563976768247005e-05	2.311606613165892e-05	0.00010928520573995947	5.363504662790668e-05	3.916506909988195e-05	0	0.0001378625221985715	2.6064524226595567e-05	3.704383224206309e-05	2.942602497335387e-05	5.835350279240207e-05	2.865091538635964e-05	0.00016394636405016127	2.386563704698139e-05	5.832961978204183e-05	3.4891513015995836e-05	8.06851876619362e-05	0	0	0.00012800426356147744	6.113737168251751e-05	7.039206954426505e-05	0.0001317391324760874	9.946724942215539e-05	2.6259877891123336e-05	0
vancomycin__vanYB	5.2446265890833127e-05	0	0	0	4.208469082041804e-05	0	4.215660387675584e-05	0	0	0	5.090122173437914e-05	2.8855153030272513e-05	0	0	0	3.0132670895135784e-05	0	0	0	0	0	0	0	0	0	0	0	0	5.970186136905866e-05	0	0	6.2316485712996e-05	0	0	0	0	0	0	0	0	0	0	0	0	0	0	0	0	3.439427739939116e-05	0	0	8.904789287426312e-05	4.609984849087991e-05	0	4.459149574966456e-05	0	0	0	0	0	5.317322731559471e-05	0	3.226609907508786e-05	0	0	0	0	0	0	0	0	0	0	0	0	0	0	0	5.349015062677157e-05	0	0	0	0	0	0	0	0	0	0	0	0	0	0	0	0	0	0	0	0	0	0	0	0	0	0	0	0	0	0	0	0	0	0	0	0	0	0	0	0	0
vancomycin__vanYF	0	0	0	0	0	0	2.0956317404233875e-05	1.9941294141585903e-05	0	0	0	0	0	0	1.9517751251802384e-05	2.2853751152928164e-05	7.974369058212822e-05	0	2.8001700301003373e-05	0	0	0	4.4466674969130735e-05	0	0	2.523308221132011e-05	0	0	0	0	0	0	2.889522848191107e-05	0	3.193938795542368e-05	2.618323459735522e-05	0	0	0	0	0	0	0	0	0	0	0	2.323471246892189e-05	2.723369405002986e-05	0	2.7893959006417937e-05	4.599426895858428e-05	2.89127969629212e-05	0	0	0	0	0	0	0	0	2.565406273671068e-05	8.758690111954783e-05	0	4.3002224987561546e-05	0	0	0	0	0	0	0	0	0	0	0	0	2.5521877996467405e-05	0	0	2.759980544075738e-05	3.058816986043806e-05	2.3362197874280045e-05	2.5896312994024583e-05	0	5.854921723030156e-05	0	4.768818186841564e-05	2.7229168203085235e-05	0	4.891507528642753e-05	0	0	0	2.240499882809699e-05	0	0	0	0	2.3801767176212807e-05	0	0	0	0	2.6767597746608104e-05	6.17564668396163e-05	0	2.1381330118882646e-05	2.219370899024031e-05	0	0	0	0	0	2.107328169346224e-05	2.0602556939784893e-05	4.3609034373807615e-05	0	2.0141849936248723e-05	0
vancomycin__vanYG1	0.000894468420884561	0.0005131911124122832	0.0014091780018401377	0.0007928127943028123	0.000656071167261075	0.0010805061820727054	0.0007403453821547643	0.0007330757660448417	0.001571129306976156	0.0003446715633948961	0.0007900584965088969	0.0012073522863792043	0.0010249204737386684	0.0008096492588926547	0.000655266641586956	0.0009556788318675083	0.0011675339094526698	0.0008059103061491713	0.0008077286676817883	0.0007039216317495517	0.0008936234551265236	0.0005821229561248518	0.0011774110803715668	0.0009392911413436813	0.0015243713672346841	0.00014880352782407658	5.2343801524591805e-05	0.0010215725672675937	0.0005861332813231565	0.0005569377291095498	0.00035695025517692476	0.0005343755515613072	0.0007458845005078056	0.0008881543698548814	0.0005752892591076152	0.0005414354796482206	0.0009642332794171185	0.0014257292254873039	0.0007070267406872836	0.0005845628859063488	0.00035137566833935756	0.0009296294317632858	0.0003496450686069078	0.0006271467881508361	0.000547550677267619	0.0005575540307570721	0.0008941507443515004	0.000353357011094796	0.00047549438861580606	0.0006024182270732421	0.0005211445435708641	0.0006085725204387498	0.000988751664773535	0.0003004338005532432	0.0010701893904524109	0.0010771937473246528	0.0008521471261225576	0.0009864877984311032	0.0011515330722717508	0.0009291948512374011	0.0007643463349270547	0.0006873863844985191	0.0012951808097360466	0.0008696951157385056	0.0005010708735139544	0.0005648476300001125	0.0008682225601479378	0.0008626970661232095	0.000952007004696969	0.0016594198879390316	0.0019027379802776525	0.000505560470994871	0.0007083557619135024	0.0016019039231444986	0.0009603003336212115	0.0007042804050377032	0.0008250452793312816	0.0004395617496366494	0.0013378887425614689	0.0005656236574626041	0.0007921700147167241	0.0013545503799934522	0.0009360795472125137	0.0007994461597856348	0.0003762216205177802	0.0007291987471238752	0.00039303364093688884	0.0005982467034945989	0.0010553693090341926	0.0006909070858495743	0.0005982356106970324	0.0010932673141649276	0.0009116956780059285	0.0013068280192372224	0.0006335432071654938	0.0004994085028539369	0.0003838691814521873	0.0006855766615443046	0.0005768993167467256	0.001087549772892979	0.0003425838884912274	0.0010024618283517206	0.00030308980130924903	0.00019978167115468885	0.0010140820079789642	0.0006900716242209587	0.00046972064889877013	0.0005668836503694363	0.000535869032383342	0.0009546397720146802	0.0009170803365324646	0.0020394749537717867	0.0013300507591958442	0.0018461877465034112	0.0013061838916994318	0.0009436711809800825	0.0008457946971890838	0.000977445499825294	0.0008917414862525196	0.0004392539039899541
vancomycin__vanYM	0	0	0	0	0	0	0	0	0	0	0	0	0	0	2.545281056585388e-05	0	0	2.81427092816807e-05	0	3.283355592961651e-05	3.0163672165744267e-05	0.00011100814720281129	0	0	0	0	0	0	0	0	0	0	3.4133874405149985e-05	2.9914696572614085e-05	3.540748458749329e-05	0	0	0	0	0	3.739964195200029e-05	0	0	0	5.5648872404422533e-05	0	0	0	0	4.437140630154074e-05	0	0	0	0	0	0	0	0	0	0	3.122891145709199e-05	0	4.12365977688295e-05	3.740377258854977e-05	0	2.6912314554417892e-05	4.372846006396697e-05	0	6.803703709434475e-05	3.708701944327456e-05	9.484981533161265e-05	3.0309839550981355e-05	0	0	3.603978467810096e-05	0	4.159816012581879e-05	2.8884631878405387e-05	0	6.01899730535021e-05	0.0001242736359337882	0	0	0	0	0	0	0	0	0	3.961740366909756e-05	4.497504624878622e-05	0	0	4.5079242277304155e-05	0	0	0	3.706393878336468e-05	0	0	0	0	0	0	0	0	3.0113722282457203e-05	0	0	3.083098796095164e-05	0	2.2723332739283808e-05	0	4.23998045403223e-05	0	0	5.81055701202386e-05	2.7137777581181218e-05	0
vancomycin__vanZF	0	0	0	0	0	0	0	0	0	0	0	0	0	0	0	0	0	0	0	0	0	0	0	0	0	0	0	0	0	0	0	0	0	0	0	0	0	0	0	0	0	0	0	4.4502811016402604e-05	0	0	0	0	0	0	0	0	0	0	0	0	0	0	0	0	0	0	0	0	0	0	0	0	0	0	0	0	0	0	0	0	0	0	0	0	0	0	0	0	0	0	0	0	0	0	0	0	0	0	0	0	0	0	0	0	0	0	0	0	0	0	0	0	0	0	0	0	0	0	0	0	0	4.074723621150324e-05	0	0
